detail_id,_anchor,event_id,heading_label_ar,content_ar
DET-001,DET-001,hist001,الوفيات (إجماع علمي),يشمل ذلك النساء والأطفال وكبار السن؛ وتشير بعض المصادر إلى ما يصل إلى 250
DET-002,DET-002,hist001,مصاب,إصابات ناجمة عن طلقات نارية وانفجارات؛ لم يتم حفظ السجلات الطبية المنهجية.
DET-003,DET-003,hist001,#ERROR!,جميع سكان القرية؛ لم يتم إعادة تشكيلهم
DET-004,DET-004,hist001,#ERROR!,نقطة تحول رمزية في حرب 1948؛ تم الترويج لها على نطاق واسع، مما أدى إلى تأجيج الذعر والفرار في المناطق المحيطة.
DET-005,DET-005,hist001,الأهمية على المدى الطويل,رمز مركزي في الذاكرة الجماعية الفلسطينية للنكبة؛ يتم إحياء ذكراها سنوياً في 9 أبريل
DET-006,DET-006,hist001,#ERROR!,✘ لم تتم مقاضاة أي من الجناة بموجب أي إطار قانوني
DET-007,DET-007,hist001,#ERROR!,نزح حوالي 250 ألف فلسطيني من منازلهم في الأسابيع التالية (ثلث إجمالي لاجئي النكبة).
DET-008,DET-008,hist001,الأهمية على المدى الطويل,موضوع نقاش تاريخي مستمر (المؤرخون الجدد مقابل الروايات التقليدية)
DET-009,DET-009,hist001,#ERROR!,✘ أصبح مناحيم بيغن (قائد منظمة الإرجون) رئيس وزراء إسرائيل (1977-1983)؛ وحصل على جائزة نوبل للسلام (1978).
DET-010,DET-010,hist001,#ERROR!,#ERROR!
DET-011,DET-011,hist001,الأهمية على المدى الطويل,ذات صلة بالمناقشات المعاصرة حول حق العودة الفلسطيني
DET-012,DET-012,hist001,#ERROR!,#ERROR!
DET-013,DET-013,hist001,#ERROR!,#ERROR!
DET-014,DET-014,hist001,#ERROR!,#ERROR!
DET-015,DET-015,hist001,القانون الساري في أبريل 1948,اتفاقية لاهاي الرابعة (1907): أصبحت عرفية بحلول عام 1948. المادة 23 (ج): قتل الأعداء الذين ألقوا السلاح؛ المادة 25: الهجوم على الأماكن غير المحصنة؛ المادة 28: النهب؛ المادة 46: حماية شرف العائلة والأرواح والممتلكات.
DET-016,DET-016,hist001,#ERROR!,#ERROR!
DET-017,DET-017,hist001,إمكانية معارضة المعاهدة,#ERROR!
DET-018,DET-018,hist001,القانون الساري في أبريل 1948,#ERROR!
DET-019,DET-019,hist001,#ERROR!,#ERROR!
DET-020,DET-020,hist001,إمكانية معارضة المعاهدة,القانون الدولي الإنساني العرفي: اتفاقية لاهاي لعام 1907 + بند مارتنز يلزم جميع الأطراف في عام 1948 بغض النظر عن التصديق.
DET-021,DET-021,hist001,القانون الساري في أبريل 1948,ملاحظة: كانت هذه الصكوك قابلة للاعتراض من قبل جميع الأطراف في عام 1948 باعتبارها قانونًا إنسانيًا دوليًا عرفيًا.
DET-022,DET-022,hist001,#ERROR!,ملاحظة: تساعد التصنيفات الحديثة على الفهم ولكنها لا تُنشئ التزامات قانونية بأثر رجعي.
DET-023,DET-023,hist001,نوع الحدث,
DET-024,DET-024,hist001,الجناة,
DET-025,DET-025,hist001,تَحَقّق,
DET-026,DET-026,hist001,#ERROR!,
DET-027,DET-027,hist001,جاك دي رينييه,وصف التقرير وجود ميليشيات شابة مدججة بالسلاح؛ وأكوام من الجثث؛ وإنقاذ عدد قليل من الناجين؛ ولاحظ موكب نصر للأسرى.
DET-028,DET-028,hist001,#ERROR!,"وردت أنباء عن عمليات قتل عشوائية وعرض للأسرى في القدس؛ ولوحظت عمليات إعدام لاحقة. ""لقد كانت جريمة قتل مباشرة. حاولت قيادة الهاجاناه التستر على القضية."""
DET-029,DET-029,hist001,فهيمي زيدان,#ERROR!
DET-030,DET-030,hist001,#ERROR!,لا شك أن اليهود المهاجمين ارتكبوا العديد من الفظائع الجنسية. فقد تعرضت العديد من الفتيات الصغيرات في المدارس للاغتصاب ثم القتل. كما تعرضت النساء المسنات للاعتداء الجنسي.
DET-031,DET-031,hist001,#ERROR!,اتفق شيوخ القرية والمجتمعات اليهودية المجاورة على تجنب الأعمال العدائية.
DET-032,DET-032,hist001,يبدأ الهجوم,#ERROR!
DET-033,DET-033,hist001,عمليات قتل ونهب,عمليات قتل من منزل إلى منزل؛ تقارير عن عمليات إعدام وتدنيس؛ نهب ممنهج.
DET-034,DET-034,hist001,#ERROR!,#ERROR!
DET-035,DET-035,hist001,عمليات قتل جماعي للمدنيين,قُتل مدنيون في عمليات تفتيش من منزل إلى منزل؛ وعُثر على جثث في أنحاء القرية. ومن بين الضحايا نساء وأطفال وكبار سن.
DET-036,DET-036,hist001,ملخص عمليات الإعدام,#ERROR!
DET-037,DET-037,hist001,#ERROR!,"المفتش المساعد البريطاني ريتشارد كاتلينج (التقرير CO 537/3869): ""ارتُكبت العديد من الفظائع الجنسية... اغتُصبت العديد من فتيات المدارس الصغيرات ثم ذُبحن."" جثث مشوهة."
DET-038,DET-038,hist001,النهب والتدمير,#ERROR!
DET-039,DET-039,hist001,التهجير القسري والإذلال,#ERROR!
DET-040,DET-040,hist002,الوفيات (الإعدامات الجماعية),أُعدم معظمهم من الرجال الذين تتراوح أعمارهم بين 15 و60 عامًا بعد استسلامهم؛ ودُفنت جثثهم في مقابر جماعية.
DET-041,DET-041,hist002,مصاب,قُتل معظم الأسرى الذكور بدلاً من احتجازهم.
DET-042,DET-042,hist002,#ERROR!,طُرد جميع سكان القرية؛ وأُرسل الكثيرون إلى قرية فورايديس
DET-043,DET-043,hist002,#ERROR!,قيادة اللواء العامة خلال العمليات الساحلية؛ مسؤول عن تخطيط وتنفيذ هجوم طنطورة. واصل مسيرته العسكرية في جيش الدفاع الإسرائيلي؛ وكُرِّم كمؤسس للواء. لم يُحاكم قط؛ ولم يعترف علنًا بالمجزرة رغم شهادات مرؤوسيه.
DET-044,DET-044,hist002,بنيامين شيختر,"كان حاضرًا أثناء العمليات؛ وشهد عمليات إعدام ودفن. أدلى بشهادته قائلًا: ""أعرف ثلاثة مواقع قُتل فيها أناس ودُفنوا... أُقدّر أن ما بين 200 و230 شخصًا قُتلوا"". كان من المدنيين؛ وكسر صمته في مقابلات مع كاتز (1998) وفي فيلم وثائقي (2022). لم يُحاكم قط رغم اعترافه بمعرفته المباشرة؛ سُجّلت شهاداته لكن السلطات الإسرائيلية تجاهلتها."
DET-045,DET-045,hist002,حاييم هيرميش,#ERROR!
DET-046,DET-046,hist002,قدامى محاربي ألكساندروني المجهولين (عدة),#ERROR!
DET-047,DET-047,hist002,تيدي كاتز (باحث),#ERROR!
DET-048,DET-048,hist002,#ERROR!,#ERROR!
DET-049,DET-049,hist002,قضية كاتز (1998-2000),1998: قام طالب الماجستير تيدي كاتز بتوثيق المذبحة من خلال أكثر من 140 مقابلة مع المحاربين القدامى والناجين.
DET-050,DET-050,hist002,الأهمية على المدى الطويل,رمز للقمع والإنكار التاريخي في إسرائيل؛ تجسيد لمحو النكبة
DET-051,DET-051,hist002,#ERROR!,لم تتم محاكمة أي من الجناة على الرغم من اعترافات العديد من الجنود المسجلة.
DET-052,DET-052,hist002,#ERROR!,#ERROR!
DET-053,DET-053,hist002,قضية كاتز (1998-2000),#ERROR!
DET-054,DET-054,hist002,الأهمية على المدى الطويل,#ERROR!
DET-055,DET-055,hist002,#ERROR!,✘ الحكومة الإسرائيلية ترفض الاعتراف رسمياً بوقوع المجزرة
DET-056,DET-056,hist002,#ERROR!,تم تصنيفها على الفور وإخفاؤها من التاريخ الإسرائيلي الرسمي
DET-057,DET-057,hist002,قضية كاتز (1998-2000),#ERROR!
DET-058,DET-058,hist002,الأهمية على المدى الطويل,مطالب فلسطينية مستمرة بالتنقيب عن المقابر الجماعية ودفن الضحايا بشكل لائق
DET-059,DET-059,hist002,#ERROR!,#ERROR!
DET-060,DET-060,hist002,#ERROR!,نمط راسخ للإعدام الجماعي والإخفاء تم استخدامه في أماكن أخرى خلال النكبة
DET-061,DET-061,hist002,قضية كاتز (1998-2000),#ERROR!
DET-062,DET-062,hist002,الأهمية على المدى الطويل,جزء من فعاليات إحياء ذكرى النكبة الأوسع نطاقاً ونشاط حق العودة
DET-063,DET-063,hist002,#ERROR!,#ERROR!
DET-064,DET-064,hist002,قضية كاتز (1998-2000),أثر مرعب على البحث التاريخي الإسرائيلي في فظائع عام 1948 لمدة عقدين
DET-065,DET-065,hist002,الأهمية على المدى الطويل,النقاش الأكاديمي حول الروايات التاريخية الإسرائيلية والذاكرة الجماعية والمساءلة
DET-066,DET-066,hist002,#ERROR!,✘ دُمّرت المسيرة الأكاديمية لتيدي كاتز بسبب توثيقه للمجزرة؛ وأصبح منبوذًا في الأوساط الأكاديمية الإسرائيلية
DET-067,DET-067,hist002,الأهمية على المدى الطويل,#ERROR!
DET-068,DET-068,hist002,#ERROR!,#ERROR!
DET-069,DET-069,hist002,#ERROR!,لم تُسترد أراضي القرية قط؛ وحُرم الناجون وذريتهم من الوصول إلى مواقع الدفن.
DET-070,DET-070,hist002,القانون الساري في مايو 1948,#ERROR!
DET-071,DET-071,hist002,سياق ما بعد عام 1949 (التصنيف الوصفي),اتفاقية جنيف الرابعة (1949): اعتُمدت في 12 أغسطس/آب 1949 (بعد ثلاثة أشهر من معاهدة طنطورة). صادقت عليها إسرائيل في 6 يوليو/تموز 1951. المادة 3: حظر العنف ضد النفس والشخص، بما في ذلك قتل الأشخاص الذين لا يشاركون فعلياً في الأعمال العدائية. لا تسري بأثر رجعي اعتباراً من مايو/أيار 1948.
DET-072,DET-072,hist002,إمكانية معارضة المعاهدة,#ERROR!
DET-073,DET-073,hist002,القانون الساري في مايو 1948,#ERROR!
DET-074,DET-074,hist002,سياق ما بعد عام 1949 (التصنيف الوصفي),#ERROR!
DET-075,DET-075,hist002,إمكانية معارضة المعاهدة,القانون الدولي الإنساني العرفي: اتفاقية لاهاي لعام 1907 + بند مارتنز يلزم جميع الأطراف في عام 1948 بغض النظر عن التصديق.
DET-076,DET-076,hist002,القانون الساري في مايو 1948,ملاحظة: كانت هذه الصكوك قابلة للاعتراض من قبل جميع الأطراف في عام 1948 باعتبارها قانونًا إنسانيًا دوليًا عرفيًا.
DET-077,DET-077,hist002,سياق ما بعد عام 1949 (التصنيف الوصفي),ملاحظة: تساعد التصنيفات الحديثة على الفهم ولكنها لا تُنشئ التزامات قانونية بأثر رجعي.
DET-078,DET-078,hist002,نوع الحدث,
DET-079,DET-079,hist002,الجناة,
DET-080,DET-080,hist002,تَحَقّق,
DET-081,DET-081,hist002,#ERROR!,
DET-082,DET-082,hist002,جندي مجهول من لواء ألكساندروني,#ERROR!
DET-083,DET-083,hist002,مريم اليحيى,فصلوا الرجال عنا. سمعنا إطلاق النار طوال اليوم وحتى الليل. في الصباح، طُلب منا المغادرة. لم نرَ رجالنا مرة أخرى. أبي، وشقيقاي، وعمي - جميعهم رحلوا.
DET-084,DET-084,hist002,بنيامين شيختر,أعرف ثلاثة مواقع قُتل فيها الناس ودُفنوا: المقبرة، والشاطئ جنوب القرية، وبالقرب من بئر القرية. أما عن العدد، فأُقدّر أن ما بين 200 و230 شخصًا قُتلوا.
DET-085,DET-085,hist002,حاييم هيرميش,أخذوهم في مجموعات، رجالاً أعمارهم 15 عاماً فما فوق. أُطلق عليهم النار. رأيت الجثث. بعد فترة، أُمرنا بدفنهم. أُجبرت بعض النساء العربيات على المساعدة في الحفر.
DET-086,DET-086,hist002,#ERROR!,#ERROR!
DET-087,DET-087,hist002,يبدأ الهجوم,تهاجم كتيبة ألكساندروني قرية طنطورة براً وبحراً. القرية عاجزة إلى حد كبير عن الدفاع عن نفسها، ولا تملك سوى أسلحة قليلة.
DET-088,DET-088,hist002,القرية تستسلم,"رفع شيوخ القرية الرايات البيضاء وتفاوضوا على الاستسلام. وأُبلغ القرويون بأنهم سيكونون بأمان إذا امتثلوا. قال جندي إسرائيلي: ""لم تكن هناك معركة. لقد رفعوا الرايات البيضاء""."
DET-089,DET-089,hist002,فصل الرجال عن عائلاتهم,#ERROR!
DET-090,DET-090,hist002,عمليات إعدام جماعية,#ERROR!
DET-091,DET-091,hist002,#ERROR!,#ERROR!
DET-092,DET-092,hist002,طرد الناجين,#ERROR!
DET-093,DET-093,hist002,#ERROR!,هُدمت طنطورة. أُقيمت كيبوتس نحشوليم على أنقاض القرية (1948-1950). تم إخفاء المقابر الجماعية؛ وطُمست المجزرة من التاريخ الإسرائيلي.
DET-094,DET-094,hist002,قضية كاتز,"يوثق تيدي كاتز المجزرة من خلال أكثر من 140 مقابلة مع قدامى المحاربين والناجين. رفع قدامى محاربي ألكساندروني دعوى تشهير ضده رغم شهاداتهم. أُجبر كاتز على توقيع ""اعتذار"" تحت ضغط (ثم سحبه لاحقًا)؛ وتم تخفيض درجة أطروحته."
DET-095,DET-095,hist002,الفيلم الوثائقي يجدد الاهتمام,"فيلم ""طنطورة"" للمخرج ألون شوارتز يتضمن شهادات مسجلة لجنود تؤكد وقوع المجزرة. عُرض الفيلم في مهرجان ساندانس السينمائي، بينما تواصل السلطات الإسرائيلية رفضها التنقيب عن المقابر الجماعية."
DET-096,DET-096,hist002,#ERROR!,#ERROR!
DET-097,DET-097,hist002,الإعدام بعد الاستسلام,"رفعت القرية الرايات البيضاء وتفاوضت على الاستسلام. تم انتهاك وعود الأمان. قال الجندي: ""لم تكن هناك معركة. لقد رفعوا الرايات البيضاء... جمعنا الرجال وأخذناهم."""
DET-098,DET-098,hist002,#ERROR!,"تصف شهادات عديدة عمليات إعدام وقعت على شاطئ طنطورة. يقول أحد الناجين: ""أخذوا الرجال في مجموعات... سمعنا إطلاق نار. لم يعودوا"". تُركت الجثث على الشاطئ قبل دفنها."
DET-099,DET-099,hist002,المقابر الجماعية وإخفاء الأدلة,#ERROR!
DET-100,DET-100,hist002,فصل العائلات,#ERROR!
DET-101,DET-101,hist002,النهب والتدمير الكامل,نهب ممنهج للمنازل، وسرقة للمقتنيات الثمينة، وقوارب الصيد، والعقارات. تم تدمير القرية بالكامل. أُقيمت كيبوتس ناحشوليم على أراضي القرية؛ وتم تغطية المقبرة الجماعية بموقف سيارات.
DET-102,DET-102,hist002,الطرد القسري,أُجبر السكان الناجون على النزوح إلى القرى المجاورة، ومُنعوا من العودة أو دفن موتاهم، وصودرت ممتلكاتهم بموجب قانون أملاك الغائبين الإسرائيلي.
DET-103,DET-103,hist003,#ERROR!,#ERROR!
DET-104,DET-104,hist003,#ERROR!,الحرارة، والعطش، والإرهاق؛ ويتأثر الرضع وكبار السن بشكل خاص
DET-105,DET-105,hist003,#ERROR!,#ERROR!
DET-106,DET-106,hist003,يغال ألون,قائد عملية داني (بالماش) - القيادة العملياتية العامة؛ أذن بالهجوم على ليدا-راملي؛ أصدر أو وافق على أوامر طرد للمدينتين
DET-107,DET-107,hist003,#ERROR!,"نائب قائد عملية داني (بالماخ) - الرجل الثاني في القيادة؛ وبحسب روايته، سأل بن غوريون: ""ماذا نفعل بالعرب؟""، فتلقى إشارة باليد بالطرد. شارك بشكل مباشر في تنفيذ أوامر الطرد."
DET-108,DET-108,hist003,#ERROR!,قائد كتيبة الكوماندوز 89 (بالماش) - قاد الهجوم البري على اللد؛ وقاد القوات خلال العمليات وعمليات القتل التي عمت المدينة بأكملها
DET-109,DET-109,hist003,شموئيل لاهيس (لاهاف),قائد سرية، الكتيبة الثالثة، لواء يفتاح - متورط بشكل مباشر في مجزرة مسجد دهماش؛ قاد القوات خلال عمليات تفتيش المنازل في اللد
DET-110,DET-110,hist003,#ERROR!,#ERROR!
DET-111,DET-111,hist003,#ERROR!,#ERROR!
DET-112,DET-112,hist003,الأهمية على المدى الطويل,"حدث محوري في الذاكرة الجماعية الفلسطينية؛ ""مسيرة الموت في اللد"" تُذكر إلى جانب دير ياسين"
DET-113,DET-113,hist003,#ERROR!,#ERROR!
DET-114,DET-114,hist003,#ERROR!,مكسب استراتيجي لإسرائيل: تأمين ممر إلى القدس؛ والسيطرة على ما سيصبح منطقة مطار بن غوريون
DET-115,DET-115,hist003,الأهمية على المدى الطويل,"جدل تاريخي: تحدى ""المؤرخون الجدد"" الإسرائيليون (موريس، بابيه) الروايات الرسمية في الفترة من الثمانينيات إلى الألفية الثانية."
DET-116,DET-116,hist003,#ERROR!,#ERROR!
DET-117,DET-117,hist003,#ERROR!,"كارثة إنسانية: ""مسيرة الموت"" أصبحت رمزاً بارزاً لوحشية النكبة"
DET-118,DET-118,hist003,الأهمية على المدى الطويل,#ERROR!
DET-119,DET-119,hist003,#ERROR!,✘ أصبح إسحاق رابين (نائب القائد) رئيسًا للوزراء وحائزًا على جائزة نوبل للسلام (1994).
DET-120,DET-120,hist003,#ERROR!,#ERROR!
DET-121,DET-121,hist003,الأهمية على المدى الطويل,#ERROR!
DET-122,DET-122,hist003,#ERROR!,✘ أصبح موشيه دايان (قائد الكتيبة) وزيرًا للدفاع ووزيرًا للخارجية؛ شخصية عسكرية بارزة
DET-123,DET-123,hist003,الأهمية على المدى الطويل,لا يزال مسجد دهماش قائماً في اللد؛ وهو موقع لإحياء الذكرى بين الحين والآخر على الرغم من القيود.
DET-124,DET-124,hist003,#ERROR!,✘ أُدين شموئيل لاهيس (مسجد دهماش) في خمسينيات القرن الماضي في حادثة مختلفة؛ أُلغي الحكم في عام 2020؛ ولم تُوجه أي تهمة بشأن مجزرة المسجد.
DET-125,DET-125,hist003,#ERROR!,#ERROR!
DET-126,DET-126,hist003,#ERROR!,#ERROR!
DET-127,DET-127,hist003,#ERROR!,اتفاقية لاهاي الرابعة (1907): أصبحت عرفية بحلول عام 1948. المادة 23 (ج): قتل الأعداء الذين ألقوا السلاح؛ المادة 25: الهجوم على الأماكن غير المحصنة؛ المادة 28: النهب؛ المادة 46: حماية شرف العائلة والأرواح والممتلكات؛ المادة 52: حظر العقوبات الجماعية.
DET-128,DET-128,hist003,سياق ما بعد عام 1949 (التصنيف الوصفي),اتفاقية جنيف الرابعة (1949): اعتُمدت في 12 أغسطس 1949 (بعد شهر من اتفاقية اللد). صادقت عليها إسرائيل في 6 يوليو 1951، والأردن في 29 مايو 1951. المادة 49: «يُحظر النقل القسري الفردي أو الجماعي... بغض النظر عن الدافع». لا يسري مفعولها بأثر رجعي اعتبارًا من يوليو 1948.
DET-129,DET-129,hist003,مسؤولية القيادة,مبادئ نورمبرغ (1946): نصت على أن القادة يتحملون المسؤولية عن الجرائم التي يرتكبها مرؤوسوهم إذا كانوا يعلمون أو كان ينبغي عليهم أن يعلموا وفشلوا في منعها أو معاقبتها.
DET-130,DET-130,hist003,إمكانية معارضة المعاهدة,#ERROR!
DET-131,DET-131,hist003,#ERROR!,#ERROR!
DET-132,DET-132,hist003,سياق ما بعد عام 1949 (التصنيف الوصفي),نظام روما الأساسي (1998): المادة 7(1)(د): الترحيل أو النقل القسري (جرائم ضد الإنسانية)؛ المادة 7(1)(أ): القتل (جرائم ضد الإنسانية)؛ المادة 8(2)(أ)(1): القتل العمد (جرائم حرب)؛ المادة 8(2)(ب)(25): تجويع المدنيين عمداً (جريمة حرب). يُستخدم هذا النص لأغراض وصفية فقط، ولا يُطبق بأثر رجعي.
DET-133,DET-133,hist003,مسؤولية القيادة,تطبيقًا على عملية داني: شغل كل من ألون (القائد العملياتي)، ورابين (نائبه)، وديان (قائد الكتيبة)، ولاهيس (ضابط الوحدة) مناصب قيادية خلال الفظائع الموثقة. وتؤكد مذكرات رابين نفسه وجود معلومات على أعلى المستويات. ولم تُجرَ أي تحقيقات أو ملاحقات قضائية.
DET-134,DET-134,hist003,إمكانية معارضة المعاهدة,القانون الدولي الإنساني العرفي: اتفاقية لاهاي لعام 1907 + بند مارتنز يلزم جميع الأطراف في عام 1948 بغض النظر عن التصديق.
DET-135,DET-135,hist003,#ERROR!,#ERROR!
DET-136,DET-136,hist003,سياق ما بعد عام 1949 (التصنيف الوصفي),ملاحظة: تساعد التصنيفات الحديثة على الفهم ولكنها لا تُنشئ التزامات قانونية بأثر رجعي.
DET-137,DET-137,hist003,#ERROR!,ملاحظة: كانت هذه الصكوك قابلة للاعتراض من قبل جميع الأطراف في عام 1948 باعتبارها قانونًا إنسانيًا دوليًا عرفيًا.
DET-138,DET-138,hist003,نوع الحدث,
DET-139,DET-139,hist003,الجناة,
DET-140,DET-140,hist003,تَحَقّق,
DET-141,DET-141,hist003,#ERROR!,
DET-142,DET-142,hist003,سليمان (سامي) منير,#ERROR!
DET-143,DET-143,hist003,#ERROR!,#ERROR!
DET-144,DET-144,hist003,#ERROR!,كان الناس يمضغون العشب بحثًا عن الرطوبة. مات أطفال رضع أثناء المسيرة. قوبلت محاولات الحصول على الماء بالتهديد. رأيت كبار السن ينهارون ويموتون. كان الحر لا يُطاق.
DET-145,DET-145,hist003,#ERROR!,سألتُ [بن غوريون]: «ماذا نفعل بالعرب؟» فأشار بيده في إشارة تعني: اطردوهم. [حُذفت هذه الفقرة من الطبعة العبرية للمذكرات عام ١٩٧٩؛ وأُعيدت في الطبعات اللاحقة.]
DET-146,DET-146,hist003,#ERROR!,#ERROR!
DET-147,DET-147,hist003,الاعتداء على ليدا,#ERROR!
DET-148,DET-148,hist003,مجزرة مسجد دهماش,#ERROR!
DET-149,DET-149,hist003,#ERROR!,"أصدر قائد ألون/رابين أمراً بالطرد. وكتب رابين لاحقاً أنه سأل بن غوريون: ""ماذا نفعل بالعرب؟"" وتلقى إشارة باليد بالطرد (حُذفت هذه الفقرة من مذكراته عام 1979)."
DET-150,DET-150,hist003,مسيرة الموت تبدأ,"أُجبر ما بين 50,000 و70,000 فلسطيني على السير باتجاه رام الله. حرارة شديدة (يوليو)؛ وانقطاع المياه. مكبرات الصوت تحث على النزوح؛ والجنود يمنعون وصول المساعدات."
DET-151,DET-151,hist003,#ERROR!,يموت الرضع وكبار السن في الطريق. ويصف الناجون مضغهم للعشب بحثاً عن الرطوبة، والجثث الملقاة على جانب الطريق. ويوثق المراقبون الدوليون لاحقاً هذه المعاناة.
DET-152,DET-152,hist003,إطلاق نار في جميع أنحاء المدينة,عمليات قتل واسعة النطاق في الشوارع والمنازل أثناء الاعتداءات وبعدها. تم الإبلاغ عن جثث في جميع أنحاء مدينة اللد. تشير التقديرات إلى مقتل عدة مئات في المدينة.
DET-153,DET-153,hist003,مذبحة مسجد دهماش,دخل الجنود باحة المسجد حيث احتمى المدنيون. أسفر إطلاق النار والقنابل اليدوية عن مقتل ما بين 70 و250 شخصًا (تختلف التقديرات اختلافًا كبيرًا). يصف منير الجثث المتراكمة في الداخل؛ وقد ساعد في حرقها. تُعد هذه الحادثة من بين أكثر الحوادث دموية في عام 1948.
DET-154,DET-154,hist003,"الطرد القسري و""مسيرة الموت""","تم تهجير ما بين 50,000 و70,000 شخص سيراً على الأقدام باتجاه رام الله في حرارة يوليو اللاهبة. وهتفت مكبرات الصوت: ""اخرجوا وإلا سنطلق النار"". لا ماء ولا مساعدات. وقال الناجون: ""تم حشر الحشود في أرض وعرة... الإرهاق والموت""."
DET-155,DET-155,hist003,#ERROR!,"إسماعيل شموط: ""توفي أطفال رضع أثناء المسيرة. مضغ الناس العشب بحثاً عن الرطوبة. قوبلت محاولات الحصول على الماء بالتهديدات."" انهار كبار السن؛ وتركت الجثث على جانب الطريق."
DET-156,DET-156,hist003,#ERROR!,منع الجنود الوصول إلى مصادر المياه. وأفاد الناجون بتعرضهم للتهديد والعنف عند محاولتهم مساعدة المتظاهرين المنهكين أو البحث عن الماء.
DET-157,DET-157,hist003,#ERROR!,#ERROR!
DET-158,DET-158,hist004,مقتل مدنيين,ثلثا الضحايا من النساء والأطفال؛ قُتلوا في منازلهم
DET-159,DET-159,hist004,جريح,موثقة من قبل السلطات الأردنية؛ ومن المرجح أن يكون العدد الفعلي أعلى
DET-160,DET-160,hist004,منازل مدمرة,#ERROR!
DET-161,DET-161,hist004,#ERROR!,#ERROR!
DET-162,DET-162,hist004,#ERROR!,أشرف على تخطيط عملية شوشانا. وافق على خطة شارون العملياتية لهجوم قبية. شغل منصب رئيس الأركان خلال عمليات أزمة السويس عام 1956. ثم أصبح وزيرًا للدفاع (1967، 1969-1974). لم يُحاسب قط على عملية عام 1953.
DET-163,DET-163,hist004,#ERROR!,#ERROR!
DET-164,DET-164,hist004,#ERROR!,#ERROR!
DET-165,DET-165,hist004,#ERROR!,#ERROR!
DET-166,DET-166,hist004,الأهمية على المدى الطويل,#ERROR!
DET-167,DET-167,hist004,#ERROR!,#ERROR!
DET-168,DET-168,hist004,#ERROR!,إدانة دولية عالمية، بما في ذلك من الولايات المتحدة والأمم المتحدة والمجتمعات اليهودية العالمية
DET-169,DET-169,hist004,الأهمية على المدى الطويل,أصبح قرار الأمم المتحدة رقم 101 نقطة مرجعية للإدانات المستقبلية
DET-170,DET-170,hist004,#ERROR!,#ERROR!
DET-171,DET-171,hist004,#ERROR!,علّقت الولايات المتحدة المساعدات الاقتصادية لإسرائيل لحين تعاونها مع تحقيقات الأمم المتحدة
DET-172,DET-172,hist004,الأهمية على المدى الطويل,#ERROR!
DET-173,DET-173,hist004,#ERROR!,#ERROR!
DET-174,DET-174,hist004,#ERROR!,ألقت السلطات الأردنية القبض على أكثر من ألف شخص يشتبه بانتمائهم إلى فدائيي إسرائيل لمنع أعمال انتقامية إسرائيلية.
DET-175,DET-175,hist004,الأهمية على المدى الطويل,نمط مُثبت: هجمات فلسطينية كبرى تليها ردود إسرائيلية واسعة النطاق
DET-176,DET-176,hist004,#ERROR!,#ERROR!
DET-177,DET-177,hist004,#ERROR!,هدوء نسبي على الحدود الأردنية لفترة أعقبت العملية
DET-178,DET-178,hist004,الأهمية على المدى الطويل,#ERROR!
DET-179,DET-179,hist004,#ERROR!,"✓ لا يزال قرار الأمم المتحدة رقم 101 مسجلاً باعتباره ""أقوى إدانة""."
DET-180,DET-180,hist004,#ERROR!,انتهاكات المادتين الثانية والثالثة: هجوم عسكري غير مبرر عبر خط الهدنة إلى الأراضي الأردنية. وخلصت لجنة الهدنة المختلطة إلى أن إسرائيل انتهكت الاتفاقية بشكل واضح.
DET-181,DET-181,hist004,#ERROR!,مبدأ التمييز: فشل في التمييز بين الأهداف العسكرية والمدنية. استهداف متعمد لمنازل المدنيين والمدارس والمساجد.
DET-182,DET-182,hist004,التصنيف الحديث (الوصفي),بموجب القانون الدولي المعاصر (اتفاقيات جنيف، ونظام روما الأساسي)، فإن الأفعال تشكل: القتل المتعمد للمدنيين، والتدمير الواسع النطاق غير المبرر بالضرورة العسكرية، والهجمات على الأعيان المدنية.
DET-183,DET-183,hist004,#ERROR!,#ERROR!
DET-184,DET-184,hist004,#ERROR!,التناسب: أدانت الأمم المتحدة والمجتمع الدولي الهجوم باعتباره رد فعل غير متناسب بشكل كبير.
DET-185,DET-185,hist004,التصنيف الحديث (الوصفي),#ERROR!
DET-186,DET-186,hist004,#ERROR!,معاناة لا داعي لها: تسبب استخدام المتفجرات على منازل المدنيين المحتلة في وفيات ومعاناة كان من الممكن تجنبها.
DET-187,DET-187,hist004,نوع الحدث,
DET-188,DET-188,hist004,الجناة,
DET-189,DET-189,hist004,تَحَقّق,
DET-190,DET-190,hist004,#ERROR!,
DET-191,DET-191,hist004,#ERROR!,"كتب شارون في مذكراته أنه تلقى أوامر: ""كانت قبية مثالاً للجميع"". ووصف إصدار أوامر ""بأقصى قدر من القتل وإلحاق أضرار بالممتلكات"". وفي سيرته الذاتية ""المحارب"": ""كانت الأوامر واضحة تماماً""."
DET-192,DET-192,hist004,#ERROR!,#ERROR!
DET-193,DET-193,hist004,اللواء فاجن بينيك,"أُبلغ مجلس الأمن التابع للأمم المتحدة أن الهجوم نُفذ بواسطة ""نحو نصف كتيبة من جنود الجيش الإسرائيلي النظامي"" باستخدام قذائف الهاون وطوربيدات بنغالور ومتفجرات تي إن تي في عملية عسكرية منسقة."
DET-194,DET-194,hist004,#ERROR!,#ERROR!
DET-195,DET-195,hist004,وزير الخارجية الأردني,"أُبلغت الأمم المتحدة: ""مذبحة ستة وستين من السكان على يد القوات العسكرية الإسرائيلية المنظمة"". دُعي إلى اجتماع طارئ للجنة الاستشارية العسكرية. ووُصف الهدم المنهجي للمنازل وسقوط ضحايا مدنيين بأنه هجوم غير مسبوق."
DET-196,DET-196,hist004,#ERROR!,أسفر هجوم بقنبلة يدوية عن مقتل امرأة إسرائيلية تدعى سوزان كينياس وطفليها في يهود. ونسبت إسرائيل الهجوم إلى متسللين من قبية.
DET-197,DET-197,hist004,يبدأ الهجوم,عبرت قوة إسرائيلية (300-700 جندي) من الوحدة 101 وسرايا المظليين إلى الأردن. وقصف بقذائف الهاون والمدفعية على قبية لمدة 3-4 ساعات.
DET-198,DET-198,hist004,#ERROR!,#ERROR!
DET-199,DET-199,hist004,#ERROR!,#ERROR!
DET-200,DET-200,hist004,قرار مجلس الأمن التابع للأمم المتحدة رقم 100,مجلس الأمن يتناول الهجوم.
DET-201,DET-201,hist004,#ERROR!,مجلس الأمن يُدين بشدة الإجراءات الإسرائيلية. وزارة الخارجية الأمريكية تُعلّق المساعدات الاقتصادية لإسرائيل.
DET-202,DET-202,hist004,عمليات القتل من منزل إلى منزل,ألقى الجنود القنابل اليدوية بشكل منهجي عبر الأبواب والنوافذ، ثم دمروا المنازل بالمتفجرات بينما بقي المدنيون في الداخل. وعُثر على جثث مدفونة تحت الأنقاض.
DET-203,DET-203,hist004,#ERROR!,#ERROR!
DET-204,DET-204,hist004,#ERROR!,#ERROR!
DET-205,DET-205,hist004,#ERROR!,تعرضت المتاجر للنهب أثناء العملية. وعُثر على متفجرات غير مستخدمة أسقطها المهاجمون، مما يشير إلى وجود كميات كبيرة من مواد الهدم التي تم جلبها إلى الموقع.
DET-206,DET-206,hist004,منع الإنقاذ,قصفت القوات الإسرائيلية قريتي بدروس (43 قذيفة هاون) وشقبة المجاورتين لمنع الفيلق العربي الأردني من الوصول إلى قبية لمساعدة المدنيين.
DET-207,DET-207,hist005,وفيات خان يونس (الأونروا),#ERROR!
DET-208,DET-208,hist005,وفيات رفح (الأونروا),حادثة منفصلة بتاريخ 12 نوفمبر 1956؛ وثّقتها الأونروا
DET-209,DET-209,hist005,الوثائق الفلسطينية,#ERROR!
DET-210,DET-210,hist005,أساليب القتل,إطلاق النار أثناء انتهاكات حظر التجول، وإعدام بعد عمليات التفتيش، والقتل التعسفي، والعقاب الجماعي
DET-211,DET-211,hist005,#ERROR!,تولى القيادة العامة لعمليات جيش الدفاع الإسرائيلي خلال أزمة السويس، بما في ذلك عملية قادش. أشرف على احتلال قطاع غزة وإجراءات الفرز التي أدت إلى عمليات قتل جماعي في خان يونس ورفح. شغل لاحقًا منصب وزير الدفاع (1967، 1969-1974). لم يُحاكم قط على خلفية عمليات غزة عام 1956.
DET-212,DET-212,hist005,#ERROR!,أمر بعملية قادش بالتنسيق مع فرنسا والمملكة المتحدة خلال أزمة السويس. أذن باحتلال قطاع غزة. اتخذ القرارات النهائية بشأن العمليات العسكرية في خان يونس ورفح. أشرف على السياسات خلال فترة الاحتلال.
DET-213,DET-213,hist005,موشيه كارمل,قائد القوات الإسرائيلية التي تحتل قطاع غزة. مسؤول بشكل مباشر عن العمليات البرية بما في ذلك إجراءات التفتيش وحظر التجول والعمليات الأمنية في خان يونس ورفح والتي أسفرت عن سقوط عدد كبير من الضحايا المدنيين.
DET-214,DET-214,hist005,#ERROR!,كان مهندساً رئيسياً لتحالف إسرائيل مع فرنسا وبريطانيا في عملية السويس. سهّل التنسيق العسكري. شغل لاحقاً منصب رئيس الوزراء والرئيس. لم يُحاسب قط على دوره في عمليات غزة عام 1956.
DET-215,DET-215,hist005,الأثر الفوري (1956-1957),#ERROR!
DET-216,DET-216,hist005,الأهمية على المدى الطويل,نمطٌ راسخ: العمليات العسكرية الإسرائيلية في غزة تُسفر عن خسائر فادحة في صفوف المدنيين دون محاسبة.
DET-217,DET-217,hist005,نتائج المساءلة,✗ لم تتم محاكمة أي فرد من أفراد الجيش الإسرائيلي على الرغم من توثيق الأونروا لـ 386 حالة وفاة
DET-218,DET-218,hist005,الأثر الفوري (1956-1957),#ERROR!
DET-219,DET-219,hist005,الأهمية على المدى الطويل,مذبحة خان يونس منسية إلى حد كبير على الصعيد الدولي؛ لكنها لا تزال راسخة بعمق في الذاكرة الجماعية الفلسطينية.
DET-220,DET-220,hist005,نتائج المساءلة,✗ شغل القادة العسكريون (موشيه دايان، موشيه كارمل) لاحقًا مناصب حكومية رفيعة
DET-221,DET-221,hist005,الأثر الفوري (1956-1957),#ERROR!
DET-222,DET-222,hist005,الأهمية على المدى الطويل,#ERROR!
DET-223,DET-223,hist005,نتائج المساءلة,لم تتلقَ عائلات الضحايا أي تعويضات أو اعتراف رسمي.
DET-224,DET-224,hist005,الأثر الفوري (1956-1957),تم نشر قوة الطوارئ التابعة للأمم المتحدة في غزة؛ وهي أول عملية حفظ سلام رئيسية للأمم المتحدة
DET-225,DET-225,hist005,الأهمية على المدى الطويل,ساهم في دوامة العنف بين إسرائيل وسكان قطاع غزة
DET-226,DET-226,hist005,نتائج المساءلة,✗ لم يتم التنقيب بشكل صحيح عن المقابر الجماعية؛ ولم يتم التعرف على العديد من الضحايا رسمياً
DET-227,DET-227,hist005,الأثر الفوري (1956-1957),لم تُطالب أي جهات دولية بمحاكمة الجناة؛ إذ حالت ديناميكيات الحرب الباردة دون محاسبتهم.
DET-228,DET-228,hist005,الأهمية على المدى الطويل,سابقة لانعدام المساءلة عن عمليات القتل الجماعي للمدنيين الفلسطينيين
DET-229,DET-229,hist005,نتائج المساءلة,✓ وثائق رسمية تابعة للأونروا محفوظة في أرشيف الأمم المتحدة
DET-230,DET-230,hist005,نتائج المساءلة,✓ أكد مؤرخون إسرائيليون لاحقاً وقوع المجازر باستخدام الأرشيفات العسكرية.
DET-231,DET-231,hist005,نتائج المساءلة,#ERROR!
DET-232,DET-232,hist005,انتهاكات اتفاقية جنيف الرابعة (1949),المادة 3 (المادة المشتركة): تحظر العنف ضد النفس والشخص، والقتل، والمعاملة القاسية، والتعذيب. وقد انتهكت عمليات الإعدام المنهجية الحماية الأساسية حتى أثناء النزاعات المسلحة.
DET-233,DET-233,hist005,#ERROR!,#ERROR!
DET-234,DET-234,hist005,#ERROR!,#ERROR!
DET-235,DET-235,hist005,انتهاكات اتفاقية جنيف الرابعة (1949),#ERROR!
DET-236,DET-236,hist005,#ERROR!,#ERROR!
DET-237,DET-237,hist005,#ERROR!,إن الطبيعة المنهجية لعمليات القتل على مدى عشرة أيام تشير إلى وجود عنصر جرائم ضد الإنسانية في هجوم واسع النطاق أو منهجي ضد السكان المدنيين.
DET-238,DET-238,hist005,انتهاكات اتفاقية جنيف الرابعة (1949),#ERROR!
DET-239,DET-239,hist005,#ERROR!,#ERROR!
DET-240,DET-240,hist005,انتهاكات اتفاقية جنيف الرابعة (1949),#ERROR!
DET-241,DET-241,hist005,نوع الحدث,
DET-242,DET-242,hist005,الجناة,
DET-243,DET-243,hist005,تَحَقّق,
DET-244,DET-244,hist005,#ERROR!,
DET-245,DET-245,hist005,#ERROR!,"تم تقديم تقرير مفصل إلى الجمعية العامة للأمم المتحدة في 15 ديسمبر 1956 (الوثيقة A/3512): ""خلال الفترة من 3 إلى 12 نوفمبر 1956، قُتل 275 شخصًا في خان يونس ومخيم اللاجئين التابع لها"". تضمن التقرير الأسماء والأعمار وظروف الوفاة التي تم تجميعها من شهادات شهود موثوقة وأدلة مادية."
DET-246,DET-246,hist005,بيني موريس,#ERROR!
DET-247,DET-247,hist005,آفي شلايم,#ERROR!
DET-248,DET-248,hist005,#ERROR!,#ERROR!
DET-249,DET-249,hist005,#ERROR!,#ERROR!
DET-250,DET-250,hist005,#ERROR!,شنت إسرائيل غزواً لشبه جزيرة سيناء بالتنسيق مع الهجوم الفرنسي البريطاني على مصر، وذلك في إطار العمليات العسكرية المنسقة لأزمة السويس.
DET-251,DET-251,hist005,#ERROR!,أكملت القوات الإسرائيلية احتلال قطاع غزة وخان يونس، وبدأت بفرض الإدارة العسكرية وحظر التجول.
DET-252,DET-252,hist005,بدء مذبحة خان يونس,"يقوم الجيش الإسرائيلي بعمليات تفتيش جماعية للذكور المقيمين في خان يونس ومخيم اللاجئين. وتبدأ عمليات الإعدام الممنهجة. ويتم تجميع الرجال ""للتعرف"" عليهم كفدائيين وجنود مصريين."
DET-253,DET-253,hist005,#ERROR!,على مدى عشرة أيام، أطلق أفراد الجيش الإسرائيلي النار على المدنيين أثناء حظر التجول، وأعدموا معتقلين بعد عمليات تفتيش، ونفذوا عمليات قتل عشوائية. ودُفنت جثث في الشوارع والمقابر الجماعية. ووثقت الأونروا 275 حالة وفاة في خان يونس.
DET-254,DET-254,hist005,#ERROR!,مجزرة منفصلة في مخيم رفح للاجئين المجاور. وثّقت وكالة الأونروا 111 حالة وفاة. نمط مماثل من عمليات الفحص والإعدام.
DET-255,DET-255,hist005,#ERROR!,#ERROR!
DET-256,DET-256,hist005,الانسحاب الإسرائيلي,تحت ضغط أمريكي وسوفيتي مكثف، انسحبت إسرائيل من قطاع غزة وسيناء. ونُشرت قوات الطوارئ التابعة للأمم المتحدة. ولم تُحاسب إسرائيل على المجازر.
DET-257,DET-257,hist005,#ERROR!,#ERROR!
DET-258,DET-258,hist005,#ERROR!,فُرض حظر تجول صارم، وأُطلق النار على المدنيين فور رؤيتهم عند ارتكابهم المخالفات. وقُتل العديد منهم بسبب مخالفات بسيطة أو سوء فهم. ووثّقت الأونروا حالات عديدة لإطلاق النار على مدنيين خلال ساعات حظر التجول.
DET-259,DET-259,hist005,#ERROR!,#ERROR!
DET-260,DET-260,hist005,الاعتقالات والقتل التعسفي,#ERROR!
DET-261,DET-261,hist005,العقاب الجماعي,تعرضت أحياء بأكملها ومخيمات للاجئين لعقاب جماعي. وشملت التدابير العقابية عمليات قتل جماعي، وحظر تجول، وهدم منازل للاشتباه في مقاومتها أو نشاطها الفدائي.
DET-262,DET-262,hist006,#ERROR!,280 ألف (مصادر إسرائيلية) إلى أكثر من 400 ألف (مصادر الأمم المتحدة/الفلسطينية)
DET-263,DET-263,hist006,#ERROR!,#ERROR!
DET-264,DET-264,hist006,#ERROR!,عمواس، يالو، بيت نوبا (منطقة اللطرون)؛ طرد حوالي 10.000 ساكن
DET-265,DET-265,hist006,#ERROR!,"الضفة الغربية (5,655 كم²)، غزة (365 كم²)، الجولان (1,800 كم²)، سيناء (60,000 كم²)"
DET-266,DET-266,hist006,#ERROR!,قاد العمليات العسكرية الإسرائيلية خلال حرب الأيام الستة. واتخذ قرارات مصيرية بشأن سياسات الاحتلال، بما في ذلك هدم قرى اللطرون والحي المغربي. وأبدى لاحقاً مشاعر متضاربة حيال العواقب طويلة الأمد للاحتلال.
DET-267,DET-267,hist006,#ERROR!,#ERROR!
DET-268,DET-268,hist006,#ERROR!,#ERROR!
DET-269,DET-269,hist006,#ERROR!,إنشاء الاحتلال الإسرائيلي الحديث للأراضي الفلسطينية
DET-270,DET-270,hist006,الأهمية طويلة الأمد (1973-حتى الآن),يستمر الاحتلال لأكثر من 55 عامًا - أطول احتلال عسكري في التاريخ الحديث
DET-271,DET-271,hist006,المساءلة والقانون الدولي,✗ لم تتم محاكمة أي مسؤول إسرائيلي بتهمة التهجير أو تدمير القرى
DET-272,DET-272,hist006,#ERROR!,#ERROR!
DET-273,DET-273,hist006,الأهمية طويلة الأمد (1973-حتى الآن),أكثر من 700 ألف مستوطن إسرائيلي في الضفة الغربية والقدس الشرقية (2024)
DET-274,DET-274,hist006,المساءلة والقانون الدولي,#ERROR!
DET-275,DET-275,hist006,#ERROR!,سيطرت إسرائيل على كامل الأراضي الفلسطينية التاريخية لأول مرة منذ عام 1948
DET-276,DET-276,hist006,الأهمية طويلة الأمد (1973-حتى الآن),يؤثر الاحتلال على كل جانب من جوانب الحياة الفلسطينية: الحركة، والاقتصاد، والحكم، والأمن
DET-277,DET-277,hist006,المساءلة والقانون الدولي,#ERROR!
DET-278,DET-278,hist006,#ERROR!,أصبح قرار مجلس الأمن التابع للأمم المتحدة رقم 242 أساساً لعملية السلام
DET-279,DET-279,hist006,الأهمية طويلة الأمد (1973-حتى الآن),#ERROR!
DET-280,DET-280,hist006,المساءلة والقانون الدولي,#ERROR!
DET-281,DET-281,hist006,#ERROR!,بداية مشروع الاستيطان الإسرائيلي في الأراضي المحتلة
DET-282,DET-282,hist006,الأهمية طويلة الأمد (1973-حتى الآن),إجماع دولي: الاحتلال غير قانوني؛ والمستوطنات تشكل جرائم حرب
DET-283,DET-283,hist006,المساءلة والقانون الدولي,✗ توسعت مشاريع الاستيطان بشكل هائل على الرغم من انتهاكات القانون الدولي
DET-284,DET-284,hist006,#ERROR!,#ERROR!
DET-285,DET-285,hist006,الأهمية طويلة الأمد (1973-حتى الآن),فشلت مبادرات السلام المتعددة (كامب ديفيد، أوسلو، خارطة الطريق) في إنهاء الاحتلال.
DET-286,DET-286,hist006,المساءلة والقانون الدولي,✓ إجماع دولي: الاحتلال غير قانوني ويجب إنهاؤه
DET-287,DET-287,hist006,الأهمية طويلة الأمد (1973-حتى الآن),#ERROR!
DET-288,DET-288,hist006,المساءلة والقانون الدولي,#ERROR!
DET-289,DET-289,hist006,الأهمية طويلة الأمد (1973-حتى الآن),#ERROR!
DET-290,DET-290,hist006,المساءلة والقانون الدولي,#ERROR!
DET-291,DET-291,hist006,المساءلة والقانون الدولي,✓ المحكمة الجنائية الدولية تحقق في الجرائم المزعومة في الأراضي المحتلة
DET-292,DET-292,hist006,#ERROR!,"المادة 49: ""يحظر النقل القسري الفردي أو الجماعي... للأشخاص المحميين من الأراضي المحتلة... بغض النظر عن الدافع وراءه"". إن التهجير ومنع العودة ينتهكان هذه الحماية الأساسية."
DET-293,DET-293,hist006,قرارات مجلس الأمن التابع للأمم المتحدة,#ERROR!
DET-294,DET-294,hist006,الرأي الاستشاري لمحكمة العدل الدولية (2004),رأي استشاري بشأن الجدار: قضت محكمة العدل الدولية بأن بناء إسرائيل لجدار الفصل العنصري في الضفة الغربية غير قانوني. وأكدت مجدداً أن اتفاقية جنيف الرابعة تنطبق على الأراضي الفلسطينية المحتلة.
DET-295,DET-295,hist006,المهنة المستمرة - التقييم الحديث,الاحتلال المطوّل: يُعدّ الاحتلال الإسرائيلي، الذي تجاوز 55 عاماً، أطول احتلال عسكري في التاريخ الحديث. وينظر القانون الدولي إلى الاحتلال المطوّل على أنه يثير مخاوف قانونية إضافية.
DET-296,DET-296,hist006,#ERROR!,"المادة 49 (6): ""لا يجوز للدولة المحتلة ترحيل أو نقل أجزاء من سكانها المدنيين إلى الأراضي التي تحتلها"". وينتهك مشروع الاستيطان الإسرائيلي هذا الحكم (أكثر من 700,000 مستوطن اعتبارًا من عام 2024)."
DET-297,DET-297,hist006,قرارات مجلس الأمن التابع للأمم المتحدة,"القرار 252 (1968): أعلن أن إجراءات الضم الإسرائيلية في القدس ""باطلة"". ودعا إسرائيل إلى إلغاء جميع الإجراءات الرامية إلى تغيير وضع المدينة."
DET-298,DET-298,hist006,الرأي الاستشاري لمحكمة العدل الدولية (2004),المستوطنات: أكدت محكمة العدل الدولية أن المستوطنات الإسرائيلية تنتهك المادة 49 (6) من اتفاقية جنيف. ودعت إسرائيل إلى وقف النشاط الاستيطاني وتفكيك المستوطنات القائمة.
DET-299,DET-299,hist006,المهنة المستمرة - التقييم الحديث,#ERROR!
DET-300,DET-300,hist006,#ERROR!,#ERROR!
DET-301,DET-301,hist006,قرارات مجلس الأمن التابع للأمم المتحدة,القرار 298 (1971): أعرب عن أسفه لعدم امتثال إسرائيل للقرارات السابقة المتعلقة بالقدس.
DET-302,DET-302,hist006,الرأي الاستشاري لمحكمة العدل الدولية (2004),التزامات الاحتلال: قضت محكمة العدل الدولية بأن إسرائيل ملزمة بالقانون الإنساني الدولي وقانون حقوق الإنسان في الأراضي المحتلة.
DET-303,DET-303,hist006,المهنة المستمرة - التقييم الحديث,نقل السكان: يشكل نقل أكثر من 700 ألف مدني إسرائيلي إلى الأراضي المحتلة انتهاكاً منهجياً للمادة 49 (6) من اتفاقية جنيف.
DET-304,DET-304,hist006,#ERROR!,#ERROR!
DET-305,DET-305,hist006,قرارات مجلس الأمن التابع للأمم المتحدة,"القرار 465 (1980): قرر أن المستوطنات الإسرائيلية في الأراضي المحتلة ""لا تتمتع بأي شرعية قانونية"" وتشكل ""انتهاكًا صارخًا"" لاتفاقية جنيف."
DET-306,DET-306,hist006,قرارات مجلس الأمن التابع للأمم المتحدة,#ERROR!
DET-307,DET-307,hist006,نوع الحدث,
DET-308,DET-308,hist006,الجناة,
DET-309,DET-309,hist006,تَحَقّق,
DET-310,DET-310,hist006,#ERROR!,
DET-311,DET-311,hist006,#ERROR!,"بعد الاستيلاء على البلدة القديمة، أعلن: ""لقد عدنا إلى أقدس أماكننا، ولن نفارقها أبدًا"". ثم تأمل لاحقًا في مسألة التهجير قائلًا: ""لقد جئنا إلى هذه البلاد التي كان يسكنها العرب بالفعل، ونحن نقيم... دولة يهودية هنا"". وفيما يتعلق بقرى اللطرون: ""كان علينا تدمير ثلاث قرى عربية في منطقة اللطرون""."
DET-312,DET-312,hist006,آموس إيلون,#ERROR!
DET-313,DET-313,hist006,حسين موسى (من سكان إمواس),"أحد سكان قرية عمواس: ""جاء الجنود الإسرائيليون وأخبرونا أن أمامنا ثلاث ساعات للمغادرة... أخذنا ما استطعنا حمله. عندما نظرنا إلى الوراء من التلال، كانوا يدمرون كل شيء بالجرافات - منازلنا، مسجدنا، مقبرتنا. كل شيء."""
DET-314,DET-314,hist006,#ERROR!,"في كتاب ""1967: إسرائيل، الحرب، والعام الذي غيّر وجه الشرق الأوسط"": ""مباشرةً بعد الحرب، اتخذت إسرائيل إجراءات جعلت عودة اللاجئين مستحيلة"". ووثّق الكتاب أوامر عسكرية تمنع العودة، ومصادرة بطاقات الهوية. ""كان موقف الحكومة هو أنه لا ينبغي السماح لمعظم اللاجئين بالعودة""."
DET-315,DET-315,hist006,#ERROR!,#ERROR!
DET-316,DET-316,hist006,#ERROR!,أعلنت اللجنة الدولية للصليب الأحمر أن اتفاقية جنيف الرابعة تنطبق على الأراضي المحتلة. ووثّقت حالات نزوح جماعي، وهدم منازل، ومنع عودة اللاجئين. ودعت إسرائيل إلى السماح للاجئين بالعودة واحترام الحماية المدنية بموجب القانون الدولي الإنساني.
DET-317,DET-317,hist006,بداية الحرب - عملية التركيز,شنت إسرائيل غارات جوية استباقية دمرت القوات الجوية المصرية على الأرض. ودخلت الأردن وسوريا الحرب دعماً لمصر. ودخلت القوات البرية الإسرائيلية سيناء وغزة.
DET-318,DET-318,hist006,#ERROR!,#ERROR!
DET-319,DET-319,hist006,#ERROR!,"استولت قوات المظليين الإسرائيلية على البلدة القديمة في القدس. وأعلن وزير الدفاع موشيه دايان: ""لقد عدنا إلى أقدس أماكننا، ولن نفارقها أبداً""."
DET-320,DET-320,hist006,#ERROR!,"صدرت أوامر بإخلاء قرى عمواس ويالو وبيت نوبا في منطقة اللطرون. مُنح السكان ساعاتٍ للمغادرة. قام الجيش الإسرائيلي بهدم جميع المباني بشكل منهجي باستخدام الجرافات والمتفجرات. تم طرد نحو 10,000 من السكان ومنعهم من العودة."
DET-321,DET-321,hist006,#ERROR!,#ERROR!
DET-322,DET-322,hist006,وقف إطلاق النار؛ اكتمال الاحتلال,انتهت الحرب بعد ستة أيام. احتلت إسرائيل الضفة الغربية، وقطاع غزة، والقدس الشرقية، وهضبة الجولان، وشبه جزيرة سيناء. ولا يزال احتلال الأراضي الفلسطينية مستمراً حتى يومنا هذا.
DET-323,DET-323,hist006,الأوامر العسكرية تمنع العودة,"أصدرت الحكومة العسكرية الإسرائيلية أوامر بمنع الفلسطينيين النازحين من العودة. تم إنشاء نظام بطاقات الهوية؛ ومُنع من غادروا من الدخول مجدداً. أُعلنت الممتلكات ""ممتلكات الغائبين"" وعرضة للمصادرة."
DET-324,DET-324,hist006,#ERROR!,#ERROR!
DET-325,DET-325,hist006,قرار مجلس الأمن التابع للأمم المتحدة رقم 242,#ERROR!
DET-326,DET-326,hist006,التدمير المنهجي للقرى,#ERROR!
DET-327,DET-327,hist006,#ERROR!,حيّ تاريخي في القدس يعود تاريخه إلى 770 عامًا، هُدم بعد 48 ساعة من الاحتلال. دُمّرت 135 منزلًا ومسجدان وزاوية (مدرسة إسلامية). مُنح 650 من السكان مهلة 3 ساعات للإخلاء. كما هُدم مسجد أفضل (الذي يعود تاريخه إلى القرن الثاني عشر) ومواقع تراثية أخرى.
DET-328,DET-328,hist006,#ERROR!,#ERROR!
DET-329,DET-329,hist006,#ERROR!,#ERROR!
DET-330,DET-330,hist006,#ERROR!,نزح ما بين 300 ألف و400 ألف فلسطيني خلال الحرب وبعدها مباشرة. أُجبر الكثيرون على النزوح عبر الحرب النفسية (البث الإذاعي)، ومنع العودة، وهدم المنازل. وكان نصفهم تقريباً من اللاجئين للمرة الثانية (النازحين منذ عام 1948).
DET-331,DET-331,hist006,عمليات القتل خارج نطاق القضاء,#ERROR!
DET-332,DET-332,hist007,إحصاء رسمي لبناني,وثّقت لجنة حكومية لبنانية تحديد هوية 800 جثة
DET-333,DET-333,hist007,#ERROR!,#ERROR!
DET-334,DET-334,hist007,#ERROR!,معظم الضحايا من غير المقاتلين؛ استهداف منهجي للمدنيين
DET-335,DET-335,hist007,#ERROR!,#ERROR!
DET-336,DET-336,hist007,#ERROR!,#ERROR!
DET-337,DET-337,hist007,رافائيل إيتان,تولى القيادة العامة لعمليات الجيش الإسرائيلي في لبنان. نسق دخول الكتائب إلى المخيمات. تلقى تقارير عن مجازر بحق المدنيين، لكنه أمر الميليشيات بمواصلة عملياتها. وجدته لجنة كاهان مهملاً. رُشِّح للإقالة، لكنه كان مُقرراً له التقاعد بالفعل. دخل لاحقاً معترك السياسة، ولم يُحاكم قط.
DET-338,DET-338,hist007,مناحيم بيغن,#ERROR!
DET-339,DET-339,hist007,#ERROR!,#ERROR!
DET-340,DET-340,hist007,#ERROR!,قائد القوات اللبنانية الذي قاد ميليشيات الكتائب إلى المعسكرات. مسؤول بشكل مباشر عن تنظيم وتنفيذ المجزرة. لم يُحاكم قط. اغتيل في تفجير سيارة مفخخة في بيروت عام 2002 قبل الإدلاء بشهادته المقررة في قضية الاختصاص القضائي العالمي البلجيكية.
DET-341,DET-341,hist007,#ERROR!,#ERROR!
DET-342,DET-342,hist007,الأثر الفوري (1982-1983),غضب دولي؛ إدانة واسعة النطاق لإسرائيل والكتائبيين
DET-343,DET-343,hist007,الأهمية على المدى الطويل,رمز للمعاناة الفلسطينية وفشل المجتمع الدولي في حماية اللاجئين
DET-344,DET-344,hist007,نتائج المساءلة,لم تتم محاكمة أي من عناصر الكتائب اللبنانية على الرغم من ارتكابهم عمليات قتل
DET-345,DET-345,hist007,الأثر الفوري (1982-1983),#ERROR!
DET-346,DET-346,hist007,الأهمية على المدى الطويل,#ERROR!
DET-347,DET-347,hist007,نتائج المساءلة,#ERROR!
DET-348,DET-348,hist007,الأثر الفوري (1982-1983),تشكيل لجنة كاهان - مثال نادر لدولة تحقق في دور جيشها في الفظائع
DET-349,DET-349,hist007,الأهمية على المدى الطويل,أصبح تقرير لجنة كاهان مرجعاً أساسياً للتحقيق في سوء السلوك العسكري
DET-350,DET-350,hist007,نتائج المساءلة,#ERROR!
DET-351,DET-351,hist007,الأثر الفوري (1982-1983),#ERROR!
DET-352,DET-352,hist007,الأهمية على المدى الطويل,#ERROR!
DET-353,DET-353,hist007,نتائج المساءلة,#ERROR!
DET-354,DET-354,hist007,الأثر الفوري (1982-1983),#ERROR!
DET-355,DET-355,hist007,الأهمية على المدى الطويل,أظهرت الملاحقات القضائية الفاشلة (بلجيكا 2001) حدود الولاية القضائية العالمية عندما تعارضها دول قوية
DET-356,DET-356,hist007,نتائج المساءلة,✗ اغتيل إيلي حبيقة (قائد الكتائب) عام 2002 قبل الإدلاء بشهادته
DET-357,DET-357,hist007,الأثر الفوري (1982-1983),#ERROR!
DET-358,DET-358,hist007,الأهمية على المدى الطويل,#ERROR!
DET-359,DET-359,hist007,نتائج المساءلة,لم تتلقَ عائلات الضحايا أي تعويضات؛ ولم يقدم الجناة أي اعتذارات رسمية.
DET-360,DET-360,hist007,الأثر الفوري (1982-1983),#ERROR!
DET-361,DET-361,hist007,الأهمية على المدى الطويل,#ERROR!
DET-362,DET-362,hist007,نتائج المساءلة,✓ قدمت لجنة كاهان اعترافاً إسرائيلياً رسمياً بالمسؤولية (وهو أمر نادر).
DET-363,DET-363,hist007,نتائج المساءلة,#ERROR!
DET-364,DET-364,hist007,نتائج المساءلة,✓ تم حفظ وثائق الأمم المتحدة والوثائق الدولية؛ وتم الاعتراف بالمذبحة في السجل التاريخي
DET-365,DET-365,hist007,نتائج المساءلة,#ERROR!
DET-366,DET-366,hist007,انتهاكات اتفاقية جنيف الرابعة (1949),المادة 27: الأشخاص المحميون لهم الحق في احترام الأشخاص، والشرف، والحقوق الأسرية، والمعتقدات الدينية. ويجب حمايتهم من العنف، والترهيب، والإهانة، والفضول العام. ويُنتهك هذا الحق بشكل ممنهج.
DET-367,DET-367,hist007,عقيدة مسؤولية القيادة,#ERROR!
DET-368,DET-368,hist007,نتائج الجمعية العامة للأمم المتحدة,#ERROR!
DET-369,DET-369,hist007,محاولات المساءلة الجنائية الفردية,#ERROR!
DET-370,DET-370,hist007,انتهاكات اتفاقية جنيف الرابعة (1949),#ERROR!
DET-371,DET-371,hist007,عقيدة مسؤولية القيادة,واجب المنع: بموجب القانون الدولي العرفي، يجب على القادة اتخاذ التدابير الممكنة لمنع الجرائم التي ترتكبها القوات الخاضعة لسيطرتهم. وقد قصّر شارون وقيادة جيش الدفاع الإسرائيلي في أداء هذا الواجب.
DET-372,DET-372,hist007,نتائج الجمعية العامة للأمم المتحدة,#ERROR!
DET-373,DET-373,hist007,محاولات المساءلة الجنائية الفردية,مبدأ الولاية القضائية العالمية: جرائم الحرب والجرائم ضد الإنسانية قابلة للمقاضاة في أي مكان. ومع ذلك، حالت الاعتبارات السياسية دون المقاضاة.
DET-374,DET-374,hist007,انتهاكات اتفاقية جنيف الرابعة (1949),المادة 147 (الانتهاكات الجسيمة): يُعد القتل العمد والتعذيب والمعاملة اللاإنسانية للأشخاص المحميين جرائم حرب. وكلها موجودة في صبرا وشاتيلا.
DET-375,DET-375,hist007,عقيدة مسؤولية القيادة,"المسؤولية الشخصية: لجنة كاهان: تتحمل شارون ""المسؤولية الشخصية"" لعدم إصدارها أوامر بمنع إلحاق الضرر بالمدنيين على الرغم من المخاطر المتوقعة."
DET-376,DET-376,hist007,محاولات المساءلة الجنائية الفردية,اختصاص المحكمة الجنائية الدولية: لم يكن نظام روما الأساسي ساري المفعول في عام 1982؛ لذا فإن الملاحقة القضائية بأثر رجعي مستحيلة. ومع ذلك، فإن هذه الأفعال تُعدّ جرائم ضد الإنسانية وجرائم حرب بموجب القانون الحالي.
DET-377,DET-377,hist007,انتهاكات اتفاقية جنيف الرابعة (1949),#ERROR!
DET-378,DET-378,hist007,نوع الحدث,
DET-379,DET-379,hist007,الجناة,
DET-380,DET-380,hist007,تَحَقّق,
DET-381,DET-381,hist007,#ERROR!,
DET-382,DET-382,hist007,روبرت فيسك,#ERROR!
DET-383,DET-383,hist007,#ERROR!,#ERROR!
DET-384,DET-384,hist007,إيلين سيجل,"كان حاضراً أثناء المجزرة. شاهد عمليات القتل، وحاول مساعدة الجرحى. أدلى بشهادته قائلاً: ""رأيت جنوداً إسرائيليين يقفون على أسطح المنازل يراقبون عناصر الكتائب وهم ينتقلون من منزل إلى آخر"". ووصف رؤيته لجثث نساء وأطفال، ومقابر جماعية تُحفر."
DET-385,DET-385,hist007,#ERROR!,#ERROR!
DET-386,DET-386,hist007,#ERROR!,"وصف الناجون كيف اقتحم مسلحون المنازل، وأعدموا العائلات، وفصلوا الرجال عن النساء والأطفال قبل قتلهم. قال أحد الناجين: ""قتلوا زوجي، وأبنائي الثلاثة، وابنتي. قتلوهم أمام عيني"". وقال آخر: ""أجبرونا على الوقوف أمام الجدار. أطلقوا النار على الجميع. لم أنجو إلا لأن الجثث كانت تتساقط فوقي""."
DET-387,DET-387,hist007,#ERROR!,#ERROR!
DET-388,DET-388,hist007,#ERROR!,اغتيل الرئيس اللبناني المنتخب بشير الجميل (زعيم الكتائب، حليف إسرائيل) في انفجار قنبلة في شرق بيروت. قررت القيادة العسكرية الإسرائيلية احتلال غرب بيروت وإرسال الكتائبيين إلى معسكرات الاعتقال.
DET-389,DET-389,hist007,الجيش الإسرائيلي يحتل بيروت الغربية,دخلت القوات الإسرائيلية بيروت الغربية في انتهاك لاتفاق وقف إطلاق النار، وحاصرت مخيمي صبرا وشاتيلا. وفي اجتماع بوزارة الدفاع، خطط شارون ورئيس الأركان إيتان وقادة الكتائب لاقتحام المخيمين.
DET-390,DET-390,hist007,يدخل جنود الكتائب المعسكرات,دخل نحو 150 من مقاتلي الكتائب معسكر شاتيلا عبر خطوط الجيش الإسرائيلي. وتولى ضباط إسرائيليون تنسيق عملية الدخول. وسيطر الجيش الإسرائيلي على جميع نقاط الدخول، وقدم الخرائط والدعم اللوجستي. وبدأ القتل فوراً.
DET-391,DET-391,hist007,الليلة الأولى من عمليات القتل,عمليات قتل ممنهجة من منزل إلى منزل. يطلق الجيش الإسرائيلي قنابل مضيئة طوال الليل، مما يسمح باستمرار المجزرة بعد حلول الظلام. يتلقى الضباط الإسرائيليون في مراكز القيادة الأمامية تقارير عن قتل المدنيين، لكنهم لا يتدخلون.
DET-392,DET-392,hist007,#ERROR!,#ERROR!
DET-393,DET-393,hist007,الليلة الثانية,يواصل الجيش الإسرائيلي تزويد السكان بقنابل الإضاءة. وتستمر عمليات القتل الجماعي. وتتراكم الجثث في الشوارع والمقابر الجماعية. وقد تعرض بعض الضحايا للتعذيب قبل وفاتهم؛ وهناك أدلة على عنف جنسي.
DET-394,DET-394,hist007,إنذار دولي,تصل أنباء المجزرة إلى وسائل الإعلام الدولية. وتضغط الولايات المتحدة على إسرائيل لوقف العملية. ويجتمع مجلس الوزراء الإسرائيلي ويأمر الكتائبيين بمغادرة المخيمات.
DET-395,DET-395,hist007,#ERROR!,يغادر المسلحون المعسكرات بعد حوالي 40 ساعة. وتنتشر الجثث في الشوارع. ويتم اكتشاف مقابر جماعية. ويدخل صحفيون دوليون، من بينهم روبرت فيسك، المعسكرات ويوثقون المجزرة.
DET-396,DET-396,hist007,احتجاجات حاشدة في إسرائيل,تظاهر 400 ألف إسرائيلي (10% من السكان) في تل أبيب مطالبين بالتحقيق. أكبر احتجاج في تاريخ إسرائيل. الضغط أجبر الحكومة على تشكيل لجنة تحقيق.
DET-397,DET-397,hist007,تم إنشاء لجنة كاهان,الحكومة الإسرائيلية تُنشئ لجنة تحقيق برئاسة رئيس المحكمة العليا يتسحاق كاهان للتحقيق في المسؤولية الإسرائيلية.
DET-398,DET-398,hist007,صدر تقرير لجنة كاهان,#ERROR!
DET-399,DET-399,hist007,الأمم المتحدة تدين المجزرة,"أعلنت الجمعية العامة للأمم المتحدة بموجب القرار 37/123 د أن المجزرة ""عمل من أعمال الإبادة الجماعية"". وقد تم تمرير القرار بأغلبية ساحقة. وترفض إسرائيل النتائج."
DET-400,DET-400,hist007,#ERROR!,#ERROR!
DET-401,DET-401,hist007,التعذيب والتشويه,"وثّق الصحفيون جثثاً عليها آثار تعذيب: تشويهات، وتقطيع أوصال، وتشويهات. نساء حوامل قُتلن؛ جثث مُدنّسة. يقول روبرت فيسك: ""رأيت أطفالاً رُضّعاً، مُسودّين من شدة الحر، وقد بدأت جثثهم بالتحلّل. رأيت نساءً ميتات مُلقاة على الطريق""."
DET-402,DET-402,hist007,العنف الجنسي,أدلة على الاغتصاب والعنف الجنسي. عُثر على جثث نساء شبه عاريات أو عاريات. وثّقت هيئة التحقيق اللبنانية حالات الاعتداء الجنسي.
DET-403,DET-403,hist007,#ERROR!,#ERROR!
DET-404,DET-404,hist007,#ERROR!,#ERROR!
DET-405,DET-405,hist007,قتل الأطفال والرضع,تم توثيق حالات عديدة لمقتل رضع وأطفال صغار. إعدام عائلات بأكملها معًا. العثور على أيتام أحياء بين الجثث. وصف روبرت فيسك عثوره على جثث أطفال تحت الأنقاض.
DET-406,DET-406,hist008,مقتل فلسطينيين,#ERROR!
DET-407,DET-407,hist008,مقتل أطفال فلسطينيين,قتلت القوات الإسرائيلية قاصرين دون سن الثامنة عشرة
DET-408,DET-408,hist008,مقتل إسرائيليين,#ERROR!
DET-409,DET-409,hist008,#ERROR!,#ERROR!
DET-410,DET-410,hist008,اعتقال فلسطينيين,#ERROR!
DET-411,DET-411,hist008,#ERROR!,#ERROR!
DET-412,DET-412,hist008,#ERROR!,طُردوا من الأراضي المحتلة بأوامر عسكرية إسرائيلية
DET-413,DET-413,hist008,#ERROR!,أصدر أوامرَ صارمةً تضمنت سياسةً قاسيةً للغاية. ثم أقرّ لاحقاً بأنّ الوحشية كانت مفرطة. وبصفته رئيساً للوزراء، سعى إلى إتمام عملية أوسلو للسلام التي انبثقت عن الانتفاضة. اغتيل على يد متطرف إسرائيلي عام ١٩٩٥.
DET-414,DET-414,hist008,ياسر عرفات,قاد منظمة التحرير الفلسطينية من المنفى. فوجئ في البداية بانتفاضة شعبية، ثم سيطر عليها لاحقاً. أقرّ إعلان الاستقلال عام 1988. قاد مفاوضات أوسلو التي أسفرت عن اتفاقيات عام 1993.
DET-415,DET-415,hist008,حنان عشراوي,متحدث بارز باسم القضية الفلسطينية خلال الانتفاضة. عبّر عن تطلعات الفلسطينيين لوسائل الإعلام الدولية. شخصية محورية في وفد مؤتمر مدريد. أصبح لاحقاً مشرّعاً فلسطينياً.
DET-416,DET-416,hist008,#ERROR!,إضرابات ومقاطعات ومظاهرات منسقة عبر بيانات. ضمت ممثلين عن فصائل منظمة التحرير الفلسطينية وقادة شعبيين. نظمت مؤسسات موازية وحملات عصيان مدني.
DET-417,DET-417,hist008,التأثير الفوري (1987-1993),#ERROR!
DET-418,DET-418,hist008,#ERROR!,#ERROR!
DET-419,DET-419,hist008,المساءلة والعدالة,#ERROR!
DET-420,DET-420,hist008,التأثير الفوري (1987-1993),صور لجنود إسرائيليين يضربون شباباً فلسطينيين بالحجارة تصدم المجتمع الدولي
DET-421,DET-421,hist008,#ERROR!,#ERROR!
DET-422,DET-422,hist008,المساءلة والعدالة,#ERROR!
DET-423,DET-423,hist008,التأثير الفوري (1987-1993),"الاعتراف القسري بالتطلعات الوطنية الفلسطينية - لم يعد مجرد ""مشكلة لاجئين"" بل أصبح قضية حقوق سياسية"
DET-424,DET-424,hist008,#ERROR!,أدى استبعاد قادة القاعدة الشعبية (وخاصة النساء) من مفاوضات أوسلو إلى إضعاف المجتمع المدني الفلسطيني
DET-425,DET-425,hist008,المساءلة والعدالة,✗ لم يُسمح للفلسطينيين المُرحّلين بالعودة مطلقاً
DET-426,DET-426,hist008,التأثير الفوري (1987-1993),#ERROR!
DET-427,DET-427,hist008,#ERROR!,#ERROR!
DET-428,DET-428,hist008,المساءلة والعدالة,✗ السياسات الإسرائيلية التي أشعلت فتيل الانتفاضة (الاحتلال، والمستوطنات، ومصادرة الأراضي) لا تزال مستمرة دون تغيير
DET-429,DET-429,hist008,التأثير الفوري (1987-1993),#ERROR!
DET-430,DET-430,hist008,#ERROR!,أثرت تكتيكات الانتفاضة على حركات المقاومة الأخرى على مستوى العالم
DET-431,DET-431,hist008,المساءلة والعدالة,#ERROR!
DET-432,DET-432,hist008,التأثير الفوري (1987-1993),#ERROR!
DET-433,DET-433,hist008,#ERROR!,#ERROR!
DET-434,DET-434,hist008,المساءلة والعدالة,#ERROR!
DET-435,DET-435,hist008,التأثير الفوري (1987-1993),#ERROR!
DET-436,DET-436,hist008,#ERROR!,تسارعت وتيرة التوسع الاستيطاني الإسرائيلي بعد اتفاقية أوسلو، حيث بلغ عدد المستوطنين الآن أكثر من 700 ألف مستوطن.
DET-437,DET-437,hist008,المساءلة والعدالة,#ERROR!
DET-438,DET-438,hist008,التأثير الفوري (1987-1993),#ERROR!
DET-439,DET-439,hist008,#ERROR!,أثبتت الانتفاضة أن المقاومة الفلسطينية لا يمكن قمعها إلى أجل غير مسمى.
DET-440,DET-440,hist008,المساءلة والعدالة,#ERROR!
DET-441,DET-441,hist008,#ERROR!,نمط راسخ: انتفاضة فلسطينية ← اهتمام دولي ← مفاوضات ← فشل ← تجدد العنف
DET-442,DET-442,hist008,المساءلة والعدالة,وعود أوسلو لم تتحقق؛ والاحتلال مستمر بعد مرور أكثر من 30 عامًا
DET-443,DET-443,hist008,#ERROR!,"المادة 33: ""لا يجوز معاقبة أي شخص محمي على جريمة لم يرتكبها شخصياً. العقوبات الجماعية محظورة."" وقد انتهكت عمليات هدم المنازل وحظر التجول الجماعي هذا الحكم."
DET-444,DET-444,hist008,العهد الدولي الخاص بالحقوق المدنية والسياسية,المادة 6 (الحق في الحياة): إن استخدام القوة المميتة ضد متظاهرين عُزّل في غالبيتهم يُعد انتهاكاً للحق في الحياة. لم تكن القوة المستخدمة ضرورية أو متناسبة.
DET-445,DET-445,hist008,قرارات مجلس الأمن التابع للأمم المتحدة,القراران 607 (1988) و608 (1988): أدانا ترحيل إسرائيل للمدنيين الفلسطينيين. وطالبا إسرائيل بوقف عمليات الترحيل والسماح للمرحّلين بالعودة. رفضت إسرائيل القرارين.
DET-446,DET-446,hist008,الانتقادات والإدانات الدولية,مجلس حقوق الإنسان التابع للأمم المتحدة: وثّقت بعثات تقصي الحقائق المتعددة انتهاكات. وقدّم المقرر الخاص تقارير مفصلة عن انتهاكات منهجية.
DET-447,DET-447,hist008,#ERROR!,#ERROR!
DET-448,DET-448,hist008,العهد الدولي الخاص بالحقوق المدنية والسياسية,#ERROR!
DET-449,DET-449,hist008,قرارات مجلس الأمن التابع للأمم المتحدة,<strong>قرارات متعددة:</strong> أصدر مجلس الأمن العديد من القرارات التي تدين الممارسات الإسرائيلية خلال الانتفاضة، بما في ذلك الاستخدام المفرط للقوة والعقاب الجماعي وانتهاكات حقوق الفلسطينيين.
DET-450,DET-450,hist008,الانتقادات والإدانات الدولية,"وزارة الخارجية الأمريكية: حتى الحكومة الأمريكية (أقرب حليف لإسرائيل) أدانت ""الإجراءات الأمنية القاسية والاستخدام المفرط للذخيرة الحية"" في عهد إدارة ريغان."
DET-451,DET-451,hist008,#ERROR!,#ERROR!
DET-452,DET-452,hist008,العهد الدولي الخاص بالحقوق المدنية والسياسية,المادة 9 (الحرية والأمن): الاحتجازات الجماعية التعسفية، والاحتجاز الإداري بدون تهمة، تنتهك الحق في الحرية والحماية من الاعتقال التعسفي.
DET-453,DET-453,hist008,الانتقادات والإدانات الدولية,<strong>منظمة العفو الدولية وهيومن رايتس ووتش:</strong> أصدرت كلتا المنظمتين تقارير توثق التعذيب والاحتجاز التعسفي واستخدام القوة المفرطة وغيرها من الانتهاكات.
DET-454,DET-454,hist008,الانتقادات والإدانات الدولية,<strong>اللجنة الدولية للصليب الأحمر:</strong> أثارت مراراً وتكراراً مخاوف بشأن معاملة المحتجزين واستخدام القوة ضد المدنيين.
DET-455,DET-455,hist008,نوع الحدث,
DET-456,DET-456,hist008,مشغل,
DET-457,DET-457,hist008,الرد الإسرائيلي,
DET-458,DET-458,hist008,تَحَقّق,
DET-459,DET-459,hist008,#ERROR!,
DET-460,DET-460,hist008,#ERROR!,#ERROR!
DET-461,DET-461,hist008,محمود درويش,#ERROR!
DET-462,DET-462,hist008,#ERROR!,#ERROR!
DET-463,DET-463,hist008,#ERROR!,"تم توثيق حالات تعذيب ممنهج في مراكز الاحتجاز الإسرائيلية. وجاء في التقرير: ""تعرض الفلسطينيون المحتجزون خلال الانتفاضة للتعذيب وسوء المعاملة بشكل ممنهج وعلى نطاق واسع"". ووصف التقرير الضرب، ووضعيات الإجهاد، والحرمان من النوم، والتهديدات بأنها ممارسات روتينية."
DET-464,DET-464,hist008,بتسيلم (منظمة حقوق الإنسان الإسرائيلية),"تأسست خلال الانتفاضة (1989) لتوثيق الانتهاكات. إحصائيات شاملة: مقتل 1087 فلسطينياً (بينهم 241 طفلاً)، وإصابة أكثر من 120 ألفاً، وهدم 2532 منزلاً، وترحيل 481 شخصاً. وقد صرحت المنظمة: ""انتهكت القوات الإسرائيلية القانون الدولي الإنساني بشكل ممنهج خلال الانتفاضة""."
DET-465,DET-465,hist008,#ERROR!,#ERROR!
DET-466,DET-466,hist008,#ERROR!,#ERROR!
DET-467,DET-467,hist008,سبب الحادث: حادث مروري في غزة,اصطدمت شاحنة تابعة للجيش الإسرائيلي بمركبات مدنية عند حاجز إيرز، ما أسفر عن مقتل أربعة عمال فلسطينيين من مخيم جباليا للاجئين (غزة). ويعتقد الفلسطينيون أن الحادث كان انتقاماً متعمداً لحادث طعن إسرائيلي وقع قبل يومين. وانتشرت الشائعات والغضب بسرعة.
DET-468,DET-468,hist008,بداية الانتفاضة: انتفاضة الجبالية,#ERROR!
DET-469,DET-469,hist008,#ERROR!,#ERROR!
DET-470,DET-470,hist008,#ERROR!,"أعلن وزير الدفاع إسحاق رابين سياسة ""القوة والعنف والضرب""، وأمر جنوده بـ""كسر عظام"" راشقي الحجارة. وبدأت القوات الإسرائيلية عمليات ضرب ممنهجة بالهراوات وأعقاب البنادق. وقُتل ما لا يقل عن 300 فلسطيني في السنة الأولى."
DET-471,DET-471,hist008,تشكيل القيادة الوطنية المتحدة (UNLU),#ERROR!
DET-472,DET-472,hist008,#ERROR!,#ERROR!
DET-473,DET-473,hist008,#ERROR!,#ERROR!
DET-474,DET-474,hist008,#ERROR!,قتلت الشرطة الإسرائيلية 22 فلسطينياً في باحة المسجد الأقصى بالقدس أثناء الصلاة، وأصابت المئات بجروح. ويشير هذا الحادث إلى تحول في أساليب الفلسطينيين نحو استخدام أساليب أكثر فتكاً. وبعد أسبوعين، قُتل ثلاثة إسرائيليين وجندي إسرائيلي طعناً بالسكين في القدس وغزة.
DET-475,DET-475,hist008,#ERROR!,تتزايد الهجمات المسلحة الفلسطينية. حماس تتحدى قيادة منظمة التحرير الفلسطينية. انتفاضة: فلسطينيون يقتلون فلسطينيين آخرين متهمين بالتعاون مع إسرائيل. بحلول عام ١٩٩١، تجاوز عدد قتلى فرق الموت الفلسطينية عدد قتلى القوات الإسرائيلية في بعض الفترات.
DET-476,DET-476,hist008,#ERROR!,#ERROR!
DET-477,DET-477,hist008,مفاوضات أوسلو السرية,بينما تتعثر محادثات مدريد، تبدأ مفاوضات سرية غير رسمية في أوسلو، النرويج، بين إسرائيل ومنظمة التحرير الفلسطينية. وقد استُبعد قادة القاعدة الشعبية والنساء من عملية أوسلو، على عكس مدريد. وأسفرت المفاوضات عن وضع إطار للحكم الذاتي الفلسطيني.
DET-478,DET-478,hist008,توقيع اتفاقيات أوسلو؛ انتهاء الانتفاضة,وقّعت إسرائيل ومنظمة التحرير الفلسطينية إعلان المبادئ في حديقة البيت الأبيض. وفّر الاتفاق إطاراً للحكم الذاتي الفلسطيني، وانسحاباً إسرائيلياً من بعض الأراضي، وإنشاء السلطة الفلسطينية. انتهت الانتفاضة رسمياً بعد نحو ست سنوات. الحصيلة النهائية: 1087-1284 قتيلاً فلسطينياً، و160-200 قتيلاً إسرائيلياً.
DET-479,DET-479,hist008,#ERROR!,#ERROR!
DET-480,DET-480,hist008,سياسة الضرب الممنهج وكسر العظام,"أصدر وزير الدفاع رابين أوامر صريحة بـ""كسر عظام"" المتظاهرين. قام الجنود بضرب الفلسطينيين بشكل ممنهج بالهراوات وأعقاب البنادق. توفي ما لا يقل عن 17 فلسطينياً جراء الضرب وحده. عانى الآلاف من كسور في العظام وإصابات دائمة. شكلت هذه السياسة تعذيباً ومعاملة قاسية لا إنسانية محظورة بموجب القانون الدولي."
DET-481,DET-481,hist008,عمليات هدم المنازل العقابية,"هُدم 2532 منزلاً فلسطينياً خلال الانتفاضة كعقاب جماعي، حيث هُدمت منازل عائلات المشتبه بهم في الهجمات أو النشطاء دون محاكمة. يُعدّ هذا انتهاكاً للمادة 33 من اتفاقية جنيف الرابعة: ""العقوبات الجماعية... محظورة"". وقد تسبب ذلك في تشريد الآلاف."
DET-482,DET-482,hist008,الاحتجاز التعسفي الجماعي والتعذيب,#ERROR!
DET-483,DET-483,hist008,العقاب الجماعي,#ERROR!
DET-484,DET-484,hist008,#ERROR!,#ERROR!
DET-485,DET-485,hist008,#ERROR!,#ERROR!
DET-486,DET-486,hist009,#ERROR!,التقطها باروخ غولدشتاين أثناء صلاة الفجر في المسجد الإبراهيمي
DET-487,DET-487,hist009,#ERROR!,تم تصويرها خلال الاحتجاجات والجنازات وأعمال الشغب التي أعقبت المذبحة (25 فبراير - 18 مارس).
DET-488,DET-488,hist009,جريح في مسجد,#ERROR!
DET-489,DET-489,hist009,#ERROR!,أصيب على يد القوات الإسرائيلية خلال ثلاثة أسابيع من الاحتجاجات والاشتباكات
DET-490,DET-490,hist009,#ERROR!,#ERROR!
DET-491,DET-491,hist009,المحلات مغلقة,إغلاق متاجر المدينة القديمة بأمر عسكري؛ تدمير المركز التجاري
DET-492,DET-492,hist009,#ERROR!,#ERROR!
DET-493,DET-493,hist009,#ERROR!,#ERROR!
DET-494,DET-494,hist009,#ERROR!,#ERROR!
DET-495,DET-495,hist009,#ERROR!,#ERROR!
DET-496,DET-496,hist009,#ERROR!,ناشط سابق في حزب كاخ، علّق صورة غولدشتاين في منزله. يشغل الآن منصب وزير الأمن القومي في الحكومة الإسرائيلية. يُمثّل استمرارًا لأيديولوجية غولدشتاين في التيار السياسي الإسرائيلي السائد. زار قبر غولدشتاين وأشاد به.
DET-497,DET-497,hist009,#ERROR!,مقتل 29 فلسطينياً أثناء الصلاة؛ وإصابة أكثر من 125؛ ومقتل أكثر من 25 على يد القوات الإسرائيلية خلال الاحتجاجات
DET-498,DET-498,hist009,التحول طويل الأمد لمدينة الخليل (1994-حتى الآن),تم تقسيم المسجد الإبراهيمي إلى قسمين: 60% يهود، 40% مسلمون (اليهود يشكلون 0.003% من السكان).
DET-499,DET-499,hist009,الإرث الأيديولوجي: الكاهانية في السياسة الإسرائيلية,#ERROR!
DET-500,DET-500,hist009,المساءلة والعدالة,#ERROR!
DET-501,DET-501,hist009,#ERROR!,#ERROR!
DET-502,DET-502,hist009,التحول طويل الأمد لمدينة الخليل (1994-حتى الآن),أُغلِقَ 520 شركة و1800 متجر؛ ودُمِّر اقتصاد المدينة القديمة
DET-503,DET-503,hist009,الإرث الأيديولوجي: الكاهانية في السياسة الإسرائيلية,"إحياء ذكرى سنوية من قبل أنصار الكاهانيين يشيدون فيها بغولدشتاين باعتباره ""بطلاً""."
DET-504,DET-504,hist009,المساءلة والعدالة,✗ لا محاسبة على الغياب المشبوه للجيش أو احتجازه للناجين
DET-505,DET-505,hist009,#ERROR!,#ERROR!
DET-506,DET-506,hist009,التحول طويل الأمد لمدينة الخليل (1994-حتى الآن),شارع الشهداء (الشريان التجاري الرئيسي) مغلق أمام الفلسطينيين - مدينة أشباح
DET-507,DET-507,hist009,الإرث الأيديولوجي: الكاهانية في السياسة الإسرائيلية,#ERROR!
DET-508,DET-508,hist009,المساءلة والعدالة,✗ لم توجه أي تهم لجنود إسرائيليين بقتل أكثر من 25 فلسطينياً خلال الاحتجاجات
DET-509,DET-509,hist009,#ERROR!,استمرت عملية السلام في أوسلو لكنها تضررت بشدة - تحطمت ثقة الفلسطينيين
DET-510,DET-510,hist009,التحول طويل الأمد لمدينة الخليل (1994-حتى الآن),#ERROR!
DET-511,DET-511,hist009,الإرث الأيديولوجي: الكاهانية في السياسة الإسرائيلية,2022-حتى الآن: دخل الكاهانيون الحكومة الإسرائيلية من خلال أحزاب مثل عوتسما يهوديت (القوة اليهودية).
DET-512,DET-512,hist009,المساءلة والعدالة,#ERROR!
DET-513,DET-513,hist009,#ERROR!,#ERROR!
DET-514,DET-514,hist009,التحول طويل الأمد لمدينة الخليل (1994-حتى الآن),يعيش نحو 40 ألف فلسطيني في منطقة H2 تحت الحكم العسكري لحماية ما بين 400 و800 مستوطن متطرف.
DET-515,DET-515,hist009,الإرث الأيديولوجي: الكاهانية في السياسة الإسرائيلية,#ERROR!
DET-516,DET-516,hist009,المساءلة والعدالة,#ERROR!
DET-517,DET-517,hist009,#ERROR!,تسليط الضوء الدولي على الخليل وعنف المستوطنين
DET-518,DET-518,hist009,التحول طويل الأمد لمدينة الخليل (1994-حتى الآن),شبكة من نقاط التفتيش والإغلاقات والقيود التي تخنق حياة الفلسطينيين
DET-519,DET-519,hist009,الإرث الأيديولوجي: الكاهانية في السياسة الإسرائيلية,#ERROR!
DET-520,DET-520,hist009,المساءلة والعدالة,#ERROR!
DET-521,DET-521,hist009,#ERROR!,"أول استخدام لاستراتيجية ""العقاب الجماعي للضحايا"" التي أصبحت نموذجًا يُحتذى به"
DET-522,DET-522,hist009,التحول طويل الأمد لمدينة الخليل (1994-حتى الآن),#ERROR!
DET-523,DET-523,hist009,الإرث الأيديولوجي: الكاهانية في السياسة الإسرائيلية,#ERROR!
DET-524,DET-524,hist009,المساءلة والعدالة,#ERROR!
DET-525,DET-525,hist009,التحول طويل الأمد لمدينة الخليل (1994-حتى الآن),أصبحت الخليل رمزاً لأكثر وجوه الاحتلال قمعاً
DET-526,DET-526,hist009,الإرث الأيديولوجي: الكاهانية في السياسة الإسرائيلية,#ERROR!
DET-527,DET-527,hist009,المساءلة والعدالة,✓ تم حظر كاش لفترة وجيزة (1994)، على الرغم من استمرار الأيديولوجية
DET-528,DET-528,hist009,المساءلة والعدالة,#ERROR!
DET-529,DET-529,hist009,المساءلة والعدالة,✗ لم تُفتح متاجر المدينة القديمة أبوابها مجدداً؛ ولم يحصل الفلسطينيون على أي تعويضات.
DET-530,DET-530,hist009,المساءلة والعدالة,لا يزال التقسيم قائماً في المسجد الإبراهيمي؛ ويُمنع الفلسطينيون من التواجد في موقع اضطهادهم.
DET-531,DET-531,hist009,#ERROR!,#ERROR!
DET-532,DET-532,hist009,القانون الدولي لحقوق الإنسان,#ERROR!
DET-533,DET-533,hist009,#ERROR!,"إدانة: مجلس الأمن ""يدين بشدة المجزرة... ويصفها بأنها بغيضة""."
DET-534,DET-534,hist009,#ERROR!,#ERROR!
DET-535,DET-535,hist009,#ERROR!,#ERROR!
DET-536,DET-536,hist009,القانون الدولي لحقوق الإنسان,حرية الدين (المادة 18 من العهد الدولي الخاص بالحقوق المدنية والسياسية): إن تقسيم المسجد الإبراهيمي والقيود المفروضة على عبادة المسلمين انتهكت الحق في حرية الدين والعبادة.
DET-537,DET-537,hist009,#ERROR!,"تدابير الحماية: دعت إلى اتخاذ ""تدابير لضمان سلامة وحماية المدنيين الفلسطينيين في جميع أنحاء الأراضي المحتلة، بما في ذلك، من بين أمور أخرى، وجود دولي أو أجنبي مؤقت"". ولم تنفذ إسرائيل ذلك قط."
DET-538,DET-538,hist009,#ERROR!,جرائم ضد الإنسانية: جزء من هجوم واسع النطاق على السكان المدنيين الفلسطينيين؛ اضطهاد منهجي.
DET-539,DET-539,hist009,#ERROR!,#ERROR!
DET-540,DET-540,hist009,القانون الدولي لحقوق الإنسان,#ERROR!
DET-541,DET-541,hist009,#ERROR!,#ERROR!
DET-542,DET-542,hist009,#ERROR!,مسؤولية الدولة: إن فشل إسرائيل في منع الهجوم رغم التحذيرات، وتسهيله من خلال غياب الجيش، ومعاقبة الضحايا بشكل جماعي، وعدم تنفيذ قرار مجلس الأمن التابع للأمم المتحدة رقم 904، يشكل مسؤولية الدولة عن الانتهاكات.
DET-543,DET-543,hist009,#ERROR!,التنفيذ: لم تمتثل إسرائيل مطلقاً لأي بند من بنود القرار 904.
DET-544,DET-544,hist009,نوع الحدث,
DET-545,DET-545,hist009,الجاني,
DET-546,DET-546,hist009,انتساب,
DET-547,DET-547,hist009,سلاح,
DET-548,DET-548,hist009,تَحَقّق,
DET-549,DET-549,hist009,الرد الإسرائيلي,
DET-550,DET-550,hist009,#ERROR!,#ERROR!
DET-551,DET-551,hist009,محمد عبد القادر,#ERROR!
DET-552,DET-552,hist009,#ERROR!,#ERROR!
DET-553,DET-553,hist009,#ERROR!,"كان الإمام الجباري يؤمّ المصلين في صلاة الفجر عندما فتح غولدشتاين النار. نجا من الحادثة. أدلى لاحقاً بشهادته عن هول الموقف قائلاً: ""كنا في حالة سجود عندما بدأ إطلاق النار. لم يتمكن الناس من الفرار لأننا كنا متكدسين بشدة. استمر إطلاق النار لدقائق بدت كأنها ساعات. عندما تمكنا أخيراً من السيطرة عليه، وجدنا أنه أعاد تعبئة سلاحه عدة مرات."""
DET-554,DET-554,hist009,#ERROR!,القرار 904 (18 مارس/آذار 1994): «يدين بشدة المجزرة التي وقعت في الخليل وما أعقبها، والتي أودت بحياة أكثر من 50 مدنياً فلسطينياً وأصابت المئات بجروح»، ويصف المجزرة بأنها «عمل شنيع». وطالب باتخاذ تدابير لحماية المدنيين الفلسطينيين، إلا أن إسرائيل لم تستجب قط.
DET-555,DET-555,hist009,#ERROR!,مجزرة مُدانة: «أنتم لستم جزءًا من مجتمع إسرائيل... أنتم لستم شركاء في المشروع الصهيوني. أنتم عار على الصهيونية وعار على اليهودية». ومع ذلك، قامت حكومته بعد ذلك بتطبيق عقوبة جماعية ضد الضحايا الفلسطينيين بدلاً من حمايتهم أو إجلاء المستوطنين.
DET-556,DET-556,hist009,#ERROR!,"شهادة مجهولة أمام لجنة شمغار: ""سمعنا إطلاق نار، لكن الضابط أمرنا بالبقاء في مواقعنا بالخارج. وعندما دخلنا أخيرًا، كانت الفوضى تعمّ المكان. أغلقنا البوابات لمنع دخول المزيد من الناس"". ويرى الفلسطينيون أن هذه الشهادة تكشف تواطؤًا عسكريًا، حيث كان الجنود حاضرين لكنهم لم يوقفوا المجزرة."
DET-557,DET-557,hist009,#ERROR!,"عقب المجزرة، أشاد قادة حزب كاخ بغولدشتاين ووصفوه بالبطل والشهيد، ووزعوا منشورات تدافع عن الهجوم، جاء فيها: ""لقد تصرف غولدشتاين لإنقاذ أرواح اليهود"". دفعت هذه التصريحات الحكومة الإسرائيلية إلى حظر حزب كاخ وتصنيفه منظمة إرهابية. مع ذلك، لا تزال هذه الأيديولوجية حاضرة في أوساط اليمين المتطرف الإسرائيلي الحالي من خلال أحزاب مثل عوتسما يهوديت."
DET-558,DET-558,hist009,علامات تحذيرية: غولدشتاين يهاجم مسجداً,قام باروخ غولدشتاين بسكب حمض على سجاد أرضية المسجد، مخلفاً ثقوباً ضخمة. وتعرض ستة مصلين للاعتداء. وتعرف حراس المسجد على غولدشتاين باعتباره الجاني. وكتبت السلطات الفلسطينية رسالة إلى رئيس الوزراء إسحاق رابين تحذره فيها من المخاطر التي يشكلها غولدشتاين، مطالبةً باتخاذ إجراءات. ولم تُتخذ أي إجراءات.
DET-559,DET-559,hist009,عشية المجزرة: توترات في المسجد,خلاف في المسجد الإبراهيمي عندما أراد حشد كبير من المصلين اليهود الدخول أثناء وقت صلاة عيد البوريم (عيد يهودي يتزامن مع شهر رمضان). اشتباكات بين الفلسطينيين والمستوطنين. تصاعد التوتر.
DET-560,DET-560,hist009,#ERROR!,لاحظ المصلون غياب الجنود الإسرائيليين عن مواقعهم المعتادة حول المسجد رغم التوترات التي سادت مساء اليوم السابق. وأدلى ناجون لاحقاً بشهادات تفيد بأن هذا الأمر كان غير معتاد على الإطلاق، ويشتبهون في تواطؤ الجيش الإسرائيلي أو علمه المسبق بالهجوم.
DET-561,DET-561,hist009,#ERROR!,#ERROR!
DET-562,DET-562,hist009,جنود إسرائيليون يحاصرون الناجين في الداخل,أغلق الجنود الإسرائيليون المتواجدون في المسجد أبوابه، وحاصروا الناجين بالداخل مع القتلى والجرحى. ومنعوا المصلين من الخروج، والمساعدات الطبية من الدخول. وصف الناجون الدماء في كل مكان، وأشلاء الجثث المتناثرة، والأطفال القتلى، والجرحى الذين يستغيثون. وتأخر الجنود في تقديم المساعدة لفترة طويلة.
DET-563,DET-563,hist009,اندلعت الاحتجاجات؛ وقتلت القوات الإسرائيلية المزيد من الفلسطينيين,انتشرت أنباء المجزرة، فخرج الفلسطينيون إلى الشوارع في حالة من الحزن والغضب. ونظمت احتجاجات أمام المسجد والمستشفى الأهلي والمقبرة حيث دُفن الضحايا. وأطلقت القوات الإسرائيلية النار على المتظاهرين، ما أسفر عن مقتل أربعة فلسطينيين على الأقل في نفس يوم المجزرة.
DET-564,DET-564,hist009,#ERROR!,اندلعت أعمال شغب واشتباكات في أنحاء الضفة الغربية. وقتلت القوات الإسرائيلية ما لا يقل عن 25 فلسطينياً آخر (وتشير بعض المصادر إلى أن العدد وصل إلى 31) خلال الاحتجاجات، ليرتفع بذلك إجمالي عدد القتلى إلى ما بين 50 و60. كما قُتل خمسة مدنيين إسرائيليين في هجمات انتقامية.
DET-565,DET-565,hist009,إسرائيل تغلق الخليل لمدة ستة أشهر,"فرض الجيش الإسرائيلي إغلاقاً كاملاً على المسجد الإبراهيمي وبلدة الخليل القديمة لمدة ستة أشهر بذريعة ""التحقيق"". 120 ألف فلسطيني تحت حظر التجول؛ 400 مستوطن يهودي يتمتعون بحرية الحركة. عقاب جماعي للضحايا."
DET-566,DET-566,hist009,#ERROR!,#ERROR!
DET-567,DET-567,hist009,حظرت إسرائيل حفلة كاخ,حظرت الحكومة الإسرائيلية حركة كاخ وصنفتها منظمة إرهابية عقب تصريحات أشادت بهجوم غولدشتاين. ومع ذلك، استمر العديد من أعضاء كاخ وأيديولوجيتها في الحركة الاستيطانية، ثم عادوا للظهور لاحقًا من خلال أحزاب مثل حزب القوة اليهودية (عوتسما يهوديت).
DET-568,DET-568,hist009,صدر تقرير لجنة شامغار,خلصت لجنة عينتها إسرائيل إلى أن غولدشتاين تصرف بمفرده، ونفت أي تواطؤ عسكري. وأوصت اللجنة باتخاذ تدابير أمنية، لكنها ألقت بالعبء كاملاً على الفلسطينيين، لا المستوطنين. وتعرض التقرير لانتقادات باعتباره تستراً على الحقيقة. كما أوصى بتقسيم المسجد لإيواء المستوطنين، وعقاب جماعي للمجتمع الفلسطيني.
DET-569,DET-569,hist009,تم تقسيم المسجد الإبراهيمي؛ وخنق المدينة القديمة,استجابةً لتوصيات شمغار، قسمت إسرائيل المسجد الإبراهيمي: 60% للعبادة اليهودية، و40% للعبادة الإسلامية، على الرغم من أن اليهود لا يمثلون سوى 0.003% من سكان الخليل. وأغلقت 520 شركة و1800 متجر في البلدة القديمة. وأغلقت شارع الشهداء (الشريان التجاري الرئيسي). وأقامت شبكة من نقاط التفتيش. وتحولت البلدة القديمة في الخليل إلى مدينة أشباح.
DET-570,DET-570,hist009,#ERROR!,#ERROR!
DET-571,DET-571,hist009,#ERROR!,#ERROR!
DET-572,DET-572,hist009,#ERROR!,ارتكب باروخ غولدشتاين مجزرة راح ضحيتها 29 مصليًا فلسطينيًا أعزل أثناء الصلاة في هجوم إرهابي متعمد. قتل جماعي متعمد للمدنيين في مكان عبادتهم. غولدشتاين عضو في منظمة كاخ، المصنفة منظمة إرهابية. كان الهدف من الهجوم عرقلة عملية السلام في أوسلو من خلال استفزاز الفلسطينيين للرد.
DET-573,DET-573,hist009,#ERROR!,غيابٌ مُريبٌ للجنود الإسرائيليين عن مواقعهم المعتادة رغم التوترات التي شهدتها الليلة السابقة. أغلق الجنود الذين كانوا حاضرين أثناء المجزرة البوابات، مما حاصر الناجين مع القتلى والجرحى، ومنع وصول المساعدات الطبية. يعتقد كثير من الفلسطينيين أن الجيش الإسرائيلي كان على علمٍ مسبقٍ بالهجوم وساهم في تنفيذه. وقد تجاهلت لجنة شمقر هذه الحقائق.
DET-574,DET-574,hist009,#ERROR!,#ERROR!
DET-575,DET-575,hist009,قتل المتظاهرين الفلسطينيين,#ERROR!
DET-576,DET-576,hist009,#ERROR!,#ERROR!
DET-577,DET-577,hist009,الاستيلاء على المواقع الدينية,عقب مذبحة المصلين المسلمين، قامت إسرائيل بتقسيم المسجد الإبراهيمي، ومنحت 60% منه للعبادة اليهودية، رغم أن اليهود لا يمثلون سوى 0.003% من سكان الخليل. استيلاء إسرائيل على موقع إسلامي مقدس كعقاب جماعي. وخلال بعض الأعياد اليهودية، أُغلق المسجد بالكامل أمام المسلمين، في نفس المكان الذي شهد معاناتهم.
DET-578,DET-578,hist009,الخنق الاقتصادي للمجتمع الفلسطيني,#ERROR!
DET-579,DET-579,hist010,#ERROR!,بما في ذلك أكثر من 700 طفل؛ 47% منهم مصنفون كمدنيين لا يشاركون في الأعمال العدائية
DET-580,DET-580,hist010,#ERROR!,#ERROR!
DET-581,DET-581,hist010,مقتل أطفال فلسطينيين,#ERROR!
DET-582,DET-582,hist010,مقتل إسرائيليين,#ERROR!
DET-583,DET-583,hist010,#ERROR!,جرحى على يد القوات الإسرائيلية؛ آلاف يعانون من إعاقات دائمة
DET-584,DET-584,hist010,#ERROR!,أُصيبوا في هجمات فلسطينية؛ وكثير منهم في تفجيرات انتحارية
DET-585,DET-585,hist010,اعتقال فلسطينيين,اعتقالات خلال الانتفاضة الثانية؛ آلاف محتجزون رهن الاحتجاز الإداري
DET-586,DET-586,hist010,#ERROR!,منازل هُدمت كعقاب أو أثناء العمليات العسكرية
DET-587,DET-587,hist010,#ERROR!,#ERROR!
DET-588,DET-588,hist010,ياسر عرفات,#ERROR!
DET-589,DET-589,hist010,محمود عباس (أبو مازن),#ERROR!
DET-590,DET-590,hist010,الشيخ أحمد ياسين,الزعيم الروحي لحماس، المصاب بشلل رباعي. نفذت الحركة العديد من العمليات الانتحارية خلال الانتفاضة الثانية. اغتيل في غارة جوية إسرائيلية بمروحية بعد خروجه من المسجد (22 مارس/آذار 2004). وقد زاد اغتياله من تطرف أنصار حماس.
DET-591,DET-591,hist010,#ERROR!,رئيس الوزراء عند اندلاع الانتفاضة الثانية. ترأس فشل محادثات كامب ديفيد (يوليو 2000). الرد العسكري الإسرائيلي الأولي على الانتفاضة. خسر الانتخابات أمام شارون (فبراير 2001) بسبب أعمال العنف التي اندلعت خلال الانتفاضة.
DET-592,DET-592,hist010,الأثر الفوري (2000-2005),أكثر من 3200 فلسطيني وأكثر من 1000 إسرائيلي قُتلوا؛ وعشرات الآلاف جُرحوا من الجانبين
DET-593,DET-593,hist010,#ERROR!,فازت حماس في الانتخابات الفلسطينية عام 2006؛ ورفضت إسرائيل الاعتراف بالحكومة.
DET-594,DET-594,hist010,المساءلة والعدالة,#ERROR!
DET-595,DET-595,hist010,الأثر الفوري (2000-2005),حملة التفجيرات الانتحارية الفلسطينية ترهب المجتمع الإسرائيلي؛ 138 هجوماً أسفرت عن مقتل 515 مدنياً
DET-596,DET-596,hist010,#ERROR!,#ERROR!
DET-597,DET-597,hist010,المساءلة والعدالة,✗ لم تتم محاسبة أي من القادة الفلسطينيين على حملات التفجيرات الانتحارية
DET-598,DET-598,hist010,الأثر الفوري (2000-2005),دمرت العمليات العسكرية الإسرائيلية البنية التحتية والاقتصاد والمؤسسات الفلسطينية
DET-599,DET-599,hist010,#ERROR!,#ERROR!
DET-600,DET-600,hist010,المساءلة والعدالة,✗ تجاهلت إسرائيل حكم محكمة العدل الدولية بشأن الجدار
DET-601,DET-601,hist010,الأثر الفوري (2000-2005),#ERROR!
DET-602,DET-602,hist010,#ERROR!,#ERROR!
DET-603,DET-603,hist010,المساءلة والعدالة,#ERROR!
DET-604,DET-604,hist010,الأثر الفوري (2000-2005),قضت محكمة العدل الدولية بعدم قانونية جدار الفصل العنصري (2004)؛ وتجاهلت إسرائيل الحكم.
DET-605,DET-605,hist010,#ERROR!,تسارعت وتيرة التوسع الاستيطاني، حيث بلغ عدد المستوطنين الآن أكثر من 700 ألف مستوطن في الضفة الغربية والقدس الشرقية
DET-606,DET-606,hist010,المساءلة والعدالة,✗ أكثر من 4000 منزل فلسطيني تم هدمها ولم تتم إعادة بنائها؛ ولم يتم تعويض العائلات.
DET-607,DET-607,hist010,الأثر الفوري (2000-2005),#ERROR!
DET-608,DET-608,hist010,#ERROR!,صعود اليمين الإسرائيلي: الانتفاضة الثانية أقنعت العديد من الإسرائيليين باستحالة السلام
DET-609,DET-609,hist010,المساءلة والعدالة,✗ لم يتم التحقيق مطلقاً في سياسة الاغتيالات المستهدفة على الرغم من سقوط ضحايا مدنيين
DET-610,DET-610,hist010,الأثر الفوري (2000-2005),أدى انسحاب إسرائيل من غزة عام 2005 إلى إنهاء المستوطنات هناك، لكنه شدد السيطرة في أماكن أخرى.
DET-611,DET-611,hist010,#ERROR!,تحولت السلطة الفلسطينية إلى مجرد مقاول فرعي للاحتلال الإسرائيلي
DET-612,DET-612,hist010,المساءلة والعدالة,#ERROR!
DET-613,DET-613,hist010,الأثر الفوري (2000-2005),#ERROR!
DET-614,DET-614,hist010,#ERROR!,تم ترسيخ دورة العنف: حروب غزة (2008-2009، 2012، 2014، 2021، 2023-2024)
DET-615,DET-615,hist010,المساءلة والعدالة,#ERROR!
DET-616,DET-616,hist010,الأثر الفوري (2000-2005),"كانت الانتفاضة الثانية أكثر عنفاً بكثير من الأولى، وقد رسخت ""المقاومة المسلحة"" كنموذج سائد."
DET-617,DET-617,hist010,#ERROR!,أصبح حل الدولتين غير قابل للتطبيق بشكل متزايد بسبب توسع المستوطنات
DET-618,DET-618,hist010,المساءلة والعدالة,#ERROR!
DET-619,DET-619,hist010,#ERROR!,هجوم حماس في 7 أكتوبر 2023 والحرب اللاحقة على غزة متجذرة في ديناميكيات الانتفاضة الثانية التي لم تُحل بعد.
DET-620,DET-620,hist010,المساءلة والعدالة,✓ سابقة قانونية دولية أرساها حكم محكمة العدل الدولية بشأن الجدار (حتى وإن لم يتم تنفيذه)
DET-621,DET-621,hist010,المساءلة والعدالة,✗ لا يزال حاجز الفصل قائماً رغم عدم قانونيته؛ ويستمر في التوسع
DET-622,DET-622,hist010,اتفاقيات جنيف - انتهاكات من كلا الجانبين,"المادة الثالثة المشتركة: انتهك كلا الجانبين حظر ""العنف على الحياة والشخص"" و""الاعتداءات على الكرامة الشخصية"". وقد أسفرت التفجيرات الانتحارية الفلسطينية عن مقتل مدنيين عمداً. كما قتلت القوات الإسرائيلية مدنيين بنسبة غير متناسبة."
DET-623,DET-623,hist010,محكمة العدل الدولية - الرأي الاستشاري بشأن الجدار (2004),أُعلن عدم قانونية الجدار: قضت محكمة العدل الدولية بأن جدار الفصل العنصري ينتهك القانون الدولي لأنه مبني على أراضٍ فلسطينية محتلة، ويشكل ضماً فعلياً.
DET-624,DET-624,hist010,مبدأ التمييز والتناسب,انتهاكات فلسطينية: استهداف المدنيين عمداً بالتفجيرات الانتحارية - انتهاك واضح لمبدأ التمييز بين المقاتلين والمدنيين.
DET-625,DET-625,hist010,القانون الدولي الإنساني - التزامات الاحتلال,واجب حماية المدنيين: بصفتها قوة احتلال، كان على إسرائيل واجب حماية السكان المدنيين الفلسطينيين. وقد انتهكت عمليات حظر التجول المطولة التي منعت الوصول إلى الغذاء والدواء هذا الواجب.
DET-626,DET-626,hist010,اتفاقيات جنيف - انتهاكات من كلا الجانبين,المادة 33 (العقاب الجماعي): إن عمليات هدم المنازل التي قامت بها إسرائيل، وحظر التجول لفترات طويلة، والإغلاقات، وظروف الحصار تشكل عقاباً جماعياً محظوراً بموجب اتفاقية جنيف الرابعة.
DET-627,DET-627,hist010,محكمة العدل الدولية - الرأي الاستشاري بشأن الجدار (2004),#ERROR!
DET-628,DET-628,hist010,مبدأ التمييز والتناسب,#ERROR!
DET-629,DET-629,hist010,القانون الدولي الإنساني - التزامات الاحتلال,#ERROR!
DET-630,DET-630,hist010,اتفاقيات جنيف - انتهاكات من كلا الجانبين,#ERROR!
DET-631,DET-631,hist010,محكمة العدل الدولية - الرأي الاستشاري بشأن الجدار (2004),اتفاقية جنيف الرابعة تنطبق: أكدت محكمة العدل الدولية مجدداً أن اتفاقية جنيف الرابعة تنطبق على الأراضي الفلسطينية المحتلة، ويجب على إسرائيل الامتثال لها.
DET-632,DET-632,hist010,القانون الدولي الإنساني - التزامات الاحتلال,#ERROR!
DET-633,DET-633,hist010,نوع الحدث,
DET-634,DET-634,hist010,مشغل,
DET-635,DET-635,hist010,التكتيكات الفلسطينية,
DET-636,DET-636,hist010,الرد الإسرائيلي,
DET-637,DET-637,hist010,تَحَقّق,
DET-638,DET-638,hist010,#ERROR!,
DET-639,DET-639,hist010,#ERROR!,#ERROR!
DET-640,DET-640,hist010,#ERROR!,#ERROR!
DET-641,DET-641,hist010,#ERROR!,#ERROR!
DET-642,DET-642,hist010,#ERROR!,"عملتُ خلال حصار رام الله (2002). أدليتُ بشهادتي أمام الأمم المتحدة قائلةً: ""فرضت القوات الإسرائيلية حظر تجول تام لأسابيع. ومنعت سيارات الإسعاف من الوصول إلى المرضى. كان لدينا نساء حوامل في حالة ولادة ولم يتمكنّ من الوصول إلى المستشفى. مات الناس بسبب حالات مرضية قابلة للعلاج لأنهم لم يتمكنوا من الحصول على الرعاية الطبية. كانت المدينة بأكملها سجناً."""
DET-643,DET-643,hist010,#ERROR!,#ERROR!
DET-644,DET-644,hist010,#ERROR!,#ERROR!
DET-645,DET-645,hist010,#ERROR!,#ERROR!
DET-646,DET-646,hist010,كوفي عنان,#ERROR!
DET-647,DET-647,hist010,انهيار محادثات السلام في كامب ديفيد,استضاف الرئيس الأمريكي كلينتون رئيس الوزراء الإسرائيلي إيهود باراك والرئيس الفلسطيني ياسر عرفات في كامب ديفيد. فشلت المحادثات في التوصل إلى اتفاق. ألقت الرواية الإسرائيلية باللوم على عرفات، بينما أشارت الرواية الفلسطينية إلى عدم كفاية العروض الإسرائيلية. خلق هذا الفشل جواً من اليأس والغضب بين الفلسطينيين.
DET-648,DET-648,hist010,المحفز: زيارة شارون لجبل الهيكل,زار زعيم المعارضة الإسرائيلية، أرييل شارون، الحرم القدسي الشريف برفقة ألف شرطي. اعتبر الفلسطينيون ذلك استفزازاً متعمداً في موقع مقدس من قبل شخصية مرتبطة بجرائم سابقة. اندلعت اشتباكات على الفور، حيث قتلت القوات الإسرائيلية أربعة فلسطينيين في ذلك اليوم، وأصابت العشرات.
DET-649,DET-649,hist010,#ERROR!,#ERROR!
DET-650,DET-650,hist010,مقتل محمد الدرة أمام الكاميرا,#ERROR!
DET-651,DET-651,hist010,#ERROR!,نظم مواطنون فلسطينيون داخل إسرائيل احتجاجات تضامناً مع الأراضي المحتلة. أطلقت الشرطة الإسرائيلية النار على المتظاهرين، ما أسفر عن مقتل 13 مواطناً فلسطينياً. وخلصت لجنة التحقيق لاحقاً إلى أن الشرطة استخدمت قوة مفرطة. وقد خلّف هذا الحادث صدمة نفسية لدى الجالية الفلسطينية داخل إسرائيل.
DET-652,DET-652,hist010,#ERROR!,#ERROR!
DET-653,DET-653,hist010,#ERROR!,#ERROR!
DET-654,DET-654,hist010,#ERROR!,شنّ انتحاري من حماس هجوماً على مائدة عيد الفصح في فندق بارك بمدينة نتانيا، ما أسفر عن مقتل 30 إسرائيلياً وإصابة 140 آخرين. يُعدّ هذا الهجوم الأكثر دموية في الانتفاضة الثانية، وقد أدى إلى ردّ عسكري إسرائيلي واسع النطاق: عملية الدرع الواقي.
DET-655,DET-655,hist010,عملية الدرع الواقي: أكبر عملية في الضفة الغربية منذ عام 1967,شنت إسرائيل عملية عسكرية واسعة النطاق في جميع أنحاء الضفة الغربية، حيث تم نشر الدبابات والمروحيات وطائرات إف-16. وأعادت إسرائيل احتلال المدن الفلسطينية الخاضعة لسيطرة السلطة الفلسطينية. وبلغت حصار مخيم جنين للاجئين ذروتها، حيث قُتل 52 فلسطينياً (23 مدنياً)، وهُدم أكثر من 140 مبنى. وحاصرت إسرائيل مدينة رام الله، وحاصرت مجمع عرفات (المقطع) ودمرت أجزاءً منه.
DET-656,DET-656,hist010,حصار مخيم جنين للاجئين,#ERROR!
DET-657,DET-657,hist010,ذروة حملة التفجيرات الانتحارية,شنت حماس والجهاد الإسلامي وكتائب شهداء الأقصى حملة تفجيرات انتحارية متواصلة، استهدفت الحافلات والأسواق والمطاعم والنوادي الليلية في أنحاء إسرائيل، ما أسفر عن مقتل مئات المدنيين الإسرائيليين. وقد خلقت هذه الهجمات جواً من الرعب في المجتمع الإسرائيلي، وردت إسرائيل بتصعيد العمليات العسكرية والاغتيالات وإغلاق بعض القطاعات.
DET-658,DET-658,hist010,#ERROR!,#ERROR!
DET-659,DET-659,hist010,#ERROR!,#ERROR!
DET-660,DET-660,hist010,#ERROR!,#ERROR!
DET-661,DET-661,hist010,#ERROR!,#ERROR!
DET-662,DET-662,hist010,انسحاب إسرائيل الأحادي من غزة,#ERROR!
DET-663,DET-663,hist010,قمة شرم الشيخ: نهاية غير رسمية للانتفاضة,#ERROR!
DET-664,DET-664,hist010,#ERROR!,#ERROR!
DET-665,DET-665,hist010,الاغتيالات المستهدفة واستخدام القوة غير المتناسبة,#ERROR!
DET-666,DET-666,hist010,دمار مفرط في مخيم جنين للاجئين,#ERROR!
DET-667,DET-667,hist010,#ERROR!,#ERROR!
DET-668,DET-668,hist010,#ERROR!,قُتل 709 أطفال فلسطينيين و301 طفل إسرائيلي خلال الانتفاضة الثانية. أصبح محمد الدرة (12 عامًا) رمزًا للضحايا، حيث قُتل وهو يختبئ مع والده تحت نيران إسرائيلية. كما قُتل العديد من الأطفال الفلسطينيين بنيران القناصة، وغارات المروحيات، وقذائف الدبابات في المناطق السكنية. إن عدم حماية الأطفال والتمييز بين المقاتلين والمدنيين يُعد انتهاكًا للقانون الدولي الإنساني.
DET-669,DET-669,hist010,الاحتجاز التعسفي الجماعي,#ERROR!
DET-670,DET-670,hist010,#ERROR!,#ERROR!
DET-671,DET-671,hist010,#ERROR!,#ERROR!
DET-672,DET-672,hist011,مقتل فلسطينيين,22 مدنياً (بمن فيهم أطفال وكبار سن وذوو إعاقة)؛ 27 مقاتلاً؛ 3 مجهولي الوضع
DET-673,DET-673,hist011,مقتل مدنيين فلسطينيين,يشمل ذلك محمد حواشين البالغ من العمر 14 عامًا؛ وكمال زغير البالغ من العمر 57 عامًا والمقعد على كرسي متحرك؛ ونساء مسنات
DET-674,DET-674,hist011,مقتل جنود إسرائيليين,بما في ذلك 13 قتيلاً في كمين واحد في 9 أبريل عندما انهار مبنى عليهم
DET-675,DET-675,hist011,#ERROR!,دمرت الجرافات من طراز D-9 ما يقرب من 10% من مخيم اللاجئين بأكمله؛ وقد تم هدم العديد منه بمن فيه من الناس.
DET-676,DET-676,hist011,الفلسطينيون بلا مأوى,#ERROR!
DET-677,DET-677,hist011,#ERROR!,#ERROR!
DET-678,DET-678,hist011,#ERROR!,أذن بعملية الدرع الواقي وعملية جنين. اتخذ قراراً سياسياً بشن رد عسكري واسع النطاق على التفجيرات الانتحارية. عرقل بعثة تقصي الحقائق التابعة للأمم المتحدة. دافع عن العملية باعتبارها ضرورة عسكرية.
DET-679,DET-679,hist011,#ERROR!,#ERROR!
DET-680,DET-680,hist011,إيال شلين,#ERROR!
DET-681,DET-681,hist011,كوفي عنان,حاولت إسرائيل إطلاق بعثة تقصي حقائق تابعة للأمم المتحدة بموجب قرار مجلس الأمن رقم 1405، إلا أن البعثة عرقلتها. وأصدرت البعثة تقريراً محدوداً دون إجراء تحقيق ميداني مباشر، مما أثار انتقادات منظمات حقوق الإنسان.
DET-682,DET-682,hist011,#ERROR!,#ERROR!
DET-683,DET-683,hist011,الأثر الفوري (أبريل - مايو 2002),مقتل 52 فلسطينياً (22 مدنياً بينهم أطفال)؛ ومقتل 23 جندياً إسرائيلياً
DET-684,DET-684,hist011,حروب الإعلام والسرد,"الادعاءات الفلسطينية الأولية بوقوع ""مجزرة"" راح ضحيتها المئات - ثبت لاحقاً أنها كاذبة (52 قتيلاً، وليس المئات)."
DET-685,DET-685,hist011,الإرث طويل الأمد (2002-حتى الآن),أُعيد بناء مخيم جنين بمساعدة دولية، لكنه لا يزال بؤرة توتر للعنف الإسرائيلي الفلسطيني.
DET-686,DET-686,hist011,المساءلة والعدالة,✗ لم تتم محاكمة أي جندي أو قائد إسرائيلي على الرغم من توصل منظمة هيومن رايتس ووتش إلى وجود جرائم حرب
DET-687,DET-687,hist011,الأثر الفوري (أبريل - مايو 2002),#ERROR!
DET-688,DET-688,hist011,حروب الإعلام والسرد,#ERROR!
DET-689,DET-689,hist011,الإرث طويل الأمد (2002-حتى الآن),#ERROR!
DET-690,DET-690,hist011,المساءلة والعدالة,✗ لم تُدفع أي تعويضات لأسر المدنيين الذين قُتلوا بصورة غير قانونية
DET-691,DET-691,hist011,الأثر الفوري (أبريل - مايو 2002),تشريد 4000 فلسطيني؛ وتدمير البنية التحتية للمخيم
DET-692,DET-692,hist011,حروب الإعلام والسرد,انخرط كلا الجانبين في الدعاية: بالغ الفلسطينيون في تقدير الخسائر؛ وقللت إسرائيل من شأن الانتهاكات
DET-693,DET-693,hist011,الإرث طويل الأمد (2002-حتى الآن),#ERROR!
DET-694,DET-694,hist011,المساءلة والعدالة,✗ لا تعويضات لـ 4000 شخص هُدمت منازلهم
DET-695,DET-695,hist011,الأثر الفوري (أبريل - مايو 2002),"استنكار دولي واتهامات بوقوع ""مذبحة"" (تبين لاحقاً أنها مبالغ فيها، لكن انتهاكات خطيرة وقعت بالفعل)."
DET-696,DET-696,hist011,حروب الإعلام والسرد,قدم تقرير منظمة هيومن رايتس ووتش الرواية الأكثر مصداقية، لكنه حظي باهتمام أقل من الادعاءات المثيرة التي ظهرت في البداية.
DET-697,DET-697,hist011,الإرث طويل الأمد (2002-حتى الآن),#ERROR!
DET-698,DET-698,hist011,المساءلة والعدالة,✗ تم عرقلة بعثة تقصي الحقائق التابعة للأمم المتحدة؛ ولم يتم إجراء أي تحقيق دولي مستقل
DET-699,DET-699,hist011,الأثر الفوري (أبريل - مايو 2002),#ERROR!
DET-700,DET-700,hist011,حروب الإعلام والسرد,أصبحت جنين رمزاً يستخدمه كلا الجانبين: الضحية الفلسطينية في مواجهة الإرهاب الإسرائيلي
DET-701,DET-701,hist011,الإرث طويل الأمد (2002-حتى الآن),#ERROR!
DET-702,DET-702,hist011,المساءلة والعدالة,✗ لم تُعلن التحقيقات الداخلية الإسرائيلية (إن وُجدت)؛ فلا مساءلة.
DET-703,DET-703,hist011,الأثر الفوري (أبريل - مايو 2002),#ERROR!
DET-704,DET-704,hist011,حروب الإعلام والسرد,#ERROR!
DET-705,DET-705,hist011,الإرث طويل الأمد (2002-حتى الآن),#ERROR!
DET-706,DET-706,hist011,المساءلة والعدالة,✗ لم تتم محاسبة المقاتلين الفلسطينيين الذين استخدموا الألغام الأرضية التي عرضت المدنيين للخطر.
DET-707,DET-707,hist011,الأثر الفوري (أبريل - مايو 2002),#ERROR!
DET-708,DET-708,hist011,الإرث طويل الأمد (2002-حتى الآن),ترسخت ثقافة الإفلات من العقاب: على الرغم من ثبوت جرائم الحرب، لم تتم محاسبة أي من الجانبين
DET-709,DET-709,hist011,المساءلة والعدالة,✓ أجرت منظمة هيومن رايتس ووتش تحقيقاً شاملاً ووثقت الانتهاكات
DET-710,DET-710,hist011,الأثر الفوري (أبريل - مايو 2002),تفاقمت الكراهية والصدمة المتبادلة بين الإسرائيليين والفلسطينيين خلال الانتفاضة الثانية
DET-711,DET-711,hist011,الإرث طويل الأمد (2002-حتى الآن),#ERROR!
DET-712,DET-712,hist011,المساءلة والعدالة,✓ وثّقت منظمة العفو الدولية ومنظمات أخرى انتهاكات
DET-713,DET-713,hist011,الإرث طويل الأمد (2002-حتى الآن),أظهرت عملية جنين استعداد إسرائيل لتحمل خسائر فادحة في صفوف المدنيين لتقليل الخسائر في صفوف الجنود
DET-714,DET-714,hist011,المساءلة والعدالة,✗ لم تكن للمحكمة الجنائية الدولية أي اختصاص قضائي في ذلك الوقت (فلسطين لم تكن عضواً بعد).
DET-715,DET-715,hist011,المساءلة والعدالة,✗ ثقافة الإفلات من العقاب مستمرة: العمليات الإسرائيلية التي تسفر عن سقوط ضحايا مدنيين تحدث بانتظام دون أي مساءلة
DET-716,DET-716,hist011,اتفاقيات جنيف - انتهاكات إسرائيل,#ERROR!
DET-717,DET-717,hist011,#ERROR!,"المادة 48 (القاعدة الأساسية): يجب على الأطراف ""التمييز بين السكان المدنيين والمقاتلين"". إن غارات المروحيات على المنازل التي لا يوجد بها سوى مدنيين وليس مقاتلين تنتهك مبدأ التمييز."
DET-718,DET-718,hist011,#ERROR!,اتفاقية جنيف الأولى، المادة 19: لا يجوز مهاجمة المنشآت الطبية والوحدات الطبية المتنقلة. إطلاق النار على سيارات الإسعاف يُعد انتهاكاً لهذا الحق.
DET-719,DET-719,hist011,#ERROR!,"اتفاقية جنيف الرابعة، المادة 55-56: يجب على السلطة المحتلة ضمان ""الغذاء والإمدادات الطبية"" و""المؤسسات والخدمات الطبية والمستشفيات"". إن قطع المياه والكهرباء ومنع الوصول إلى الخدمات الطبية ينتهك هذه الواجبات."
DET-720,DET-720,hist011,انتهاكات الفلسطينيين للقانون الدولي الإنساني,مبدأ التمييز: انطلق المقاتلون الفلسطينيون من مناطق سكنية مكتظة بالسكان، مما صعّب التمييز بين الأهداف العسكرية والممتلكات المدنية. وقد انتهكوا بذلك واجب فصل العمليات العسكرية عن المدنيين.
DET-721,DET-721,hist011,اتفاقيات جنيف - انتهاكات إسرائيل,#ERROR!
DET-722,DET-722,hist011,#ERROR!,"المادة 51 (حماية السكان المدنيين): ""الهجمات العشوائية محظورة"". إن إطلاق الصواريخ المستمر من المروحيات التي أصابت منازل المدنيين والتي وثقتها منظمة هيومن رايتس ووتش تشكل هجمات عشوائية."
DET-723,DET-723,hist011,#ERROR!,"البروتوكول الإضافي الأول، المادة 15: ""يجب احترام وحماية الطاقم الطبي"". قتل الممرضة فروة جمال أثناء علاجها للجرحى كان جريمة حرب."
DET-724,DET-724,hist011,#ERROR!,#ERROR!
DET-725,DET-725,hist011,انتهاكات الفلسطينيين للقانون الدولي الإنساني,الأسلحة العشوائية: إن الاستخدام المكثف للألغام الأرضية والأجهزة المتفجرة في منازل المدنيين - وهي أجهزة لا تستطيع التمييز بين المقاتلين والمدنيين - انتهك حظر الأسلحة العشوائية.
DET-726,DET-726,hist011,اتفاقيات جنيف - انتهاكات إسرائيل,"المادة 147 (الانتهاكات الجسيمة/جرائم الحرب): ""القتل المتعمد... والتسبب في معاناة شديدة... والدمار الواسع... غير المبرر بالضرورة العسكرية"" تشكل انتهاكات جسيمة. هدم أكثر من 140 مبنى، العديد منها مأهول بالسكان، يندرج ضمن تعريف جريمة الحرب."
DET-727,DET-727,hist011,#ERROR!,#ERROR!
DET-728,DET-728,hist011,#ERROR!,"المادة المشتركة 3: ""يجب جمع الجرحى والمرضى ورعايتهم"". إن منع وصول سيارات الإسعاف لمدة 11 يومًا، مما تسبب في وفاة مدنيين مصابين، انتهك الالتزام الإنساني الأساسي."
DET-729,DET-729,hist011,#ERROR!,"المادة 53: يحظر تدمير الممتلكات ""إلا إذا كان هذا التدمير ضروريًا للغاية بسبب العمليات العسكرية"". تجاوزت عمليات الهدم الجماعي الضرورة العسكرية."
DET-730,DET-730,hist011,انتهاكات الفلسطينيين للقانون الدولي الإنساني,#ERROR!
DET-731,DET-731,hist011,نوع الحدث,
DET-732,DET-732,hist011,العملية الإسرائيلية,
DET-733,DET-733,hist011,مشغل,
DET-734,DET-734,hist011,#ERROR!,
DET-735,DET-735,hist011,تَحَقّق,
DET-736,DET-736,hist011,نتائج التحقيق في جرائم الحرب,
DET-737,DET-737,hist011,#ERROR!,"أدليت بشهادتي أمام منظمة هيومن رايتس ووتش قائلة: ""جاءت الجرافات إلى شارعنا في العاشر من أبريل/نيسان. وبدأوا بهدم المنازل واحداً تلو الآخر. كنا نسمع صراخ جيراننا داخل منازلهم بينما كانت الجرافات تدمرها. لم يسمح لنا الجنود بالذهاب لمساعدتهم. سمعنا الصراخ ثم ساد الصمت. رأيت جثثاً تُنتشل من تحت الأنقاض بعد أيام."""
DET-738,DET-738,hist011,فايز حواشين,"قُتل ابنه محمد بالرصاص في الثالث من أبريل/نيسان أثناء سيره مع مجموعة من النساء والأطفال باتجاه المستشفى. أدلى فايز بشهادته قائلاً: ""كان ابني مع نساء وأطفال. كانوا ذاهبين إلى منطقة المستشفى. أطلق عليه جنود إسرائيليون النار مرتين في وجهه. كان عمره 14 عاماً. لم يكن معهم أي مقاتلين. كانوا مجرد مدنيين يحاولون إيجاد الأمان""."
DET-739,DET-739,hist011,جمال زغير,"أدلى بشهادته حول وفاة والده في 10 أبريل/نيسان قائلاً: ""كان والدي يبلغ من العمر 57 عاماً وكان مقعداً على كرسي متحرك. كان يحاول العودة إلى المنزل. كان يحمل راية بيضاء. أطلقت عليه الدبابات الإسرائيلية النار ثم دهسته. وجدنا جثته محطمة. لم يكن هناك مقاتلون بالقرب منه. لقد كان مجرد رجل مسن معاق يحاول العودة إلى منزله."""
DET-740,DET-740,hist011,#ERROR!,#ERROR!
DET-741,DET-741,hist011,#ERROR!,"بعد تحقيق استمر 9 أيام وشمل أكثر من 100 مقابلة مع شهود عيان: ""ارتكبت القوات الإسرائيلية انتهاكات خطيرة للقانون الإنساني الدولي، بعضها يرقى ظاهرياً إلى جرائم حرب... استخدم جيش الدفاع الإسرائيلي الجرافات المدرعة لهدم المباني، وفي بعض الحالات كان بداخلها مدنيون... وثقنا هجمات مباشرة على الطاقم الطبي ومنعاً مطولاً للوصول الطبي."""
DET-742,DET-742,hist011,كوفي عنان,#ERROR!
DET-743,DET-743,hist011,#ERROR!,"دافع عن العملية قائلاً: ""كان هذا وكراً للإرهاب. لقد كانت عملية كان لا بد من تنفيذها"". ونفى ارتكاب جرائم حرب قائلاً: ""الجيش الإسرائيلي هو أكثر جيوش العالم أخلاقية"". وعندما سُئل عن الخسائر في صفوف المدنيين، صرّح قائلاً: ""الحرب حرب"". وعرقل تحقيقاً للأمم المتحدة."
DET-744,DET-744,hist011,جندي إسرائيلي (مجهول الهوية),"شهادة من كتاب كسر الصمت (بعد سنوات): ""قيل لنا ألا نخاطر بحياة الجنود. لذلك استخدمنا الجرافات. كنا نعلم أن هناك أناسًا في بعض المباني. لكن الأوامر كانت بالهدم. قال الضباط إنه من الأفضل هدم المباني على المخاطرة بالجنود في قتال من منزل إلى منزل. ما زلت أسمع الصرخات."""
DET-745,DET-745,hist011,#ERROR!,#ERROR!
DET-746,DET-746,hist011,مذبحة عيد الفصح تُشعل فتيل عملية الدرع الدفاعي,"شنّت حركة حماس هجوماً انتحارياً على مائدة عيد الفصح في فندق بارك بمدينة نتانيا، ما أسفر عن مقتل 30 إسرائيلياً وإصابة 140 آخرين. يُعدّ هذا الهجوم الأكثر دموية في الانتفاضة الثانية. وقد أذنت الحكومة الإسرائيلية بعملية ""الدرع الواقي""، وهي عملية عسكرية واسعة النطاق في جميع أنحاء الضفة الغربية بهدف ""هزيمة البنية التحتية للإرهاب الفلسطيني""."
DET-747,DET-747,hist011,بدأت عملية الدرع الدفاعي؛ وتعرضت مدن أخرى للهجوم أولاً,"بدأ الجيش الإسرائيلي عملية ""الدرع الواقي"" في 29 مارس/آذار بتوغل في رام الله، والاستيلاء على مجمع عرفات. وتلتها عمليات في طولكرم (1 أبريل/نيسان)، وقلقيلية (1 أبريل/نيسان)، وبيت لحم (2 أبريل/نيسان). وبحلول 3 أبريل/نيسان، كانت ست مدن رئيسية في الضفة الغربية تحت الاحتلال العسكري الإسرائيلي."
DET-748,DET-748,hist011,#ERROR!,شنّ الجيش الإسرائيلي عملية عسكرية واسعة النطاق في مخيم جنين للاجئين، مستخدماً نحو 200 دبابة ومروحيات أباتشي وطائرات إف-16. ويقطن المخيم 14 ألف مدني، ويُقدّر عدد المقاتلين الفلسطينيين المسلحين فيه بين 80 و100 مقاتل. وأعلنت إسرائيل المنطقة منطقة عسكرية مغلقة، وقطعت الكهرباء والماء عن المخيم.
DET-749,DET-749,hist011,بدأت المعارك من منزل إلى منزل؛ وانقطعت الإمدادات الطبية.,#ERROR!
DET-750,DET-750,hist011,#ERROR!,#ERROR!
DET-751,DET-751,hist011,#ERROR!,#ERROR!
DET-752,DET-752,hist011,بدء عمليات الهدم الجماعي؛ ومقتل رجل مقعد على كرسي متحرك,#ERROR!
DET-753,DET-753,hist011,#ERROR!,قامت جرافات من طراز D-9 بهدم أكثر من 140 مبنى في مخيم جنين، أي ما يقارب 10% من إجمالي مباني المخيم. وأفاد شهود عيان بوجود مبانٍ مدمرة وعائلات لا تزال محاصرة بداخلها، وبعضهم مدفون أحياء تحت الأنقاض. ووصف السكان سماعهم صراخ الناس أثناء قيام الجرافات بتدمير منازلهم. ويمنع الجيش الإسرائيلي محاولات الإنقاذ.
DET-754,DET-754,hist011,#ERROR!,"فروة جمال (27 عامًا)، ممرضة ترتدي الزي الرسمي، قُتلت برصاص الجيش الإسرائيلي أثناء معالجتها لمدني مصاب. مريم ويشاهي (58 عامًا) أصيبت بشظايا في منزلها ""على بُعد بضع مئات من الأمتار من المستشفى"" - منع الجيش الإسرائيلي سيارات الإسعاف من الوصول إليها مرارًا وتكرارًا لمدة 36 ساعة. توفيت دون تلقي العلاج الطبي."
DET-755,DET-755,hist011,#ERROR!,انتهت المعارك الرئيسية بعد تسعة أيام، لكن الجيش الإسرائيلي واصل حصاره التام للمخيم، مانعاً أي شخص من الدخول، بمن فيهم العاملون في المجال الإنساني والصحفيون ومراقبو الأمم المتحدة. واستمر الحصار لأيام بينما حاولت إسرائيل السيطرة على الرواية ومنع توثيق الدمار.
DET-756,DET-756,hist011,تم السماح أخيراً بالوصول إلى الخدمات الطبية بعد حصار دام 11 يوماً,#ERROR!
DET-757,DET-757,hist011,#ERROR!,دعا مجلس الأمن إلى تشكيل بعثة تقصي حقائق تابعة للأمم المتحدة للتحقيق في حادثة جنين. وشكّل الأمين العام للأمم المتحدة، كوفي عنان، فريقًا. وافقت إسرائيل مبدئيًا، ثم عرقلت البعثة باعتراضات إجرائية. وبعد أسابيع من التعطيل، تم حلّ البعثة دون أن تزور جنين قط. ولم يُجرَ أي تحقيق.
DET-758,DET-758,hist011,#ERROR!,#ERROR!
DET-759,DET-759,hist011,تقرير منظمة هيومن رايتس ووتش,#ERROR!
DET-760,DET-760,hist011,الأمم المتحدة تصدر تقريراً محدوداً؛ ومنظمة هيومن رايتس ووتش تنتقده,#ERROR!
DET-761,DET-761,hist011,عمليات هدم جماعية مع وجود أشخاص بداخلها (جريمة حرب),دمرت جرافات من طراز D-9 أكثر من 140 مبنى، كان العديد منها محاصراً بعائلات. أفاد شهود عيان بسماع صراخ الناس أثناء تدمير الجرافات للمنازل. لقي بعض السكان حتفهم دهساً، بينما دُفن آخرون أحياءً تحت الأنقاض. يُعدّ هذا التدمير الواسع النطاق، غير المبرر بضرورة عسكرية، جريمة حرب بموجب المادة 147 من اتفاقية جنيف.
DET-762,DET-762,hist011,#ERROR!,"قُتل محمد حواشين، البالغ من العمر 14 عامًا، برصاصتين في وجهه أثناء سيره مع نساء وأطفال باتجاه المستشفى (3 أبريل). كما قُتل كمال زغير (57 عامًا، مقعد على كرسي متحرك) برصاص الدبابات ودهسته أثناء حمله راية بيضاء (10 أبريل). وقُتلت امرأة تبلغ من العمر 60 عامًا بصاروخ أطلقته مروحية في شقة سكنية دون وجود أي فلسطينيين مسلحين. وقد وثّقت منظمة هيومن رايتس ووتش العديد من عمليات القتل ""المتعمدة أو غير القانونية"" للمدنيين."
DET-763,DET-763,hist011,#ERROR!,#ERROR!
DET-764,DET-764,hist011,استخدام المدنيين الفلسطينيين كدروع بشرية,#ERROR!
DET-765,DET-765,hist011,استخدام القوة بشكل عشوائي وغير متناسب,#ERROR!
DET-766,DET-766,hist011,عرقلة التحقيق المستقل,#ERROR!
DET-767,DET-767,hist011,#ERROR!,زرع المقاتلون الفلسطينيون عبوات ناسفة واسعة النطاق في جميع أنحاء المخيم، في أنابيب المياه وخزائن المطابخ والمداخل، مما عرّض السكان المدنيين والجنود الإسرائيليين للخطر. إن العمل من مناطق مدنية مكتظة بالسكان واستخدام الفخاخ المتفجرة التي لا تفرق بين المقاتلين والمدنيين يُعد انتهاكًا للقانون الدولي الإنساني.
DET-768,DET-768,hist012,مقتل فلسطينيين,المجلس الفلسطيني لحقوق الإنسان: 1419 (1167 مدنياً)؛ بتسيلم: 1385 (762 من غير المقاتلين)؛ مكتب الأمم المتحدة لتنسيق الشؤون الإنسانية: 1383 (773 مدنياً)
DET-769,DET-769,hist012,#ERROR!,#ERROR!
DET-770,DET-770,hist012,#ERROR!,أُصيب أكثر من 5300 شخص؛ وعانى ما يقرب من 30% منهم من إعاقة طويلة الأمد أو عجز دائم.
DET-771,DET-771,hist012,منازل مدمرة بالكامل,#ERROR!
DET-772,DET-772,hist012,تدمير الشركات الخاصة,تضررت 432 شركة إضافية؛ وخسائر اقتصادية تزيد عن 139 مليون دولار
DET-773,DET-773,hist012,#ERROR!,عشرة جنود (أربعة منهم بنيران صديقة)؛ وثلاثة مدنيين قُتلوا بنيران صاروخية
DET-774,DET-774,hist012,#ERROR!,"أذن بعملية ""الرصاص المصبوب"" واتخذ قرارات سياسية رئيسية خلالها. صرّح لاحقًا بأن العملية كانت ضرورية، لكنه أعرب عن أسفه لوقوع ضحايا مدنيين. في عام ٢٠١٥، أُدين بتهمة فساد في قضية أخرى."
DET-775,DET-775,hist012,#ERROR!,#ERROR!
DET-776,DET-776,hist012,غابي أشكينازي,القائد العسكري الأعلى خلال العملية. مسؤول عن التخطيط والتنفيذ العملياتي. تم ضمان سير العملية وفقاً للقانون الدولي.
DET-777,DET-777,hist012,إسماعيل هنية,زعيم سياسي في حماس خلال العملية. استمر في إصدار أوامر بشن هجمات صاروخية على إسرائيل. رفض عروض وقف إطلاق النار خلال العملية.
DET-778,DET-778,hist012,#ERROR!,#ERROR!
DET-779,DET-779,hist012,#ERROR!,قُتل ما بين 1383 و1419 فلسطينياً، بينهم 333 طفلاً؛ وقُتل 13 إسرائيلياً (10 جنود و3 مدنيين).
DET-780,DET-780,hist012,العواقب طويلة المدى (2011–حتى الآن),تكرر النمط الراسخ للعمليات العسكرية الإسرائيلية في غزة في أعوام 2012 و2014 و2021 و2023-2024
DET-781,DET-781,hist012,حالة المساءلة,لم تتم محاسبة أي مسؤول إسرائيلي رفيع المستوى على تخطيط العملية أو تنفيذها
DET-782,DET-782,hist012,#ERROR!,أُصيب أكثر من 5300 فلسطيني؛ حوالي 30% منهم يعانون من إعاقات دائمة
DET-783,DET-783,hist012,العواقب طويلة المدى (2011–حتى الآن),إفلات شبه تام من العقاب: 4 إدانات إسرائيلية فقط من أصل 510 شكاوى تم تقديمها بشأن حوادث الرصاص المصبوب
DET-784,DET-784,hist012,حالة المساءلة,لم تُجرَ أي ملاحقات قضائية بشأن مجزرة ساموني (21 مدنياً قُتلوا)
DET-785,DET-785,hist012,#ERROR!,#ERROR!
DET-786,DET-786,hist012,العواقب طويلة المدى (2011–حتى الآن),تضررت عملية إعادة إعمار غزة بشدة بسبب الحصار المستمر؛ ولم يتم إعادة بناء العديد من المناطق بشكل كامل.
DET-787,DET-787,hist012,حالة المساءلة,لم تُرفع أي دعاوى قضائية بشأن إضراب عائلة الداعية (مقتل 22 مدنياً)
DET-788,DET-788,hist012,#ERROR!,خلص تقرير غولدستون للأمم المتحدة (سبتمبر 2009) إلى وجود أدلة على جرائم حرب وجرائم محتملة ضد الإنسانية من كلا الجانبين.
DET-789,DET-789,hist012,العواقب طويلة المدى (2011–حتى الآن),القانون الدولي غير مُفعّل إلى حد كبير؛ تحقيق المحكمة الجنائية الدولية جارٍ ولكن لم تُجرَ أي ملاحقات قضائية لجرائم الرصاص المصبوب
DET-790,DET-790,hist012,حالة المساءلة,#ERROR!
DET-791,DET-791,hist012,#ERROR!,دعوات دولية للمساءلة؛ تقرير معتمد من مجلس حقوق الإنسان التابع للأمم المتحدة (تصويت 25-6-11)
DET-792,DET-792,hist012,العواقب طويلة المدى (2011–حتى الآن),تراجع غولدستون نفسه جزئياً عن النتائج في مقال رأي نُشر عام 2011 في صحيفة واشنطن بوست (ورفض أعضاء آخرون في البعثة التراجع).
DET-793,DET-793,hist012,حالة المساءلة,#ERROR!
DET-794,DET-794,hist012,#ERROR!,تصاعدت الانتقادات الدولية للعمليات العسكرية الإسرائيلية وحصار غزة
DET-795,DET-795,hist012,العواقب طويلة المدى (2011–حتى الآن),#ERROR!
DET-796,DET-796,hist012,حالة المساءلة,الجماعات المسلحة الفلسطينية: لا توجد تحقيقات أو ملاحقات قضائية معروفة بشأن الهجمات الصاروخية العشوائية
DET-797,DET-797,hist012,#ERROR!,#ERROR!
DET-798,DET-798,hist012,حالة المساءلة,#ERROR!
DET-799,DET-799,hist012,حالة المساءلة,#ERROR!
DET-800,DET-800,hist012,اتفاقية جنيف الرابعة - القوات الإسرائيلية,المادة 27 (الأشخاص المحميون): إن مذبحة ساموني، وعمليات القتل تحت الراية البيضاء، وغيرها من الهجمات المتعمدة على المدنيين انتهكت الحماية الأساسية.
DET-801,DET-801,hist012,انتهاكات القانون الدولي الإنساني المعتادة,التمييز: إن الهجمات على عائلة ساموني وعائلة الداعية وحاملي الراية البيضاء انتهكت المبدأ الأساسي للتمييز بين المدنيين والمقاتلين.
DET-802,DET-802,hist012,نتائج تقرير الأمم المتحدة عن غولدستون (سبتمبر 2009),جرائم الحرب: وجد التقرير أدلة على أن القوات الإسرائيلية ارتكبت أعمالاً ترقى إلى جرائم حرب، بما في ذلك القتل المتعمد والتدمير الواسع النطاق للممتلكات غير المبررة بالضرورة العسكرية.
DET-803,DET-803,hist012,انتهاكات قانون حقوق الإنسان,الحق في الحياة (المادة 6 من العهد الدولي الخاص بالحقوق المدنية والسياسية): يُعدّ القتل العمد للمدنيين انتهاكاً للحق في الحياة. وقد وُجد أن قضية الداعية تحديداً تنتهك المادة 6.
DET-804,DET-804,hist012,اتفاقية جنيف الرابعة - القوات الإسرائيلية,المادة 33 (العقوبات الجماعية): وجدت بعثة الأمم المتحدة عملية مصممة لمعاقبة وإذلال وترويع السكان المدنيين في غزة - وهي مثال نموذجي للعقوبة الجماعية.
DET-805,DET-805,hist012,انتهاكات القانون الدولي الإنساني المعتادة,التناسب: وجدت بعثة الأمم المتحدة استخداماً غير متناسب للقوة بشكل متعمد طوال العملية.
DET-806,DET-806,hist012,نتائج تقرير الأمم المتحدة عن غولدستون (سبتمبر 2009),جرائم ضد الإنسانية: خلص التقرير إلى أن الأعمال الإسرائيلية قد ترقى إلى جرائم ضد الإنسانية - هجوم غير متناسب بشكل متعمد مصمم لمعاقبة وإذلال وترويع السكان المدنيين.
DET-807,DET-807,hist012,انتهاكات قانون حقوق الإنسان,الحق في السكن اللائق: إن تدمير 3540 منزلاً، مما أدى إلى تشريد أكثر من 20000 شخص، انتهك الحق في السكن اللائق بموجب العهد الدولي الخاص بالحقوق الاقتصادية والاجتماعية والثقافية.
DET-808,DET-808,hist012,اتفاقية جنيف الرابعة - القوات الإسرائيلية,#ERROR!
DET-809,DET-809,hist012,انتهاكات القانون الدولي الإنساني المعتادة,#ERROR!
DET-810,DET-810,hist012,نتائج تقرير الأمم المتحدة عن غولدستون (سبتمبر 2009),#ERROR!
DET-811,DET-811,hist012,انتهاكات قانون حقوق الإنسان,الحق في الصحة: ​​إن الهجمات على المستشفيات والمرافق الطبية وتدمير البنية التحتية الصحية تنتهك الحق في الصحة.
DET-812,DET-812,hist012,اتفاقية جنيف الرابعة - القوات الإسرائيلية,#ERROR!
DET-813,DET-813,hist012,انتهاكات القانون الدولي الإنساني المعتادة,الأهداف المحمية: الهجمات المباشرة على مستشفى القدس ومجمع الأونروا انتهكت وضعها المحمي.
DET-814,DET-814,hist012,نتائج تقرير الأمم المتحدة عن غولدستون (سبتمبر 2009),#ERROR!
DET-815,DET-815,hist012,انتهاكات قانون حقوق الإنسان,#ERROR!
DET-816,DET-816,hist012,نوع الحدث,
DET-817,DET-817,hist012,الجناة,
DET-818,DET-818,hist012,تَحَقّق,
DET-819,DET-819,hist012,#ERROR!,
DET-820,DET-820,hist012,#ERROR!,#ERROR!
DET-821,DET-821,hist012,عطية السموني,#ERROR!
DET-822,DET-822,hist012,#ERROR!,أدلى بشهادته حول علاج إصابات الفوسفور الأبيض: لقد رأينا حروقًا لم نرَ مثلها من قبل. يستمر الفوسفور في الاحتراق حتى داخل الجسم. لم تكن لدينا خبرة في علاج مثل هذه الأسلحة. توفي العديد من المرضى بسبب هذه الحروق.
DET-823,DET-823,hist012,جون دوغارد,#ERROR!
DET-824,DET-824,hist012,#ERROR!,شهادة جندي مجهول: أوضح القادة الأمر جلياً - حياتنا تأتي أولاً، ثم الاعتبارات الأخلاقية. قيل لنا إنه إذا رأينا أي شخص، حتى لو بدا بريئاً، إذا شعرنا بالتهديد، فسنطلق النار. كان الدمار لا يُتصور. دمرنا منازل كثيرة لم تكن تخدم أي غرض عسكري.
DET-825,DET-825,hist012,#ERROR!,#ERROR!
DET-826,DET-826,hist012,#ERROR!,#ERROR!
DET-827,DET-827,hist012,#ERROR!,#ERROR!
DET-828,DET-828,hist012,#ERROR!,#ERROR!
DET-829,DET-829,hist012,#ERROR!,#ERROR!
DET-830,DET-830,hist012,#ERROR!,#ERROR!
DET-831,DET-831,hist012,أسبوع من القصف الجوي,استهدفت غارات جوية متواصلة مباني حكومية ومراكز شرطة ومساجد ومنازل وبنية تحتية. قصف بحري إسرائيلي من عرض البحر. استخدام الفوسفور الأبيض في المناطق المأهولة بالسكان. مقتل المئات.
DET-832,DET-832,hist012,#ERROR!,تقتحم القوات البرية الإسرائيلية قطاع غزة من الشمال والشرق. وتدخل الدبابات والمشاة منطقتي بيت لاهيا وبيت حانون. وبذلك، يُقسّم قطاع غزة فعلياً إلى قسمين. ويهرب عشرات الآلاف من منازلهم.
DET-833,DET-833,hist012,مذبحة عائلة ساموني,أمر جنود إسرائيليون نحو مئة فرد من عائلة صاموني بالاحتماء في مبنى واحد بمنطقة زيتون. وفي الخامس من يناير/كانون الثاني، أسفر القصف عن مقتل 21 مدنياً. وظل الناجون محاصرين مع جثث الضحايا لأيام، ومنع الصليب الأحمر وصولهم.
DET-834,DET-834,hist012,#ERROR!,#ERROR!
DET-835,DET-835,hist012,#ERROR!,حوادث متعددة قتل فيها جنود إسرائيليون فلسطينيين كانوا يفرون حاملين رايات بيضاء. قُتلت ماجدة وريا حجاج (37 و65 عامًا على التوالي) بالرصاص أثناء فرارهما. وثّقت بعثة الأمم المتحدة سبع حوادث من هذا القبيل.
DET-836,DET-836,hist012,تعرض مجمع الأونروا للهجوم,تعرض مجمع وكالة الأمم المتحدة لإغاثة وتشغيل اللاجئين الفلسطينيين (الأونروا) في مدينة غزة لقصف شديد الانفجار وقنابل الفوسفور الأبيض. وكان يقطنه ما بين 600 و700 مدني. واستمر الهجوم لساعات رغم تنبيه القوات الإسرائيلية للمخاطر.
DET-837,DET-837,hist012,تعرض مستشفى القدس للهجوم,#ERROR!
DET-838,DET-838,hist012,تم إعلان وقف إطلاق النار,#ERROR!
DET-839,DET-839,hist012,تم إنشاء بعثة الأمم المتحدة لتقصي الحقائق,أنشأ مجلس حقوق الإنسان التابع للأمم المتحدة بعثة لتقصي الحقائق بقيادة القاضي ريتشارد غولدستون للتحقيق في الانتهاكات المحتملة للقانون الدولي من قبل جميع الأطراف أثناء النزاع.
DET-840,DET-840,hist012,#ERROR!,أصدرت بعثة الأمم المتحدة تقريراً من 575 صفحة يوثق جرائم حرب مزعومة ارتكبها الجيش الإسرائيلي وجماعات فلسطينية مسلحة. ويخلص التقرير إلى وجود أدلة على هجمات متعمدة وغير متناسبة ضد المدنيين.
DET-841,DET-841,hist012,#ERROR!,#ERROR!
DET-842,DET-842,hist012,مذبحة عائلة ساموني,أجبر جنود إسرائيليون نحو مئة فرد من عائلة صاموني على اللجوء إلى مبنى واحد في منطقة زيتون، واحتجزوهم لمدة أربع وعشرين ساعة، ثم قصفوا المبنى ما أسفر عن مقتل 21 مدنياً. وظل الناجون محاصرين مع جثث القتلى لأيام، ومُنعت سيارات الإسعاف من الوصول إلى المنطقة.
DET-843,DET-843,hist012,#ERROR!,"أسفرت غارة صاروخية شنتها طائرة إف-16 على منزل عائلة الداعية عن مقتل 22 مدنياً، معظمهم من النساء والأطفال. واعترف الجيش الإسرائيلي لاحقاً بأن الهجوم كان خطأً. وخلصت بعثة الأمم المتحدة إلى وجود ""تقصير كبير في بذل العناية الواجبة""."
DET-844,DET-844,hist012,#ERROR!,قتل جنود إسرائيليون ما لا يقل عن 11 مدنياً فلسطينياً كانوا يفرون حاملين رايات بيضاء. وتشمل الحالات الموثقة مقتل امرأتين (ماجدة وريا حجاج، تبلغان من العمر 37 و65 عاماً على التوالي).
DET-845,DET-845,hist012,الفوسفور الأبيض في المناطق المأهولة بالسكان,استخدمت القوات الإسرائيلية الفوسفور الأبيض - وهو مادة غير قانونية عند استخدامها في المناطق المأهولة بالسكان - في هجمات على مستشفيين (القدس والوفاء)، ومجمع الأمم المتحدة في مدينة غزة، ومناطق سكنية مكتظة بالسكان.
DET-846,DET-846,hist012,الهجمات على المرافق الطبية ومرافق الأمم المتحدة,#ERROR!
DET-847,DET-847,hist012,#ERROR!,#ERROR!
DET-848,DET-848,hist012,#ERROR!,خلصت بعثة الأمم المتحدة إلى أن العمليات كانت مُخططة بعناية في جميع مراحلها، وأن أنماطها تشير إلى استهداف مُتعمد للمدنيين. ووُصفت بأنها هجوم غير متناسب بشكل مُتعمد، يهدف إلى معاقبة السكان المدنيين وإذلالهم وترويعهم.
DET-849,DET-849,hist012,الهجمات الصاروخية الفلسطينية (جريمة حرب),أطلقت الفصائل الفلسطينية المسلحة أكثر من 900 صاروخ وقذيفة هاون على إسرائيل خلال العملية، ما أسفر عن مقتل 3 مدنيين إسرائيليين. وخلص تقرير غولدستون إلى أن هذه الهجمات كانت عشوائية وترقى إلى جرائم حرب.
DET-850,DET-850,hist014,مقتل فلسطينيين,#ERROR!
DET-851,DET-851,hist014,#ERROR!,وثّقت الأمم المتحدة مقتل 551 طفلاً و299 امرأة. وشكّلت النساء 20.2% من القتلى المدنيين، وهي نسبة أعلى من العمليات السابقة.
DET-852,DET-852,hist014,مقتل عائلات بأكملها,وثّقت منظمة بتسيلم 72 حادثة قُتلت فيها عائلات بأكملها داخل منازلها. عائلة البطش: 18 قتيلاً؛ عائلة أبو جامع: 17 قتيلاً؛ عائلة النجار: 26 قتيلاً
DET-853,DET-853,hist014,#ERROR!,يشمل ذلك 3436 طفلاً. أُصيب ما يقرب من 1000 طفل بإعاقات دائمة؛ وأصبح 1500 طفل يتيماً.
DET-854,DET-854,hist014,منازل مدمرة بالكامل,تضررت 89 ألف منزل إضافي (10 آلاف منها تضررت بشدة). ودُمّرت أحياء بأكملها: الشجاعية، وبيت حانون، وخزاعة.
DET-855,DET-855,hist014,المدارس المتضررة أو المدمرة,دُمّرت ثلاث مدارس حكومية تدميراً كاملاً، وأُصيبت 23 مدرسة أخرى بأضرار بالغة. كما تعرّضت مدارس تابعة للأمم المتحدة، كانت تؤوي نازحين، لهجوم.
DET-856,DET-856,hist014,منشآت طبية تتعرض للهجوم,"تدمير أو إلحاق أضرار بالمستشفيات والعيادات وسيارات الإسعاف. أسفر الهجوم على مستشفى الأقصى عن مقتل 5 أشخاص. ووجدت منظمة العفو الدولية ""أدلة متزايدة"" على الاستهداف المتعمد."
DET-857,DET-857,hist014,#ERROR!,#ERROR!
DET-858,DET-858,hist014,مقتل إسرائيليين,#ERROR!
DET-859,DET-859,hist014,#ERROR!,#ERROR!
DET-860,DET-860,hist014,#ERROR!,أطلق الجيش الإسرائيلي 5000 طن من الذخائر، و14500 قذيفة دبابة، و35000 قذيفة مدفعية على مدى 51 يومًا
DET-861,DET-861,hist014,#ERROR!,أطلقت الجماعات الفلسطينية المسلحة 4881 قذيفة على إسرائيل؛ وقد اعترضت منظومة القبة الحديدية العديد منها.
DET-862,DET-862,hist014,بنيامين نتنياهو,أذن بعملية الجرف الصامد. واتخذ قرارات سياسية رئيسية، بما في ذلك استمرار العملية رغم الاحتجاجات الدولية. ودافع عن العملية باعتبارها متناسبة وضرورية. ورفض نتائج لجنة الأمم المتحدة.
DET-863,DET-863,hist014,موشيه يعالون,أشرف على التخطيط والتنفيذ العسكريين. دافع عن عمليات الجيش الإسرائيلي، بما في ذلك تدمير محطة توليد الطاقة. أعرب لاحقاً عن بعض الأسف إزاء الخسائر في صفوف المدنيين، لكنه أكد أن العملية كانت مبررة.
DET-864,DET-864,hist014,#ERROR!,#ERROR!
DET-865,DET-865,hist014,إسماعيل هنية,زعيم سياسي لحماس خلال العملية. أذن باستمرار الهجمات الصاروخية طوال العملية. رفض عروض وقف إطلاق النار. يرأس حالياً المكتب السياسي لحماس.
DET-866,DET-866,hist014,محمد ديف,#ERROR!
DET-867,DET-867,hist014,ماري ماكجوان ديفيس,قاد تحقيق الأمم المتحدة في عملية الجرف الصامد. قاضٍ فيدرالي أمريكي سابق. وثّقت اللجنة انتهاكات من كلا الجانبين، ووجدت أدلة على جرائم حرب.
DET-868,DET-868,hist014,الأثر الفوري (2014-2016),#ERROR!
DET-869,DET-869,hist014,#ERROR!,تعرقلت عملية إعادة الإعمار بشدة: بعد مرور أربع سنوات، لا يزال 75% من المنازل المدمرة غير معاد بناؤها بسبب الحصار.
DET-870,DET-870,hist014,حالة المساءلة,✗ لم تتم محاكمة أي مسؤول أو جندي إسرائيلي بسبب انتهاكات موثقة
DET-871,DET-871,hist014,الأثر الفوري (2014-2016),#ERROR!
DET-872,DET-872,hist014,#ERROR!,#ERROR!
DET-873,DET-873,hist014,حالة المساءلة,✗ لا محاسبة على هجوم الشجاعية (مقتل أكثر من 100 مدني)
DET-874,DET-874,hist014,الأثر الفوري (2014-2016),تدمير البنية التحتية: محطة توليد كهرباء، 262 مدرسة، 73 منشأة طبية، وشبكات مياه وصرف صحي مدمرة
DET-875,DET-875,hist014,#ERROR!,#ERROR!
DET-876,DET-876,hist014,حالة المساءلة,#ERROR!
DET-877,DET-877,hist014,الأثر الفوري (2014-2016),انهيار اقتصادي: خسائر بقيمة 6 مليارات دولار؛ انكماش الناتج المحلي الإجمالي لغزة بنسبة 15%
DET-878,DET-878,hist014,#ERROR!,#ERROR!
DET-879,DET-879,hist014,حالة المساءلة,✗ لا محاسبة على الهجمات التي استهدفت المباني السكنية (إبادة 72 عائلة)
DET-880,DET-880,hist014,الأثر الفوري (2014-2016),خلصت لجنة تابعة للأمم المتحدة إلى وجود أدلة على ارتكاب جرائم حرب من قبل كل من القوات الإسرائيلية والجماعات المسلحة الفلسطينية
DET-881,DET-881,hist014,#ERROR!,تآكل القانون الدولي: تجاهل نتائج الأمم المتحدة؛ وتأسيس سابقة لرفض المساءلة الدولية
DET-882,DET-882,hist014,حالة المساءلة,#ERROR!
DET-883,DET-883,hist014,الأثر الفوري (2014-2016),#ERROR!
DET-884,DET-884,hist014,#ERROR!,"بدأ تحقيق المحكمة الجنائية الدولية في عام 2015 (قبلت فلسطين الاختصاص القضائي)، ولكن بعد سنوات لم تُوجه أي اتهامات بخصوص قضية ""الجرف الواقي""."
DET-885,DET-885,hist014,حالة المساءلة,#ERROR!
DET-886,DET-886,hist014,الأثر الفوري (2014-2016),أكثر من ألف طفل يعانون من إعاقات دائمة؛ صدمة نفسية هائلة في جميع أنحاء سكان غزة
DET-887,DET-887,hist014,#ERROR!,الترسخ السياسي: تعززت رواية نتنياهو الأمنية؛ وبقيت حماس في السلطة رغم الدمار.
DET-888,DET-888,hist014,حالة المساءلة,✗ التحقيقات العسكرية الإسرائيلية: مئات الشكاوى، وعدد قليل من الإدانات البسيطة غير المرتبطة بحوادث كبرى
DET-889,DET-889,hist014,#ERROR!,الصدمات النفسية المتوارثة: أفادت اليونيسف أن أكثر من 400 ألف طفل بحاجة إلى دعم نفسي
DET-890,DET-890,hist014,حالة المساءلة,#ERROR!
DET-891,DET-891,hist014,حالة المساءلة,✓ وثّقت لجنة الأمم المتحدة الانتهاكات ودعت إلى المساءلة
DET-892,DET-892,hist014,حالة المساءلة,✓ المحكمة الجنائية الدولية لها اختصاص قضائي وتجري تحقيقاً مستمراً (منذ عام 2021 وحتى الآن)
DET-893,DET-893,hist014,حالة المساءلة,#ERROR!
DET-894,DET-894,hist014,انتهاكات اتفاقية جنيف الرابعة - القوات الإسرائيلية,"المادة 27 (الأشخاص المحميون): ""يجب معاملة الأشخاص المحميين معاملة إنسانية... وحمايتهم من جميع أعمال العنف"". إن الهجمات على المباني السكنية التي أسفرت عن مقتل عائلات بأكملها، وعمليات القتل على الشواطئ، والاعتداء على الشجاعية، انتهكت هذه الحماية."
DET-895,DET-895,hist014,انتهاكات القانون الدولي الإنساني العرفي,التمييز: يجب أن تميز الهجمات بين المدنيين والمقاتلين. إن استخدام المدفعية في الشجاعية (92000 مدني/6 كم²)، والهجمات على المباني السكنية، وعمليات القتل على الشاطئ، كلها انتهاكات لمبدأ التمييز.
DET-896,DET-896,hist014,#ERROR!,#ERROR!
DET-897,DET-897,hist014,تحقيقات الحوادث المحددة,#ERROR!
DET-898,DET-898,hist014,الأشخاص والأشياء المحمية,"المرافق الطبية: تنص المادة 18 من اتفاقية جنيف الرابعة على حماية المستشفيات. تعرضت 73 منشأة طبية للهجوم. ووجدت منظمة العفو الدولية ""أدلة متزايدة"" على استهداف متعمد - وهو انتهاك جسيم."
DET-899,DET-899,hist014,انتهاكات اتفاقية جنيف الرابعة - القوات الإسرائيلية,#ERROR!
DET-900,DET-900,hist014,انتهاكات القانون الدولي الإنساني العرفي,#ERROR!
DET-901,DET-901,hist014,#ERROR!,الجرائم المحتملة ضد الإنسانية: لاحظت اللجنة أن نمط وحجم الهجمات على المدنيين قد يشكل جرائم ضد الإنسانية، على الرغم من أنها امتنعت عن التوصل إلى استنتاج نهائي في انتظار إجراء تحقيق كامل.
DET-902,DET-902,hist014,تحقيقات الحوادث المحددة,الشجاعية: خلصت اللجنة إلى أن الاستخدام العشوائي للمدفعية في منطقة ذات كثافة مدنية تفوق كثافة تل أبيب بثلاثة أضعاف يُعد انتهاكاً لقوانين الحرب. أكثر من 100 قتيل خلال 24 ساعة.
DET-903,DET-903,hist014,الأشخاص والأشياء المحمية,#ERROR!
DET-904,DET-904,hist014,انتهاكات اتفاقية جنيف الرابعة - القوات الإسرائيلية,"المادة 53 (تدمير الممتلكات): ""أي تدمير... محظور، إلا إذا اقتضت الضرورة القصوى للعمليات العسكرية"". إن تدمير 18000 منزل ومحطة توليد كهرباء ومرافق طبية ومدارس يتجاوز بكثير الضرورة العسكرية."
DET-905,DET-905,hist014,انتهاكات القانون الدولي الإنساني العرفي,الاحتياطات في الهجوم: يجب على الأطراف اتخاذ الاحتياطات الممكنة للحد من الأضرار التي تلحق بالمدنيين. ورغم التحذيرات والتنبيهات، فإن مقتل 551 طفلاً يشير إلى عدم كفاية الاحتياطات. وقد انتهكت الهجمات على مدارس الأمم المتحدة المحددة هذه الاحتياطات.
DET-906,DET-906,hist014,#ERROR!,جرائم الحرب - الجماعات المسلحة الفلسطينية: وجدت اللجنة أن الهجمات الصاروخية العشوائية وعمليات الإعدام خارج نطاق القضاء تشكل جرائم حرب بموجب المادة 3 المشتركة والقانون الدولي الإنساني العرفي.
DET-907,DET-907,hist014,تحقيقات الحوادث المحددة,#ERROR!
DET-908,DET-908,hist014,الأشخاص والأشياء المحمية,منشآت الأمم المتحدة: تتمتع المنشآت التي تحمل علامات الأمم المتحدة بوضع حماية خاص. وقد انتهكت الهجمات المتعددة على مدارس الأونروا، رغم التنسيق بينها، هذه الحماية.
DET-909,DET-909,hist014,انتهاكات اتفاقية جنيف الرابعة - القوات الإسرائيلية,المادة 147 (الانتهاكات الجسيمة): «القتل العمد...التعذيب...التسبب عمداً في معاناة شديدة...التدمير الواسع النطاق...غير المبرر بالضرورة العسكرية» تُعد انتهاكات جسيمة. وقد تم توثيق العديد من الحوادث التي تستوفي هذا المعيار.
DET-910,DET-910,hist014,انتهاكات القانون الدولي الإنساني العرفي,يُحظر شنّ هجمات عشوائية: يُعدّ استخدام المدفعية غير الدقيقة في المناطق المكتظة بالسكان (الشجاعية، رفح) هجوماً عشوائياً. كما تُعتبر الهجمات الصاروخية الفلسطينية عشوائية أيضاً.
DET-911,DET-911,hist014,#ERROR!,"فشل المساءلة: خلصت اللجنة إلى أن التحقيقات الإسرائيلية ""لا تتوافق مع المعايير الدولية"" ومن غير المرجح أن تُفضي إلى مساءلة حقيقية. ولم تُجرِ السلطات الفلسطينية أي تحقيقات معروفة."
DET-912,DET-912,hist014,تحقيقات الحوادث المحددة,#ERROR!
DET-913,DET-913,hist014,الأشخاص والأشياء المحمية,#ERROR!
DET-914,DET-914,hist014,تحقيقات الحوادث المحددة,مرافق الأمم المتحدة: تبين أن الهجمات على مدارس الأمم المتحدة التي تحمل علامات واضحة والتي تؤوي النازحين تفتقر إلى المبرر العسكري؛ وقد تشكل بعض الهجمات جرائم حرب.
DET-915,DET-915,hist014,نوع الحدث,
DET-916,DET-916,hist014,الجناة,
DET-917,DET-917,hist014,تَحَقّق,
DET-918,DET-918,hist014,#ERROR!,
DET-919,DET-919,hist014,ماهر محدوقة,في تقريرٍ قُدِّم إلى مجلس حقوق الإنسان التابع للأمم المتحدة في يونيو/حزيران 2015: «تشير نتائج تحقيقنا إلى وقوع انتهاكات جسيمة للقانون الدولي الإنساني... وهناك أدلةٌ تُشير إلى انتهاكاتٍ خطيرة ترقى إلى جرائم حرب. وتُثير الهجمات على المباني السكنية التي أودت بحياة عائلاتٍ بأكملها قلقاً بالغاً».
DET-920,DET-920,hist014,ناجٍ من الشجاعية,#ERROR!
DET-921,DET-921,hist014,بان كي مون,#ERROR!
DET-922,DET-922,hist014,#ERROR!,#ERROR!
DET-923,DET-923,hist014,#ERROR!,#ERROR!
DET-924,DET-924,hist014,#ERROR!,بخصوص مقتل أربعة فتيان على الشاطئ: «لم يجد تحقيقنا في الهجوم أي دليل على وجود هدف عسكري في المنطقة وقت وقوعه... ويبدو أن هذا يشير إلى جريمة حرب». بخصوص محطة توليد الطاقة: «هجوم غير قانوني وغير متناسب... ألحق ضرراً بالمدنيين يفوق بكثير أي مكسب عسكري».
DET-925,DET-925,hist014,#ERROR!,#ERROR!
DET-926,DET-926,hist014,#ERROR!,#ERROR!
DET-927,DET-927,hist014,اختطاف ثلاثة مراهقين إسرائيليين,#ERROR!
DET-928,DET-928,hist014,حملة قمع في الضفة الغربية؛ تصاعد التوترات,شنت إسرائيل عملية تمشيط واسعة النطاق في الضفة الغربية أسفرت عن اعتقال مئات الفلسطينيين، ما أسفر عن مقتل خمسة فلسطينيين. وتصاعد إطلاق الصواريخ من غزة. وفي الثاني من يوليو/تموز، اختطف متطرفون إسرائيليون المراهق الفلسطيني محمد أبو خضير وأحرقوه حياً في هجوم انتقامي.
DET-929,DET-929,hist014,#ERROR!,#ERROR!
DET-930,DET-930,hist014,مقتل أربعة فتيان على شاطئ غزة,#ERROR!
DET-931,DET-931,hist014,مجزرة عائلة البطش,#ERROR!
DET-932,DET-932,hist014,#ERROR!,تقتحم القوات البرية الإسرائيلية قطاع غزة من عدة نقاط. الهدف المعلن: تحديد مواقع الأنفاق العابرة للحدود وتدميرها. انتشار مكثف للدبابات والمدفعية والمشاة. اشتدّت حدة القتال بشكل كبير. وتزايدت الخسائر في صفوف المدنيين.
DET-933,DET-933,hist014,مجزرة الشجاعية,شنت القوات الإسرائيلية هجوماً واسع النطاق على حي الشجاعية شرقي مدينة غزة، ما أسفر عن مقتل أكثر من مئة فلسطيني خلال نحو 24 ساعة. وقصفت آلاف القذائف المدفعية منطقة مكتظة بالسكان (92 ألف نسمة في مساحة 6 كيلومترات مربعة). ووردت أنباء عديدة عن إطلاق النار على مدنيين أثناء فرارهم رافعين رايات بيضاء. وقد دُمر الحي بأكمله تدميراً شبه كامل.
DET-934,DET-934,hist014,#ERROR!,عائلة أبو جامع: 17 قتيلاً في غارة جوية استهدفت منزلهم في خان يونس. عائلة النجار: 26 قتيلاً (معظمهم من النساء والأطفال) عندما استُهدفت أربعة منازل بصواريخ. كما قُتلت عدة عائلات أخرى في اليوم نفسه. كان هذا اليوم من أكثر أيام العملية دموية.
DET-935,DET-935,hist014,#ERROR!,أصدر مجلس حقوق الإنسان التابع للأمم المتحدة القرار S-21/1 بإنشاء لجنة تحقيق مستقلة للتحقيق في انتهاكات القانون الدولي. ورفضت إسرائيل التعاون فوراً.
DET-936,DET-936,hist014,تدمير محطة توليد الكهرباء في غزة,"دمرت الغارات الإسرائيلية محطة توليد الكهرباء الوحيدة في غزة، مما أدى إلى توقف محطات معالجة المياه وشبكات الصرف الصحي. أدانت منظمة العفو الدولية هذه الغارات ووصفتها بأنها ""عقاب جماعي"". أما منظمة هيومن رايتس ووتش، فقد وصفتها بأنها ""هجوم غير قانوني وغير متناسب"" تسبب في أضرار مدنية أكبر بكثير من أي مكاسب عسكرية."
DET-937,DET-937,hist014,الجمعة السوداء - مجزرة رفح,"بعد أنباء عن أسر جندي إسرائيلي، استندت إسرائيل إلى توجيهات هانيبال. وفي غضون ثلاث ساعات، أطلقت القوات الإسرائيلية أكثر من ألف قذيفة مدفعية على رفح، ما أسفر عن مقتل ما بين 130 و150 فلسطينياً، غالبيتهم العظمى من المدنيين. ووصف الأمين العام للأمم المتحدة، بان كي مون، الحادث بأنه ""انتهاك أخلاقي وعمل إجرامي"". أما وزارة الخارجية الأمريكية، فقد وصفته بأنه ""مروع"" و""مخزٍ""."
DET-938,DET-938,hist014,تعرض ملاجئ مدارس الأمم المتحدة للهجوم,تم توثيق هجمات متعددة على مدارس تابعة للأمم المتحدة تؤوي فلسطينيين نازحين خلال العملية. استُهدفت مدارس الأونروا في بيت حانون وجبليا ورفح رغم وجود علامات واضحة وتنسيق مع الجيش الإسرائيلي. قُتل 44 فلسطينياً في منشآت تابعة للأمم المتحدة، وأُصيب 227 آخرون، وفقاً لتحقيق أجرته الأمم المتحدة.
DET-939,DET-939,hist014,#ERROR!,أعدمت حماس 21 شخصاً بتهمة التعاون مع إسرائيل رمياً بالرصاص. 16 منهم نُقلوا من سجن الكتيبة حيث كانوا محتجزين لدى سلطات غزة. تم الإعدام دون اتباع الإجراءات القانونية السليمة. وقد خلصت لجنة تابعة للأمم المتحدة إلى أن عمليات الإعدام تُعد جريمة حرب بموجب المادة الثالثة المشتركة من اتفاقيات جنيف.
DET-940,DET-940,hist014,يدخل وقف إطلاق النار حيز التنفيذ,بعد وساطة مصرية، تم التوصل إلى اتفاق لوقف إطلاق النار غير المشروط. انتهت العملية بعد 51 يومًا. ادعى كلا الجانبين النصر، لكن لم يحقق أي منهما الأهداف المعلنة. دُمّرت غزة: 18 ألف منزل مدمر، 500 ألف نازح، وبنية تحتية في حالة خراب.
DET-941,DET-941,hist014,#ERROR!,#ERROR!
DET-942,DET-942,hist014,هجمات منهجية على المباني السكنية,حققت لجنة تابعة للأمم المتحدة في 15 حالة قصف على مبانٍ سكنية أسفرت عن مقتل 216 شخصًا، بينهم 115 طفلًا و50 امرأة. وخلصت اللجنة في العديد من الحالات إلى عدم وجود دليل على استهداف عسكري، وأن الهجمات كانت غير متناسبة بشكل صارخ. وثّقت منظمة بتسيلم 606 هجمات على منازل أسفرت عن مقتل 1447 مدنيًا. أُبيدت عائلات بأكملها: عائلة البطش (18 قتيلًا)، وعائلة أبو جامع (17 قتيلًا)، وعائلة النجار (26 قتيلًا).
DET-943,DET-943,hist014,#ERROR!,في 19-20 يوليو/تموز، أطلقت القوات الإسرائيلية آلاف القذائف المدفعية على الشجاعية، إحدى أكثر مناطق غزة اكتظاظًا بالسكان (92 ألف نسمة في مساحة 6 كيلومترات مربعة، أي ثلاثة أضعاف كثافة سكان تل أبيب). وقُتل أكثر من 100 فلسطيني خلال 24 ساعة تقريبًا. يُعدّ استخدام المدفعية غير الدقيقة في منطقة مكتظة بالسكان هجومًا عشوائيًا، وجريمة حرب.
DET-944,DET-944,hist014,#ERROR!,#ERROR!
DET-945,DET-945,hist014,#ERROR!,#ERROR!
DET-946,DET-946,hist014,هجمات على مدارس الأمم المتحدة التي تؤوي النازحين,تعرضت عدة مدارس تابعة للأمم المتحدة، كانت تُعرف بوضوح وتُؤوي مدنيين نازحين، لهجوم. وتعرضت مدارس الأونروا في بيت حانون وجبليا ورفح للهجوم رغم التنسيق مع الجيش الإسرائيلي. وخلص تحقيق للأمم المتحدة إلى أن إسرائيل مسؤولة عن مقتل 44 فلسطينياً في منشآت تابعة للأمم المتحدة، وإصابة 227 آخرين. هذه المنشآت محمية بموجب القانون الدولي الإنساني.
DET-947,DET-947,hist014,#ERROR!,"أدى التدمير المتعمد لمحطة توليد الكهرباء الوحيدة في غزة إلى توقف معالجة المياه وشبكات الصرف الصحي والمستشفيات. وصفت منظمة العفو الدولية ذلك بأنه ""عقاب جماعي"" للسكان بأكملهم. بينما وصفته منظمة هيومن رايتس ووتش بأنه ""هجوم غير قانوني وغير متناسب"" تسبب في ""ضرر مدني أكبر بكثير من المكاسب العسكرية"". كما وصفت التدمير الواسع النطاق للممتلكات بأنه غير مبرر بأي ضرورة عسكرية."
DET-948,DET-948,hist014,شاطئ مدينة غزة - مقتل أربعة فتيان,في التاسع من يوليو/تموز، أطلقت سفينة حربية إسرائيلية النار على أربعة فتيان (تتراوح أعمارهم بين 9 و11 عامًا) من عائلة بكر كانوا يلعبون كرة القدم على شاطئ مدينة غزة، ما أسفر عن مقتلهم جميعًا. وشهد على الحادث عدد من الصحفيين الدوليين. ولم يجد تحقيق أجرته منظمة هيومن رايتس ووتش أي دليل على وجود هدف عسكري قريب، وهو ما يشير إلى ارتكاب جريمة حرب.
DET-949,DET-949,hist014,#ERROR!,#ERROR!
DET-950,DET-950,hist014,#ERROR!,أعدمت حماس 21 شخصاً يُزعم تعاونهم مع إسرائيل رمياً بالرصاص دون اتباع الإجراءات القانونية اللازمة خلال عملية عسكرية. وخلصت لجنة تابعة للأمم المتحدة إلى أن عمليات الإعدام هذه تُخالف المادة الثالثة المشتركة من اتفاقيات جنيف وتُشكل جريمة حرب. وقد أُخذ 16 منهم من سجن الكتيبة أثناء احتجازهم لدى سلطات غزة.
DET-951,DET-951,hist015,مقتل فلسطينيين,لجنة الأمم المتحدة: 189 قتيلاً خلال الفترة من مارس إلى ديسمبر 2018؛ إجمالي قتلى بتسيلم حتى عام 2019: 223 قتيلاً، من بينهم 41 طفلاً و3 مسعفين وصحفيان.
DET-952,DET-952,hist015,#ERROR!,تتراوح أعمارهم بين 8 و17 عامًا. أصغرهم: ليلى الغندور (8 أشهر، تعرضت للغاز المسيل للدموع)؛ أكبر ضحايا الأطفال: 17 عامًا
DET-953,DET-953,hist015,مقتل أحد أفراد الطاقم الطبي,ورزان النجار (21 عاما، مسعفة، 1 يونيو / حزيران 2018)؛ موسى جابر أبو حسنين (36، 14 مايو)؛ عبد الله القططي (20، 20 يوليو)
DET-954,DET-954,hist015,مقتل صحفيين,ياسر مرتجى (30 عامًا، أُطلق عليه النار في 6 أبريل 2018 وكان يرتدي سترة صحفية)؛ أحمد أبو حسين (25 عامًا، أُطلق عليه النار في 13 أبريل، وتوفي في 25 أبريل)
DET-955,DET-955,hist015,#ERROR!,6106 إصابات بالذخيرة الحية؛ 3098 إصابة بشظايا الرصاص؛ أما الباقي فنتج عن الرصاص المطاطي وقنابل الغاز المسيل للدموع
DET-956,DET-956,hist015,#ERROR!,"يوم افتتاح السفارة الأمريكية في القدس، قُتل 60 فلسطينياً، وأُصيب أكثر من 1100 آخرين بالرصاص الحي. وصفت الأمم المتحدة الحادثة بأنها ""مذبحة""."
DET-957,DET-957,hist015,بتر الأطراف ضروري,أُصيب ما لا يقل عن 122 فلسطينياً ببتر في الأطراف السفلية نتيجة إصابات بالغة، من بينهم 20 طفلاً. وهناك أعداد أكبر بكثير معرضة للخطر.
DET-958,DET-958,hist015,عمليات القتل غير المشروعة (تقرير الأمم المتحدة),#ERROR!
DET-959,DET-959,hist015,إصابة أحد أفراد الطاقم الطبي,بما في ذلك 3 قتلى؛ تم استهدافهم على الرغم من وضوح هويتهم من خلال سترات بيضاء تحمل علامة الهلال/الصليب الأحمر
DET-960,DET-960,hist015,إصابة صحفيين,#ERROR!
DET-961,DET-961,hist015,الخسائر الإسرائيلية,لم يُقتل أو يُصب أي جندي أو مدني إسرائيلي على يد المتظاهرين خلال فترة الـ 21 شهرًا بأكملها.
DET-962,DET-962,hist015,بنيامين نتنياهو,#ERROR!
DET-963,DET-963,hist015,أفيغدور ليبرمان,#ERROR!
DET-964,DET-964,hist015,غادي أيزنكوت,#ERROR!
DET-965,DET-965,hist015,إسماعيل هنية,#ERROR!
DET-966,DET-966,hist015,#ERROR!,#ERROR!
DET-967,DET-967,hist015,رزان النجار,#ERROR!
DET-968,DET-968,hist015,#ERROR!,قُتل 223 فلسطينياً وأصيب 28939 آخرون خلال 21 شهراً من الاحتجاجات السلمية في معظمها.
DET-969,DET-969,hist015,#ERROR!,إفلات تام من العقاب: لم تُجرَ أي ملاحقات قضائية ذات مغزى على الرغم من نتائج الأمم المتحدة بشأن الانتهاكات المنهجية.
DET-970,DET-970,hist015,حالة المساءلة,✗ لم تتم محاكمة أي مسؤول أو جندي إسرائيلي بتهمة القتل على الرغم من نتائج الأمم المتحدة
DET-971,DET-971,hist015,#ERROR!,لم تُسجّل أي إصابات بين الإسرائيليين – دليل قاطع على أن المتظاهرين لم يشكلوا أي تهديد حقيقي
DET-972,DET-972,hist015,#ERROR!,سابقة راسخة: إسرائيل تستطيع قتل المتظاهرين دون عقاب؛ والمجتمع الدولي لن يفعل شيئاً.
DET-973,DET-973,hist015,حالة المساءلة,#ERROR!
DET-974,DET-974,hist015,#ERROR!,#ERROR!
DET-975,DET-975,hist015,#ERROR!,#ERROR!
DET-976,DET-976,hist015,حالة المساءلة,✗ لا محاسبة على قتل رزان النجار واثنين من المسعفين الآخرين
DET-977,DET-977,hist015,#ERROR!,#ERROR!
DET-978,DET-978,hist015,#ERROR!,لا يزال الضحايا يعانون: المئات من ذوي الإعاقات الدائمة، والصدمات النفسية، وفقدان سبل العيش.
DET-979,DET-979,hist015,حالة المساءلة,#ERROR!
DET-980,DET-980,hist015,#ERROR!,أكثر من 122 فلسطينيًا احتاجوا إلى بتر أطرافهم؛ 20 منهم أطفال - جيل كامل يعاني من إعاقات مدى الحياة
DET-981,DET-981,hist015,#ERROR!,استمر الحصار المفروض على غزة دون هوادة؛ ولم يتحقق أي من الأهداف المعلنة للاحتجاجات.
DET-982,DET-982,hist015,حالة المساءلة,✗ لا محاسبة على مقتل 41 طفلاً
DET-983,DET-983,hist015,#ERROR!,#ERROR!
DET-984,DET-984,hist015,#ERROR!,#ERROR!
DET-985,DET-985,hist015,حالة المساءلة,#ERROR!
DET-986,DET-986,hist015,#ERROR!,أظهرت الاحتجاجات تصميم الفلسطينيين على السعي لتحقيق حقوقهم رغم الرد المميت
DET-987,DET-987,hist015,#ERROR!,#ERROR!
DET-988,DET-988,hist015,حالة المساءلة,#ERROR!
DET-989,DET-989,hist015,#ERROR!,#ERROR!
DET-990,DET-990,hist015,حالة المساءلة,✓ وثّقت لجنة الأمم المتحدة الانتهاكات بشكل شامل
DET-991,DET-991,hist015,حالة المساءلة,#ERROR!
DET-992,DET-992,hist015,حالة المساءلة,✓ للمحكمة الجنائية الدولية اختصاص قضائي؛ التحقيق جارٍ ولكنه بطيء
DET-993,DET-993,hist015,حالة المساءلة,#ERROR!
DET-994,DET-994,hist015,حالة المساءلة,#ERROR!
DET-995,DET-995,hist015,#ERROR!,#ERROR!
DET-996,DET-996,hist015,#ERROR!,المادة 27 (الأشخاص المحميون): يجب معاملة المدنيين معاملة إنسانية... وحمايتهم من جميع أعمال العنف. إن إطلاق النار على المدنيين الذين لا يشكلون تهديدًا وشيكًا ينتهك هذه الحماية الأساسية.
DET-997,DET-997,hist015,#ERROR!,<strong>القتل غير المشروع:</strong> تبين أن 187 من أصل 189 جريمة قتل تم التحقيق فيها غير مشروعة. ولم يشارك الضحايا بشكل مباشر في الأعمال العدائية، ولم يشكلوا تهديداً وشيكاً بالموت أو الإصابة الخطيرة.
DET-998,DET-998,hist015,#ERROR!,#ERROR!
DET-999,DET-999,hist015,#ERROR!,"المبادئ الأساسية لاستخدام القوة (الأمم المتحدة 1990): ""لا يجوز استخدام الأسلحة النارية بشكل مميت إلا عند الضرورة القصوى لحماية الأرواح"". وخلصت اللجنة إلى أن استخدام القوة لم يكن أمراً لا مفر منه؛ وعدم وقوع إصابات بين الإسرائيليين يدل على عدم وجود تهديد."
DET-1000,DET-1000,hist015,#ERROR!,"المادة 147 (الانتهاكات الجسيمة): ""القتل العمد... والتعذيب... والتسبب عمداً في معاناة شديدة أو إصابة خطيرة"" تُعد انتهاكات جسيمة. وقد بلغ عدد حالات القتل 223 حالة، وعدد الإصابات 28939 حالة، وعدد حالات البتر أكثر من 122 حالة."
DET-1001,DET-1001,hist015,#ERROR!,#ERROR!
DET-1002,DET-1002,hist015,#ERROR!,<strong>الصحفيون:</strong> تنص المادة 79 من البروتوكول الإضافي الأول على منح الصحفيين الحماية بصفتهم مدنيين. ويُعد استهداف صحفيين اثنين يحملان علامات واضحة جريمة حرب.
DET-1003,DET-1003,hist015,#ERROR!,الحرمان التعسفي من الحياة: يُعدّ القتل العمد دون مبرر قانوني حرمانًا تعسفيًا من الحياة. لجنة الأمم المتحدة لحقوق الإنسان: يجب على الدول التحقيق في جميع عمليات القتل التي ترتكبها قوات الأمن.
DET-1004,DET-1004,hist015,#ERROR!,#ERROR!
DET-1005,DET-1005,hist015,#ERROR!,#ERROR!
DET-1006,DET-1006,hist015,#ERROR!,<strong>مبدأ التمييز:</strong> يتطلب مبدأ أساسي من مبادئ القانون الدولي الإنساني التمييز بين المقاتلين والمدنيين. إن إطلاق النار على المدنيين العزل، والأطفال، والمسعفين، والصحفيين يُعد انتهاكاً لهذا المبدأ الأساسي.
DET-1007,DET-1007,hist015,#ERROR!,#ERROR!
DET-1008,DET-1008,hist015,#ERROR!,الأطفال: تنص المادة 24 من اتفاقية جنيف الرابعة والمادة 77 من البروتوكول الإضافي الأول على حماية خاصة للأطفال. إن قتل 41 طفلاً يُعد انتهاكاً لهذه الحماية.
DET-1009,DET-1009,hist015,#ERROR!,<strong>مسؤولية القيادة:</strong> نتجت الانتهاكات عن قرارات سياسية على أعلى المستويات. قد تُحدد قواعد الاشتباك التي أقرتها القيادة العسكرية والسياسية العليا مسؤولية القيادة عن جرائم الحرب.
DET-1010,DET-1010,hist015,#ERROR!,<strong>التناسب:</strong> حتى لو شكل بعض الأفراد تهديدًا، فإن قتل 60 شخصًا في يوم واحد (14 مايو) دون وقوع أي إصابات إسرائيلية يدل على رد فعل غير متناسب بشكل صارخ.
DET-1011,DET-1011,hist015,نوع الحدث,
DET-1012,DET-1012,hist015,الجناة,
DET-1013,DET-1013,hist015,تَحَقّق,
DET-1014,DET-1014,hist015,#ERROR!,
DET-1015,DET-1015,hist015,كانتون سانتياغو,#ERROR!
DET-1016,DET-1016,hist015,#ERROR!,بيان المفوض: «لا يوجد أي مبرر لقتل وتشويه صحفيين ومسعفين وأشخاص آخرين يمكن التعرف عليهم بوضوح، والذين لم يشكلوا تهديداً وشيكاً بالموت أو الإصابة الخطيرة. وقد خلصت اللجنة إلى أن قوات الأمن الإسرائيلية قتلت وأصابت بجروح خطيرة متظاهرين لم يشكلوا تهديداً وشيكاً بالموت أو الإصابة الخطيرة للآخرين عند إطلاق النار عليهم».
DET-1017,DET-1017,hist015,روان النجار (والدة رزان),#ERROR!
DET-1018,DET-1018,hist015,الدكتور طارق لوباني,#ERROR!
DET-1019,DET-1019,hist015,ياسر مرتجى (قبل وفاته),"في مقابلة أجريت معه قبل أيام من اغتياله، قال: ""أصوّر الاحتجاجات لأُظهر للعالم ما يحدث هنا. نرتدي سترات صحفية ليعرف الجنود الإسرائيليون أننا صحفيون. لسنا مقاتلين، نحن نوثّق الأحداث"". أُصيب برصاصة في بطنه بينما كان يرتدي سترة صحفية تحمل علامات واضحة. توفي متأثرًا بجراحه. يُظهر مقطع فيديو أنه كان معروفًا بوضوح كصحفي لحظة إطلاق النار عليه."
DET-1020,DET-1020,hist015,بان كي مون,#ERROR!
DET-1021,DET-1021,hist015,#ERROR!,#ERROR!
DET-1022,DET-1022,hist015,#ERROR!,"تقرير خاص عن إصابات الأطراف: ""إن الإصابات التي تعرض لها المرضى بالغة الخطورة، لم يسبق لها مثيل... العظام والأنسجة الرخوة مهشمة، مما يُحدث جروحًا بالغة... سيخضع العديد من المرضى لعمليات جراحية متعددة، وسيحتاج بعضهم إلى بتر الأطراف. هذا النمط من الإصابات غير مسبوق ومثير للقلق للغاية، مما يشير إلى استهداف ممنهج للأطراف السفلية."""
DET-1023,DET-1023,hist015,أطباء من أجل حقوق الإنسان - إسرائيل,بعد التحقيق: «إن استخدام الذخيرة الحية ضد الطاقم الطبي... يشكل انتهاكًا جسيمًا للقانون الدولي الإنساني. فالطاقم الطبي يتمتع بالحماية بموجب اتفاقيات جنيف... إن تصرفات الجيش الإسرائيلي تُعرّض الفرق الطبية للخطر وتحرم الجرحى من العلاج المنقذ للحياة. نطالب بوقف فوري للهجمات على الطاقم الطبي».
DET-1024,DET-1024,hist015,#ERROR!,#ERROR!
DET-1025,DET-1025,hist015,#ERROR!,ينظم نشطاء فلسطينيون مستقلون، من بينهم الصحفي أحمد أبو أرتيمة، احتجاجات للمطالبة بحق العودة وإنهاء الحصار. ومن المقرر أن تستمر الاحتجاجات من 30 مارس (يوم الأرض) إلى 15 مايو (يوم النكبة). وقد تم اختيار خمسة مواقع محددة على طول السياج الفاصل.
DET-1026,DET-1026,hist015,#ERROR!,#ERROR!
DET-1027,DET-1027,hist015,#ERROR!,"تُقام الاحتجاجات كل يوم جمعة. في 6 أبريل/نيسان، قُتل الصحفي ياسر مرتجى رمياً بالرصاص أثناء ارتدائه سترة صحفية لتصوير الاحتجاجات. وفي 13 أبريل/نيسان، قُتل الصحفي أحمد أبو حسين رمياً بالرصاص (توفي في 25 أبريل/نيسان). وكان كلاهما يحملان علامة صحفية واضحة. وبلغ عدد القتلى في أبريل/نيسان أكثر من 40 شخصاً. وصرح وزير الدفاع الإسرائيلي أفيغدور ليبرمان: ""لا يوجد أبرياء في غزة""."
DET-1028,DET-1028,hist015,#ERROR!,#ERROR!
DET-1029,DET-1029,hist015,أكثر الأيام دموية - مقتل 60 شخصاً مع افتتاح الولايات المتحدة سفارتها في القدس,#ERROR!
DET-1030,DET-1030,hist015,#ERROR!,#ERROR!
DET-1031,DET-1031,hist015,#ERROR!,تزور لجنة الأمم المتحدة قطاع غزة والمنطقة المحيطة به (باستثناء إسرائيل - حيث مُنعت من الدخول). وتُجري مئات المقابلات مع الضحايا والشهود والعاملين في المجال الطبي. كما تُراجع الأدلة المصورة والسجلات الطبية وتقارير المقذوفات. وتوثّق كل عملية قتل خلال أيام الاحتجاجات الرسمية.
DET-1032,DET-1032,hist015,مقتل مسعف ثالث؛ وتزايد حالات البتر,"20 يوليو: مقتل عبد الله القطاتي (20 عامًا)، مسعف. مقتل عامل طبي ثالث بالرصاص. منظمة الصحة العالمية تُبلغ عن عدد ""غير مسبوق"" من إصابات الأطراف التي تتطلب بترًا، حيث تسببت الرصاصات في أضرار بالغة للعظام والأنسجة. أُجري أكثر من 100 عملية بتر، ولا تزال هناك حاجة إلى المزيد."
DET-1033,DET-1033,hist015,#ERROR!,الاحتجاجات الأسبوعية مستمرة. بحلول سبتمبر، قُتل أكثر من 180 فلسطينيًا، وأُصيب أكثر من 5500 آخرين بالرصاص الحي. تراجع الاهتمام الدولي. الجيش الإسرائيلي يُبقي على قواعد الاشتباك دون تغيير. لم تُسجّل أي إصابات إسرائيلية طوال فترة الاحتجاجات.
DET-1034,DET-1034,hist015,#ERROR!,"أصدرت اللجنة تقريرًا شاملًا من 289 صفحة. أبرز النتائج: وجود ""أسباب معقولة للاعتقاد"" بأن استخدام الذخيرة الحية كان غير قانوني في 187 حالة من أصل 189 حالة تم التحقيق فيها. لم يشكل الضحايا أي تهديد وشيك. قد تُصنف هذه الانتهاكات كجرائم حرب أو جرائم ضد الإنسانية. يوصي التقرير بإجراء تحقيقات جنائية وإحالة القضية إلى المحكمة الجنائية الدولية."
DET-1035,DET-1035,hist015,#ERROR!,أقرّ مجلس حقوق الإنسان تقرير المفوضية بتصويت 23-8-2016، ودعا إسرائيل إلى الامتثال للتوصيات. رفضت إسرائيل جميع النتائج. وصوّتت الولايات المتحدة وأستراليا والنمسا ضد التقرير، بينما امتنعت دول أوروبية عديدة عن التصويت.
DET-1036,DET-1036,hist015,حماس تعلن إنهاء الاحتجاجات,"بعد 21 شهرًا من المظاهرات الأسبوعية، أعلنت حماس تعليق مسيرات العودة الكبرى. بلغ إجمالي عدد القتلى الفلسطينيين 223، والجرحى 28,939. ولم تُسجّل أي إصابات إسرائيلية. انتهت الاحتجاجات دون تحقيق أي من أهدافها المعلنة: لا تخفيف للحصار، ولا إحراز أي تقدم في حق العودة."
DET-1037,DET-1037,hist015,#ERROR!,#ERROR!
DET-1038,DET-1038,hist015,جرائم القتل غير المشروعة - 187 من أصل 189 قضية,#ERROR!
DET-1039,DET-1039,hist015,استهداف الكوادر الطبية,#ERROR!
DET-1040,DET-1040,hist015,#ERROR!,#ERROR!
DET-1041,DET-1041,hist015,مقتل 41 طفلاً,قُتل 41 طفلاً (تتراوح أعمارهم بين 8 أشهر و17 عاماً). وخلصت لجنة الأمم المتحدة إلى أن الأطفال، في الغالبية العظمى من الحالات، لم يشكلوا أي تهديد مباشر عند إطلاق النار عليهم. توفيت ليلى الغندور (8 أشهر) نتيجة استنشاق الغاز المسيل للدموع. وأُطلق النار على آخرين بالذخيرة الحية. يُعد القتل العمد للأشخاص المحميين (الأطفال) انتهاكاً جسيماً لاتفاقية جنيف الرابعة.
DET-1042,DET-1042,hist015,#ERROR!,#ERROR!
DET-1043,DET-1043,hist015,#ERROR!,"14 مايو/أيار 2018: مقتل 60 شخصًا وإصابة أكثر من 1100 آخرين في يوم واحد. عدم وقوع أي إصابات إسرائيلية طوال فترة الـ 21 شهرًا يُثبت أن استخدام القوة لم يكن ردًا على تهديد وشيك. الأمم المتحدة: استخدام القوة المميتة كان ""غير متناسب"" و""غير ضروري تمامًا"". إطلاق النار العشوائي على حشود المدنيين يُعد انتهاكًا لمبادئ القانون الدولي الإنساني الأساسية."
DET-1044,DET-1044,hist015,#ERROR!,سمحت قواعد الاشتباك العسكرية الإسرائيلية للقناصة باستخدام الذخيرة الحية ضد المتظاهرين الذين لا يشكلون تهديدًا وشيكًا. كما سمحت هذه القواعد بإطلاق النار على الأشخاص الذين يقتربون من السياج، أو إتلافه، أو إشعال الإطارات - وكلها لا تشكل تهديدًا وشيكًا للحياة. إن قواعد الاشتباك التي تجيز عمليات القتل غير المشروعة قد تُعتبر أوامر عليا بارتكاب جرائم حرب.
DET-1045,DET-1045,hist015,جرائم محتملة ضد الإنسانية,لجنة الأمم المتحدة: بالنظر إلى نمط الانتهاكات وحجمها وطبيعتها المنهجية - 223 قتيلاً و28939 جريحاً على مدى 21 شهراً - فإن هذه الانتهاكات قد تشكل جرائم ضد الإنسانية. وتشمل عناصرها: هجوماً واسع النطاق أو منهجياً ضد السكان المدنيين، ومعرفة بالهجوم، والأفعال المصاحبة له (كالقتل والتعذيب). وقد أوصت اللجنة بإجراء تحقيق من قبل المحكمة الجنائية الدولية.
DET-1046,DET-1046,hist016,مقتل فلسطينيين,#ERROR!
DET-1047,DET-1047,hist016,#ERROR!,#ERROR!
DET-1048,DET-1048,hist016,مجزرة شارع الوحدة - 16 مايو,#ERROR!
DET-1049,DET-1049,hist016,عائلة المصري - 10 مايو,#ERROR!
DET-1050,DET-1050,hist016,مخيم شاطئ للاجئين - 15 مايو,#ERROR!
DET-1051,DET-1051,hist016,#ERROR!,أرقام وزارة الصحة في غزة؛ العديد منهم يعانون من إصابات خطيرة تتطلب رعاية طويلة الأمد
DET-1052,DET-1052,hist016,مقتل إسرائيليين,12 مدنياً (بمن فيهم طفل، وعاملان تايلانديان، وعربيان إسرائيليان)؛ جندي واحد قُتل بصاروخ مضاد للدبابات
DET-1053,DET-1053,hist016,#ERROR!,أصيب المئات جراء الصواريخ والشظايا، وهم يهرعون إلى الملاجئ؛ وتعرض العديد منهم لنوبات قلق.
DET-1054,DET-1054,hist016,#ERROR!,شنّ الجيش الإسرائيلي غارات على أكثر من 1500 هدف، بما في ذلك مبانٍ سكنية وأنفاق مزعومة ومنشآت حكومية.
DET-1055,DET-1055,hist016,#ERROR!,#ERROR!
DET-1056,DET-1056,hist016,صواريخ فلسطينية معطلة,#ERROR!
DET-1057,DET-1057,hist016,بنيامين نتنياهو,#ERROR!
DET-1058,DET-1058,hist016,#ERROR!,#ERROR!
DET-1059,DET-1059,hist016,أفيف كوخافي,"القائد العسكري الأعلى خلال العملية. اتخذ القرارات العملياتية، بما في ذلك تحديد الأهداف. صرّح لاحقًا بأن الجيش الإسرائيلي قصف أكثر من 1500 هدف، من بينها نظام أنفاق ""المترو"". تصرفت القوات وفقًا للقانون الدولي."
DET-1060,DET-1060,hist016,#ERROR!,زعيم حماس في غزة. اتخذ قرار إطلاق الصواريخ على القدس بعد اقتحام المسجد الأقصى. نسّق مع حركة الجهاد الإسلامي حملة صاروخية متواصلة. قدّم العملية على أنها دفاع عن القدس والمسجد الأقصى.
DET-1061,DET-1061,hist016,إسماعيل هنية,الزعيم السياسي العام لحماس. أيد عمليات إطلاق الصواريخ. شارك في وساطة وقف إطلاق النار في مصر. دافع عن الهجمات باعتبارها مقاومة للاحتلال ودفاعاً عن القدس.
DET-1062,DET-1062,hist016,محمد ديف,"قائد الجناح العسكري لحماس. أشرف على عمليات إطلاق الصواريخ والدفاع عن الأنفاق. أطلق على العملية اسم ""سيف القدس"" للتأكيد على سياق القدس."
DET-1063,DET-1063,hist016,الأثر الفوري (مايو - يونيو 2021),#ERROR!
DET-1064,DET-1064,hist016,#ERROR!,#ERROR!
DET-1065,DET-1065,hist016,حالة المساءلة,✗ لم تتم محاكمة أي مسؤول أو جندي إسرائيلي بسبب انتهاكات موثقة
DET-1066,DET-1066,hist016,الأثر الفوري (مايو - يونيو 2021),#ERROR!
DET-1067,DET-1067,hist016,#ERROR!,#ERROR!
DET-1068,DET-1068,hist016,حالة المساءلة,#ERROR!
DET-1069,DET-1069,hist016,الأثر الفوري (مايو - يونيو 2021),أول تصعيد كبير حيث ردت حماس بشكل مباشر على أحداث القدس - تحول موقف حماس كمدافع عن المسجد الأقصى
DET-1070,DET-1070,hist016,#ERROR!,#ERROR!
DET-1071,DET-1071,hist016,حالة المساءلة,#ERROR!
DET-1072,DET-1072,hist016,الأثر الفوري (مايو - يونيو 2021),#ERROR!
DET-1073,DET-1073,hist016,#ERROR!,#ERROR!
DET-1074,DET-1074,hist016,حالة المساءلة,✗ لا محاسبة على تفجير مخيم الشاطئ (مقتل 8 أطفال)
DET-1075,DET-1075,hist016,الأثر الفوري (مايو - يونيو 2021),#ERROR!
DET-1076,DET-1076,hist016,#ERROR!,#ERROR!
DET-1077,DET-1077,hist016,حالة المساءلة,✗ التحقيقات العسكرية الإسرائيلية: نمط معتاد لإغلاق القضايا دون محاسبة حقيقية
DET-1078,DET-1078,hist016,الأثر الفوري (مايو - يونيو 2021),#ERROR!
DET-1079,DET-1079,hist016,#ERROR!,#ERROR!
DET-1080,DET-1080,hist016,حالة المساءلة,✗ الجماعات المسلحة الفلسطينية: لا توجد تحقيقات أو ملاحقات قضائية معروفة بشأن الهجمات الصاروخية العشوائية
DET-1081,DET-1081,hist016,الأثر الفوري (مايو - يونيو 2021),فاقمت الكارثة الإنسانية في غزة وسط الحصار المستمر منذ 14 عاماً
DET-1082,DET-1082,hist016,#ERROR!,إن فشل المجتمع الدولي في معالجة الأسباب الجذرية (الاحتلال، الحصار، الفصل العنصري) ضمن حدوث تصعيدات مستقبلية.
DET-1083,DET-1083,hist016,حالة المساءلة,✓ وثّقت منظمة هيومن رايتس ووتش بشكل شامل الانتهاكات التي ارتكبها كلا الجانبين
DET-1084,DET-1084,hist016,#ERROR!,#ERROR!
DET-1085,DET-1085,hist016,حالة المساءلة,✓ دعت منظمة هيومن رايتس ووتش إلى إجراء تحقيق من قبل المحكمة الجنائية الدولية وفرض عقوبات محددة الأهداف
DET-1086,DET-1086,hist016,حالة المساءلة,✓ للمحكمة الجنائية الدولية اختصاص قضائي؛ التحقيق جارٍ ولكن التقدم بطيء
DET-1087,DET-1087,hist016,حالة المساءلة,#ERROR!
DET-1088,DET-1088,hist016,حالة المساءلة,✓ اتحد المجتمع الدولي لحقوق الإنسان في إدانة الانتهاكات التي ارتكبها كلا الجانبين
DET-1089,DET-1089,hist016,انتهاكات القانون الإنساني الدولي - القوات الإسرائيلية,#ERROR!
DET-1090,DET-1090,hist016,الجماعات المسلحة الفلسطينية - جرائم الحرب,"<strong>حظر الهجمات العشوائية:</strong> أُطلقت 4360 صاروخًا وقذيفة هاون غير موجهة على مراكز سكانية إسرائيلية. هيومن رايتس ووتش: هذه الهجمات ""تُخالف حظر الهجمات غير الموجهة إلى أهداف عسكرية محددة""."
DET-1091,DET-1091,hist016,#ERROR!,#ERROR!
DET-1092,DET-1092,hist016,المساءلة والتحقيقات,#ERROR!
DET-1093,DET-1093,hist016,انتهاكات القانون الإنساني الدولي - القوات الإسرائيلية,#ERROR!
DET-1094,DET-1094,hist016,الجماعات المسلحة الفلسطينية - جرائم الحرب,استهداف المدنيين: إطلاق صواريخ عمداً على مناطق مدنية، بما في ذلك الأحياء السكنية والمدن. كل عملية إطلاق صواريخ على منطقة مدنية تُعد جريمة حرب.
DET-1095,DET-1095,hist016,#ERROR!,#ERROR!
DET-1096,DET-1096,hist016,المساءلة والتحقيقات,#ERROR!
DET-1097,DET-1097,hist016,انتهاكات القانون الإنساني الدولي - القوات الإسرائيلية,#ERROR!
DET-1098,DET-1098,hist016,الجماعات المسلحة الفلسطينية - جرائم الحرب,<strong>أسلحة غير قادرة على التمييز:</strong> لا تستطيع الصواريخ غير الموجهة بطبيعتها التمييز بين الأهداف العسكرية والمدنية عند إطلاقها على المناطق المأهولة بالسكان - فهي عشوائية بطبيعتها.
DET-1099,DET-1099,hist016,#ERROR!,#ERROR!
DET-1100,DET-1100,hist016,المساءلة والتحقيقات,#ERROR!
DET-1101,DET-1101,hist016,انتهاكات القانون الإنساني الدولي - القوات الإسرائيلية,#ERROR!
DET-1102,DET-1102,hist016,الجماعات المسلحة الفلسطينية - جرائم الحرب,#ERROR!
DET-1103,DET-1103,hist016,#ERROR!,<strong>سياق العملية:</strong> يجب فهم عملية حارس الجدران في هذا السياق الأوسع لنظام الفصل العنصري والانتهاكات المنهجية ضد السكان الفلسطينيين.
DET-1104,DET-1104,hist016,المساءلة والتحقيقات,<strong>واجب التحقيق:</strong> تنص اتفاقيات جنيف على إلزام الأطراف المتعاقدة السامية بالبحث عن مرتكبي الانتهاكات الجسيمة المزعومين ومقاضاتهم. وقد أخلّت إسرائيل بهذا الالتزام.
DET-1105,DET-1105,hist016,نوع الحدث,
DET-1106,DET-1106,hist016,سياق الزناد,
DET-1107,DET-1107,hist016,تَحَقّق,
DET-1108,DET-1108,hist016,نتائج هيومن رايتس ووتش,
DET-1109,DET-1109,hist016,جيري سيمبسون,#ERROR!
DET-1110,DET-1110,hist016,#ERROR!,"أدليت بشهادتي أمام هيومن رايتس ووتش قائلةً: ""شعرتُ وكأن الأرض قد اختفت من تحت أقدامنا لحظة اصطدام الصاروخ. انهار المبنى تمامًا، وتحولت ثلاثة طوابق إلى طابق واحد. قُتل أخي عز الدين، وزوجته وأطفاله الأربعة، وابن عمي وائل وزوجته وأطفاله الثلاثة. كما انهار المبنى المجاور لنا. سمعنا صراخ الناس يستغيثون من تحت الأنقاض لساعات. لقي 44 شخصًا من شارعنا حتفهم. لم يكن هناك مقاتلون هنا، ولا هدف عسكري."""
DET-1111,DET-1111,hist016,يوسف المصري,"يصف غارة العاشر من مايو/أيار التي أودت بحياة أطفاله قائلاً: ""كان أطفالي يجمعون الشعير لإطعام الحيوانات. رأيت ذلك بأم عيني - الصاروخ جاء من الشرق [من إسرائيل]. تشتت أطفالي في كل مكان، وتمزقت أشلاءهم. تقول إسرائيل إنه صاروخ فلسطيني، لكنني أعرف ما رأيت. كانوا مجرد أطفال يعملون، وليسوا مقاتلين."" فقد رهف (10 سنوات)، ويزن (13 سنة)، ومروان (12 سنة)، وإبراهيم (7 سنوات)، وطفلين آخرين."
DET-1112,DET-1112,hist016,أنطونيو غوتيريس,"بيان خلال النزاع: ""يجب وقف القتال. يجب أن يتوقف فوراً. يجب وقف إطلاق الصواريخ وقذائف الهاون من جانب، والقصف الجوي والمدفعي من جانب آخر... أناشد جميع الأطراف ضبط النفس إلى أقصى حد، وحماية المدنيين، والسماح لجهود الوساطة بالتكثيف والنجاح"". كما أدان عمليات إخلاء الشيخ جراح باعتبارها انتهاكات للقانون الدولي."
DET-1113,DET-1113,hist016,#ERROR!,"في بيان صدر أثناء النزاع: ""تقع على عاتق جميع أطراف هذا النزاع مسؤولية مطلقة للامتثال للقانون الدولي الإنساني. ويجب عليهم اتخاذ جميع الاحتياطات الممكنة لحماية المدنيين. وقد انتهكت القوات الإسرائيلية هذه الالتزامات مراراً وتكراراً... كما أظهرت الجماعات الفلسطينية المسلحة استهتاراً صارخاً بالقانون الدولي الإنساني من خلال إطلاق الصواريخ عشوائياً على المناطق المدنية في إسرائيل."""
DET-1114,DET-1114,hist016,#ERROR!,#ERROR!
DET-1115,DET-1115,hist016,هيومن رايتس ووتش (مؤسسة),"خلاصة تقرير أبريل 2021: ""ينبغي على الساعين إلى تحقيق السلام الإسرائيلي الفلسطيني، سواءً كان ذلك بحل الدولة الواحدة أو الدولتين أو الكونفدرالية، أن يدركوا في الوقت الراهن حقيقة هذا الواقع وأن يستخدموا أدوات حقوق الإنسان الكفيلة بإنهاء هذا الوضع. ويشمل ذلك دعوة الدول إلى ربط مبيعات الأسلحة والمساعدات الأمنية لإسرائيل باتخاذها خطوات ملموسة وقابلة للتحقق نحو وقف ارتكابها لهذه الجرائم."""
DET-1116,DET-1116,hist016,#ERROR!,"شهادة مجهولة المصدر من عمليات غزة: ""كانت قواعد الاشتباك فضفاضة للغاية. إذا أشارت المعلومات الاستخباراتية إلى وجود شيء ما، كنا نقصفه. لم نكن نعرف دائمًا ما نقصفه. أحيانًا كانت تنهار مبانٍ بأكملها، ثم نكتشف لاحقًا أن عائلات كانت بداخلها. كان الموقف السائد: حماس هي المسؤولة عن التواجد هناك، وليس نحن."""
DET-1117,DET-1117,hist016,#ERROR!,"أقامت الشرطة الإسرائيلية حواجز عند باب دمشق لمنع التجمعات الرمضانية التقليدية. اندلعت أعمال عنف إثر اعتداء الشرطة على مصلين فلسطينيين. سارت جماعات إسرائيلية يمينية متطرفة في شوارع القدس وهي تهتف ""الموت للعرب"". وتقدمت إجراءات إخلاء الشيخ جراح في المحاكم الإسرائيلية."
DET-1118,DET-1118,hist016,اقتحمت الشرطة الإسرائيلية المسجد الأقصى,داهمت الشرطة الإسرائيلية المسجد الأقصى أثناء صلاة العشاء، وأطلقت الرصاص المطاطي والقنابل الصوتية والغاز المسيل للدموع داخل المسجد، ما أسفر عن إصابة مئات الفلسطينيين. وأثارت صور العنف خلال شهر رمضان إدانات دولية وغضباً عارماً في الأراضي الفلسطينية.
DET-1119,DET-1119,hist016,اقتحام الأقصى الثاني - ليلة القدر,في أقدس ليالي رمضان، اقتحمت الشرطة الإسرائيلية المسجد الأقصى مجدداً، ما أسفر عن إصابة أكثر من 300 فلسطيني. ووجهت حماس إنذاراً نهائياً: الانسحاب من المسجد الأقصى وشيخ الجراح بحلول الساعة السادسة مساءً، وإلا ستواجه عواقب وخيمة.
DET-1120,DET-1120,hist016,#ERROR!,"بعد تجاهل إسرائيل للإنذار، أطلقت حماس وحركة الجهاد الإسلامي صواريخ باتجاه القدس. شنت إسرائيل عملية ""حارس الجدران"" بغارات جوية مكثفة على قطاع غزة، حيث استهدفت أكثر من 130 هدفاً في الساعات الأولى."
DET-1121,DET-1121,hist016,#ERROR!,#ERROR!
DET-1122,DET-1122,hist016,#ERROR!,أطلقت حماس وحركة الجهاد الإسلامي مئات الصواريخ على أشدود وعسقلان، ما أسفر عن مقتل إسرائيليين اثنين وإصابة أكثر من 90 آخرين. كما قُتلت امرأة إسرائيلية ثالثة في ريشون لتسيون. وتصاعدت حدة الغارات الجوية الإسرائيلية على قطاع غزة. والتزم الطرفان بمواصلة العمليات العسكرية.
DET-1123,DET-1123,hist016,عمليات قتل مستهدفة لشخصيات بارزة,اغتالت إسرائيل باسم عيسى (قائد لواء غزة)، وجمعة طلحة، وعدداً من كبار مسؤولي حماس ومهندسيها. وردّت حماس بتصعيد قصفها الصاروخي. واندلعت أعمال عنف بين الطوائف في مدن إسرائيلية مختلطة، منها اللد وعكا وحيفا.
DET-1124,DET-1124,hist016,#ERROR!,#ERROR!
DET-1125,DET-1125,hist016,مجزرة شارع الوحدة,أعنف حادثة: شنّ الجيش الإسرائيلي هجوماً استمر أربع دقائق على شارع الوحدة وسط مدينة غزة. انهارت ثلاثة مبانٍ سكنية متعددة الطوابق بعد أن أصابت صواريخ الطريق/الرصيف المجاور لها. قُتل 44 مدنياً بينهم 18 طفلاً. هيومن رايتس ووتش: لا توجد أهداف عسكرية واضحة - جريمة حرب واضحة.
DET-1126,DET-1126,hist016,"إنذار كاذب من الجيش الإسرائيلي بشأن ""غزو بري""",#ERROR!
DET-1127,DET-1127,hist016,استمرار القصف؛ وتكثيف الجهود الدبلوماسية,تتواصل المناوشات الحادة. عرقلت الولايات المتحدة في البداية بيان وقف إطلاق النار الصادر عن مجلس الأمن الدولي، ثم تراجعت لاحقًا تحت ضغط داخلي. تقود مصر جهود الوساطة. وتحدث وزير الخارجية بلينكن مع نتنياهو عدة مرات.
DET-1128,DET-1128,hist016,يدخل وقف إطلاق النار حيز التنفيذ,بعد 11 يومًا، بدأ سريان وقف إطلاق النار غير المشروط بوساطة مصرية. استمر إطلاق النار من كلا الجانبين حتى دقائق قبل الموعد النهائي. بلغ إجمالي عدد القتلى الفلسطينيين 260 (129 مدنيًا)، والإسرائيليين 13. أُطلق أكثر من 4360 صاروخًا من غزة، ونُفذت أكثر من 1500 غارة جوية إسرائيلية. لم يحقق أي من الطرفين أهدافه الاستراتيجية.
DET-1129,DET-1129,hist016,أصدرت منظمة هيومن رايتس ووتش تقريراً,نشرت منظمة هيومن رايتس ووتش تحقيقاً شاملاً خلص إلى ارتكاب جرائم حرب واضحة من كلا الجانبين. وقد حقق التحقيق في ثلاث غارات إسرائيلية أسفرت عن مقتل 62 مدنياً في مناطق لم تكن فيها أهداف عسكرية واضحة في الجوار. كما وثّق التحقيق الهجمات الصاروخية الفلسطينية باعتبارها جرائم حرب، ودعا إلى إجراء تحقيق من قبل المحكمة الجنائية الدولية.
DET-1130,DET-1130,hist016,هجوم شارع الوحدة - مقتل 44 مدنياً,"في 16 مايو/أيار، الساعة الواحدة صباحاً: أسفر هجوم استمر أربع دقائق عن انهيار ثلاثة مبانٍ سكنية في وسط مدينة غزة، ما أسفر عن مقتل 44 مدنياً بينهم 18 طفلاً. وخلصت منظمة هيومن رايتس ووتش إلى أن المباني انهارت بعد أن أصابت صواريخ طريقاً/رصيفاً مجاوراً لها. ولم تُرصد أي أهداف عسكرية واضحة. وصفت هيومن رايتس ووتش الحادث بأنه ""جريمة حرب واضحة"". وروى الناجي عمر أبو العوف كيف اختفى الطابق تحت أقدام عائلته لحظة سقوط الصواريخ."
DET-1131,DET-1131,hist016,#ERROR!,#ERROR!
DET-1132,DET-1132,hist016,تفجير مخيم شاطئ للاجئين - مقتل 8 أطفال,#ERROR!
DET-1133,DET-1133,hist016,الهجمات الصاروخية العشوائية (جريمة حرب فلسطينية),#ERROR!
DET-1134,DET-1134,hist016,#ERROR!,دمرت إسرائيل عدة أبراج شاهقة في غزة تضم منازل ومتاجر ومكاتب إعلامية. ودُمر برج الجلاء (الذي يضم وكالة أسوشيتد برس وقناة الجزيرة) في 15 مايو/أيار. وقد وجهت إسرائيل تحذيرات، لكن منظمة هيومن رايتس ووتش تحقق فيما إذا كانت الأهداف العسكرية كافية لتبرير التدمير. استهداف ممنهج للبنية التحتية.
DET-1135,DET-1135,hist016,نمط الهجمات بدون أهداف عسكرية واضحة,#ERROR!
DET-1136,DET-1136,hist017,#ERROR!,#ERROR!
DET-1137,DET-1137,hist017,#ERROR!,#ERROR!
DET-1138,DET-1138,hist017,مقتل مدنيين/متظاهرين عُزّل (2022),أُطلق عليهم النار خلال مداهمات أو مظاهرات. من المرجح أن غالبية ضحايا عام 2022 كانوا عُزّلًا وقت وفاتهم.
DET-1139,DET-1139,hist017,#ERROR!,48 عام 2022، و30+ عام 2023 قبل حرب غزة. ومن بينهم جنى زكارنة (15 عاماً)، ومحمود سمودي (12 عاماً)، وفلة المسالمة (15 عاماً).
DET-1140,DET-1140,hist017,مقتل الصحافية: شيرين أبو عقلة,#ERROR!
DET-1141,DET-1141,hist017,#ERROR!,أفادت الأمم المتحدة بأن أكثر من 9000 شخص أصيبوا على يد القوات الإسرائيلية في الضفة الغربية خلال عام 2022
DET-1142,DET-1142,hist017,#ERROR!,26 يناير: مقتل 10 فلسطينيين بينهم امرأة مسنة أصيبت برصاصة في رقبتها، ودهس فتاة تبلغ من العمر 16 عاماً بواسطة مركبة عسكرية
DET-1143,DET-1143,hist017,#ERROR!,٢٢ فبراير: مقتل ١١ شخصاً وإصابة ١٠٢ آخرين (٨٢ منهم بالرصاص الحي). يُظهر مقطع فيديو رجلين أُصيبا برصاص في الظهر أثناء فرارهما.
DET-1144,DET-1144,hist017,غزو ​​جنين يوليو 2023,3-4 يوليو: أكبر عملية عسكرية في الضفة الغربية منذ 20 عامًا. طائرات مسيرة، مروحيات، أكثر من 500 جندي. 12 قتيلاً، 100 جريح، نزوح 500 عائلة
DET-1145,DET-1145,hist017,قتلى إسرائيليين (ربيع 2022),"مقتل 19 إسرائيليًا في هجمات مارس/آذار - مايو/أيار 2022 التي أدت إلى إطلاق عملية ""كسر الموجة"". استُهدف 4 جنود و8 مستوطنين في الضفة الغربية."
DET-1146,DET-1146,hist017,هجمات المستوطنين على الفلسطينيين,سجلت الأمم المتحدة أكثر من 800 هجوم للمستوطنين بين أكتوبر 2023 ومايو 2024. وغالباً ما تحدث هذه الهجمات أثناء أو بعد غارات الجيش الإسرائيلي بموافقة ضمنية منه.
DET-1147,DET-1147,hist017,بنيامين نتنياهو,"عاد إلى السلطة في ديسمبر 2022 بتحالف يميني متطرف. أذن بعملية ""كسر الموجة"" وما تلاها من تصعيدات. دافع عن عمليات القتل باعتبارها مكافحة للإرهاب. رفضت الحكومة جميع الانتقادات الدولية ونتائج الأمم المتحدة."
DET-1148,DET-1148,hist017,يواف غالانت,أشرف على العمليات العسكرية في الضفة الغربية خلال الفترة 2022-2023. أذن بعمليات جنين الرئيسية، بما في ذلك التوغل في يوليو 2023 الذي تضمن قصفاً جوياً. دافع عن استخدام القوة باعتبارها متناسبة.
DET-1149,DET-1149,hist017,#ERROR!,#ERROR!
DET-1150,DET-1150,hist017,#ERROR!,#ERROR!
DET-1151,DET-1151,hist017,#ERROR!,مراسلة مخضرمة في قناة الجزيرة، غطت الصراع الإسرائيلي الفلسطيني لعقدين من الزمن. قُتلت في 11 مايو/أيار 2022 على يد القوات الإسرائيلية بينما كانت ترتدي سترة صحفية تحمل شعار القناة بوضوح. أصبحت رمزاً لاستهداف الصحفيين. وقد خلصت الأمم المتحدة إلى أن قتلها انتهك حقها في الحياة.
DET-1152,DET-1152,hist017,نافي بيلاي,#ERROR!
DET-1153,DET-1153,hist017,الأثر الفوري (2022-2023),مقتل أكثر من 500 فلسطيني - الفترة الأكثر دموية منذ الانتفاضة الثانية (2000-2005)
DET-1154,DET-1154,hist017,#ERROR!,#ERROR!
DET-1155,DET-1155,hist017,حالة المساءلة,#ERROR!
DET-1156,DET-1156,hist017,الأثر الفوري (2022-2023),2022: 220 قتيلاً (48 طفلاً)؛ 2023: 507 قتلى (127 طفلاً) - أكثر الأعوام دموية في التاريخ المسجل
DET-1157,DET-1157,hist017,#ERROR!,#ERROR!
DET-1158,DET-1158,hist017,حالة المساءلة,✗ لا محاسبة على مقتل شيرين أبو عقلة رغم نتائج الأمم المتحدة
DET-1159,DET-1159,hist017,الأثر الفوري (2022-2023),أثارت جريمة قتل شيرين أبو عقلة (مايو 2022) استنكاراً دولياً واسعاً؛ وقد اعتبرت الأمم المتحدة قتلها غير قانوني.
DET-1160,DET-1160,hist017,#ERROR!,#ERROR!
DET-1161,DET-1161,hist017,حالة المساءلة,✗ لا محاسبة على مقتل أكثر من 78 طفلاً
DET-1162,DET-1162,hist017,الأثر الفوري (2022-2023),#ERROR!
DET-1163,DET-1163,hist017,#ERROR!,تضررت مصداقية القانون الدولي: تجاهل نتائج الأمم المتحدة، وعدم تفعيل آليات الإنفاذ.
DET-1164,DET-1164,hist017,حالة المساءلة,✗ لا محاسبة على مداهمة المستشفى بدافع الخيانة (جريمة حرب)
DET-1165,DET-1165,hist017,الأثر الفوري (2022-2023),#ERROR!
DET-1166,DET-1166,hist017,#ERROR!,أدت حرب غزة (أكتوبر 2023 - حتى الآن) إلى تصعيد العنف في الضفة الغربية إلى مستويات غير مسبوقة
DET-1167,DET-1167,hist017,حالة المساءلة,#ERROR!
DET-1168,DET-1168,hist017,الأثر الفوري (2022-2023),أول استخدام مكثف للقصف الجوي في الضفة الغربية منذ الانتفاضة الثانية (يوليو 2023).
DET-1169,DET-1169,hist017,#ERROR!,يشمل تحقيق المحكمة الجنائية الدولية الضفة الغربية، ولكن لم يتم توجيه أي اتهامات حتى عام 2025.
DET-1170,DET-1170,hist017,حالة المساءلة,✗ التحقيقات العسكرية الإسرائيلية: نمط معتاد لإغلاق القضايا دون توجيه اتهامات
DET-1171,DET-1171,hist017,الأثر الفوري (2022-2023),#ERROR!
DET-1172,DET-1172,hist017,#ERROR!,تتزايد نزع الشرعية عن السلطة الفلسطينية؛ وتم تعليق التنسيق الأمني ​​عدة مرات
DET-1173,DET-1173,hist017,حالة المساءلة,✗ لا محاسبة على عنف المستوطنين رغم توثيق أكثر من 800 هجوم
DET-1174,DET-1174,hist017,الأثر الفوري (2022-2023),تم توثيق أكثر من 800 هجوم للمستوطنين في الفترة من أكتوبر 2023 إلى مايو 2024، وغالبًا ما كان ذلك بتواطؤ عسكري.
DET-1175,DET-1175,hist017,#ERROR!,#ERROR!
DET-1176,DET-1176,hist017,حالة المساءلة,#ERROR!
DET-1177,DET-1177,hist017,#ERROR!,#ERROR!
DET-1178,DET-1178,hist017,حالة المساءلة,#ERROR!
DET-1179,DET-1179,hist017,حالة المساءلة,✓ للمحكمة الجنائية الدولية اختصاص قضائي؛ التحقيق جارٍ ولكنه بطيء
DET-1180,DET-1180,hist017,حالة المساءلة,#ERROR!
DET-1181,DET-1181,hist017,حالة المساءلة,✓ قضية شيرين أبو عقلة تُبقي قضية استهداف الصحفيين في دائرة الضوء الدولي
DET-1182,DET-1182,hist017,#ERROR!,إنفاذ القانون مقابل إدارة الأعمال العدائية: خلصت لجنة تابعة للأمم المتحدة إلى أن إسرائيل تطبق بشكل غير قانوني قواعد القانون الدولي الإنساني المتعلقة بإدارة الأعمال العدائية على إنفاذ القانون في الضفة الغربية. الإطار الصحيح هو القانون الدولي لحقوق الإنسان الذي يقيد استخدام القوة المميتة بشكل صارم.
DET-1183,DET-1183,hist017,انتهاكات القانون الإنساني الدولي,#ERROR!
DET-1184,DET-1184,hist017,نتائج مفوضية الأمم المتحدة (أكتوبر 2023),#ERROR!
DET-1185,DET-1185,hist017,#ERROR!,#ERROR!
DET-1186,DET-1186,hist017,متطلبات المساءلة,واجب التحقيق: تنص اتفاقيات جنيف على إلزام الدول بالتحقيق في الانتهاكات الجسيمة. وقد تقاعست إسرائيل بشكل ممنهج عن إجراء تحقيقات جادة.
DET-1187,DET-1187,hist017,#ERROR!,#ERROR!
DET-1188,DET-1188,hist017,انتهاكات القانون الإنساني الدولي,#ERROR!
DET-1189,DET-1189,hist017,نتائج مفوضية الأمم المتحدة (أكتوبر 2023),عمليات جنين: يبدو أن العديد من عمليات عام 2023 قد تضمنت استخداماً غير ضروري وغير متناسب للقوة. إن استخدام الطائرات بدون طيار والمروحيات في المناطق المكتظة بالسكان ينتهك مبدأ التناسب.
DET-1190,DET-1190,hist017,#ERROR!,#ERROR!
DET-1191,DET-1191,hist017,متطلبات المساءلة,#ERROR!
DET-1192,DET-1192,hist017,#ERROR!,"المبادئ الأساسية بشأن استخدام القوة والأسلحة النارية (1990): ""لا يجوز استخدام الأسلحة النارية بشكل مميت إلا عندما يكون ذلك ضرورياً للغاية لحماية الأرواح"". ولا تفي غالبية عمليات القتل في الضفة الغربية بهذا المعيار."
DET-1193,DET-1193,hist017,انتهاكات القانون الإنساني الدولي,#ERROR!
DET-1194,DET-1194,hist017,نتائج مفوضية الأمم المتحدة (أكتوبر 2023),#ERROR!
DET-1195,DET-1195,hist017,#ERROR!,#ERROR!
DET-1196,DET-1196,hist017,متطلبات المساءلة,#ERROR!
DET-1197,DET-1197,hist017,#ERROR!,#ERROR!
DET-1198,DET-1198,hist017,انتهاكات القانون الإنساني الدولي,حظر الغدر: تحظر المادة 37 من البروتوكول الإضافي الأول التظاهر بالحماية بغرض القتل. وتُعدّ مداهمة المستشفى في يناير 2024، التي نفذها كوماندوز متنكرون في زيّ طاقم طبي، جريمة غدر وجريمة حرب.
DET-1199,DET-1199,hist017,نتائج مفوضية الأمم المتحدة (أكتوبر 2023),#ERROR!
DET-1200,DET-1200,hist017,#ERROR!,النساء والعائلات: ماجدة عبيد (61 عامًا) أُصيبت برصاصة في رقبتها وهي تشاهد من النافذة؛ وفولة المسالمة (15 عامًا) قُتلت قبل يوم من عيد ميلادها - وهذا يدل على الطبيعة العشوائية للقوة.
DET-1201,DET-1201,hist017,متطلبات المساءلة,#ERROR!
DET-1202,DET-1202,hist017,نوع الحدث,
DET-1203,DET-1203,hist017,اسم العملية,
DET-1204,DET-1204,hist017,تَحَقّق,
DET-1205,DET-1205,hist017,#ERROR!,
DET-1206,DET-1206,hist017,نافي بيلاي,"جاء في تقرير أكتوبر 2023: ""تطبق إسرائيل الإطار المنظم لسلوك الأعمال العدائية على عمليات إنفاذ القانون في الضفة الغربية، بما يخالف القانون الدولي، مما أسفر عن مقتل وإصابة مدنيين. وقد وثّقت اللجنة اتجاهات مقلقة في استخدام قوات الأمن الإسرائيلية للقوة... ويبدو أن العمليات في جنين عام 2023 قد تضمنت استخدام قوة غير ضرورية وغير متناسبة."""
DET-1207,DET-1207,hist017,شذا زكارنيه,"وصف مقتل ابنته: ""كانت جانا على سطح منزلنا تلعب مع قطتها. لم تكن تُشارك في أي احتجاج، ولم تكن قريبة من أي قتال. أطلق عليها قناص إسرائيلي النار مرتين في وجهها. كانت ابنتي مجرد طفلة تلعب مع حيوانها الأليف. كيف يُمكنهم القول إنها كانت تُشكّل تهديدًا؟ قتلوها بلا سبب سوى أنها فلسطينية."" توفيت جانا في يناير 2023."
DET-1208,DET-1208,hist017,الجزيرة (المؤسسية),#ERROR!
DET-1209,DET-1209,hist017,أنطونيو غوتيريس,بعد غارة جنين في يناير 2023: «أشعر بقلق بالغ إزاء المسار الخطير للعنف في الضفة الغربية المحتلة... مستوى العنف صادم. العمليات الأمنية الإسرائيلية والهجمات الفلسطينية في ازدياد. أدعو الجميع إلى تجنب المزيد من التصعيد». وفي وقت لاحق: «ما زلنا نشهد نمطًا من استخدام القوات الإسرائيلية للقوة المميتة دون مبرر».
DET-1210,DET-1210,hist017,#ERROR!,#ERROR!
DET-1211,DET-1211,hist017,وفاء عبيد,"تصف مقتل والدتها قائلةً: ""كانت والدتي في غرفتها، تنظر من النافذة إلى ما يحدث في الشارع أثناء الغارة. أطلق قناص إسرائيلي النار عليها في رقبتها. كانت تبلغ من العمر 61 عامًا، لم تكن مقاتلة، ولم تكن تشكل أي تهديد. مجرد جدة تراقب من نافذتها. قتلوها في منزلها."" توفيت ماجدة في غارة جنين في يناير 2023."
DET-1212,DET-1212,hist017,بتسيلم (منظمة حقوق الإنسان الإسرائيلية),"بيان بشأن أحداث العنف عام 2022: ""بلغ عدد القتلى في الضفة الغربية وقطاع غزة أعلى مستوى له منذ عام 2006... إن سياسة إطلاق النار المفتوح الإسرائيلية في الضفة الغربية تسمح لقوات الأمن باستخدام قوة قد تكون مميتة حتى عندما لا تكون حياتهم في خطر. هذه السياسة تحوّل كل نشاط عسكري وكل مظاهرة فلسطينية إلى وضع يهدد حياة الفلسطينيين."""
DET-1213,DET-1213,hist017,#ERROR!,#ERROR!
DET-1214,DET-1214,hist017,#ERROR!,#ERROR!
DET-1215,DET-1215,hist017,#ERROR!,#ERROR!
DET-1216,DET-1216,hist017,#ERROR!,تشنّ إسرائيل حملة عسكرية تتضمن مداهمات شبه ليلية على مدن الضفة الغربية، وخاصة جنين ونابلس. ويركز الهجوم على تفكيك جماعات المقاومة المسلحة، مع تصعيد كبير في استخدام القوة والاعتقالات وهدم المنازل.
DET-1217,DET-1217,hist017,#ERROR!,"مراسلة الجزيرة الفلسطينية المخضرمة، التي أُصيبت برصاصة في رأسها أثناء تغطيتها غارة للجيش الإسرائيلي في جنين، كانت ترتدي سترة تحمل شعار ""صحافة"" بوضوح، وتقف مع صحفيين آخرين. خلصت لجنة تابعة للأمم المتحدة لاحقاً إلى أن القوات الإسرائيلية قتلتها عمداً أو عن طريق الإهمال، في انتهاك صارخ لحقها في الحياة. أثار مقتلها استنكاراً دولياً واسعاً."
DET-1218,DET-1218,hist017,#ERROR!,مع نهاية العام، قُتل 220 فلسطينياً في الأراضي المحتلة (167 في الضفة الغربية/شرق القدس، و53 في غزة). من بين القتلى 48 طفلاً. وأُصيب أكثر من 9000 شخص. أعلنت الأمم المتحدة أن هذا العام هو الأكثر دموية منذ الانتفاضة الثانية. التركيز على جنين (45 قتيلاً) ونابلس (45 قتيلاً) مجتمعتين.
DET-1219,DET-1219,hist017,غارة جنين - مقتل 10 أشخاص,#ERROR!
DET-1220,DET-1220,hist017,غارة على نابلس - 11 قتيلاً و102 جريحاً,"أسفرت غارة واسعة النطاق على نابلس عن مقتل 11 شخصًا وإصابة 102 آخرين (82 منهم بالرصاص الحي). وأظهر مقطع فيديو التقطه أحد الهواة رجلين أُصيبا برصاص في الظهر أثناء فرارهما. وردّت السلطة الفلسطينية بتعليق التنسيق الأمني ​​مع إسرائيل، واصفةً الحادثة بـ""المجزرة"". وبحلول هذا التاريخ، بلغ عدد الفلسطينيين الذين قُتلوا في عام 2023، 61 شخصًا، أي ضعف عدد القتلى في عام 2022."
DET-1221,DET-1221,hist017,#ERROR!,أكبر عملية عسكرية في الضفة الغربية منذ عشرين عاماً. نشرت إسرائيل طائرات مسيرة ومروحيات وأكثر من 500 جندي في هجوم استمر 14 ساعة على مخيم جنين للاجئين. أسفر الهجوم عن مقتل 12 فلسطينياً وإصابة 100 آخرين، ونزوح 500 عائلة قسراً. يُعد هذا أول استخدام مكثف للقوة الجوية في الضفة الغربية منذ الانتفاضة الثانية. كما قُتل جندي إسرائيلي بنيران صديقة.
DET-1222,DET-1222,hist017,يستمر نمط عمليات القتل غير المشروعة,#ERROR!
DET-1223,DET-1223,hist017,#ERROR!,"بعد هجوم حماس في 7 أكتوبر، تصاعدت العمليات الإسرائيلية في الضفة الغربية بشكلٍ كبير. وبحلول ديسمبر 2023، بلغ عدد الفلسطينيين الذين قُتلوا 507 (من بينهم 127 طفلاً). وشهدت المنطقة أول استخدام للغارات الجوية على المساجد في 22 أكتوبر. وأصبح استخدام الطائرات المسيّرة إجراءً روتينياً. واعتقل أكثر من 10,000 فلسطيني. وتم توثيق أكثر من 800 هجوم للمستوطنين. وصفت منظمة أطباء بلا حدود العام بأنه ""الأكثر دموية في التاريخ المسجل""."
DET-1224,DET-1224,hist017,#ERROR!,#ERROR!
DET-1225,DET-1225,hist017,#ERROR!,اقتحمت قوات كوماندوز إسرائيلية، متنكرةً بزيّ عاملين طبيين ونساء مسلمات، مستشفى في جنين، وأطلقت النار على ثلاثة فلسطينيين داخله، ما أسفر عن مقتلهم. وقد رجّح خبراء الأمم المتحدة أن ذلك قد يرقى إلى جرائم حرب. فانتحال صفة العاملين في المجال الطبي وقتل الجرحى، حتى وإن كانوا مسلحين، يُعدّ جريمة حرب.
DET-1226,DET-1226,hist017,#ERROR!,"11 مايو/أيار 2022: أُصيب مراسل قناة الجزيرة برصاصة في رأسه أثناء تغطيته غارة جنين. كان يرتدي سترة تحمل شعار ""صحافة"" بوضوح، ويقف مع صحفيين. خلصت لجنة الأمم المتحدة إلى أنه ""بناءً على أسس معقولة، استخدمت القوات الإسرائيلية القوة المميتة دون مبرر بموجب القانون الدولي لحقوق الإنسان، وانتهكت، عمدًا أو بتهور، حق أبو عقلة في الحياة"". وحددت اللجنة وحدة دوفديفان باعتبارها المسؤولة المحتملة. يُعد قتل صحفي يحمل شعارًا واضحًا، عمدًا أو بتهور، جريمة حرب."
DET-1227,DET-1227,hist017,عمليات الإعدام خارج نطاق القضاء,"يتهم الفلسطينيون القوات الإسرائيلية باتباع سياسة اغتيالات تستهدف قادة الجماعات المسلحة. ففي ثلاث حوادث وقعت عام 2022، أطلقت القوات الإسرائيلية النار على تسعة مقاتلين فلسطينيين داخل سيارات، ما أدى إلى مقتلهم، فيما وصفه الفلسطينيون بـ""الإعدامات الميدانية"". ويُظهر نمط عمليات القتل المستهدفة دون محاولة اعتقال. ويُظهر مقطع فيديو من نابلس في فبراير/شباط 2023 رجلين أُصيبا برصاص في الظهر أثناء فرارهما، ما يدل على القتل المتعمد."
DET-1228,DET-1228,hist017,استخدام القوة غير الضرورية وغير المتناسبة,#ERROR!
DET-1229,DET-1229,hist017,#ERROR!,#ERROR!
DET-1230,DET-1230,hist017,#ERROR!,نمط ممنهج لإطلاق القوات الإسرائيلية النار على سيارات الإسعاف، ومنع الطواقم الطبية من الوصول إلى الجرحى، وتأخير عمليات الإجلاء. يناير 2023، جنين: إطلاق نار على سيارات الإسعاف، وإطلاق قنابل الغاز المسيل للدموع على جناح الأطفال في المستشفى. مايو 2023: مصادر طبية تفيد بأن القوات قيّدت حركة سيارات الإسعاف. يُعدّ حرمان الجرحى من الرعاية الطبية انتهاكًا لاتفاقيات جنيف.
DET-1231,DET-1231,hist017,#ERROR!,يناير 2024: اقتحمت قوات كوماندوز إسرائيلية، متنكرةً بزيّ طاقم طبي ونساء مسلمات، مستشفى جنين، وأطلقت النار على ثلاثة فلسطينيين داخله فقتلتهم. خبراء الأمم المتحدة: قد يرقى ذلك إلى جرائم حرب. يُعدّ الخيانة (التظاهر بالحماية بغرض القتل) جريمة محظورة صراحةً بموجب المادة 37 من البروتوكول الإضافي الأول لاتفاقيات جنيف. كما يُعدّ قتل الجرحى، حتى لو كانوا مسلحين، انتهاكًا للقانون الدولي الإنساني.
DET-1232,DET-1232,hist017,سوء تطبيق الإطار القانوني,خلصت لجنة الأمم المتحدة إلى أن إسرائيل تطبق قواعد القتال (القانون الدولي الإنساني بشأن سير العمليات العدائية) على عمليات إنفاذ القانون في الضفة الغربية، بما يخالف القانون الدولي. وينتج عن ذلك استخدام القوة المميتة بشكل غير مبرر بموجب قانون حقوق الإنسان الذي ينظم إنفاذ القانون. ويُعد هذا قراراً سياسياً ممنهجاً يُتيح عمليات القتل غير المشروعة.
DET-1233,DET-1233,hist017,تدمير الممتلكات المدنية,#ERROR!
DET-1234,DET-1234,hist013,نوع الحدث,
DET-1235,DET-1235,hist013,الجاني,
DET-1236,DET-1236,hist013,تَحَقّق,
DET-1237,DET-1237,hist013,#ERROR!,
DET-1238,DET-1238,hist013,المدنيون الفلسطينيون (لم يشاركوا في الأعمال العدائية),52% من الإجمالي؛ يشمل 32 طفلاً، وعدداً من النساء وكبار السن. 80% قُتلوا في الأيام الأربعة الأخيرة.
DET-1239,DET-1239,hist013,#ERROR!,#ERROR!
DET-1240,DET-1240,hist013,المقاتلون الفلسطينيون,#ERROR!
DET-1241,DET-1241,hist013,#ERROR!,#ERROR!
DET-1242,DET-1242,hist013,الحالة غير معروفة,#ERROR!
DET-1243,DET-1243,hist013,القتلى الإسرائيليون,#ERROR!
DET-1244,DET-1244,hist013,#ERROR!,#ERROR!
DET-1245,DET-1245,hist013,إسرائيلي مصاب,يشمل ذلك 270 طفلاً؛ من هجمات الصواريخ/قذائف الهاون
DET-1246,DET-1246,hist013,تصعيد ما قبل العملية,#ERROR!
DET-1247,DET-1247,hist013,بدء العملية: اغتيال أحمد الجباري,#ERROR!
DET-1248,DET-1248,hist013,#ERROR!,"كانت ابنتي يسرى، ذات الثمانية عشر عامًا، تجلس تشاهد التلفاز في غرفتنا الغربية. كنتُ واقفةً بجوار نافذة الغرفة الشرقية، المجاورة لغرفة يسرى، وكنتُ على وشك مناداة أطفالي ليصعدوا إلى الطابق العلوي. حوالي الساعة الرابعة والنصف مساءً، وقبل أن أتمكن من مناداتهم، سمعتُ دوي انفجار داخل شقتي. رأيتُ الغبار والحطام يتطاير في كل مكان. شعرتُ بألم. خطوتُ بضع خطوات وأمسكتُ بيد يسرى. خطتْ نصف خطوة معي ثم سقطت. حاولتُ العثور عليها لكنني لم أستطع بسبب الغبار والحطام. ناديتُ عليها لكنها لم تُجب... جاء ابني محمد إلى الباب، وأمسك بي واقتادني إلى الشارع. قلتُ له: ""اذهب وابحث عن يسرى"". أخبرني أنها قُتلت... لكنني رفضتُ التحدث مع أحد وقلتُ إنني أريد يسرى. أردتُ رؤيتها والتأكد من أنها بخير، لكنني كنتُ أشعر أنها ليست على ما يُرام."
DET-1249,DET-1249,hist013,تمام العسلي,بعد غداء يوم الأربعاء، ٢١ نوفمبر ٢٠١٢، طلب مني زوجي طلال تحضير الشاي للجميع. خرج طلال إلى حقل قريب يزرعه ليقطف بعض الأعشاب للشاي. رافقه اثنان من أبنائه، ابنه أيمن وابنته عبير. بدأتُ بتحضير الشاي عندما سمعتُ فجأةً دوي انفجار قوي من خلف المنزل. خرجتُ مسرعةً وركضتُ إلى المكان الذي كان فيه طلال والأطفال. قبل أن أصل إليهم، رأيتُ طلال وأيمن ملقيين على الأرض غارقين في الدماء... أدركتُ أن زوجي قد قُتل على الفور. كان أيمن لا يزال يتحرك قليلاً. لم أرَ ابنتي عبير. شعرتُ بدوار وضعف، ثم فقدتُ الوعي. [قيل لي لاحقًا] أن عبير قد قُتلت أيضًا. صرختُ وبكيتُ بحرقة. ثلاثة من أفراد عائلتي قُتلوا بضربة واحدة. فقدتهم جميعًا في لحظة، بلا سبب.
DET-1250,DET-1250,hist013,#ERROR!,في حوالي الساعة التاسعة والنصف مساءً من يوم ١٧ نوفمبر ٢٠١٢، قررتُ أن من الأفضل لنا الذهاب إلى منزل زوجتي الأولى مها، لأنه كان أكثر أمانًا. حملتُ ابنتي الرضيعة وذهبتُ إلى منزل مها، الذي لا يبعد سوى سبعة أمتار. ثم عدتُ لأحضر بعض الملابس وبطانية لميار. طلبتُ من سماهر أن تحضر بطانية أخرى وتلحق بي. غادرت سماهر الشقة وهي تحمل البطانية. وفجأة وقع انفجار هائل. تناثرت قطع الحجارة في كل مكان. وامتلأ الفناء بدخان أبيض كثيف. وجدتُ زوجتي سماهر ملقاة على الأرض قرب درج الشرفة. حملتُها فرأيتُ أن ساقها اليسرى مبتورة وملابسها ممزقة. كان الدم يسيل من فمها. حملتُها وطلبتُ منها أن تُصلي الشهادة، لأني أدركتُ أنها مصابة بجروح بالغة ولن تنجو. [توفيت سماهر في مكان الحادث]
DET-1251,DET-1251,hist013,#ERROR!,في حوالي الساعة الثامنة صباحًا، كان ثلاثة من أحفادي يلعبون أمام المنزل، ضمن فناء المنزل... وفجأة سمعنا دوي انفجار هائل في مكان قريب. هرعنا جميعًا إلى الخارج لنرى ما حدث. انتابتني صدمة شديدة عندما رأيت أن نقطة الانفجار كانت ملاصقة للجدار المحيط بالمنزل، وأن الانفجار قد دمر الجدار تمامًا. رأيت حفيدي إياد ملقىً على الأرض جثة هامدة، فقد أصيب بشظايا مباشرة. وكان حفيدي الآخر، سهيب، ملقىً بجانبه على الأرض ولكنه كان يتحرك. وكانت سارة أيضًا ملقاة على الأرض. اتصلت بالإسعاف على الفور وأخذت إياد. [إياد، 18 شهرًا، قُتل؛ سهيب (6 سنوات) وسارة (4 سنوات) في حالة حرجة]
DET-1252,DET-1252,hist013,بتسيلم (مؤسسية),#ERROR!
DET-1253,DET-1253,hist013,#ERROR!,بيانٌ إلى مجلس حقوق الإنسان التابع للأمم المتحدة (فبراير/شباط 2013): تتبع تحقيقات السلطات الإسرائيلية في الانتهاكات المزعومة للقانون الدولي الإنساني خلال عملية عمود الدفاع نمطاً مألوفاً يتمثل في جلسات استجواب العمليات بدلاً من التحقيقات الجنائية المستقلة. وتفتقر هذه التحقيقات إلى الاستقلالية والشفافية اللازمتين بموجب القانون الدولي. يجب وضع حدٍّ لنمط الإفلات من العقاب على الانتهاكات التي تحدث خلال العمليات العسكرية الإسرائيلية في غزة.
DET-1254,DET-1254,hist013,#ERROR!,#ERROR!
DET-1255,DET-1255,hist013,#ERROR!,#ERROR!
DET-1256,DET-1256,hist013,#ERROR!,دور مصر: توسط الرئيس محمد مرسي في وقف إطلاق النار، مما يمثل مشاركة مصر في دبلوماسية غزة بعد الربيع العربي
DET-1257,DET-1257,hist013,#ERROR!,"التحول التكتيكي: أول نشر قتالي رئيسي لنظام الدفاع الصاروخي ""القبة الحديدية"" - اعترض 436 صاروخًا من أصل 1667 (26%)، مما قلل الخسائر الإسرائيلية مقارنة بحجم الصواريخ"
DET-1258,DET-1258,hist013,#ERROR!,#ERROR!
DET-1259,DET-1259,hist013,الأهمية على المدى الطويل,#ERROR!
DET-1260,DET-1260,hist013,الأهمية على المدى الطويل,"سابقة الإفلات من العقاب: إن الغياب التام للملاحقات القضائية رغم الأدلة الموثقة التي قدمتها بتسيلم يشكل سابقة للعمليات المستقبلية. ويستمر نموذج ""جلسات الاستجواب العملياتية"" الخاص بمجموعة العمل المشتركة."
DET-1261,DET-1261,hist013,الأهمية على المدى الطويل,الرصد الإنساني: حشدت العملية المجتمع الدولي لحقوق الإنسان؛ وأصبح تقرير بتسيلم الصادر في مايو 2013 نموذجاً لمنهجية التحقيق الميداني في مناطق النزاع.
DET-1262,DET-1262,hist013,الأهمية على المدى الطويل,"الخطاب القانوني: أثر نقد منظمة بتسيلم لتعريفات الأهداف العسكرية ""الفضفاضة للغاية"" والتحذيرات غير الكافية على الدعوة إلى القانون الدولي الإنساني والخطاب الأكاديمي حول التناسب."
DET-1263,DET-1263,hist013,الأهمية على المدى الطويل,الصدمة الفلسطينية: تُضاف إلى الصدمة المتراكمة لسكان غزة؛ العائلات التي أُجريت معها مقابلات بعد أشهر لا تزال تعيش حالة من الصدمة والحزن
DET-1264,DET-1264,hist013,#ERROR!,✘ لم تتم أي ملاحقات قضائية للقادة أو الأفراد الإسرائيليين على الرغم من مقتل 87 مدنياً
DET-1265,DET-1265,hist013,#ERROR!,"✘ فتحت وحدة الشؤون العسكرية 70 تحقيقًا؛ وأغلقت قضايا بمعلومات عامة قليلة وبتوصيات ""عدم وجود جريمة جنائية""."
DET-1266,DET-1266,hist013,#ERROR!,"✘ انتقدت منظمة العفو الدولية تحقيقات مجموعة العمل المعنية بالجرائم (MAG) باعتبارها ""جلسات استجواب عملياتية"" تفتقر إلى الاستقلالية (بيان مجلس حقوق الإنسان التابع للأمم المتحدة، فبراير 2013)."
DET-1267,DET-1267,hist013,#ERROR!,"✘ لم تسفر تحقيقات بتسيلم في تسع قضايا أثارت ""شكوكًا خطيرة"" بشأن انتهاكات القانون الدولي الإنساني عن أي ردود جوهرية تتجاوز رسائل غامضة من المدعي العام."
DET-1268,DET-1268,hist013,#ERROR!,"قضية الدلو: على الرغم من اعتراف الجيش الإسرائيلي بـ""خطأ محتمل"" أدى إلى مقتل 12 شخصًا (5 أطفال و5 نساء)، أغلق المدعي العام العسكري القضية بدعوى ""بذل جهود للحد من الضرر"" - دون تقديم أي تفسير لسبب فشل هذه الجهود."
DET-1269,DET-1269,hist013,#ERROR!,✘ قضية إياد أبو خوسة: المدعي العام ينفي وقوع الإضراب رغم وجود وفيات وإصابات موثقة - وهذا يجسد أزمة المساءلة
DET-1270,DET-1270,hist013,#ERROR!,#ERROR!
DET-1271,DET-1271,hist013,#ERROR!,✘ نمط راسخ: الجيش يحقق في شؤونه بنفسه، ويقدم الحد الأدنى من المعلومات للجمهور، ويغلق القضايا، ولا توجد رقابة خارجية
DET-1272,DET-1272,hist013,#ERROR!,تقرير بتسيلم (مايو 2013): تحقيق ميداني ذو معايير ذهبية يوثق تسع حالات مع شهادات شهود مفصلة، ​​وتحليل قانوني، وبيانات سياقية
DET-1273,DET-1273,hist013,#ERROR!,#ERROR!
DET-1274,DET-1274,hist013,#ERROR!,#ERROR!
DET-1275,DET-1275,hist013,#ERROR!,#ERROR!
DET-1276,DET-1276,hist013,بنيامين نتنياهو,المنصب: رئيس الوزراء (1949-حتى الآن) | المسؤولية: السلطة السياسية العليا؛ أذن بالعملية وأعلن نجاحها. الهدف المعلن: وقف الهجمات الصاروخية وتدمير القدرات العملياتية لحماس. | المسيرة المهنية اللاحقة: شغل منصب رئيس الوزراء من 2009 إلى 2021؛ عاد إلى منصبه من 2022 حتى الآن (حتى تاريخ التوثيق) | المساءلة: لم يُجرَ أي تحقيق بشأن الخسائر في صفوف المدنيين خلال العملية. أعلن نجاح العملية رغم توثيق منظمة بتسيلم لـ87 حالة وفاة بين المدنيين.
DET-1277,DET-1277,hist013,#ERROR!,"المنصب: وزير الدفاع (1942-حتى الآن) | المسؤولية: الإشراف على عمليات جيش الدفاع الإسرائيلي؛ مسؤول عن الاستراتيجية العسكرية وتنفيذها. زعمت الوزارة أن العملية نُفذت ""بأقصى درجات المهنية"" ووفقًا للقانون الدولي الإنساني. | المسيرة المهنية اللاحقة: ترك العمل السياسي عام 2013؛ وأسس شركة استشارية | المساءلة: لم يُجرَ أي تحقيق. أغلق فيلق المدعي العام العسكري التحقيقات دون مقاضاة، مُشيرًا إلى ""عدم وجود شبهة جنائية"" على الرغم من أدلة بتسيلم على انتهاكات محتملة للقانون الدولي الإنساني."
DET-1278,DET-1278,hist013,#ERROR!,#ERROR!
DET-1279,DET-1279,hist013,تال روسو,المنصب: قائد سلاح الجو الإسرائيلي (1958-حتى الآن) | المسؤولية: قيادة العمليات الجوية التي شملت الغالبية العظمى من الضربات. نفّذ سلاح الجو الإسرائيلي ضربات دقيقة أسفرت مع ذلك عن مقتل 87 مدنياً، مما أثار تساؤلات حول إجراءات الاستهداف وتقييمات التناسب. | المسيرة المهنية اللاحقة: تقاعد عام 2015؛ شغل مناصب مختلفة في الصناعات الدفاعية | المساءلة: لم يُجرَ أي تحقيق بشأن الخسائر في صفوف المدنيين أو قرارات الاستهداف على الرغم من توثيق منظمة بتسيلم لضربات مشكوك فيها.
DET-1280,DET-1280,hist013,#ERROR!,"المنصب: المدعي العسكري العام (1961-حتى الآن) | المسؤولية: بدء تحقيقات في 70 حالة وفاة مدنيين. ووفقًا لمنظمة العفو الدولية، اتبعت التحقيقات نمط ""الاستجوابات العملياتية"" بدلًا من التحقيقات الجنائية المستقلة. | المسيرة المهنية اللاحقة: شغل منصب المدعي العسكري العام حتى عام 2016 | المساءلة: إغلاق التحقيقات دون ملاحقات قضائية. انتقدت منظمة بتسيلم فيلق المدعي العسكري العام لتقديمه ردودًا ""عامة وغامضة"" دون تقديم تفسيرات جوهرية للأضرار التي لحقت بالمدنيين."
DET-1281,DET-1281,hist013,أحمد الجباري,#ERROR!
DET-1282,DET-1282,hist013,"بتسيلم. ""انتهاكات حقوق الإنسان خلال عملية عمود الدفاع، 14-21 نوفمبر 2012"" (مايو 2013)",تقرير شامل من 44 صفحة: التحقيق في 167 حالة وفاة فلسطينية (87 مدنياً، و32 طفلاً موثقين)؛ تسعة تحقيقات مفصلة في قضايا مع شهود بالاسم؛ تحليل قانوني للقانون الدولي الإنساني؛ ردود جيش الدفاع الإسرائيلي/مجموعة العمل العسكرية الإسرائيلية مرفقة. توثيق لحقوق الإنسان وفق أعلى المعايير.
DET-1283,DET-1283,hist013,"مكتب الأمم المتحدة لتنسيق الشؤون الإنسانية. ""الرصد الإنساني: أكتوبر - نوفمبر 2012""",#ERROR!
DET-1284,DET-1284,hist013,#ERROR!,بيانات مقارنة عن الخسائر الإسرائيلية (6 قتلى، وأكثر من 1600 جريح) نقلاً عن مصادر رسمية إسرائيلية. توفر هذه البيانات سياقاً لعملية عام 2012 ضمن نمط الصراعات في غزة.
DET-1285,DET-1285,hist013,"منظمة العفو الدولية. ""بيان إلى مجلس حقوق الإنسان التابع للأمم المتحدة"" (فبراير 2013)","انتقدت التحقيقات التي تجريها هيئة الرقابة العسكرية الإسرائيلية لافتقارها إلى الاستقلالية والشفافية، ووصفت نمط ""الاستجوابات العملياتية"" بأنه غير كافٍ لتلبية متطلبات القانون الدولي للتحقيقات في جرائم الحرب."
DET-1286,DET-1286,hist013,"هآرتس. ""مع مقتل عائلة بأكملها في غزة جراء غارة جوية إسرائيلية، بدأت إسرائيل تواجه مشكلة"" (18 نوفمبر 2012)","تغطية معاصرة لمجزرة عائلة الدلو. توثق هذه التغطية اعتراف المتحدث باسم الجيش الإسرائيلي بـ""خطأ محتمل"" وتغيير تفسيراته للغارة التي أسفرت عن مقتل 12 مدنياً."
DET-1287,DET-1287,hist013,جهاز الأمن الإسرائيلي (الشاباك). بيانات رسمية (نوفمبر 2012),"أقرت بيانات جهاز الأمن العام (الشاباك) خلال العملية صراحة باستهداف منازل قادة حماس ""والتي كان بعضها يستخدم أيضاً لتخزين الأسلحة"" - وهو اعتراف ضمني بأن بعض المنازل لم تكن لها وظيفة عسكرية."
DET-1288,DET-1288,hist013,"مركز مئير أميت للاستخبارات ومعلومات مكافحة الإرهاب. ""التصعيد من قطاع غزة: ملخص عملية عمود الدفاع""",تجميعة إحصائيات العمليات من منظور مؤيد لإسرائيل: إطلاق 1667 صاروخاً، اعتراضات نظام القبة الحديدية، وجدول زمني. مفيدة للتحقق من صحة الادعاءات العسكرية الإسرائيلية.
DET-1289,DET-1289,hist013,#ERROR!,تحقيقات ميدانية موازية لمنظمة مقرها غزة. توثيق حالات فردية، وتقديم الدعم القانوني لأسر الضحايا، وتقديم القضايا إلى المدعي العام للمحكمة الجنائية الدولية.
DET-1290,DET-1290,hist013,#ERROR!,دعت هيومن رايتس ووتش إلى إجراء تحقيقات في الخسائر في صفوف المدنيين، وانتقدت عدم كفاية التحذيرات، ووثّقت نمطاً من انتهاكات القانون الدولي الإنساني. وعززت نتائج منظمة بتسيلم.
DET-1326,DET-001,curr_001,هجوم على منشأة طبية,
DET-1327,DET-002,curr_001,استهداف الموقع المحمي,
DET-1328,DET-003,curr_001,وفيات المدنيين,
DET-1329,DET-004,curr_001,هجوم على النازحين,
DET-1330,DET-005,curr_001,,وزارة الصحة في غزة
DET-1331,DET-006,curr_001,,تحقيق أجرته منظمة هيومن رايتس ووتش
DET-1332,DET-007,curr_001,,مكتب الأمم المتحدة لتنسيق الشؤون الإنسانية
DET-1333,DET-008,curr_001,,شهادات متعددة من شهود عيان
DET-1334,DET-009,curr_002,هجوم غير متناسب,
DET-1335,DET-010,curr_002,استهداف المدنيين,
DET-1336,DET-011,curr_002,العقاب الجماعي,
DET-1337,DET-012,curr_002,تدمير منازل المدنيين,
DET-1338,DET-013,curr_002,,مكتب الأمم المتحدة لتنسيق الشؤون الإنسانية
DET-1339,DET-014,curr_002,,هيومن رايتس ووتش
DET-1340,DET-015,curr_002,,الدفاع المدني في غزة
DET-1341,DET-016,curr_002,,وكالات أنباء متعددة
DET-1342,DET-017,curr_003,استهداف المدنيين,
DET-1343,DET-018,curr_003,إطلاق النار على متلقي المساعدات,
DET-1344,DET-019,curr_003,التجويع كسلاح حرب,
DET-1345,DET-020,curr_003,مذبحة جماعية,
DET-1346,DET-021,curr_003,,مكتب الأمم المتحدة لتنسيق الشؤون الإنسانية
DET-1347,DET-022,curr_003,,وزارة الصحة في غزة
DET-1348,DET-023,curr_003,,مرصد حقوق الإنسان الأوروبي المتوسطي
DET-1349,DET-024,curr_003,,دليل فيديو
DET-1350,DET-025,curr_004,الهجمات على منشآت الأمم المتحدة,
DET-1351,DET-026,curr_004,استهداف المواقع المحمية,
DET-1352,DET-027,curr_004,الهجمات على النازحين,
DET-1353,DET-028,curr_004,الخسائر في صفوف المدنيين,
DET-1354,DET-029,curr_004,,البيانات الرسمية للأونروا
DET-1355,DET-030,curr_004,,تقارير الأمين العام للأمم المتحدة
DET-1356,DET-031,curr_004,,هيومن رايتس ووتش
DET-1357,DET-032,curr_005,عمليات الإعدام خارج نطاق القضاء,
DET-1358,DET-033,curr_005,تدنيس الموتى,
DET-1359,DET-034,curr_005,حالات الاختفاء القسري,
DET-1360,DET-035,curr_005,جرائم حرب,
DET-1361,DET-036,curr_005,,الدفاع المدني في غزة
DET-1362,DET-037,curr_005,,مكتب الأمم المتحدة لتنسيق الشؤون الإنسانية
DET-1363,DET-038,curr_005,,هيومن رايتس ووتش
DET-1364,DET-039,curr_005,,مرصد حقوق الإنسان الأوروبي المتوسطي
DET-1365,DET-040,curr_006,هجوم على منشأة طبية,
DET-1366,DET-041,curr_006,رفض الرعاية الطبية,
DET-1367,DET-042,curr_006,استهداف الموقع المحمي,
DET-1368,DET-043,curr_006,وفيات المدنيين,
DET-1369,DET-044,curr_006,,من
DET-1370,DET-045,curr_006,,مكتب الأمم المتحدة لتنسيق الشؤون الإنسانية
DET-1371,DET-046,curr_006,,هيومن رايتس ووتش
DET-1372,DET-047,curr_006,,أطباء بلا حدود
DET-1373,DET-048,curr_007,استهداف النازحين,
DET-1374,DET-049,curr_007,استخدام القوة بشكل غير متناسب,
DET-1375,DET-050,curr_007,وفيات المدنيين,
DET-1376,DET-051,curr_007,استخدام الأسلحة الحارقة,
DET-1377,DET-052,curr_007,,مكتب الأمم المتحدة لتنسيق الشؤون الإنسانية
DET-1378,DET-053,curr_007,,وزارة الصحة في غزة
DET-1379,DET-054,curr_007,,هيومن رايتس ووتش
DET-1380,DET-055,curr_007,,دليل فيديو
DET-1381,DET-056,curr_008,استهداف عمال الإغاثة,
DET-1382,DET-057,curr_008,استهداف المركبات المميزة بوضوح,
DET-1383,DET-058,curr_008,جرائم حرب,
DET-1384,DET-059,curr_008,عرقلة المساعدات الإنسانية,
DET-1385,DET-060,curr_008,,بيان من مطبخ وورلد سنترال
DET-1386,DET-061,curr_008,,مجلس الأمن التابع للأمم المتحدة
DET-1387,DET-062,curr_008,,هيومن رايتس ووتش
DET-1388,DET-063,curr_008,,حكومات متعددة
DET-1389,DET-064,curr_009,العقاب الجماعي,
DET-1390,DET-065,curr_009,تدمير البنية التحتية المدنية,
DET-1391,DET-066,curr_009,الإزاحة القسرية,
DET-1392,DET-067,curr_009,جرائم حرب,
DET-1393,DET-068,curr_009,,مكتب الأمم المتحدة لتنسيق الشؤون الإنسانية
DET-1394,DET-069,curr_009,,تحليل صور الأقمار الصناعية
DET-1395,DET-070,curr_009,,هيومن رايتس ووتش
DET-1396,DET-071,curr_009,,مركز الأمم المتحدة للأقمار الصناعية
DET-1397,DET-072,curr_010,التجويع كسلاح حرب,
DET-1398,DET-073,curr_010,الإبادة الجماعية,
DET-1399,DET-074,curr_010,العقاب الجماعي,
DET-1400,DET-075,curr_010,جرائم ضد الإنسانية,
DET-1401,DET-076,curr_010,رفض المساعدات الإنسانية,
DET-1402,DET-077,curr_010,,المقررون الخاصون للأمم المتحدة
DET-1403,DET-078,curr_010,,برنامج الأغذية العالمي
DET-1404,DET-079,curr_010,,هيومن رايتس ووتش
DET-1405,DET-080,curr_010,,مراقبة الإبادة الجماعية
