detail_id,event_id,event_name,category,order,time,heading_label,value,content,source,source_link,submission_id,added_by,reviewed_by
DET-001,hist001,Deir Yassin,casualty,1,,Deaths (scholarly consensus),≈107,"Includes women, children, elderly; some sources cite up to 250","Morris, Benny. 'The Birth of the Palestinian Refugee Problem Revisited' (2004)",https://www.cambridge.org/core/books/birth-of-the-palestinian-refugee-problem-revisited/4A0958EED322D2FAC1D245128A1D44CB,,,
DET-002,hist001,Deir Yassin,casualty,2,,Injured,Dozens,"Gunshot, blast trauma; systematic medical records not preserved",,,,,
DET-003,hist001,Deir Yassin,casualty,3,,Displaced,≈710,Entire village population; not reconstituted,Zochrot - Dayr Yasin Village File,https://www.zochrot.org/villages/village_details/49106/en,,,
DET-004,hist001,Deir Yassin,historical_impact,1,,Immediate Impact,,"Symbolic turning point in 1948 war; widely publicized, fueling panic and flight in surrounding areas",,,,,
DET-005,hist001,Deir Yassin,historical_impact,1,,Long-term Significance,,Central symbol in Palestinian collective memory of the Nakba; commemorated annually April 9,,,,,
DET-006,hist001,Deir Yassin,historical_impact,1,,Accountability,,✘ No perpetrators prosecuted under any legal framework,,,,,
DET-007,hist001,Deir Yassin,historical_impact,2,,Immediate Impact,,"≈250,000 Palestinians fled homes in following weeks (1/3 of total Nakba refugees)",,,,,
DET-008,hist001,Deir Yassin,historical_impact,2,,Long-term Significance,,Subject of ongoing historiographical debate (New Historians vs. traditional narratives),,,,,
DET-009,hist001,Deir Yassin,historical_impact,2,,Accountability,,✘ Menachem Begin (Irgun commander) became Israeli PM (1977–1983); Nobel Peace Prize (1978),,,,,
DET-010,hist001,Deir Yassin,historical_impact,3,,Immediate Impact,,"70,000 Palestinians fled Haifa citing Deir Yassin as reason",,,,,
DET-011,hist001,Deir Yassin,historical_impact,3,,Long-term Significance,,Relevant to contemporary discussions of Palestinian right of return,,,,,
DET-012,hist001,Deir Yassin,historical_impact,3,,Accountability,,"✘ Yitzhak Shamir (Lehi leader) became Israeli PM (1983–1984, 1986–1992)",,,,,
DET-013,hist001,Deir Yassin,historical_impact,4,,Immediate Impact,,Complete depopulation of Deir Yassin; lands integrated into West Jerusalem,,,,,
DET-014,hist001,Deir Yassin,historical_impact,4,,Accountability,,✘ Village site never returned; Kfar Shaul psychiatric hospital built 1951 on village lands,,,,,
DET-015,hist001,Deir Yassin,legal,1,,Law Applicable in April 1948,,"Hague Convention IV (1907): Customary by 1948. Art. 23(c): killing enemies who laid down arms; Art. 25: attack on undefended places; Art. 28: pillage; Art. 46: protection of family honor, lives, property.",,,,,
DET-016,hist001,Deir Yassin,legal,1,,Post-1949 Context (Descriptive),,"Geneva Convention IV (1949): Adopted Aug 12, 1949 (16 months after Deir Yassin). Israel ratified Jul 6, 1951; Jordan May 29, 1951. Not applicable retroactively to April 1948 events.",,,,,
DET-017,hist001,Deir Yassin,legal,1,,Treaty Opposability,,Vienna Convention principle: Treaties not retroactive (Art. 28). Geneva IV cannot be invoked for events predating its adoption.,,,,,
DET-018,hist001,Deir Yassin,legal,2,,Law Applicable in April 1948,,Martens Clause (1899/1907): Humanitarian principles binding even where not explicitly codified.,,,,,
DET-019,hist001,Deir Yassin,legal,2,,Post-1949 Context (Descriptive),,Rome Statute (1998): Modern framework characterizing acts as crimes against humanity and war crimes. Used descriptively; not retroactive enforcement.,,,,,
DET-020,hist001,Deir Yassin,legal,2,,Treaty Opposability,,Customary IHL: Hague 1907 + Martens Clause bound all parties in 1948 regardless of ratification.,,,,,
DET-021,hist001,Deir Yassin,legal,3,,Law Applicable in April 1948,,Note: These instruments were opposable to all parties in 1948 as customary international humanitarian law.,,,,,
DET-022,hist001,Deir Yassin,legal,3,,Post-1949 Context (Descriptive),,Note: Modern classifications aid understanding but do not create retroactive legal obligations.,,,,,
DET-023,hist001,Deir Yassin,quick_fact,1,,Event Type,Massacre,,,,,,
DET-024,hist001,Deir Yassin,quick_fact,2,,Perpetrators,Irgun (Etzel) & Lehi (Stern); Haganah/Palmach support,,,,,,
DET-025,hist001,Deir Yassin,quick_fact,3,,Verification,IPS/PalQuest; Zochrot; ICRC; British archives,,,,,,
DET-026,hist001,Deir Yassin,quick_fact,4,,Classification,War Crime (1907 Hague); Crimes Against Humanity (modern),,,,,,
DET-027,hist001,Deir Yassin,testimony,1,,Jacques de Reynier,,Described heavily armed young militiamen; piles of corpses; rescuing a few survivors; noted a victory parade of captives.,'A Jerusalem Un Drapeau Flottait Sur La Ligne De Feu' (1950),https://www.icrc.org/,,,
DET-028,hist001,Deir Yassin,testimony,2,,Meir Pa'il,,Reported indiscriminate killings and parade of captives in Jerusalem; noted subsequent executions. 'It was direct murder. Haganah command tried to hush up the case.',"Interview with Yediot Aharonot, April 4, 1972",https://www.palquest.org/en/highlight/21194/deir-yasin-massacre-9-april-1948,,,
DET-029,hist001,Deir Yassin,testimony,3,,Fahimi Zidan,,"The Jews ordered all of us to line up against the wall. They started shooting at us. I was wounded in the side, but most of us children were saved because we hid behind our parents. The bullets hit my sister Kadri in the head, my sister Sameh in the cheek, my brother Muhammad in the chest.","British Palestine Police Report, April 13, 1948 - UK National Archives CO 537/3869",https://www.nationalarchives.gov.uk/,,,
DET-030,hist001,Deir Yassin,testimony,4,,Richard Catling,,There is no doubt that many sexual atrocities were committed by the attacking Jews. Many young school girls were raped and later slaughtered. Old women were also molested.,"Secret report to British High Commissioner, April 13, 1948 - UK National Archives CO 537/3869",https://www.nationalarchives.gov.uk/,,,
DET-031,hist001,Deir Yassin,timeline,1,Pre-April 1948,Non-aggression agreement,,Village elders and nearby Jewish communities agree to avoid hostilities.,IPS/PalQuest,https://www.palquest.org/en/highlight/21194/deir-yasin-massacre-9-april-1948,,,
DET-032,hist001,Deir Yassin,timeline,2,"April 9, 1948 (dawn)",Attack begins,,Irgun/Lehi assault from multiple axes; fierce resistance; later Haganah/Palmach mortar support.,IPS/PalQuest,https://www.palquest.org/en/highlight/21194/deir-yasin-massacre-9-april-1948,,,
DET-033,hist001,Deir Yassin,timeline,3,Morning–Afternoon,Killings & looting,,House-to-house killings; reports of executions and desecrations; systematic looting.,IPS/PalQuest; ICRC,https://www.palquest.org/en/highlight/21194/deir-yasin-massacre-9-april-1948,,,
DET-034,hist001,Deir Yassin,timeline,4,Aftermath (Apr 9–11),Captives paraded,,"Survivors driven in trucks, paraded in Jerusalem, then released; international outcry.",IPS/PalQuest; de Reynier account,https://www.palquest.org/en/highlight/21194/deir-yasin-massacre-9-april-1948,,,
DET-035,hist001,Deir Yassin,war_crime,1,,Mass Killings of Civilians,,"Civilians killed in house-to-house operations; bodies found throughout village. Women, children, elderly among victims.",ICRC Documentation,https://www.icrc.org/,,,
DET-036,hist001,Deir Yassin,war_crime,2,,Summary Executions,,Multiple witnesses reported captives lined up and executed. Meir Pa'il (Palmach): 'It was direct murder.',IPS/PalQuest,https://www.palquest.org/en/highlight/21194/deir-yasin-massacre-9-april-1948,,,
DET-037,hist001,Deir Yassin,war_crime,3,,Sexual Violence & Desecration,,British Assistant Inspector Richard Catling (Report CO 537/3869): 'Many sexual atrocities were committed... Many young school girls were raped and later slaughtered.' Bodies mutilated.,UK National Archives,https://www.nationalarchives.gov.uk/,,,
DET-038,hist001,Deir Yassin,war_crime,4,,Looting & Destruction,,Systematic looting of homes; theft of valuables and livestock. Village later demolished; lands absorbed.,,,,,
DET-039,hist001,Deir Yassin,war_crime,5,,Forced Displacement & Humiliation,,Survivors paraded through Jewish neighborhoods before release. Public humiliation photographed and publicized.,Institute for Palestine Studies,https://www.palestine-studies.org/,,,
DET-040,hist002,Tantura ,casualty,1,,Deaths (mass executions),≈200-250,"Primarily men aged 15-60, executed after surrender; bodies buried in mass graves","Katz, Teddy. MA Thesis (1998) - Based on 140+ interviews",https://www.haaretz.com/israel-news/2022-01-20/ty-article-magazine/.premium/tantura-the-massacre-at-the-heart-of-the-nakba-that-israelis-refuse-to-recogn/0000017f-e2a5-d7b2-a77f-e2a7ccb30000,,,
DET-041,hist002,Tantura ,casualty,2,,Injured,Unknown,Most male captives were killed rather than detained,,,,,
DET-042,hist002,Tantura ,casualty,3,,Displaced,"≈1,500",Entire village population expelled; many sent to Furaydis,Zochrot - Tantura Village File,https://www.zochrot.org/,,,
DET-043,hist002,Tantura ,commander,1,,Dan Epstein,,Overall brigade command during coastal operations; responsible for Tantura assault planning and execution. Continued military career in IDF; honored as brigade founder. Never prosecuted; never publicly acknowledged massacre despite subordinate testimonies,"Katz, Teddy. MA Thesis (1998) - Based on IDF archives and veteran interviews",https://www.haaretz.com/israel-news/2022-01-20/ty-article-magazine/.premium/tantura-the-massacre-at-the-heart-of-the-nakba-that-israelis-refuse-to-recogn/0000017f-e2a5-d7b2-a77f-e2a7ccb30000,,,
DET-044,hist002,Tantura ,commander,2,,Binyamin Shechter,,Present during operations; witnessed executions and burials. Testified: 'I know of three locations where people were killed and buried... I estimate about 200-230 people were killed.'. Civilian life; broke silence in interviews with Katz (1998) and documentary (2022). Never prosecuted despite admitting direct knowledge; testimonies recorded but ignored by Israeli authorities,"Schwarz, Alon. 'Tantura' documentary (2022) - On-camera testimony",https://www.aljazeera.com/features/2022/1/27/tantura-a-film-about-a-massacre-israel-didnt-want-you-to-see,,,
DET-045,hist002,Tantura ,commander,3,,Haim Hermesh,,"Participated in operations; testified: 'They took them in groups, men aged 15 and up. They were shot... we were ordered to bury them.'. Civilian life; provided testimony to Katz confirming executions and burials. Never prosecuted despite confession of participation in killings and burials","Katz, Teddy. MA Thesis (1998) - Interview testimony",https://www.haaretz.com/israel-news/2022-01-20/ty-article-magazine/.premium/tantura-the-massacre-at-the-heart-of-the-nakba-that-israelis-refuse-to-recogn/0000017f-e2a5-d7b2-a77f-e2a7ccb30000,,,
DET-046,hist002,Tantura ,commander,4,,Anonymous Alexandroni Veterans (Multiple),,"Over 135 veterans interviewed by Katz; many confirmed executions, mass graves, and systematic killings. Several provided detailed locations and casualty estimates.. Various civilian careers; some became prominent in Israeli society. None prosecuted; many initially confirmed accounts then sued Katz for libel despite their own recorded testimonies","Katz, Teddy. Research archive - 140+ interviews (1998)",https://www.haaretz.com/israel-news/2022-01-20/ty-article-magazine/.premium/tantura-the-massacre-at-the-heart-of-the-nakba-that-israelis-refuse-to-recogn/0000017f-e2a5-d7b2-a77f-e2a7ccb30000,,,
DET-047,hist002,Tantura ,commander,5,,Teddy Katz (Researcher),,Not a perpetrator; included here for his role in uncovering suppressed history through 140+ interviews. Academic career destroyed after Alexandroni veterans' libel suit; forced under pressure to sign 'apology' (later withdrawn); suffered psychological breakdown. Victim of suppression campaign; his research validated by 2022 documentary but never officially acknowledged,Haaretz. 'The Tantura Massacre and the Man Who Revealed It' (2022),https://www.haaretz.com/israel-news/2022-01-20/ty-article-magazine/.premium/tantura-the-massacre-at-the-heart-of-the-nakba-that-israelis-refuse-to-recogn/0000017f-e2a5-d7b2-a77f-e2a7ccb30000,,,
DET-048,hist002,Tantura ,historical_impact,1,,Immediate Impact,,Contributed to fear and exodus of Palestinians from coastal villages during 1948 war,,,,,
DET-049,hist002,Tantura ,historical_impact,1,,The Katz Affair (1998-2000),,1998: MA student Teddy Katz documents massacre through 140+ interviews with veterans and survivors,,,,,
DET-050,hist002,Tantura ,historical_impact,1,,Long-term Significance,,Symbol of historical suppression and denial in Israel; epitome of Nakba erasure,,,,,
DET-051,hist002,Tantura ,historical_impact,1,,Accountability,,✘ No perpetrators ever prosecuted despite multiple soldier confessions on record,,,,,
DET-052,hist002,Tantura ,historical_impact,2,,Immediate Impact,,Secured Mediterranean coastline for Israeli state; strategic control of Haifa-Tel Aviv corridor,,,,,
DET-053,hist002,Tantura ,historical_impact,2,,The Katz Affair (1998-2000),,1999: Alexandroni Brigade veterans sue Katz for libel despite their own recorded testimonies,,,,,
DET-054,hist002,Tantura ,historical_impact,2,,Long-term Significance,,2022 Documentary 'Tantura' by Alon Schwarz brings renewed international attention with soldier testimonies,,,,,
DET-055,hist002,Tantura ,historical_impact,2,,Accountability,,✘ Israeli government refuses to officially acknowledge massacre occurred,,,,,
DET-056,hist002,Tantura ,historical_impact,3,,Immediate Impact,,Immediately classified and suppressed from official Israeli history,,,,,
DET-057,hist002,Tantura ,historical_impact,3,,The Katz Affair (1998-2000),,"2000: Under intense pressure, Katz forced to sign 'apology' and retract findings (later withdrew apology)",,,,,
DET-058,hist002,Tantura ,historical_impact,3,,Long-term Significance,,Ongoing Palestinian demands for excavation of mass graves and proper burial of victims,,,,,
DET-059,hist002,Tantura ,historical_impact,3,,Accountability,,✘ Refused all requests to excavate mass graves for proper identification and burial,,,,,
DET-060,hist002,Tantura ,historical_impact,4,,Immediate Impact,,Established pattern of mass execution and concealment used elsewhere during Nakba,,,,,
DET-061,hist002,Tantura ,historical_impact,4,,The Katz Affair (1998-2000),,University of Haifa downgraded his thesis; Katz suffered psychological breakdown from pressure campaign,,,,,
DET-062,hist002,Tantura ,historical_impact,4,,Long-term Significance,,Part of broader Nakba commemoration and right of return activism,,,,,
DET-063,hist002,Tantura ,historical_impact,4,,Accountability,,✘ Kibbutz Nahsholim built on village ruins - complete erasure of Palestinian presence,,,,,
DET-064,hist002,Tantura ,historical_impact,5,,The Katz Affair (1998-2000),,Chilling effect on Israeli historical research into 1948 atrocities for two decades,,,,,
DET-065,hist002,Tantura ,historical_impact,5,,Long-term Significance,,"Academic debate about Israeli historical narratives, collective memory, and accountability",,,,,
DET-066,hist002,Tantura ,historical_impact,5,,Accountability,,✘ Teddy Katz's academic career destroyed for documenting the massacre; became pariah in Israeli academia,,,,,
DET-067,hist002,Tantura ,historical_impact,6,,Long-term Significance,,Parking lot over mass grave remains as physical symbol of ongoing erasure and denial,,,,,
DET-068,hist002,Tantura ,historical_impact,6,,Accountability,,✘ Mass grave beneath Dor Beach parking lot remains undisturbed despite known location,,,,,
DET-069,hist002,Tantura ,historical_impact,7,,Accountability,,✘ Village lands never returned; survivors and descendants denied access to burial sites,,,,,
DET-070,hist002,Tantura ,legal,1,,Law Applicable in May 1948,,"Hague Convention IV (1907): Customary by 1948. Art. 23(c): killing enemies who laid down arms; Art. 23(d): 'no quarter' declarations; Art. 25: attack on undefended places; Art. 28: pillage; Art. 46: protection of family honor, lives, property.",,,,,
DET-071,hist002,Tantura ,legal,1,,Post-1949 Context (Descriptive Classification),,"Geneva Convention IV (1949): Adopted Aug 12, 1949 (3 months after Tantura). Israel ratified Jul 6, 1951. Art. 3: Prohibition of violence to life and person, including murder of persons taking no active part in hostilities. Not applicable retroactively to May 1948.",,,,,
DET-072,hist002,Tantura ,legal,1,,Treaty Opposability,,Vienna Convention principle: Treaties not retroactive (Art. 28). Geneva IV cannot be invoked for events predating its adoption.,,,,,
DET-073,hist002,Tantura ,legal,2,,Law Applicable in May 1948,,Martens Clause (1899/1907): Humanitarian principles binding even where not explicitly codified.,,,,,
DET-074,hist002,Tantura ,legal,2,,Post-1949 Context (Descriptive Classification),,"Rome Statute (1998): Modern framework characterizing acts as crimes against humanity (murder, persecution, deportation) and war crimes (willful killing of POWs, attacking civilians who surrendered). Used descriptively; not retroactive enforcement.",,,,,
DET-075,hist002,Tantura ,legal,2,,Treaty Opposability,,Customary IHL: Hague 1907 + Martens Clause bound all parties in 1948 regardless of ratification.,,,,,
DET-076,hist002,Tantura ,legal,3,,Law Applicable in May 1948,,Note: These instruments were opposable to all parties in 1948 as customary international humanitarian law.,,,,,
DET-077,hist002,Tantura ,legal,3,,Post-1949 Context (Descriptive Classification),,Note: Modern classifications aid understanding but do not create retroactive legal obligations.,,,,,
DET-078,hist002,Tantura ,quick_fact,1,,Event Type,Massacre,,,,,,
DET-079,hist002,Tantura ,quick_fact,2,,Perpetrators,Alexandroni Brigade (Haganah/IDF),,,,,,
DET-080,hist002,Tantura ,quick_fact,3,,Verification,Israeli soldier testimonies; survivor accounts; Teddy Katz research; 2022 documentary,,,,,,
DET-081,hist002,Tantura ,quick_fact,4,,Classification,War Crime (1907 Hague); Crimes Against Humanity (modern),,,,,,
DET-082,hist002,Tantura ,testimony,1,,Anonymous Alexandroni Brigade Soldier,,"There was no battle. They raised white flags... We gathered the men and took them. Some were taken to the cemetery, others to the beach. They lined them up and shot them. I participated in the whole thing.",Interview with Teddy Katz (1998),https://www.haaretz.com/israel-news/2022-01-20/ty-article-magazine/.premium/tantura-the-massacre-at-the-heart-of-the-nakba-that-israelis-refuse-to-recogn/0000017f-e2a5-d7b2-a77f-e2a7ccb30000,,,
DET-083,hist002,Tantura ,testimony,2,,Mariam Al-Yahya,,"They separated the men from us. We heard shooting all day and into the night. In the morning, we were told to leave. We never saw our men again. My father, my two brothers, my uncle - all gone.",Survivor testimony documented by Teddy Katz (1998),https://www.palestine-studies.org/,,,
DET-084,hist002,Tantura ,testimony,3,,Binyamin Shechter,,"I know of three locations where people were killed and buried: the cemetery, the beach south of the village, and near the village well. The numbers? I estimate about 200-230 people were killed.",Interview in 'Tantura' documentary (2022),https://www.aljazeera.com/features/2022/1/27/tantura-a-film-about-a-massacre-israel-didnt-want-you-to-see,,,
DET-085,hist002,Tantura ,testimony,4,,Haim Hermesh,,"They took them in groups, men aged 15 and up. They were shot. I saw the bodies. After some time, we were ordered to bury them. Some of the Arab women were forced to help dig.","Testimony recorded by Teddy Katz, later confirmed in court documents",https://www.haaretz.com/israel-news/2022-01-20/ty-article-magazine/.premium/tantura-the-massacre-at-the-heart-of-the-nakba-that-israelis-refuse-to-recogn/0000017f-e2a5-d7b2-a77f-e2a7ccb30000,,,
DET-086,hist002,Tantura ,testimony,5,,Fawziyya Saleh,,"They made us carry bodies. I saw my teacher, dead. I saw men I knew since childhood, all dead on the beach. The soldiers were laughing and smoking cigarettes.","Oral history interview, Institute for Palestine Studies",https://www.palestine-studies.org/,,,
DET-087,hist002,Tantura ,timeline,1,"May 22, Early Morning",Attack begins,,Alexandroni Brigade attacks Tantura from land and sea. Village largely defenseless with minimal weapons.,Katz research; Israeli soldier testimonies,https://www.haaretz.com/israel-news/2022-01-20/ty-article-magazine/.premium/tantura-the-massacre-at-the-heart-of-the-nakba-that-israelis-refuse-to-recogn/0000017f-e2a5-d7b2-a77f-e2a7ccb30000,,,
DET-088,hist002,Tantura ,timeline,2,"May 22, Morning",Village surrenders,,Village elders raise white flags and negotiate surrender. Villagers told they will be safe if they comply. Israeli soldier: 'There was no battle. They raised white flags.',Israeli soldier testimony (Katz interviews),https://www.haaretz.com/israel-news/2022-01-20/ty-article-magazine/.premium/tantura-the-massacre-at-the-heart-of-the-nakba-that-israelis-refuse-to-recogn/0000017f-e2a5-d7b2-a77f-e2a7ccb30000,,,
DET-089,hist002,Tantura ,timeline,3,"May 22, Late Morning",Separation of men from families,,Men separated from women and children. Males aged 15-60 gathered in village square and on the beach.,Survivor testimonies; soldier accounts,https://www.palestine-studies.org/,,,
DET-090,hist002,Tantura ,timeline,4,"May 22-23, Day and Night",Mass executions,,"Systematic execution of male prisoners throughout day and night. Groups taken to execution sites (cemetery, beach, village well) and shot. Soldier: 'They lined them up and shot them... I participated in the whole thing.'",Israeli soldier testimonies (Katz research; 2022 documentary),https://www.aljazeera.com/features/2022/1/27/tantura-a-film-about-a-massacre-israel-didnt-want-you-to-see,,,
DET-091,hist002,Tantura ,timeline,5,"May 23, Morning",Mass burial,,Bodies buried in mass graves at various locations including beach and cemetery. Some survivors forced to dig graves. Soldier: 'We were ordered to bury them. Some Arab women were forced to help dig.',Soldier testimonies; survivor accounts,https://www.haaretz.com/israel-news/2022-01-20/ty-article-magazine/.premium/tantura-the-massacre-at-the-heart-of-the-nakba-that-israelis-refuse-to-recogn/0000017f-e2a5-d7b2-a77f-e2a7ccb30000,,,
DET-092,hist002,Tantura ,timeline,6,May 23-24,Expulsion of survivors,,"Surviving women, children, elderly expelled from village. Many sent to Furaydis. Village looted; property confiscated.",Survivor testimonies; Zochrot documentation,https://www.zochrot.org/,,,
DET-093,hist002,Tantura ,timeline,7,1948-1950,Village demolished; cover-up begins,,Tantura demolished. Kibbutz Nahsholim established on village ruins (1948-1950). Mass graves concealed; massacre suppressed from Israeli history.,Zochrot; historical records,https://www.zochrot.org/,,,
DET-094,hist002,Tantura ,timeline,8,1998-2000,The Katz Affair,,Teddy Katz documents massacre through 140+ interviews with veterans and survivors. Alexandroni veterans sue for libel despite their own testimonies. Katz forced to sign 'apology' under pressure (later withdrawn); thesis downgraded.,Court documents; Haaretz reporting,https://www.haaretz.com/,,,
DET-095,hist002,Tantura ,timeline,9,2022,Documentary renews attention,,'Tantura' film by Alon Schwarz features recorded soldier testimonies confirming massacre. Released at Sundance; Israeli authorities continue to refuse excavation of mass graves.,Al Jazeera; documentary coverage,https://www.aljazeera.com/features/2022/1/27/tantura-a-film-about-a-massacre-israel-didnt-want-you-to-see,,,
DET-096,hist002,Tantura ,war_crime,1,,Mass Execution of Prisoners of War,,"After village surrendered, male prisoners systematically executed. Israeli soldier: 'They lined them up and shot them... I participated in the whole thing.' Violations of laws of war regarding treatment of POWs.",📄 Haaretz Investigation 2022 ↗,https://www.haaretz.com/israel-news/2022-01-20/ty-article-magazine/.premium/tantura-the-massacre-at-the-heart-of-the-nakba-that-israelis-refuse-to-recogn/0000017f-e2a5-d7b2-a77f-e2a7ccb30000,,,
DET-097,hist002,Tantura ,war_crime,2,,Execution After Surrender,,Village raised white flags and negotiated surrender. Promises of safety violated. Soldier: 'There was no battle. They raised white flags... We gathered the men and took them.',📄 Soldier Testimonies ↗,https://www.haaretz.com/israel-news/2022-01-20/ty-article-magazine/.premium/tantura-the-massacre-at-the-heart-of-the-nakba-that-israelis-refuse-to-recogn/0000017f-e2a5-d7b2-a77f-e2a7ccb30000,,,
DET-098,hist002,Tantura ,war_crime,3,,Executions on the Beach,,Multiple testimonies describe executions on Tantura beach. Survivor: 'They took the men in groups... we heard shooting. They didn't come back.' Bodies left on beach before burial.,📄 IPS Oral History ↗,https://www.palestine-studies.org/,,,
DET-099,hist002,Tantura ,war_crime,4,,Mass Graves and Concealment of Evidence,,"Bodies buried in multiple mass graves at cemetery, beach, and village well. One grave beneath current Dor Beach parking lot. Intelligence officer: 'I know of three locations... I estimate about 200-230 people were killed.' Israeli authorities refuse excavation.",📄 Documentary Evidence ↗,https://www.aljazeera.com/features/2022/1/27/tantura-a-film-about-a-massacre-israel-didnt-want-you-to-see,,,
DET-100,hist002,Tantura ,war_crime,5,,Separation of Families,,Deliberate separation of men from women and children before executions. Women and children forced to witness aftermath; some forced to bury bodies.,,,,,
DET-101,hist002,Tantura ,war_crime,6,,Looting and Complete Destruction,,"Systematic looting of homes, theft of valuables, fishing boats, property. Village completely demolished. Kibbutz Nahsholim established on village lands; mass grave covered by parking lot.",📄 Zochrot Documentation ↗,https://www.zochrot.org/,,,
DET-102,hist002,Tantura ,war_crime,7,,Forced Expulsion,,Surviving population forcibly expelled to nearby villages. Prevented from returning or burying their dead. Property confiscated under Israeli Absentee Property Law.,,,,,
DET-103,hist003,Lydda and Ramle,casualty,1,,In-City Killings (Lydda),≈400–450,City-wide shootings; Dahmash Mosque massacre (70–250+); homes and streets,"Morris, Benny. 'Operation Dani and the Palestinian Exodus from Lydda and Ramle in 1948'",https://www.jstor.org/stable/4327250,,,
DET-104,hist003,Lydda and Ramle,casualty,2,,Death March Fatalities,≈100–550,"Heat, thirst, exhaustion; infants, elderly particularly affected",Survivor testimonies - IPS/PalQuest,https://www.palquest.org/en/highlight/24073/lydda-9-13-july-1948,,,
DET-105,hist003,Lydda and Ramle,casualty,3,,Displaced,"≈50,000–70,000",Entire populations of Lydda (~20K) & Ramle (~17K) + ~30K refugees; forced to Ramallah,"Morris, Benny. 'The Birth of the Palestinian Refugee Problem Revisited' (2004)",https://www.cambridge.org/core/books/birth-of-the-palestinian-refugee-problem-revisited/4A0958EED322D2FAC1D245128A1D44CB,,,
DET-106,hist003,Lydda and Ramle,commander,1,,Yigal Allon,,Operation Dani Commander (Palmach) — Overall operational command; authorized assault on Lydda-Ramle; issued or approved expulsion orders for both cities,,,,,
DET-107,hist003,Lydda and Ramle,commander,2,,Yitzhak Rabin,,"Deputy Commander, Operation Dani (Palmach) — Second-in-command; by his own account asked Ben-Gurion 'What shall we do with the Arabs?' and received hand gesture to expel. Directly involved in execution of expulsion orders.",,,,,
DET-108,hist003,Lydda and Ramle,commander,3,,Moshe Dayan,,"Battalion Commander, 89th Commando Battalion (Palmach) — Led ground assault on Lydda; commanded forces during city-wide operations and killings",,,,,
DET-109,hist003,Lydda and Ramle,commander,4,,Shmuel Lahis (Lahav),,"Company Commander, 3rd Battalion, Yiftach Brigade — Directly implicated in Dahmash Mosque killings; led forces during house-to-house operations in Lydda",,,,,
DET-110,hist003,Lydda and Ramle,commander,5,,David Ben-Gurion,,"Prime Minister and Defense Minister — Ultimate political authority; according to Rabin's censored memoir, gave hand gesture to expel when asked about Arab population",,,,,
DET-111,hist003,Lydda and Ramle,historical_impact,1,,Immediate Impact,,"Single largest expulsion event of 1948: ≈50,000–70,000 displaced from two cities in one operation",,,,,
DET-112,hist003,Lydda and Ramle,historical_impact,1,,Long-term Significance,,Central episode in Palestinian collective memory; 'Lydda death march' referenced alongside Deir Yassin,,,,,
DET-113,hist003,Lydda and Ramle,historical_impact,1,,Accountability,,✘ No perpetrators prosecuted for Lydda-Ramle killings or expulsions,,,,,
DET-114,hist003,Lydda and Ramle,historical_impact,2,,Immediate Impact,,Strategic gain for Israel: secured corridor to Jerusalem; captured what would become Ben Gurion Airport area,,,,,
DET-115,hist003,Lydda and Ramle,historical_impact,2,,Long-term Significance,,"Historiographical controversy: Israeli 'New Historians' (Morris, Pappé) challenged official narratives in 1980s-2000s",,,,,
DET-116,hist003,Lydda and Ramle,historical_impact,2,,Accountability,,✘ Yigal Allon (commander) became Deputy PM & Foreign Minister; honored as Israeli hero,,,,,
DET-117,hist003,Lydda and Ramle,historical_impact,3,,Immediate Impact,,Humanitarian catastrophe: 'death march' became defining symbol of Nakba brutality,,,,,
DET-118,hist003,Lydda and Ramle,historical_impact,3,,Long-term Significance,,Rabin memoir censorship (1979) revealed in 1990s; became symbol of suppressed history,,,,,
DET-119,hist003,Lydda and Ramle,historical_impact,3,,Accountability,,✘ Yitzhak Rabin (deputy commander) became PM & Nobel Peace Prize laureate (1994),,,,,
DET-120,hist003,Lydda and Ramle,historical_impact,4,,Immediate Impact,,Refugee crisis: expelled population strained resources in Ramallah/West Bank; many later fled to Jordan,,,,,
DET-121,hist003,Lydda and Ramle,historical_impact,4,,Long-term Significance,,Ongoing legal/political relevance: descendants of expelled cite Lydda-Ramle in right-of-return claims,,,,,
DET-122,hist003,Lydda and Ramle,historical_impact,4,,Accountability,,✘ Moshe Dayan (battalion commander) became Defense Minister & Foreign Minister; iconic military figure,,,,,
DET-123,hist003,Lydda and Ramle,historical_impact,5,,Long-term Significance,,Dahmash Mosque still stands in Lod; occasional site of commemorations despite restrictions,,,,,
DET-124,hist003,Lydda and Ramle,historical_impact,5,,Accountability,,✘ Shmuel Lahis (Dahmash Mosque) convicted 1950s for different incident; conviction overturned 2020; mosque killings never charged,,,,,
DET-125,hist003,Lydda and Ramle,historical_impact,6,,Accountability,,✘ Property never returned; Lydda/Ramle renamed Lod/Ramla; repopulated with Jewish immigrants,,,,,
DET-126,hist003,Lydda and Ramle,historical_impact,7,,Accountability,,✘ UN mediator Count Bernadotte (who documented expulsions) assassinated by Lehi September 1948,,,,,
DET-127,hist003,Lydda and Ramle,legal,1,,Law Applicable in July 1948,,"Hague Convention IV (1907): Customary by 1948. Art. 23(c): killing enemies who laid down arms; Art. 25: attack on undefended places; Art. 28: pillage; Art. 46: protection of family honor, lives, property; Art. 52: prohibition of collective punishments.",,,,,
DET-128,hist003,Lydda and Ramle,legal,1,,Post-1949 Context (Descriptive Classification),,"Geneva Convention IV (1949): Adopted Aug 12, 1949 (one month after Lydda). Israel ratified Jul 6, 1951; Jordan May 29, 1951. Art. 49: 'Individual or mass forcible transfers... are prohibited regardless of their motive.' Not applicable retroactively to July 1948.",,,,,
DET-129,hist003,Lydda and Ramle,legal,1,,Command Responsibility,,Nuremberg Principles (1946): Established that commanders bear responsibility for crimes committed by subordinates if they knew or should have known and failed to prevent/punish.,,,,,
DET-130,hist003,Lydda and Ramle,legal,1,,Treaty Opposability,,Vienna Convention principle: Treaties not retroactive (Art. 28). Geneva IV cannot be invoked for events predating its adoption.,,,,,
DET-131,hist003,Lydda and Ramle,legal,2,,Law Applicable in July 1948,,Martens Clause (1899/1907): Humanitarian principles binding even where not explicitly codified.,,,,,
DET-132,hist003,Lydda and Ramle,legal,2,,Post-1949 Context (Descriptive Classification),,Rome Statute (1998): Art. 7(1)(d): Deportation or forcible transfer (crimes against humanity); Art. 7(1)(a): Murder (CAH); Art. 8(2)(a)(i): Willful killing (war crimes); Art. 8(2)(b)(xxv): Intentionally starving civilians (war crime). Used descriptively; not retroactive enforcement.,,,,,
DET-133,hist003,Lydda and Ramle,legal,2,,Command Responsibility,,"Application to Operation Dani: Allon (operational commander), Rabin (deputy), Dayan (battalion commander), and Lahis (unit officer) held command positions during documented atrocities. Rabin's own memoir confirms knowledge at highest levels. No investigations or prosecutions pursued.",,,,,
DET-134,hist003,Lydda and Ramle,legal,2,,Treaty Opposability,,Customary IHL: Hague 1907 + Martens Clause bound all parties in 1948 regardless of ratification.,,,,,
DET-135,hist003,Lydda and Ramle,legal,3,,Law Applicable in July 1948,,"Customary IHL: Prohibition of forcible transfer/deportation of civilians; obligation to allow access to essentials (water, medical care) during hostilities.",,,,,
DET-136,hist003,Lydda and Ramle,legal,3,,Post-1949 Context (Descriptive Classification),,Note: Modern classifications aid understanding but do not create retroactive legal obligations.,,,,,
DET-137,hist003,Lydda and Ramle,legal,4,,Law Applicable in July 1948,,Note: These instruments were opposable to all parties in 1948 as customary international humanitarian law.,,,,,
DET-138,hist003,Lydda and Ramle,quick_fact,1,,Event Type,"Massacre, Forced Expulsion, Death March",,,,,,
DET-139,hist003,Lydda and Ramle,quick_fact,2,,Perpetrators,"IDF: Yiftach Brigade (11th), 8th Armored Brigade; Operation Dani command",,,,,,
DET-140,hist003,Lydda and Ramle,quick_fact,3,,Verification,IPS/PalQuest; eyewitness memoirs; Morris scholarship; British archives,,,,,,
DET-141,hist003,Lydda and Ramle,quick_fact,4,,Classification,War Crime (1907 Hague); Crimes Against Humanity (modern),,,,,,
DET-142,hist003,Lydda and Ramle,testimony,1,,Suleiman (Sami) Munayyer,,"Describes fall of Lydda, city-wide panic, and Dahmash Mosque killings. 'Bodies piled inside the mosque. I helped burn corpses.' Estimates 70-80 killed at mosque; other accounts cite up to 250+.",'The Fall of Lydda' memoir (archived PDF),https://web.archive.org/web/20120723132022/http://www.palestine-studies.org/enakba/Memoirs/Munayyer%2C%20The%20Fall%20of%20Lydda.pdf,,,
DET-143,hist003,Lydda and Ramle,testimony,2,,Reja-e Busailah,,Crowds were herded off the road into rough terrain. Loudspeakers compelled movement. The march brought exhaustion and death. Bodies left along the route.,Memoir/testimony reproduced by IPS/PalQuest,https://www.palquest.org/en/highlight/24073/lydda-9-13-july-1948,,,
DET-144,hist003,Lydda and Ramle,testimony,3,,Ismail Shammout,,People chewed grass for moisture. Infants died on the march. Attempts to obtain water were met with threats. I saw elderly collapse and die. The heat was unbearable.,Interview excerpt cited by IPS/PalQuest,https://www.palquest.org/en/highlight/24073/lydda-9-13-july-1948,,,
DET-145,hist003,Lydda and Ramle,testimony,4,,Yitzhak Rabin,,'What shall we do with the Arabs?' I asked [Ben-Gurion]. He waved his hand in a gesture meaning: Expel them. [This passage was censored from 1979 Hebrew edition of memoir; restored in later editions.],The Rabin Memoirs (1979/later editions); cited in Morris 2004,https://en.wikipedia.org/wiki/1948_Palestinian_expulsion_from_Lydda_and_Ramle#Rabin's_account,,,
DET-146,hist003,Lydda and Ramle,timeline,1,"July 9–10, 1948",Operation Dani begins,,Israeli forces advance toward Lydda-Ramle sector. Allon commands operation; Rabin deputy; Dayan leads ground battalion.,IPS/PalQuest,https://www.palquest.org/en/highlight/24073/lydda-9-13-july-1948,,,
DET-147,hist003,Lydda and Ramle,timeline,2,"July 11, 1948",Assault on Lydda,,8th Armored Brigade and infantry enter Lydda. Heavy fire reported; panic spreads. Ramle falls same day with less resistance.,IPS/PalQuest,https://www.palquest.org/en/highlight/24073/lydda-9-13-july-1948,,,
DET-148,hist003,Lydda and Ramle,timeline,3,"July 12, 1948 (afternoon)",Dahmash Mosque massacre,,Soldiers enter mosque compound; gunfire and grenades kill 70–250+ (estimates vary). Bodies piled inside and around mosque.,Munayyer memoir,https://web.archive.org/web/20120723132022/http://www.palestine-studies.org/enakba/Memoirs/Munayyer%2C%20The%20Fall%20of%20Lydda.pdf,,,
DET-149,hist003,Lydda and Ramle,timeline,4,"July 12, 1948 (evening)",Expulsion order issued,,Allon/Rabin command issues expulsion order. Rabin later wrote he asked Ben-Gurion 'What shall we do with the Arabs?' and received hand gesture to expel (censored from 1979 memoir).,Rabin memoirs analysis,https://en.wikipedia.org/wiki/1948_Palestinian_expulsion_from_Lydda_and_Ramle#Rabin's_account,,,
DET-150,hist003,Lydda and Ramle,timeline,5,"July 12–13, 1948",Death march begins,,"50,000–70,000 Palestinians forced on foot toward Ramallah. Extreme heat (July); no water provided. Loudspeakers compel movement; soldiers prevent aid.",IPS/PalQuest,https://www.palquest.org/en/highlight/24073/lydda-9-13-july-1948,,,
DET-151,hist003,Lydda and Ramle,timeline,6,"July 13–15, 1948",March continues; deaths mount,,"Infants, elderly die en route. Survivors describe chewing grass for moisture, bodies left along road. International observers later document suffering.",IPS/PalQuest,https://www.palquest.org/en/highlight/24073/lydda-9-13-july-1948,,,
DET-152,hist003,Lydda and Ramle,war_crime,1,,City-Wide Shootings,,Widespread killings in streets and homes during and after assault. Bodies reported throughout Lydda. Estimates: several hundred killed in city.,IPS/PalQuest Overview,https://www.palquest.org/en/highlight/24073/lydda-9-13-july-1948,,,
DET-153,hist003,Lydda and Ramle,war_crime,2,,Dahmash Mosque Massacre,,Soldiers entered mosque compound where civilians sheltered. Gunfire and grenades killed 70–250+ (estimates vary widely). Munayyer describes bodies piled inside; he helped burn corpses. Among deadliest single incidents of 1948.,'The Fall of Lydda' (Munayyer memoir),https://web.archive.org/web/20120723132022/http://www.palestine-studies.org/enakba/Memoirs/Munayyer%2C%20The%20Fall%20of%20Lydda.pdf,,,
DET-154,hist003,Lydda and Ramle,war_crime,3,,Forced Expulsion & 'Death March',,"50,000–70,000 expelled on foot toward Ramallah in extreme July heat. Loudspeakers: 'Get out or we will shoot.' No water, no aid. Survivors: 'Crowds were herded into rough terrain... exhaustion and death.'",Survivor Testimonies,https://www.palquest.org/en/highlight/24073/lydda-9-13-july-1948,,,
DET-155,hist003,Lydda and Ramle,war_crime,4,,Deaths of Infants & Elderly on March,,Ismail Shammout: 'Infants died on the march. People chewed grass for moisture. Attempts to obtain water were met with threats.' Elderly collapsed; bodies left along road.,IPS/PalQuest Testimonies,https://www.palquest.org/en/highlight/24073/lydda-9-13-july-1948,,,
DET-156,hist003,Lydda and Ramle,war_crime,5,,Denial of Water & Aid,,Soldiers prevented access to water sources. Survivors report threats and violence when attempting to help collapsed marchers or seek water.,IPS/PalQuest Excerpts,https://www.palquest.org/en/highlight/24073/lydda-9-13-july-1948,,,
DET-157,hist003,Lydda and Ramle,war_crime,6,,Looting & Property Seizure,,Homes looted during and after takeover. Property of expelled population seized. Lydda and Ramle renamed Lod and Ramla; repopulated with Jewish immigrants.,IPS Portal Entry,https://www.palestine-studies.org/en/node/1657540,,,
DET-158,hist004,Qibya ,casualty,1,,Civilians Killed,69,Two-thirds women and children; killed in homes,UN Security Council Report S/3113 (1953),https://www.un.org/unispal/document/auto-insert-177183/,,,
DET-159,hist004,Qibya ,casualty,2,,Wounded,15,Documented by Jordanian authorities; actual number likely higher,,,,,
DET-160,hist004,Qibya ,casualty,3,,Houses Destroyed,45,Plus school and mosque demolished with explosives,Mixed Armistice Commission Report,https://www.un.org/unispal/document/auto-insert-177183/,,,
DET-161,hist004,Qibya ,commander,1,1928-2014,Ariel Sharon,,Commanded Unit 101 during Qibya operation. Led approximately 600 troops in attack. Later wrote orders were for 'maximal killing and damage.' Never prosecuted. Subsequently served as Defense Minister (1981-83) and Prime Minister (2001-2006).,,,,,
DET-162,hist004,Qibya ,commander,2,1915-1981,Moshe Dayan,,"Supervised planning of Operation Shoshana. Approved Sharon's operational plan for Qibya attack. Chief of Staff during 1956 Suez Crisis operations. Later Defense Minister (1967, 1969-74). Never faced accountability for 1953 operation.",,,,,
DET-163,hist004,Qibya ,commander,3,1886-1973,David Ben-Gurion,,"Authorized Operation Shoshana and reprisal policy. After massacre, falsely claimed attack carried out by Israeli civilians, not military. Later privately acknowledged military responsibility. Stated: 'It doesn't make any real difference what will be said about Qibya around the world.'",,,,,
DET-164,hist004,Qibya ,commander,4,1904-1976,Pinhas Lavon,,Temporary Defense Minister while Ben-Gurion on leave. Approved Operation Shoshana. Foreign Minister Moshe Sharett opposed operation but Lavon proceeded with approval of Ben-Gurion.,,,,,
DET-165,hist004,Qibya ,historical_impact,1,,Immediate Impact,,First major 'reprisal raid' establishing Israeli policy of disproportionate retaliation,,,,,
DET-166,hist004,Qibya ,historical_impact,1,,Long-term Significance,,Established precedent for Israeli 'collective punishment' operations,,,,,
DET-167,hist004,Qibya ,historical_impact,1,,Accountability & Leadership,,✗ No Israeli personnel prosecuted or held criminally accountable,,,,,
DET-168,hist004,Qibya ,historical_impact,2,,Immediate Impact,,"Universal international condemnation including from US, UN, and global Jewish communities",,,,,
DET-169,hist004,Qibya ,historical_impact,2,,Long-term Significance,,UN Resolution 101 became reference point for future condemnations,,,,,
DET-170,hist004,Qibya ,historical_impact,2,,Accountability & Leadership,,"✗ Ariel Sharon promoted, later became Defense Minister (1981) then Prime Minister (2001-2006)",,,,,
DET-171,hist004,Qibya ,historical_impact,3,,Immediate Impact,,US suspended economic aid to Israel until cooperation with UN investigations,,,,,
DET-172,hist004,Qibya ,historical_impact,3,,Long-term Significance,,Created template for Unit 101 operations (Sharon's 'special forces' model),,,,,
DET-173,hist004,Qibya ,historical_impact,3,,Accountability & Leadership,,"✗ Sharon awarded Nobel Peace Prize (with Arafat, Rabin) in 1994 for Oslo Accords",,,,,
DET-174,hist004,Qibya ,historical_impact,4,,Immediate Impact,,"Jordanian authorities arrested over 1,000 suspected fedayeen to prevent Israeli reprisals",,,,,
DET-175,hist004,Qibya ,historical_impact,4,,Long-term Significance,,Demonstrated pattern: major Palestinian attacks followed by massive Israeli reprisals,,,,,
DET-176,hist004,Qibya ,historical_impact,4,,Accountability & Leadership,,✗ International attempts to prosecute Sharon for war crimes (Sabra/Shatila) blocked,,,,,
DET-177,hist004,Qibya ,historical_impact,5,,Immediate Impact,,Relative quiet on Jordanian border for period following operation,,,,,
DET-178,hist004,Qibya ,historical_impact,5,,Long-term Significance,,Part of escalating cycle leading to 1956 Suez Crisis,,,,,
DET-179,hist004,Qibya ,historical_impact,5,,Accountability & Leadership,,✓ UN Resolution 101 remains on record as 'strongest censure',,,,,
DET-180,hist004,Qibya ,legal,1,,Armistice Agreement Violations (1949),,Article II & III breaches: Unprovoked military attack across armistice line into Jordanian territory. Mixed Armistice Commission found Israel in 'clear breach' of agreement.,,,,,
DET-181,hist004,Qibya ,legal,1,,Customary International Humanitarian Law,,"Distinction principle: Failed to distinguish between military and civilian targets. Deliberate targeting of civilian homes, school, and mosque.",,,,,
DET-182,hist004,Qibya ,legal,1,,Modern Classification (Descriptive),,"Under contemporary international law (Geneva Conventions, Rome Statute), actions would constitute: willful killing of civilians, extensive destruction not justified by military necessity, attacks on civilian objects.",,,,,
DET-183,hist004,Qibya ,legal,2,,Armistice Agreement Violations (1949),,Disproportionate force: Response to one incident (3 deaths) with military operation killing 69 civilians deemed grossly disproportionate by international observers.,,,,,
DET-184,hist004,Qibya ,legal,2,,Customary International Humanitarian Law,,Proportionality: UN and international community condemned attack as massively disproportionate retaliation.,,,,,
DET-185,hist004,Qibya ,legal,2,,Modern Classification (Descriptive),,UN Security Council Resolution 101 described attack as 'inconsistent with obligations under the Charter.',,,,,
DET-186,hist004,Qibya ,legal,3,,Customary International Humanitarian Law,,Unnecessary suffering: Use of explosives on occupied civilian homes caused preventable death and suffering.,,,,,
DET-187,hist004,Qibya ,quick_fact,1,,Event Type,Reprisal Massacre,,,,,,
DET-188,hist004,Qibya ,quick_fact,2,,Perpetrators,"IDF Unit 101, led by Ariel Sharon",,,,,,
DET-189,hist004,Qibya ,quick_fact,3,,Verification,UN Security Council; Mixed Armistice Commission,,,,,,
DET-190,hist004,Qibya ,quick_fact,4,,Legal Response,UN Resolution 101 - 'strongest censure',,,,,,
DET-191,hist004,Qibya ,testimony,1,,Ariel Sharon,,Sharon wrote in his memoir that he received orders: 'Qibya was to be an example for everyone.' He described ordering 'maximal killing and damage to property.' In autobiography 'Warrior': 'The orders were utterly clear.',"Sharon, Ariel. 'Warrior: An Autobiography' (1989)",,,,
DET-192,hist004,Qibya ,testimony,2,,David Ben-Gurion,,Initially claimed attack was carried out by Israeli civilians acting on their own: 'border settlers in Israel...who were tired of the bloodshed.' Later privately acknowledged military operation. Stated: 'It doesn't make any real difference what will be said about Qibya around the world.',"Knesset speech, October 1953; Sharett Diary",,,,
DET-193,hist004,Qibya ,testimony,3,,Major General Vagn Bennike,,"Reported to UN Security Council that attack conducted by 'roughly half a battalion strength of soldiers from Israeli regular army' using mortars, Bangalore torpedoes, and TNT explosives in coordinated military operation.","Report to UN Security Council, October 1953",https://www.un.org/unispal/document/auto-insert-177183/,,,
DET-194,hist004,Qibya ,testimony,4,,Moshe Sharett,,In private diary opposed the operation: 'I told Lavon that this will be a grave error...it was never proved that reprisal actions serve their declared purpose.' Later wrote: 'I must underline that when I opposed the action I didn't even remotely suspect such a bloodbath.',"Moshe Sharett Diary, October 14, 1953",,,,
DET-195,hist004,Qibya ,testimony,5,,Jordanian Foreign Minister,,Reported to UN: 'massacre of sixty-six inhabitants by organized military forces of Israel.' Called emergency MAC meeting. Described systematic demolition of homes and civilian casualties as unprecedented attack.,"Statement to UN Security Council, November 1953",https://www.un.org/unispal/document/auto-insert-177183/,,,
DET-196,hist004,Qibya ,timeline,1,1953-10-12 00:00:00,Yehud incident,,Grenade attack kills Israeli woman Suzanne Kinyas and her two children in Yehud. Israel attributes attack to infiltrators from Qibya.,UN Security Council Records,https://www.un.org/unispal/document/auto-insert-177183/,,,
DET-197,hist004,Qibya ,timeline,2,2026-10-14 21:30:00,Attack begins,,Israeli force (300-700 soldiers) from Unit 101 and paratroop companies crosses into Jordan. Mortar and artillery barrage on Qibya for 3-4 hours.,UN Security Council S/3113,https://www.un.org/unispal/document/auto-insert-177183/,,,
DET-198,hist004,Qibya ,timeline,3,Late night-Early morning,Systematic destruction,,"Demolition squads enter village, throw grenades into houses, plant explosives. Civilians trapped inside homes as buildings demolished. Systematic looting of shops.",Mixed Armistice Commission,https://www.un.org/unispal/document/auto-insert-177183/,,,
DET-199,hist004,Qibya ,timeline,4,"15 October, Afternoon",Emergency MAC meeting,,"Mixed Armistice Commission convenes, adopts resolution condemning Israeli army for breach of armistice agreement (Israel delegation sole dissenting vote).",UN Official Records,https://www.un.org/unispal/document/auto-insert-177183/,,,
DET-200,hist004,Qibya ,timeline,5,1953-10-27 00:00:00,UN Security Council Resolution 100,,Security Council addresses the attack.,UN Resolutions 1953,https://www.un.org/unispal/,,,
DET-201,hist004,Qibya ,timeline,6,1953-11-24 00:00:00,UN Resolution 101,,Security Council expresses 'strongest censure' of Israeli action. US State Department suspends economic aid to Israel.,UN Security Council Resolution 101,https://www.un.org/unispal/,,,
DET-202,hist004,Qibya ,war_crime,1,,House-to-House Killings,,"Soldiers systematically threw grenades through doors and windows, then demolished houses with explosives while civilians remained inside. Bodies found buried in rubble.",UN MAC Report,https://www.un.org/unispal/document/auto-insert-177183/,,,
DET-203,hist004,Qibya ,war_crime,2,,Women and Children Targeted,,"Of 69 killed, two-thirds were women and children. Families trapped in homes as explosives detonated.",US State Dept,https://history.state.gov/historicaldocuments/frus1952-54v09p1/d689,,,
DET-204,hist004,Qibya ,war_crime,3,,Deliberate Civilian Infrastructure Destruction,,School and mosque systematically demolished. 45 houses destroyed with explosives—approximately 22% of village housing stock.,,,,,
DET-205,hist004,Qibya ,war_crime,4,,Systematic Looting,,"Shops looted during operation. Unused explosives found dropped by attackers, indicating extensive demolition supplies brought to scene.",US Archives,https://history.state.gov/historicaldocuments/frus1952-54v09p1/d689,,,
DET-206,hist004,Qibya ,war_crime,5,,Prevention of Rescue,,Israeli forces shelled neighboring villages Budrus (43 mortar shells) and Shuqba to prevent Jordanian Arab Legion from reaching Qibya to assist civilians.,US State Dept Cable,https://history.state.gov/historicaldocuments/frus1952-54v09p1/d689,,,
DET-207,hist005,Khan Yunis Massacre,casualty,1,,Khan Yunis Deaths (UNRWA),275,Officially documented by UNRWA Director with names and circumstances,UNRWA Special Report to UN General Assembly (A/3512),https://www.un.org/unispal/,,,
DET-208,hist005,Khan Yunis Massacre,casualty,2,,Rafah Deaths (UNRWA),111,"Separate incident November 12, 1956; documented by UNRWA","UNRWA Report December 15, 1956",https://www.un.org/unispal/,,,
DET-209,hist005,Khan Yunis Massacre,casualty,3,,Palestinian Documentation,415+57,"Palestinian Central Bureau of Statistics: 415 killed, 57 missing",Palestinian Central Bureau of Statistics,https://www.pcbs.gov.ps/,,,
DET-210,hist005,Khan Yunis Massacre,casualty,4,,Methods of Killing,Various,"Shot during curfew violations, executed after screenings, arbitrary killings, collective punishment",,,,,
DET-211,hist005,Khan Yunis Massacre,commander,1,1915-1981,Moshe Dayan,,"Overall command of IDF operations during Suez Crisis including Operation Kadesh. Oversaw Gaza Strip occupation and screening procedures that led to mass killings in Khan Yunis and Rafah. Later Defense Minister (1967, 1969-74). Never prosecuted for 1956 Gaza operations.",,,,,
DET-212,hist005,Khan Yunis Massacre,commander,2,1886-1973,David Ben-Gurion,,Ordered Operation Kadesh in coordination with France and UK during Suez Crisis. Authorized occupation of Gaza Strip. Made final decisions on military operations in Khan Yunis and Rafah. Oversaw policies during occupation period.,,,,,
DET-213,hist005,Khan Yunis Massacre,commander,3,1911-2003,Moshe Carmel,,"Commander of Israeli forces occupying Gaza Strip. Directly responsible for ground operations including screening procedures, curfews, and security operations in Khan Yunis and Rafah that resulted in mass civilian deaths.",,,,,
DET-214,hist005,Khan Yunis Massacre,commander,4,1923-2016,Shimon Peres,,Key architect of Israel's alliance with France and UK for Suez operation. Facilitated military coordination. Later Prime Minister and President. Never faced accountability for role in 1956 Gaza operations.,,,,,
DET-215,hist005,Khan Yunis Massacre,historical_impact,1,,Immediate Impact (1956-1957),,UNRWA submitted detailed documentation to UN General Assembly with victim names and circumstances,,,,,
DET-216,hist005,Khan Yunis Massacre,historical_impact,1,,Long-term Significance,,Pattern established: Israeli military operations in Gaza resulting in high civilian casualties without accountability,,,,,
DET-217,hist005,Khan Yunis Massacre,historical_impact,1,,Accountability Outcomes,,✗ No Israeli military personnel prosecuted despite UNRWA documentation of 386 deaths,,,,,
DET-218,hist005,Khan Yunis Massacre,historical_impact,2,,Immediate Impact (1956-1957),,International attention focused on Suez Crisis; massacres received less scrutiny than Hungarian Revolution occurring simultaneously,,,,,
DET-219,hist005,Khan Yunis Massacre,historical_impact,2,,Long-term Significance,,Khan Yunis massacre largely forgotten internationally; remains deeply embedded in Palestinian collective memory,,,,,
DET-220,hist005,Khan Yunis Massacre,historical_impact,2,,Accountability Outcomes,,"✗ Military commanders (Moshe Dayan, Moshe Carmel) later held senior government positions",,,,,
DET-221,hist005,Khan Yunis Massacre,historical_impact,3,,Immediate Impact (1956-1957),,US and Soviet pressure forced Israeli withdrawal from Gaza and Sinai by March 1957,,,,,
DET-222,hist005,Khan Yunis Massacre,historical_impact,3,,Long-term Significance,,"Israeli historians (Morris, Shlaim) documented massacres decades later using declassified archives",,,,,
DET-223,hist005,Khan Yunis Massacre,historical_impact,3,,Accountability Outcomes,,✗ Victims' families never received compensation or official acknowledgment,,,,,
DET-224,hist005,Khan Yunis Massacre,historical_impact,4,,Immediate Impact (1956-1957),,UN Emergency Force (UNEF) deployed to Gaza; first major UN peacekeeping operation,,,,,
DET-225,hist005,Khan Yunis Massacre,historical_impact,4,,Long-term Significance,,Contributed to cycle of violence between Israel and Gaza Strip populations,,,,,
DET-226,hist005,Khan Yunis Massacre,historical_impact,4,,Accountability Outcomes,,✗ Mass graves never properly excavated; many victims never formally identified,,,,,
DET-227,hist005,Khan Yunis Massacre,historical_impact,5,,Immediate Impact (1956-1957),,No international calls for prosecution of perpetrators; Cold War dynamics prevented accountability,,,,,
DET-228,hist005,Khan Yunis Massacre,historical_impact,5,,Long-term Significance,,Precedent for lack of accountability for mass killings of Palestinian civilians,,,,,
DET-229,hist005,Khan Yunis Massacre,historical_impact,5,,Accountability Outcomes,,✓ UNRWA official documentation preserved in UN archives,,,,,
DET-230,hist005,Khan Yunis Massacre,historical_impact,6,,Accountability Outcomes,,✓ Israeli historians later confirmed massacres using military archives,,,,,
DET-231,hist005,Khan Yunis Massacre,historical_impact,7,,Accountability Outcomes,,✓ Events documented in Palestinian national memory and historical records,,,,,
DET-232,hist005,Khan Yunis Massacre,legal,1,,Fourth Geneva Convention (1949) Violations,,"Article 3 (Common Article): Prohibits violence to life and person, murder, cruel treatment, torture. Systematic executions violated core protections even during armed conflict.",,,,,
DET-233,hist005,Khan Yunis Massacre,legal,1,,Customary International Humanitarian Law,,Distinction principle: Failed to distinguish between combatants and civilians during screenings. Executed civilians arbitrarily.,,,,,
DET-234,hist005,Khan Yunis Massacre,legal,1,,Modern Classification,,"Under Rome Statute of International Criminal Court: acts would constitute crimes against humanity (murder, extermination) and war crimes (willful killing of protected persons, murder).",,,,,
DET-235,hist005,Khan Yunis Massacre,legal,2,,Fourth Geneva Convention (1949) Violations,,"Article 27: Protected persons entitled to respect for persons, honor, family rights. Shall be protected against violence. Mass killings violated fundamental protections.",,,,,
DET-236,hist005,Khan Yunis Massacre,legal,2,,Customary International Humanitarian Law,,Prohibition of arbitrary deprivation of liberty: Mass arbitrary detentions without due process violated customary law.,,,,,
DET-237,hist005,Khan Yunis Massacre,legal,2,,Modern Classification,,Systematic nature of killings over 10-day period suggests crimes against humanity element of widespread or systematic attack against civilian population.,,,,,
DET-238,hist005,Khan Yunis Massacre,legal,3,,Fourth Geneva Convention (1949) Violations,,Article 32: Prohibited physical suffering or extermination of protected persons. Screenings followed by executions constituted extermination.,,,,,
DET-239,hist005,Khan Yunis Massacre,legal,3,,Customary International Humanitarian Law,,Prohibition of collective punishment: Entire populations of Khan Yunis and Rafah subjected to collective punishment for suspected fedayeen presence.,,,,,
DET-240,hist005,Khan Yunis Massacre,legal,4,,Fourth Geneva Convention (1949) Violations,,Article 147 (Grave Breaches): Willful killing of protected persons constitutes grave breach (war crime). Mass executions in Khan Yunis and Rafah were grave breaches.,,,,,
DET-241,hist005,Khan Yunis Massacre,quick_fact,1,,Event Type,Mass Execution / Massacre,,,,,,
DET-242,hist005,Khan Yunis Massacre,quick_fact,2,,Perpetrators,Israel Defense Forces; IDF Intelligence units,,,,,,
DET-243,hist005,Khan Yunis Massacre,quick_fact,3,,Verification,UNRWA Special Report to UN General Assembly,,,,,,
DET-244,hist005,Khan Yunis Massacre,quick_fact,4,,UN Response,UNRWA Director documented 275 deaths minimum,,,,,,
DET-245,hist005,Khan Yunis Massacre,testimony,1,,"UNRWA Director, Gaza Affairs",,"Submitted detailed report to UN General Assembly December 15, 1956 (Document A/3512): 'During the period 3-12 November 1956, 275 persons were killed in Khan Yunis and its refugee camp.' Report included names, ages, circumstances of death compiled from credible witness accounts and physical evidence.","UNRWA Special Report, UN GAOR 11th Session, Annexes, Agenda Item 66, Document A/3512",https://www.un.org/unispal/,,,
DET-246,hist005,Khan Yunis Massacre,testimony,2,,Benny Morris,,"In 'Israel's Border Wars 1949-1956': 'Israeli troops...massacred, apparently in cold blood, some 275 Palestinian civilians in Khan Yunis...and another 111 Palestinians in Rafah.' Based on Israeli military archives and UNRWA documentation. Confirmed systematic nature of killings.","Israel's Border Wars 1949-1956' (Oxford University Press, 1993)",,,,
DET-247,hist005,Khan Yunis Massacre,testimony,3,,Avi Shlaim,,"In 'The Iron Wall': 'In Khan Yunis and Rafah, IDF units committed what can only be described as war crimes.' Documented that killings occurred during screenings ostensibly to identify fedayeen but resulted in mass civilian deaths.","The Iron Wall: Israel and the Arab World' (W.W. Norton, 2000)",,,,
DET-248,hist005,Khan Yunis Massacre,testimony,4,,International Committee of the Red Cross,,ICRC delegates present in Gaza after Israeli withdrawal documented mass grave sites and interviewed survivors. Reports submitted to UN detailed systematic nature of killings and burial procedures.,"ICRC Reports to UN, 1956-1957",https://www.icrc.org/,,,
DET-249,hist005,Khan Yunis Massacre,testimony,5,,Palestinian Survivors,,"Survivors described IDF soldiers rounding up men for 'identification checks,' taking them away, and returning without them. Bodies found later in mass graves. Families heard gunshots during screenings. Men shot for curfew violations or arbitrary reasons.",Palestinian oral histories; documented by PCBS,https://www.pcbs.gov.ps/,,,
DET-250,hist005,Khan Yunis Massacre,timeline,1,1956-10-29 00:00:00,Operation Kadesh begins,,Israel launches invasion of Sinai Peninsula in coordination with Franco-British attack on Egypt. Part of coordinated Suez Crisis military operations.,UN Security Council Records 1956,https://www.un.org/unispal/,,,
DET-251,hist005,Khan Yunis Massacre,timeline,2,1956-11-02 00:00:00,IDF occupies Gaza Strip,,Israeli forces complete occupation of Gaza Strip and Khan Yunis. Begin imposing military administration and curfews.,UNRWA Historical Records,https://www.unrwa.org/,,,
DET-252,hist005,Khan Yunis Massacre,timeline,3,1956-11-03 00:00:00,Khan Yunis massacre begins,,IDF conducts mass screenings of male residents in Khan Yunis and refugee camp. Systematic executions begin. Men rounded up for 'identification' of fedayeen and Egyptian soldiers.,UNRWA Special Report A/3512,https://www.un.org/unispal/,,,
DET-253,hist005,Khan Yunis Massacre,timeline,4,3-12 November,Systematic killings,,"Over 10 days, IDF personnel shoot civilians during curfew, execute detainees after screenings, conduct arbitrary killings. Bodies buried in streets and mass graves. UNRWA documents 275 deaths in Khan Yunis.","UNRWA Director Report, December 15, 1956",https://www.un.org/unispal/,,,
DET-254,hist005,Khan Yunis Massacre,timeline,5,1956-11-12 00:00:00,Rafah massacre,,Separate mass killing in nearby Rafah refugee camp. UNRWA documents 111 deaths. Similar pattern of screenings and executions.,UNRWA Special Report,https://www.un.org/unispal/,,,
DET-255,hist005,Khan Yunis Massacre,timeline,6,1956-12-15 00:00:00,UNRWA report submitted,,"UNRWA Director for Gaza Affairs submits detailed report to UN General Assembly (Document A/3512) documenting 275 deaths in Khan Yunis, 111 in Rafah, with names, ages, and circumstances.",UN General Assembly Official Records - 11th Session,https://www.un.org/unispal/,,,
DET-256,hist005,Khan Yunis Massacre,timeline,7,1957-03-01 00:00:00,Israeli withdrawal,,"Under intense US and Soviet pressure, Israel withdraws from Gaza Strip and Sinai. UNEF (UN Emergency Force) deployed. No accountability for massacres.",UN Security Council Records,https://www.un.org/unispal/,,,
DET-257,hist005,Khan Yunis Massacre,war_crime,1,,Systematic Screenings and Executions,,"IDF conducted mass roundups of male residents for 'screening' to identify fedayeen and Egyptian soldiers. During and after screenings, soldiers systematically executed civilians. UNRWA documented names and circumstances of 275 killed in Khan Yunis alone.",UNRWA Report A/3512,https://www.un.org/unispal/,,,
DET-258,hist005,Khan Yunis Massacre,war_crime,2,,Curfew Killings,,Strict curfews imposed; civilians shot on sight for violations. Many killed for minor infractions or misunderstandings. UNRWA documented multiple cases of civilians shot during curfew hours.,UNRWA Documentation,https://www.un.org/unispal/,,,
DET-259,hist005,Khan Yunis Massacre,war_crime,3,,Mass Graves,,Bodies buried in mass graves including in streets of Khan Yunis. Hasty burials prevented proper identification of all victims. Some bodies left exposed for days as warnings.,ICRC Reports 1956-57,https://www.icrc.org/,,,
DET-260,hist005,Khan Yunis Massacre,war_crime,4,,Arbitrary Detentions and Killings,,Mass arbitrary arrests during occupation. Detainees held without charge; many executed without trial or due process. No military tribunals or legal proceedings documented.,UN Documentation,https://www.un.org/unispal/,,,
DET-261,hist005,Khan Yunis Massacre,war_crime,5,,Collective Punishment,,"Entire neighborhoods and refugee camp subjected to collective punishment. Punitive measures included mass killings, curfews, house demolitions for suspected resistance or fedayeen activity.",,,,,
DET-262,hist006,Six-Day War / Al-Naksa,casualty,1,,Palestinians Displaced,"300,000-400,000","280,000 (Israeli sources) to 400,000+ (UN/Palestinian sources)",UNRWA - Registered Refugees from 1967,https://www.unrwa.org/palestine-refugees,,,
DET-263,hist006,Six-Day War / Al-Naksa,casualty,2,,Second-Time Displaced,"~175,000",1948 refugees displaced again from West Bank/Gaza camps,UNRWA Special Report 1967,https://www.unrwa.org/,,,
DET-264,hist006,Six-Day War / Al-Naksa,casualty,3,,Villages Completely Destroyed,3 villages,"Imwas, Yalo, Beit Nuba (Latrun area); ~10,000 residents expelled",Zochrot - Destroyed Villages Documentation,https://www.zochrot.org/,,,
DET-265,hist006,Six-Day War / Al-Naksa,casualty,4,,Territory Occupied,"70,000 km²","West Bank (5,655 km²), Gaza (365 km²), Golan (1,800 km²), Sinai (60,000 km²)",,,,,
DET-266,hist006,Six-Day War / Al-Naksa,commander,1,1915-1981,Moshe Dayan,,"Led Israeli military operations during Six-Day War. Made key decisions regarding occupation policies, including demolition of Latrun villages and Moroccan Quarter. Later expressed mixed feelings about occupation's long-term consequences.",,,,,
DET-267,hist006,Six-Day War / Al-Naksa,commander,2,1922-1995,Yitzhak Rabin,,"Military commander during Six-Day War. Oversaw operations in West Bank, East Jerusalem. Later as Prime Minister (1974-77, 1992-95) pursued peace negotiations; assassinated by Israeli extremist in 1995.",,,,,
DET-268,hist006,Six-Day War / Al-Naksa,commander,3,1895-1969,Levi Eshkol,,Israeli Prime Minister during Six-Day War. Made political decisions regarding occupation and settlement policies. Initially reluctant to occupy West Bank but approved military plans.,,,,,
DET-269,hist006,Six-Day War / Al-Naksa,historical_impact,1,,Immediate Impact (1967-1973),,Creation of modern Israeli occupation of Palestinian territories,,,,,
DET-270,hist006,Six-Day War / Al-Naksa,historical_impact,1,,Long-term Significance (1973-Present),,Occupation continues 55+ years later—longest military occupation in modern history,,,,,
DET-271,hist006,Six-Day War / Al-Naksa,historical_impact,1,,Accountability & International Law,,✗ No Israeli officials prosecuted for displacement or village destruction,,,,,
DET-272,hist006,Six-Day War / Al-Naksa,historical_impact,2,,Immediate Impact (1967-1973),,"300,000-400,000 Palestinians displaced; approximately 175,000 were 1948 refugees displaced second time",,,,,
DET-273,hist006,Six-Day War / Al-Naksa,historical_impact,2,,Long-term Significance (1973-Present),,"Over 700,000 Israeli settlers in West Bank and East Jerusalem (2024)",,,,,
DET-274,hist006,Six-Day War / Al-Naksa,historical_impact,2,,Accountability & International Law,,✗ Israel never withdrew from occupied territories despite UN Resolution 242,,,,,
DET-275,hist006,Six-Day War / Al-Naksa,historical_impact,3,,Immediate Impact (1967-1973),,Israel gained control over all of historic Palestine for first time since 1948,,,,,
DET-276,hist006,Six-Day War / Al-Naksa,historical_impact,3,,Long-term Significance (1973-Present),,"Occupation shapes every aspect of Palestinian life: movement, economy, governance, security",,,,,
DET-277,hist006,Six-Day War / Al-Naksa,historical_impact,3,,Accountability & International Law,,✗ Displaced Palestinians never allowed to return; no compensation paid,,,,,
DET-278,hist006,Six-Day War / Al-Naksa,historical_impact,4,,Immediate Impact (1967-1973),,UN Security Council Resolution 242 became foundation of peace process,,,,,
DET-279,hist006,Six-Day War / Al-Naksa,historical_impact,4,,Long-term Significance (1973-Present),,Occupation central to Israeli-Palestinian conflict and broader Middle East instability,,,,,
DET-280,hist006,Six-Day War / Al-Naksa,historical_impact,4,,Accountability & International Law,,✗ Destroyed villages (Latrun) never rebuilt; area converted to Canada Park,,,,,
DET-281,hist006,Six-Day War / Al-Naksa,historical_impact,5,,Immediate Impact (1967-1973),,Beginning of Israeli settlement enterprise in occupied territories,,,,,
DET-282,hist006,Six-Day War / Al-Naksa,historical_impact,5,,Long-term Significance (1973-Present),,International consensus: occupation illegal; settlements constitute war crimes,,,,,
DET-283,hist006,Six-Day War / Al-Naksa,historical_impact,5,,Accountability & International Law,,✗ Settlement enterprise expanded massively despite international law violations,,,,,
DET-284,hist006,Six-Day War / Al-Naksa,historical_impact,6,,Immediate Impact (1967-1973),,Palestinian national movement shifted focus from refugee return to liberation of occupied territories,,,,,
DET-285,hist006,Six-Day War / Al-Naksa,historical_impact,6,,Long-term Significance (1973-Present),,"Multiple peace initiatives (Camp David, Oslo, Roadmap) failed to end occupation",,,,,
DET-286,hist006,Six-Day War / Al-Naksa,historical_impact,6,,Accountability & International Law,,✓ International consensus: occupation illegal and must end,,,,,
DET-287,hist006,Six-Day War / Al-Naksa,historical_impact,7,,Long-term Significance (1973-Present),,Two-state solution increasingly questioned due to settlement expansion,,,,,
DET-288,hist006,Six-Day War / Al-Naksa,historical_impact,7,,Accountability & International Law,,✓ International Court of Justice (2004): occupation violates international law,,,,,
DET-289,hist006,Six-Day War / Al-Naksa,historical_impact,8,,Long-term Significance (1973-Present),,October 2023 Hamas attack and subsequent Gaza war partly rooted in unresolved 1967 occupation,,,,,
DET-290,hist006,Six-Day War / Al-Naksa,historical_impact,8,,Accountability & International Law,,✓ UN Security Council resolutions remain on record condemning violations,,,,,
DET-291,hist006,Six-Day War / Al-Naksa,historical_impact,9,,Accountability & International Law,,✓ International Criminal Court investigating alleged crimes in occupied territories,,,,,
DET-292,hist006,Six-Day War / Al-Naksa,legal,1,,Fourth Geneva Convention (1949) - Violations,,Article 49: 'Individual or mass forcible transfers...of protected persons from occupied territory...are prohibited regardless of their motive.' Displacement and prevention of return violate this core protection.,,,,,
DET-293,hist006,Six-Day War / Al-Naksa,legal,1,,UN Security Council Resolutions,,Resolution 242 (1967): Called for 'withdrawal of Israeli armed forces from territories occupied' and 'just settlement of refugee problem.' Remains foundation of peace process but unimplemented.,,,,,
DET-294,hist006,Six-Day War / Al-Naksa,legal,1,,International Court of Justice Advisory Opinion (2004),,Wall Advisory Opinion: ICJ ruled Israeli construction of separation barrier in West Bank illegal. Reaffirmed Fourth Geneva Convention applies to occupied Palestinian territories.,,,,,
DET-295,hist006,Six-Day War / Al-Naksa,legal,1,,Ongoing Occupation - Modern Assessment,,"Prolonged occupation: At 55+ years, Israeli occupation is longest military occupation in modern history. International law views prolonged occupation as raising additional legal concerns.",,,,,
DET-296,hist006,Six-Day War / Al-Naksa,legal,2,,Fourth Geneva Convention (1949) - Violations,,"Article 49(6): 'The Occupying Power shall not deport or transfer parts of its own civilian population into the territory it occupies.' Israeli settlement enterprise violates this provision (over 700,000 settlers as of 2024).",,,,,
DET-297,hist006,Six-Day War / Al-Naksa,legal,2,,UN Security Council Resolutions,,Resolution 252 (1968): Declared Israeli annexation measures in Jerusalem 'invalid.' Called on Israel to rescind all actions to change status of city.,,,,,
DET-298,hist006,Six-Day War / Al-Naksa,legal,2,,International Court of Justice Advisory Opinion (2004),,Settlements: ICJ confirmed Israeli settlements violate Article 49(6) of Geneva Convention. Called on Israel to cease settlement activity and dismantle existing settlements.,,,,,
DET-299,hist006,Six-Day War / Al-Naksa,legal,2,,Ongoing Occupation - Modern Assessment,,"Annexation de facto: While Israel never formally annexed West Bank, settlement enterprise and administrative integration constitute de facto annexation in violation of international law.",,,,,
DET-300,hist006,Six-Day War / Al-Naksa,legal,3,,Fourth Geneva Convention (1949) - Violations,,"Article 53: 'Any destruction by the Occupying Power of...property...is prohibited, except where such destruction is rendered absolutely necessary by military operations.' Demolition of Latrun villages and Moroccan Quarter lacked military necessity.",,,,,
DET-301,hist006,Six-Day War / Al-Naksa,legal,3,,UN Security Council Resolutions,,Resolution 298 (1971): Deplored Israeli failure to comply with previous resolutions regarding Jerusalem.,,,,,
DET-302,hist006,Six-Day War / Al-Naksa,legal,3,,International Court of Justice Advisory Opinion (2004),,Occupation obligations: ICJ held Israel bound by international humanitarian law and human rights law in occupied territories.,,,,,
DET-303,hist006,Six-Day War / Al-Naksa,legal,3,,Ongoing Occupation - Modern Assessment,,"Population transfer: Transfer of over 700,000 Israeli civilians into occupied territory constitutes systematic violation of Geneva Convention Article 49(6).",,,,,
DET-304,hist006,Six-Day War / Al-Naksa,legal,4,,Fourth Geneva Convention (1949) - Violations,,Article 147 (Grave Breaches): Extensive destruction of property not justified by military necessity constitutes grave breach (war crime).,,,,,
DET-305,hist006,Six-Day War / Al-Naksa,legal,4,,UN Security Council Resolutions,,Resolution 465 (1980): Determined that Israeli settlements in occupied territories 'have no legal validity' and constitute 'flagrant violation' of Geneva Convention.,,,,,
DET-306,hist006,Six-Day War / Al-Naksa,legal,5,,UN Security Council Resolutions,,Resolution 478 (1980): Declared Israel's 'Basic Law' declaring Jerusalem its 'eternal capital' null and void.,,,,,
DET-307,hist006,Six-Day War / Al-Naksa,quick_fact,1,,Event Type,Mass Displacement / Occupation,,,,,,
DET-308,hist006,Six-Day War / Al-Naksa,quick_fact,2,,Perpetrators,Israel Defense Forces,,,,,,
DET-309,hist006,Six-Day War / Al-Naksa,quick_fact,3,,Verification,UN; ICRC; UNRWA; US State Department,,,,,,
DET-310,hist006,Six-Day War / Al-Naksa,quick_fact,4,,UN Response,Security Council Resolution 242,,,,,,
DET-311,hist006,Six-Day War / Al-Naksa,testimony,1,,Moshe Dayan,,"After capturing Old City, proclaimed: 'We have returned to the holiest of our holy places, never to part from it again.' Later reflected on displacement: 'We came to this country which was already populated by Arabs, and we are establishing...a Jewish state here.' Regarding Latrun villages: 'We had to destroy three Arab villages in the Latrun area.'",Various interviews and memoirs; Haaretz 1969,https://en.wikipedia.org/wiki/Moshe_Dayan,,,
DET-312,hist006,Six-Day War / Al-Naksa,testimony,2,,Amos Elon,,Witnessed destruction of Imwas village June 1967: 'Military bulldozers were finishing their work...not a stone was left standing...the wells were capped with concrete.' Described residents 'trudging down the main highway to Ramallah' with belongings.,"Haaretz, June 1967; later compiled in 'The Israelis' (1971)",,,,
DET-313,hist006,Six-Day War / Al-Naksa,testimony,3,,Hussein Musa (Imwas resident),,"Resident of Imwas village: 'The Israeli soldiers came and told us we had three hours to leave...we took what we could carry. When we looked back from the hills, they were destroying everything with bulldozers—our homes, our mosque, our cemetery. Everything.'",Oral history - Palestinian refugee documentation,https://www.zochrot.org/,,,
DET-314,hist006,Six-Day War / Al-Naksa,testimony,4,,Tom Segev,,"In '1967: Israel, the War, and the Year that Transformed the Middle East': 'Immediately after the war, Israel implemented measures that made refugees' return impossible.' Documented military orders preventing return, identity card confiscations. 'The government's position was that most of the refugees should not be allowed to return.'","1967: Israel, the War, and the Year that Transformed the Middle East' (2007)",,,,
DET-315,hist006,Six-Day War / Al-Naksa,testimony,5,,UN Secretary-General U Thant,,Report to Security Council: 'The displacement of the civilian population as a result of the conflict continues to cause great human suffering and poses a serious threat to peace and security.' Called for allowing refugees to return or receive compensation.,"Report to UN Security Council, September 1967",https://www.un.org/unispal/,,,
DET-316,hist006,Six-Day War / Al-Naksa,testimony,6,,International Committee of the Red Cross,,"ICRC stated Fourth Geneva Convention applicable to occupied territories. Documented mass displacement, house demolitions, prevention of return. Called on Israel to allow refugees to return and respect civilian protections under international humanitarian law.","ICRC statements and reports, 1967-1968",https://www.icrc.org/,,,
DET-317,hist006,Six-Day War / Al-Naksa,timeline,1,1967-06-05 07:45:00,War begins - Operation Focus,,Israel launches preemptive airstrikes destroying Egyptian air force on ground. Jordan and Syria enter war supporting Egypt. Israeli ground forces enter Sinai and Gaza.,UN Security Council Records 1967,https://www.un.org/unispal/,,,
DET-318,hist006,Six-Day War / Al-Naksa,timeline,2,5-6 June,West Bank invasion; displacement begins,,"Israeli forces cross into Jordanian West Bank. Mass exodus begins as Palestinians flee advancing Israeli army, fearing repeat of 1948. Israeli Radio broadcasts in Arabic encouraging Palestinians to flee.","Tom Segev - '1967: Israel, the War, and the Year that Transformed the Middle East'",https://en.wikipedia.org/wiki/Six-Day_War,,,
DET-319,hist006,Six-Day War / Al-Naksa,timeline,3,2026-06-07 00:00:00,East Jerusalem occupied,,"Israeli paratroopers capture Old City of Jerusalem. Defense Minister Moshe Dayan proclaims: 'We have returned to the holiest of our holy places, never to part from it again.'",UN Security Council Records,https://www.un.org/unispal/,,,
DET-320,hist006,Six-Day War / Al-Naksa,timeline,4,7-8 June,Latrun villages demolished,,"Villages of Imwas, Yalo, and Beit Nuba in Latrun area ordered evacuated. Residents given hours to leave. IDF systematically demolishes all structures with bulldozers and explosives. ~10,000 residents expelled; prevented from return.",Zochrot Documentation,https://www.zochrot.org/,,,
DET-321,hist006,Six-Day War / Al-Naksa,timeline,5,10-11 June,Moroccan Quarter demolished,,"Israeli authorities bulldoze Moroccan Quarter (Harat al-Maghariba) adjacent to Western Wall in Jerusalem's Old City. 135 houses destroyed, 650 residents expelled with minimal notice to create Western Wall plaza.",Wikipedia - Moroccan Quarter,https://en.wikipedia.org/wiki/Moroccan_Quarter,,,
DET-322,hist006,Six-Day War / Al-Naksa,timeline,6,2026-06-10 00:00:00,Ceasefire; occupation complete,,"War ends after six days. Israel occupies West Bank, Gaza, East Jerusalem, Golan Heights, Sinai Peninsula. Occupation of Palestinian territories continues to present day.",UN Security Council Resolutions,https://www.un.org/unispal/,,,
DET-323,hist006,Six-Day War / Al-Naksa,timeline,7,June-August 1967,Military orders prevent return,,Israeli military government issues orders preventing displaced Palestinians from returning. Identity card system established; those who left denied reentry. Property declared 'absentee property' subject to confiscation.,B'Tselem - Israeli Occupation Documentation,https://www.btselem.org/,,,
DET-324,hist006,Six-Day War / Al-Naksa,timeline,8,1967-06-14 00:00:00,UN General Assembly Emergency Session,,Emergency session convened. Multiple resolutions condemn Israeli annexation of Jerusalem and call for allowing refugee return. Israel rejects all resolutions.,UN General Assembly Records,https://www.un.org/unispal/,,,
DET-325,hist006,Six-Day War / Al-Naksa,timeline,9,1967-11-22 00:00:00,UN Security Council Resolution 242,,Landmark resolution calls for 'withdrawal of Israeli armed forces from territories occupied' and 'just settlement of refugee problem.' Foundation of peace process but remains unimplemented 55+ years later.,UN Security Council Resolution 242,https://www.un.org/unispal/,,,
DET-326,hist006,Six-Day War / Al-Naksa,war_crime,1,,Systematic Village Destruction,,"Three entire villages (Imwas, Yalo, Beit Nuba) demolished within days of occupation. Residents given 1-3 hours to evacuate. All homes, mosques, churches, cemeteries systematically destroyed. Total 10,000 residents expelled; area converted to Canada Park. No compensation paid.",Zochrot Documentation,https://www.zochrot.org/,,,
DET-327,hist006,Six-Day War / Al-Naksa,war_crime,2,,Moroccan Quarter Demolition,,"Historic 770-year-old Jerusalem neighborhood bulldozed 48 hours after occupation. 135 houses, two mosques, zawiya (Islamic school) destroyed. 650 residents given 3 hours to evacuate. Afdal Mosque (12th century) and other heritage sites demolished.",Historical Documentation,https://en.wikipedia.org/wiki/Moroccan_Quarter,,,
DET-328,hist006,Six-Day War / Al-Naksa,war_crime,3,,Prevention of Return,,Military orders and identity card system prevented displaced Palestinians from returning home—direct violation of international humanitarian law. Fourth Geneva Convention Article 49: occupying power may not forcibly transfer or deport protected persons.,B'Tselem Documentation,https://www.btselem.org/,,,
DET-329,hist006,Six-Day War / Al-Naksa,war_crime,4,,Illegal Annexation,,"East Jerusalem formally annexed June 28, 1967 (not recognized internationally). Golan Heights annexed 1981. UN Security Council declared annexations 'null and void.' Transfer of Israeli civilians into occupied territories violates Geneva Convention Article 49.",UN Resolutions,https://www.un.org/unispal/,,,
DET-330,hist006,Six-Day War / Al-Naksa,war_crime,5,,Mass Displacement,,"300,000-400,000 Palestinians displaced during and immediately after war. Many forced out through psychological warfare (radio broadcasts), prevention of return, house demolitions. Approximately half were second-time refugees (displaced from 1948).",UNRWA Reports,https://www.unrwa.org/,,,
DET-331,hist006,Six-Day War / Al-Naksa,war_crime,6,,Extrajudicial Killings,,Multiple documented cases of POW killings and civilian deaths. Egyptian POWs killed at al-Arish. Systematic documentation prevented by denial of ICRC access during conflict.,ICRC Reports,https://www.icrc.org/,,,
DET-332,hist007,Sabra and Shatila,casualty,1,,Lebanese Official Count,800,Lebanese government commission documented 800 bodies identified,Lebanese Government Commission Report (1982-83),https://www.un.org/unispal/,,,
DET-333,hist007,Sabra and Shatila,casualty,2,,Palestinian & International Sources,"2,000-3,500","Palestinian Red Crescent: 3,500; various international: 2,000-2,750",Palestinian Red Crescent Society Reports 1982,http://www.palestinercs.org/,,,
DET-334,hist007,Sabra and Shatila,casualty,3,,"Women, Children, Elderly",Majority,Most victims non-combatants; systematic targeting of civilians,Kahan Commission Report (1983),https://www.mfa.gov.il/mfa/foreignpolicy/mfadocuments/yearbook6/pages/104%20report%20of%20the%20commission%20of%20inquiry%20into%20the%20e.aspx,,,
DET-335,hist007,Sabra and Shatila,casualty,4,,Missing/Disappeared,Unknown,Many bodies buried in mass graves; identification incomplete; some never found,,,,,
DET-336,hist007,Sabra and Shatila,commander,1,1928-2014,Ariel Sharon,,Kahan Commission found Sharon bore 'personal responsibility' for massacre. Authorized Phalangist entry into camps despite foreseeable risk to civilians. Failed to prevent killings despite receiving reports. Recommended for removal as Defense Minister. Resigned but remained in cabinet. Later served as Prime Minister (2001-2006). Multiple international prosecution attempts failed.,,,,,
DET-337,hist007,Sabra and Shatila,commander,2,1929-2004,Rafael Eitan,,Overall command of IDF operations in Lebanon. Coordinated Phalangist entry into camps. Received reports of civilian massacres but ordered militias to continue. Kahan Commission found him negligent. Recommended for removal but already scheduled to retire. Later entered politics; never prosecuted.,,,,,
DET-338,hist007,Sabra and Shatila,commander,3,1913-1992,Menachem Begin,,"Prime Minister during Lebanon War (Operation Peace for Galilee). Authorized invasion and occupation of West Beirut. Kahan Commission found he should have been more involved in preventing foreseeable harm. Not recommended for removal. Resigned 1983, partly due to Lebanon War failures.",,,,,
DET-339,hist007,Sabra and Shatila,commander,4,1915-2012,Yitzhak Shamir,,"Foreign Minister during massacre. Kahan Commission noted he knew of Phalangist entry but did not object. Later became Prime Minister (1983-84, 1986-92). Never held accountable for role in events.",,,,,
DET-340,hist007,Sabra and Shatila,commander,5,1956-2002,Elie Hobeika,,Lebanese Forces commander who led Phalangist militiamen into camps. Directly responsible for organizing and executing massacre. Never prosecuted. Assassinated in 2002 car bombing in Beirut before planned testimony in Belgian universal jurisdiction case.,,,,,
DET-341,hist007,Sabra and Shatila,commander,6,Unknown,Fadi Frem,,Senior Lebanese Forces commander who led militiamen during massacre. Directed ground operations inside camps. Never prosecuted. Identity and fate poorly documented.,,,,,
DET-342,hist007,Sabra and Shatila,historical_impact,1,,Immediate Impact (1982-1983),,International outrage; widespread condemnation of Israel and Phalangists,,,,,
DET-343,hist007,Sabra and Shatila,historical_impact,1,,Long-term Significance,,Symbol of Palestinian suffering and international community's failure to protect refugees,,,,,
DET-344,hist007,Sabra and Shatila,historical_impact,1,,Accountability Outcomes,,✗ No Lebanese Phalangist militiamen ever prosecuted despite carrying out killings,,,,,
DET-345,hist007,Sabra and Shatila,historical_impact,2,,Immediate Impact (1982-1983),,"Largest protest in Israeli history: 400,000 Israelis (10% of population) demanded investigation",,,,,
DET-346,hist007,Sabra and Shatila,historical_impact,2,,Long-term Significance,,Established precedent for 'command responsibility' findings even when direct perpetrators were non-state actors,,,,,
DET-347,hist007,Sabra and Shatila,historical_impact,2,,Accountability Outcomes,,✗ No Israeli military personnel criminally charged despite Kahan findings of responsibility,,,,,
DET-348,hist007,Sabra and Shatila,historical_impact,3,,Immediate Impact (1982-1983),,Kahan Commission established—rare example of country investigating own military's role in atrocity,,,,,
DET-349,hist007,Sabra and Shatila,historical_impact,3,,Long-term Significance,,Kahan Commission report became reference point for investigating military misconduct,,,,,
DET-350,hist007,Sabra and Shatila,historical_impact,3,,Accountability Outcomes,,✗ Ariel Sharon never faced criminal prosecution; later served as Prime Minister,,,,,
DET-351,hist007,Sabra and Shatila,historical_impact,4,,Immediate Impact (1982-1983),,Sharon forced to resign as Defense Minister but remained in cabinet without portfolio,,,,,
DET-352,hist007,Sabra and Shatila,historical_impact,4,,Long-term Significance,,"Despite findings of personal responsibility, Sharon later became Prime Minister (2001-2006)",,,,,
DET-353,hist007,Sabra and Shatila,historical_impact,4,,Accountability Outcomes,,✗ Belgium universal jurisdiction case (2001) dismissed after political pressure,,,,,
DET-354,hist007,Sabra and Shatila,historical_impact,5,,Immediate Impact (1982-1983),,UN General Assembly declared massacre 'an act of genocide' (Resolution 37/123 D),,,,,
DET-355,hist007,Sabra and Shatila,historical_impact,5,,Long-term Significance,,Failed prosecutions (Belgium 2001) demonstrated limits of universal jurisdiction when opposed by powerful states,,,,,
DET-356,hist007,Sabra and Shatila,historical_impact,5,,Accountability Outcomes,,✗ Elie Hobeika (Phalangist commander) assassinated 2002 before testimony,,,,,
DET-357,hist007,Sabra and Shatila,historical_impact,6,,Immediate Impact (1982-1983),,Accelerated Israeli withdrawal from Lebanon (completed 1985 except 'security zone'),,,,,
DET-358,hist007,Sabra and Shatila,historical_impact,6,,Long-term Significance,,Memorial events held annually September 16-18 by Palestinian and solidarity groups worldwide,,,,,
DET-359,hist007,Sabra and Shatila,historical_impact,6,,Accountability Outcomes,,✗ Victims' families received no compensation; no official apologies from perpetrators,,,,,
DET-360,hist007,Sabra and Shatila,historical_impact,7,,Immediate Impact (1982-1983),,Deepened Lebanese-Palestinian tensions; weakened Palestinian position in Lebanon,,,,,
DET-361,hist007,Sabra and Shatila,historical_impact,7,,Long-term Significance,,Referenced in International Criminal Court discussions of command responsibility,,,,,
DET-362,hist007,Sabra and Shatila,historical_impact,7,,Accountability Outcomes,,✓ Kahan Commission provided official Israeli acknowledgment of responsibility (rare),,,,,
DET-363,hist007,Sabra and Shatila,historical_impact,8,,Accountability Outcomes,,✓ Sharon forced to resign as Defense Minister (though remained in politics),,,,,
DET-364,hist007,Sabra and Shatila,historical_impact,9,,Accountability Outcomes,,✓ UN and international documentation preserved; massacre recognized in historical record,,,,,
DET-365,hist007,Sabra and Shatila,historical_impact,10,,Accountability Outcomes,,✓ Case studied in international criminal law courses as example of command responsibility,,,,,
DET-366,hist007,Sabra and Shatila,legal,1,,Fourth Geneva Convention (1949) Violations,,"Article 27: Protected persons entitled to respect for persons, honor, family rights, religious convictions. Shall be protected against violence, intimidation, insults, public curiosity. Systematically violated.",,,,,
DET-367,hist007,Sabra and Shatila,legal,1,,Command Responsibility Doctrine,,Superior responsibility: Israeli commanders knew or should have known massacre was occurring and failed to prevent or punish. Kahan Commission explicitly found this.,,,,,
DET-368,hist007,Sabra and Shatila,legal,1,,UN General Assembly Findings,,Resolution 37/123 D (1982): Declared massacre 'an act of genocide.' Passed 123-0 with 22 abstentions. Israel rejected characterization but did not contest factual findings.,,,,,
DET-369,hist007,Sabra and Shatila,legal,1,,Attempts at Individual Criminal Accountability,,Belgium (2001): Survivors filed case under universal jurisdiction law. Belgian Supreme Court initially allowed prosecution of Sharon. Law later amended under US/Israeli pressure; case dismissed.,,,,,
DET-370,hist007,Sabra and Shatila,legal,2,,Fourth Geneva Convention (1949) Violations,,Article 32: Prohibited physical suffering or extermination of protected persons. Massacre constituted extermination.,,,,,
DET-371,hist007,Sabra and Shatila,legal,2,,Command Responsibility Doctrine,,"Duty to prevent: Under customary international law, commanders must take feasible measures to prevent crimes by forces under their control. Sharon and IDF command failed this duty.",,,,,
DET-372,hist007,Sabra and Shatila,legal,2,,UN General Assembly Findings,,"Genocide Convention analysis: Acts committed with intent to destroy, in whole or in part, Palestinian group as such. Deliberate killing of members of group (Article II(a)).",,,,,
DET-373,hist007,Sabra and Shatila,legal,2,,Attempts at Individual Criminal Accountability,,"Universal jurisdiction principle: War crimes and crimes against humanity prosecutable anywhere. However, political considerations prevented prosecution.",,,,,
DET-374,hist007,Sabra and Shatila,legal,3,,Fourth Geneva Convention (1949) Violations,,"Article 147 (Grave Breaches): Willful killing, torture, inhuman treatment of protected persons constitute war crimes. All present in Sabra and Shatila.",,,,,
DET-375,hist007,Sabra and Shatila,legal,3,,Command Responsibility Doctrine,,Personal responsibility: Kahan Commission: Sharon bore 'personal responsibility' for not ordering prevention of harm to civilians despite foreseeable risks.,,,,,
DET-376,hist007,Sabra and Shatila,legal,3,,Attempts at Individual Criminal Accountability,,"ICC jurisdiction: Rome Statute not in effect in 1982; retroactive prosecution impossible. However, acts would constitute crimes against humanity and war crimes under current law.",,,,,
DET-377,hist007,Sabra and Shatila,legal,4,,Fourth Geneva Convention (1949) Violations,,Occupying Power Responsibility: Israel as occupying power in West Beirut bore legal responsibility to protect civilian population under its control.,,,,,
DET-378,hist007,Sabra and Shatila,quick_fact,1,,Event Type,Massacre,,,,,,
DET-379,hist007,Sabra and Shatila,quick_fact,2,,Perpetrators,Lebanese Phalangist militia; Israeli facilitation,,,,,,
DET-380,hist007,Sabra and Shatila,quick_fact,3,,Verification,Kahan Commission; UN; International Red Cross,,,,,,
DET-381,hist007,Sabra and Shatila,quick_fact,4,,UN Response,UNGA Resolution 37/123 D (genocide finding),,,,,,
DET-382,hist007,Sabra and Shatila,testimony,1,,Robert Fisk,,"Entered camps morning of September 18. 'There were women lying in the doorways, shot in the back and the front...I came across a group of women and children clustered around a dead man lying in a pile of garbage. On my right was a young Palestinian woman...holding a tiny baby to her body. The baby had been shot through the back of the head.' Described systematic nature of killings.","Pity the Nation: Lebanon at War' (1990); The Independent September 18-19, 1982",,,,
DET-383,hist007,Sabra and Shatila,testimony,2,,Kahan Commission,,Official findings: Sharon bore 'personal responsibility' for not preventing massacre. 'It is impossible to justify the Minister of Defense's disregard of the danger of acts of revenge...and his lack of involvement in the course of events.' Recommended Sharon's removal; found Chief of Staff Eitan and others negligent.,"Commission of Inquiry into Events at Refugee Camps in Beirut - Final Report, February 8, 1983",https://www.mfa.gov.il/mfa/foreignpolicy/mfadocuments/yearbook6/pages/104%20report%20of%20the%20commission%20of%20inquiry%20into%20the%20e.aspx,,,
DET-384,hist007,Sabra and Shatila,testimony,3,,Ellen Siegel,,"Present during massacre. Witnessed killings, attempted to help wounded. Testified: 'I saw Israeli soldiers standing on rooftops watching as the Phalangists went from house to house.' Described seeing bodies of women and children, mass graves being dug.",Testimony to human rights organizations; documented in UN reports,https://www.un.org/unispal/,,,
DET-385,hist007,Sabra and Shatila,testimony,4,,Ariel Sharon,,Initially denied Israeli responsibility. After Kahan Commission: accepted 'indirect' responsibility but claimed could not have foreseen massacre. In autobiography 'Warrior' (1989): defended decision to send Phalangists into camps. Never expressed remorse. Resigned as Defense Minister but remained in cabinet.,Warrior: An Autobiography' (1989); Official statements to Kahan Commission,,,,
DET-386,hist007,Sabra and Shatila,testimony,5,,Palestinian Survivors,,"Survivors described militiamen going house to house, executing families, separating men from women and children before killing. One survivor: 'They killed my husband, my three sons, my daughter. They killed them in front of me.' Another: 'They made us stand against the wall. They shot everyone. I only survived because bodies fell on top of me.'","Collected by Lebanese government commission, human rights organizations, Palestinian Red Crescent",http://www.palestinercs.org/,,,
DET-387,hist007,Sabra and Shatila,testimony,6,,Israeli Soldiers (anonymous testimonies),,Several soldiers later testified they reported civilian killings to commanders but were ordered not to intervene. One: 'We saw them killing civilians...we reported it up the chain of command. Nothing was done.' Multiple soldiers confirmed IDF fired illumination flares throughout nights.,Kahan Commission testimony; later interviews with Breaking the Silence,https://www.breakingthesilence.org.il/,,,
DET-388,hist007,Sabra and Shatila,timeline,1,1982-09-14 00:00:00,Bachir Gemayel assassinated,,"Lebanese President-elect Bachir Gemayel (Phalangist leader, Israeli ally) killed by bomb in East Beirut. Israeli military leadership decides to occupy West Beirut and send Phalangists into camps.",Kahan Commission Report - Background,https://www.mfa.gov.il/mfa/foreignpolicy/mfadocuments/yearbook6/pages/104%20report%20of%20the%20commission%20of%20inquiry%20into%20the%20e.aspx,,,
DET-389,hist007,Sabra and Shatila,timeline,2,"15 September, evening",IDF occupies West Beirut,,"Israeli forces enter West Beirut in violation of ceasefire agreement. Surround Sabra and Shatila camps. Meeting at Defense Ministry: Sharon, Chief of Staff Eitan, and Phalangist commanders plan camp entry.",Kahan Commission - Decision Making,https://www.mfa.gov.il/mfa/foreignpolicy/mfadocuments/yearbook6/pages/104%20report%20of%20the%20commission%20of%20inquiry%20into%20the%20e.aspx,,,
DET-390,hist007,Sabra and Shatila,timeline,3,2026-09-16 17:00:00,Phalangists enter camps,,"Approximately 150 Phalangist militiamen enter Shatila camp through IDF lines. Israeli officers coordinate entry. IDF controls all access points, provides maps, logistics. Killing begins immediately.",Kahan Commission - Operational Timeline,https://www.mfa.gov.il/mfa/foreignpolicy/mfadocuments/yearbook6/pages/104%20report%20of%20the%20commission%20of%20inquiry%20into%20the%20e.aspx,,,
DET-391,hist007,Sabra and Shatila,timeline,4,"16 September, night",First night of killings,,Systematic house-to-house killings. IDF fires illumination flares throughout night allowing massacre to continue after dark. Israeli officers at forward command posts receive reports of civilian killings but do not intervene.,"Robert Fisk - The Independent, September 18-19, 1982",https://www.icrc.org/,,,
DET-392,hist007,Sabra and Shatila,timeline,5,2026-09-17 00:00:00,Massacre continues,,Killings intensify. Reports reach IDF commanders of women and children being killed. Chief of Staff Eitan informed but orders Phalangists to continue. More militiamen enter camps. Bulldozers brought in to bury bodies.,Kahan Commission - Day Two Events,https://www.mfa.gov.il/mfa/foreignpolicy/mfadocuments/yearbook6/pages/104%20report%20of%20the%20commission%20of%20inquiry%20into%20the%20e.aspx,,,
DET-393,hist007,Sabra and Shatila,timeline,6,"17 September, night",Second night,,IDF continues providing illumination flares. Mass killings continue. Bodies accumulate in streets and mass graves. Some victims tortured before death; evidence of sexual violence.,ICRC Documentation 1982,https://www.icrc.org/,,,
DET-394,hist007,Sabra and Shatila,timeline,7,"18 September, morning",International alarm,,Reports of massacre reach international media. US pressures Israel to halt operation. Israeli cabinet meets; orders Phalangists to leave camps.,US State Department Records 1982,https://history.state.gov/,,,
DET-395,hist007,Sabra and Shatila,timeline,8,2026-09-18 08:00:00,Phalangists withdraw,,"Militiamen leave camps after approximately 40 hours. Bodies litter streets. Mass graves discovered. International journalists, including Robert Fisk, enter camps and document carnage.",Robert Fisk - 'Pity the Nation' (1990),,,,
DET-396,hist007,Sabra and Shatila,timeline,9,1982-09-25 00:00:00,Mass protests in Israel,,"400,000 Israelis (10% of population) protest in Tel Aviv demanding investigation. Largest protest in Israeli history. Pressure forces government to establish commission.",Peace Now Historical Documentation,https://peacenow.org.il/,,,
DET-397,hist007,Sabra and Shatila,timeline,10,1982-09-28 00:00:00,Kahan Commission established,,Israeli government establishes Commission of Inquiry headed by Supreme Court President Yitzhak Kahan to investigate Israeli responsibility.,Kahan Commission - Establishment Order,https://www.mfa.gov.il/mfa/foreignpolicy/mfadocuments/yearbook6/pages/104%20report%20of%20the%20commission%20of%20inquiry%20into%20the%20e.aspx,,,
DET-398,hist007,Sabra and Shatila,timeline,11,1983-02-08 00:00:00,Kahan Commission report released,,Commission finds Defense Minister Sharon bore 'personal responsibility' for not preventing massacre. Recommends his removal. Chief of Staff Eitan and others also found negligent. Sharon resigns as Defense Minister but remains in cabinet.,Kahan Commission - Full Report,https://www.mfa.gov.il/mfa/foreignpolicy/mfadocuments/yearbook6/pages/104%20report%20of%20the%20commission%20of%20inquiry%20into%20the%20e.aspx,,,
DET-399,hist007,Sabra and Shatila,timeline,12,1982-12-16 00:00:00,UN condemns massacre,,UN General Assembly Resolution 37/123 D declares massacre 'act of genocide.' Overwhelmingly passed. Israel rejects findings.,UN General Assembly Resolution 37/123,https://www.un.org/unispal/,,,
DET-400,hist007,Sabra and Shatila,war_crime,1,,Systematic Massacre of Civilians,,"House-to-house killings over 40+ hours. Victims predominantly women, children, elderly. Men of fighting age had mostly evacuated with PLO forces. Methods: shooting, stabbing, axe attacks, decapitation. Kahan Commission confirmed systematic nature of killings.",Kahan Commission Report,https://www.mfa.gov.il/mfa/foreignpolicy/mfadocuments/yearbook6/pages/104%20report%20of%20the%20commission%20of%20inquiry%20into%20the%20e.aspx,,,
DET-401,hist007,Sabra and Shatila,war_crime,2,,Torture and Mutilation,,"Journalists documented bodies with signs of torture: mutilations, dismemberment, disfigurement. Pregnant women killed; bodies desecrated. Robert Fisk: 'I saw dead babies, blackened in the heat, already decomposing. I saw dead women lying in the road.'",UN Documentation,https://www.un.org/unispal/,,,
DET-402,hist007,Sabra and Shatila,war_crime,3,,Sexual Violence,,Evidence of rape and sexual violence. Bodies of women found partially clothed or unclothed. Lebanese investigating commission documented sexual assaults.,ICRC Reports,https://www.icrc.org/,,,
DET-403,hist007,Sabra and Shatila,war_crime,4,,Mass Graves and Body Disposal,,Bulldozers brought in during massacre to bury bodies in mass graves. Some victims buried alive. Systematic effort to conceal scale of killings. Many bodies never recovered or identified.,,,,,
DET-404,hist007,Sabra and Shatila,war_crime,5,,Israeli Facilitation,,"IDF surrounded camps, controlled all entry/exit, provided maps, coordinated Phalangist entry, fired illumination flares at night enabling killing to continue, received reports of massacre but did not intervene for 40 hours.",Kahan Commission - Israeli Responsibility,https://www.mfa.gov.il/mfa/foreignpolicy/mfadocuments/yearbook6/pages/104%20report%20of%20the%20commission%20of%20inquiry%20into%20the%20e.aspx,,,
DET-405,hist007,Sabra and Shatila,war_crime,6,,Killing of Children and Infants,,Multiple documented cases of infants and young children killed. Entire families executed together. Orphans found alive among corpses. Robert Fisk described finding children's bodies in rubble.,Journalist Accounts,https://www.un.org/unispal/,,,
DET-406,hist008,First Intifada,casualty,1,,Palestinians Killed,"1,087-1,284",Killed by Israeli forces; range reflects different sources (B'Tselem vs. Palestinian documentation),B'Tselem - First Intifada Fatalities; Al Jazeera - Intifada Documentation,https://www.btselem.org/statistics/first_intifada_tables; https://www.aljazeera.com/gallery/2023/12/8/history-illustrated-the-first-intifada-against-israel,,,
DET-407,hist008,First Intifada,casualty,2,,Palestinian Children Killed,241-332,Minors under 18 killed by Israeli forces,B'Tselem Documentation,https://www.btselem.org/,,,
DET-408,hist008,First Intifada,casualty,3,,Israelis Killed,160-200,Israeli soldiers and civilians killed by Palestinians during Intifada,B'Tselem Statistics,https://www.btselem.org/,,,
DET-409,hist008,First Intifada,casualty,4,,Palestinians Wounded,"120,000+","Injuries from live fire, beatings, rubber bullets, tear gas. ~15,000 seriously wounded","Palestine Remix - Intifada Stories; PBS - Women, War and Peace",https://remix.aljazeera.com/aje/PalestineRemix/stories-from-the-intifada.html; https://www.pbs.org/wnet/women-war-and-peace/uncategorized/what-you-need-to-know-about-the-1987-intifada/,,,
DET-410,hist008,First Intifada,casualty,5,,Palestinians Arrested,120000,"Total arrests over 6 years; ~20,000 in first year alone. Many tortured in detention",Palestine Remix Documentation,https://remix.aljazeera.com/aje/PalestineRemix/stories-from-the-intifada.html,,,
DET-411,hist008,First Intifada,casualty,6,,Homes Demolished,2532,Palestinian homes destroyed as punishment or deterrent by Israeli forces,B'Tselem Reports,https://www.btselem.org/,,,
DET-412,hist008,First Intifada,casualty,7,,Palestinians Deported,481,Expelled from occupied territories by Israeli military orders,UN Security Council Resolutions 607 & 608,https://www.un.org/unispal/,,,
DET-413,hist008,First Intifada,commander,1,1922-1995,Yitzhak Rabin,Israeli Defense Minister (1984-1990); Prime Minister (1992-1995),"Issued 'iron fist' orders including bone-breaking policy. Later acknowledged brutality excessive. As PM, pursued Oslo peace process that emerged from Intifada. Assassinated by Israeli extremist in 1995.",,,,,
DET-414,hist008,First Intifada,commander,2,1929-2004,Yasser Arafat,PLO Chairman,"Led PLO from exile. Initially caught off-guard by grassroots uprising, later asserted control. Authorized 1988 Declaration of Independence. Led Oslo negotiations resulting in 1993 accords.",,,,,
DET-415,hist008,First Intifada,commander,3,1946-present,Hanan Ashrawi,Palestinian spokeswoman; academic,Prominent spokesperson for Palestinian cause during Intifada. Articulated Palestinian aspirations to international media. Key figure in Madrid Conference delegation. Later Palestinian legislator.,,,,,
DET-416,hist008,First Intifada,commander,4,1988-1993,United National Leadership of Uprising (UNLU),Underground coordinating committee,"Coordinated strikes, boycotts, demonstrations through communiqués. Comprised representatives of PLO factions and grassroots leaders. Organized parallel institutions and civil disobedience campaigns.",,,,,
DET-417,hist008,First Intifada,historical_impact,1,,Immediate Impact (1987-1993),,Transformed Israeli-Palestinian conflict from distant issue into immediate crisis visible on global television,,,,,
DET-418,hist008,First Intifada,historical_impact,1,,Long-term Significance (1993-Present),,Oslo process ultimately failed—no Palestinian state established after 30+ years,,,,,
DET-419,hist008,First Intifada,historical_impact,1,,Accountability & Justice,,"✗ No Israeli officials prosecuted for bone-breaking policy, excessive force, or other violations",,,,,
DET-420,hist008,First Intifada,historical_impact,2,,Immediate Impact (1987-1993),,Images of Israeli soldiers beating Palestinian youth with rocks shocked international community,,,,,
DET-421,hist008,First Intifada,historical_impact,2,,Long-term Significance (1993-Present),,Palestinian Authority became subcontractor for Israeli occupation rather than pathway to statehood,,,,,
DET-422,hist008,First Intifada,historical_impact,2,,Accountability & Justice,,✗ No compensation paid to families of those killed or to those whose homes demolished,,,,,
DET-423,hist008,First Intifada,historical_impact,3,,Immediate Impact (1987-1993),,Forced recognition of Palestinian national aspirations—no longer just 'refugee problem' but political rights issue,,,,,
DET-424,hist008,First Intifada,historical_impact,3,,Long-term Significance (1993-Present),,Exclusion of grassroots leaders (especially women) from Oslo negotiations weakened Palestinian civil society,,,,,
DET-425,hist008,First Intifada,historical_impact,3,,Accountability & Justice,,✗ Deported Palestinians never allowed to return,,,,,
DET-426,hist008,First Intifada,historical_impact,4,,Immediate Impact (1987-1993),,Palestinian women played unprecedented public role in resistance and organizing,,,,,
DET-427,hist008,First Intifada,historical_impact,4,,Long-term Significance (1993-Present),,"Hamas emerged as major force, challenging PLO/Fatah dominance",,,,,
DET-428,hist008,First Intifada,historical_impact,4,,Accountability & Justice,,"✗ Israeli policies that triggered Intifada (occupation, settlements, land confiscation) continue unchanged",,,,,
DET-429,hist008,First Intifada,historical_impact,5,,Immediate Impact (1987-1993),,"Grassroots organizing created parallel institutions: popular committees, alternative education, medical relief",,,,,
DET-430,hist008,First Intifada,historical_impact,5,,Long-term Significance (1993-Present),,Intifada tactics influenced other resistance movements globally,,,,,
DET-431,hist008,First Intifada,historical_impact,5,,Accountability & Justice,,✓ B'Tselem and other human rights organizations documented violations comprehensively,,,,,
DET-432,hist008,First Intifada,historical_impact,6,,Immediate Impact (1987-1993),,1988 Palestinian Declaration of Independence and PLO recognition of Israel,,,,,
DET-433,hist008,First Intifada,historical_impact,6,,Long-term Significance (1993-Present),,"Collapse of Oslo process led to Second Intifada (2000-2005), far more violent",,,,,
DET-434,hist008,First Intifada,historical_impact,6,,Accountability & Justice,,✓ International community recognized Palestinian national rights,,,,,
DET-435,hist008,First Intifada,historical_impact,7,,Immediate Impact (1987-1993),,Madrid Conference (1991): first direct Israeli-Palestinian negotiations,,,,,
DET-436,hist008,First Intifada,historical_impact,7,,Long-term Significance (1993-Present),,"Israeli settlement expansion accelerated after Oslo—now 700,000+ settlers",,,,,
DET-437,hist008,First Intifada,historical_impact,7,,Accountability & Justice,,✓ UN resolutions condemned Israeli practices (though not enforced),,,,,
DET-438,hist008,First Intifada,historical_impact,8,,Immediate Impact (1987-1993),,Oslo Accords (1993): creation of Palestinian Authority and framework for eventual Palestinian state,,,,,
DET-439,hist008,First Intifada,historical_impact,8,,Long-term Significance (1993-Present),,Intifada demonstrated that Palestinian resistance could not be suppressed indefinitely,,,,,
DET-440,hist008,First Intifada,historical_impact,8,,Accountability & Justice,,"✓ Intifada forced Israel to negotiate, leading to Oslo process",,,,,
DET-441,hist008,First Intifada,historical_impact,9,,Long-term Significance (1993-Present),,Established pattern: Palestinian uprising → international attention → negotiations → failure → renewed violence,,,,,
DET-442,hist008,First Intifada,historical_impact,9,,Accountability & Justice,,✗ Oslo promises unfulfilled; occupation continues 30+ years later,,,,,
DET-443,hist008,First Intifada,legal,1,,Fourth Geneva Convention - Violations,,<strong>Article 33:</strong> 'No protected person may be punished for an offence he or she has not personally committed. Collective penalties...are prohibited.' Home demolitions and collective curfews violated this provision.,,,,,
DET-444,hist008,First Intifada,legal,1,,International Covenant on Civil and Political Rights,,<strong>Article 6 (Right to Life):</strong> Use of lethal force against largely unarmed protesters violated right to life. Force used was not strictly necessary or proportionate.,,,,,
DET-445,hist008,First Intifada,legal,1,,UN Security Council Resolutions,,<strong>Resolutions 607 (1988) and 608 (1988):</strong> Condemned Israel's deportation of Palestinian civilians. Demanded Israel cease deportations and allow deportees to return. Israel rejected resolutions.,,,,,
DET-446,hist008,First Intifada,legal,1,,International Criticism and Condemnation,,<strong>UN Human Rights Council:</strong> Multiple fact-finding missions documented violations. Special Rapporteur reports detailed systematic abuses.,,,,,
DET-447,hist008,First Intifada,legal,2,,Fourth Geneva Convention - Violations,,<strong>Article 49:</strong> 'Individual or mass forcible transfers...are prohibited.' 481 deportations directly violated this protection.,,,,,
DET-448,hist008,First Intifada,legal,2,,International Covenant on Civil and Political Rights,,"<strong>Article 7 (Prohibition of Torture):</strong> Systematic beatings, bone-breaking policy, and torture in detention centers violated absolute prohibition on torture and cruel, inhuman treatment.",,,,,
DET-449,hist008,First Intifada,legal,2,,UN Security Council Resolutions,,"<strong>Multiple resolutions:</strong> Security Council passed numerous resolutions condemning Israeli practices during Intifada, including excessive use of force, collective punishment, and violations of Palestinian rights.",,,,,
DET-450,hist008,First Intifada,legal,2,,International Criticism and Condemnation,,<strong>US State Department:</strong> Even US government (Israel's closest ally) condemned 'harsh security measures and excessive use of live ammunition' under Reagan Administration.,,,,,
DET-451,hist008,First Intifada,legal,3,,Fourth Geneva Convention - Violations,,<strong>Article 147 (Grave Breaches):</strong> 'Willful killing...torture or inhuman treatment...extensive destruction...not justified by military necessity' constitute war crimes. Bone-breaking policy and excessive force qualify as grave breaches.,,,,,
DET-452,hist008,First Intifada,legal,3,,International Covenant on Civil and Political Rights,,"<strong>Article 9 (Liberty and Security):</strong> Mass arbitrary detentions, administrative detention without charge violated right to liberty and protection from arbitrary arrest.",,,,,
DET-453,hist008,First Intifada,legal,3,,International Criticism and Condemnation,,"<strong>Amnesty International and Human Rights Watch:</strong> Both organizations issued reports documenting torture, arbitrary detention, excessive force, and other violations.",,,,,
DET-454,hist008,First Intifada,legal,4,,International Criticism and Condemnation,,<strong>International Committee of the Red Cross:</strong> Repeatedly raised concerns about treatment of detainees and use of force against civilians.,,,,,
DET-455,hist008,First Intifada,quick_fact,1,,Event Type,Popular Uprising / Mass Casualties,,,,,,
DET-456,hist008,First Intifada,quick_fact,2,,Trigger,Traffic accident killing 4 Palestinians,,,,,,
DET-457,hist008,First Intifada,quick_fact,3,,Israeli Response,"Live fire, beatings, mass arrests",,,,,,
DET-458,hist008,First Intifada,quick_fact,4,,Verification,B'Tselem; UN; Human Rights Watch; ICRC,,,,,,
DET-459,hist008,First Intifada,quick_fact,5,,Outcome,Oslo Accords (1993),,,,,,
DET-460,hist008,First Intifada,testimony,1,,Yitzhak Rabin,Israeli Defense Minister (1984-1990),"Issued notorious orders to soldiers: 'The first priority is to use force, might, and beatings.' Later told officers: 'Break their bones.' Admitted policy in interview: 'I told the army to go in and use force, to beat up the demonstrators.' Later as Prime Minister (1992-1995), pursued peace negotiations that grew from Intifada.",Contemporary interviews and military records; documented by Israeli media,https://www.palquest.org/en/highlight/29773/first-intifada-1987-1993,,,
DET-461,hist008,First Intifada,testimony,2,,Mahmoud Darwish,Palestinian poet; author of Declaration of Independence,"Authored 1988 Palestinian Declaration of Independence. Wrote: 'Because of the Intifada and its revolutionary and irreversible impulse, the history of Palestine has therefore arrived at a decisive juncture.' Described Intifada as transformative moment for Palestinian national movement.",Palestinian Declaration of Independence (1988); interviews,https://www.palquest.org/en/highlight/29773/first-intifada-1987-1993,,,
DET-462,hist008,First Intifada,testimony,3,,United Nations,UN Security Council and Human Rights Bodies,"Security Council condemned Israeli practices multiple times. Resolutions 607 and 608 (1988) condemned deportations. Human Rights investigators documented: 'The Israeli military response has been characterized by excessive and indiscriminate use of force against Palestinian civilians, including children.'","UN Security Council Resolutions 607, 608; UN Human Rights reports",https://www.un.org/unispal/,,,
DET-463,hist008,First Intifada,testimony,4,,Amnesty International,International human rights organization,"Documented systematic torture in Israeli detention centers. Report stated: 'Palestinians detained during the Intifada have been subjected to torture and ill-treatment systematically and on a wide scale.' Described beatings, stress positions, sleep deprivation, threats as routine.",Amnesty International reports (1988-1993),,,,
DET-464,hist008,First Intifada,testimony,5,,B'Tselem (Israeli human rights org),Israeli human rights organization,"Founded during Intifada (1989) to document violations. Comprehensive statistics: 1,087 Palestinians killed (including 241 children), 120,000+ wounded, 2,532 homes demolished, 481 deported. Stated: 'Israeli forces systematically violated international humanitarian law during the Intifada.'",B'Tselem statistical reports and documentation,https://www.btselem.org/,,,
DET-465,hist008,First Intifada,testimony,6,,Palestinian Youth Activist,Intifada participant from Ramallah,"Interviewed for Al Jazeera documentary: 'We refused to give Israel money to build a more powerful army to oppress Palestinians. The Israeli army besieged our city for 40 days. They raided or demolished homes of those who withheld tax. We saw new types of injuries—first from tear gas and rubber bullets, then from beatings and real bullets.'",Palestine Remix - Al Jazeera oral histories,https://remix.aljazeera.com/aje/PalestineRemix/stories-from-the-intifada.html,,,
DET-466,hist008,First Intifada,testimony,7,,Jimmy Carter,Former US President,Reflected on Intifada: 'The Palestinians' nonviolent resistance in the First Intifada was a remarkable demonstration of courage. The violent Israeli response shocked many Americans and changed perceptions of the Israeli-Palestinian conflict.' Noted that Intifada led to international recognition of Palestinian rights.,Palestine: Peace Not Apartheid (2006),,,,
DET-467,hist008,First Intifada,timeline,1,1987-12-08 00:00:00,Trigger: Traffic accident in Gaza,,"Israeli army truck collides with civilian vehicles at Erez checkpoint, killing four Palestinian workers from Jabalia refugee camp (Gaza). Palestinians believe it was deliberate revenge for Israeli stabbing two days earlier. Rumors and anger spread rapidly.",Al Jazeera - First Intifada History; Britannica - Intifada,https://www.aljazeera.com/gallery/2023/12/8/history-illustrated-the-first-intifada-against-israel; https://www.britannica.com/topic/intifada,,,
DET-468,hist008,First Intifada,timeline,2,1987-12-09 00:00:00,Intifada begins: Jabalia uprising,,Mass protests erupt in Jabalia refugee camp. 17-year-old Hatem al-Sisi shot dead by Israeli soldier after throwing Molotov cocktail at army patrol. His death becomes symbol. Protests spread throughout Gaza Strip within hours.,PalQuest - First Intifada 1987-1993,https://www.palquest.org/en/highlight/29773/first-intifada-1987-1993,,,
DET-469,hist008,First Intifada,timeline,3,10-15 December 1987,Uprising spreads to West Bank and Jerusalem,,"Protests expand to East Jerusalem, Ramallah, Nablus, Hebron, and other West Bank cities and refugee camps. Rock-throwing, tire burning, roadblocks become daily occurrences. Six Palestinians killed, 30 injured in first week.",Jewish Virtual Library - First Intifada,https://www.jewishvirtuallibrary.org/first-intifada,,,
DET-470,hist008,First Intifada,timeline,4,1988-01-01 00:00:00,Rabin's 'Iron Fist' policy announced,,"Defense Minister Yitzhak Rabin declares policy of 'force, might, and beatings.' Orders soldiers to 'break bones' of stone-throwers. Israeli forces begin systematic beatings with clubs and rifle butts. At least 300 Palestinians killed in first year.",PalQuest Documentation,https://www.palquest.org/en/highlight/29773/first-intifada-1987-1993,,,
DET-471,hist008,First Intifada,timeline,5,January-March 1988,Formation of United National Leadership (UNLU),,"Underground coordination committee forms comprising PLO factions and local leaders. Begin issuing communiqués (bayanat) directing strikes, boycotts, demonstrations. Organize parallel institutions: popular committees, alternative education, medical relief.",PalQuest - First Intifada,https://www.palquest.org/en/highlight/29773/first-intifada-1987-1993,,,
DET-472,hist008,First Intifada,timeline,6,December 1987 - December 1988,First year: Peak violence,,"First year death toll: at least 300 Palestinians killed, tens of thousands wounded. Over 18,000 arrested. Israeli forces close schools and universities, impose curfews, demolish homes. 3,600+ Molotov cocktail attacks, 100 hand grenade attacks reported.",War Wings Daily - First Intifada Analysis,https://warwingsdaily.com/wars/the-first-intifada-1987-1993/,,,
DET-473,hist008,First Intifada,timeline,7,1988-11-15 00:00:00,Palestinian Declaration of Independence,,"Palestine National Council in Algiers declares Palestinian statehood. PLO recognizes Israel's right to exist, accepts UN Resolutions 242 and 338, adopts two-state solution. Authored by Mahmoud Darwish. Major political shift driven by Intifada momentum.",PalQuest - Declaration Context,https://www.palquest.org/en/highlight/29773/first-intifada-1987-1993,,,
DET-474,hist008,First Intifada,timeline,8,1990-10-08 00:00:00,Temple Mount Massacre,,Israeli police kill 22 Palestinians at Al-Aqsa Mosque compound in Jerusalem during prayers. Hundreds wounded. Incident marks shift toward more lethal Palestinian tactics. Three Israelis and one IDF soldier stabbed to death in Jerusalem and Gaza two weeks later.,Historical Records,https://www.britannica.com/topic/intifada,,,
DET-475,hist008,First Intifada,timeline,9,1990-1991,Violence escalates; 'Intrafada' begins,,"Palestinian armed attacks increase. Hamas challenges PLO leadership. 'Intrafada': Palestinians kill other Palestinians accused of collaboration with Israel. By 1991, number killed by Palestinian death squads exceeds those killed by Israeli forces in some periods.",Jewish Virtual Library Documentation,https://www.jewishvirtuallibrary.org/first-intifada,,,
DET-476,hist008,First Intifada,timeline,10,1991-10-30 00:00:00,Madrid Peace Conference,,First direct Israeli-Palestinian negotiations. Palestinians represented by delegation from occupied territories (not PLO formally). Grassroots activists and women leaders prominent in delegation. Conference marks international recognition of Palestinian rights.,PBS - Intifada Impact,https://www.pbs.org/wnet/women-war-and-peace/uncategorized/what-you-need-to-know-about-the-1987-intifada/,,,
DET-477,hist008,First Intifada,timeline,11,1992-1993,Secret Oslo negotiations,,"While Madrid talks stall, secret back-channel negotiations begin in Oslo, Norway between Israel and PLO. Grassroots leaders and women excluded from Oslo process, unlike Madrid. Negotiations produce framework for Palestinian self-government.",PBS Documentation,https://www.pbs.org/wnet/women-war-and-peace/uncategorized/what-you-need-to-know-about-the-1987-intifada/,,,
DET-478,hist008,First Intifada,timeline,12,1993-09-13 00:00:00,Oslo Accords signed; Intifada ends,,"Israel and PLO sign Declaration of Principles on White House lawn. Agreement provides framework for Palestinian self-government, Israeli withdrawal from some territories, creation of Palestinian Authority. Intifada officially ends after nearly six years. Final toll: 1,087-1,284 Palestinians killed, 160-200 Israelis killed.",Al Jazeera - Intifada History; Britannica - Intifada,https://www.aljazeera.com/gallery/2023/12/8/history-illustrated-the-first-intifada-against-israel; https://www.britannica.com/topic/intifada,,,
DET-479,hist008,First Intifada,war_crime,1,,Excessive Use of Lethal Force,,"Israeli forces routinely used live ammunition against stone-throwing demonstrators, killing over 1,000 Palestinians. UN criticized Israel's shoot-to-kill policies. Many victims shot in upper body/head, indicating lethal intent. Use of force disproportionate to threat posed by largely unarmed protesters.",📄 B'Tselem Documentation →,https://www.btselem.org/,,,
DET-480,hist008,First Intifada,war_crime,2,,Systematic Beatings and Bone-Breaking Policy,,"Defense Minister Rabin's explicit orders to 'break bones' of protesters. Soldiers systematically beat Palestinians with clubs and rifle butts. At least 17 Palestinians died from beatings alone. Thousands suffered broken bones, permanent injuries. Policy constituted torture and cruel, inhuman treatment prohibited under international law.",📄 PalQuest Documentation →,https://www.palquest.org/en/highlight/29773/first-intifada-1987-1993,,,
DET-481,hist008,First Intifada,war_crime,3,,Punitive Home Demolitions,,"2,532 Palestinian homes demolished during Intifada as collective punishment—homes of families of suspected attackers or activists demolished without trial. Violates Fourth Geneva Convention Article 33: 'Collective penalties...are prohibited.' Thousands rendered homeless.",📄 B'Tselem Reports →,https://www.btselem.org/,,,
DET-482,hist008,First Intifada,war_crime,4,,Mass Arbitrary Detention and Torture,,"Approximately 120,000 Palestinians arrested over six years—roughly 20% of adult male population. Many held in administrative detention without charge or trial. Widespread torture documented by human rights organizations. Detention centers described as torture facilities.",📄 Human Rights Documentation →,https://www.btselem.org/,,,
DET-483,hist008,First Intifada,war_crime,5,,Collective Punishment,,"Extended curfews affecting entire towns and refugee camps for weeks. Closures of schools and universities for months/years, denying education to entire generation. Sealing of entire areas. All constitute collective punishment prohibited under Geneva Convention Article 33.",📄 B'Tselem Reports →,https://www.btselem.org/,,,
DET-484,hist008,First Intifada,war_crime,6,,Illegal Deportations,,481 Palestinians deported from occupied territories to Lebanon and elsewhere—direct violation of Fourth Geneva Convention Article 49: 'Individual or mass forcible transfers...from occupied territory...are prohibited.' UN Security Council Resolutions 607 and 608 condemned deportations.,📄 UN Resolutions →,https://www.un.org/unispal/,,,
DET-485,hist008,First Intifada,war_crime,7,,Killing of Children,,241-332 Palestinian children (minors under 18) killed by Israeli forces during Intifada. Many shot while throwing stones or participating in protests. International outcry over images of soldiers shooting children. Killing of children disproportionate and violated principles of distinction and proportionality.,📄 B'Tselem Statistics →,https://www.btselem.org/,,,
DET-486,hist009,Cave of the Patriarchs Massacre,casualty,1,,Killed in Mosque,29,Shot by Baruch Goldstein during Fajr prayer in Ibrahimi Mosque,Institute for Palestine Studies,https://www.palestine-studies.org/en/node/1652605,,,
DET-487,hist009,Cave of the Patriarchs Massacre,casualty,2,,Killed by Israeli Forces,25+,"Shot during protests, funerals, and riots following massacre (Feb 25 - Mar 18)",Al Jazeera - Massacre Remembrance,https://www.aljazeera.com/news/2016/2/26/remembering-the-ibrahimi-mosque-massacre,,,
DET-488,hist009,Cave of the Patriarchs Massacre,casualty,3,,Wounded in Mosque,125+,Shot and wounded by Goldstein; many with permanent disabilities,Hebron Rehabilitation Committee,https://www.hebronrc.ps/en/node/27,,,
DET-489,hist009,Cave of the Patriarchs Massacre,casualty,4,,Wounded in Protests,Hundreds,Injured by Israeli forces during three weeks of protests and clashes,WAFA News Agency,https://english.wafa.ps/Pages/Details/128189,,,
DET-490,hist009,Cave of the Patriarchs Massacre,casualty,5,,Businesses Closed,520,Ordered shut by Israeli military; most never reopened,Middle East Monitor Documentation,https://www.middleeastmonitor.com/20210227-the-massacre-of-ibrahimi-mosque/,,,
DET-491,hist009,Cave of the Patriarchs Massacre,casualty,6,,Shops Closed,"1,800+",Old City shops sealed by military order; commercial heart destroyed,Middle East Monitor,https://www.middleeastmonitor.com/20210227-the-massacre-of-ibrahimi-mosque/,,,
DET-492,hist009,Cave of the Patriarchs Massacre,commander,1,1956-1994 (killed by survivors),Baruch Goldstein (born Benjamin Carl Goldstein),,"US-born Israeli settler, physician, IDF reserve officer, Kach member. Massacred 29 Palestinian worshippers during Ramadan prayer. Acted to derail Oslo peace process. Revered as martyr by far-right extremists; grave in Kiryat Arba became pilgrimage site.",,,,,
DET-493,hist009,Cave of the Patriarchs Massacre,commander,2,1932-1990 (assassinated in New York),Meir Kahane,,"US-born extremist rabbi. Founded Jewish Defense League (JDL) and Kach party. Advocated expulsion of all Arabs from Israel/Palestine, Jewish supremacy. Goldstein was follower. Kahane assassinated 1990, but ideology lives on through followers and current Israeli far-right parties.",,,,,
DET-494,hist009,Cave of the Patriarchs Massacre,commander,3,1922-1995 (assassinated),Yitzhak Rabin,,Condemned Goldstein's act rhetorically but government implemented collective punishment against Palestinian victims. Led Oslo peace process Goldstein sought to derail. Assassinated by Israeli extremist in 1995.,,,,,
DET-495,hist009,Cave of the Patriarchs Massacre,commander,4,1925-2019,Meir Shamgar,,"Former Israeli Supreme Court President who led commission investigating massacre. Report concluded Goldstein acted alone (denying military complicity), recommended measures that all burdened Palestinians. Criticized as whitewash.",,,,,
DET-496,hist009,Cave of the Patriarchs Massacre,commander,5,1976-present,Itamar Ben-Gvir,,Former Kach activist who hung portrait of Goldstein in his home. Now serves in Israeli government as National Security Minister. Represents continuation of Goldstein's ideology in Israeli mainstream politics. Visited Goldstein's grave and praised him.,,,,,
DET-497,hist009,Cave of the Patriarchs Massacre,historical_impact,1,,Immediate Impact (1994),,29 Palestinians massacred during prayer; 125+ wounded; 25+ killed by Israeli forces during protests,,,,,
DET-498,hist009,Cave of the Patriarchs Massacre,historical_impact,1,,Long-term Transformation of Hebron (1994-Present),,"Ibrahimi Mosque partitioned: 60% Jewish, 40% Muslim (Jews 0.003% of population)",,,,,
DET-499,hist009,Cave of the Patriarchs Massacre,historical_impact,1,,Ideological Legacy: Kahanism in Israeli Politics,,Goldstein buried in Kiryat Arba; grave became shrine for extremists,,,,,
DET-500,hist009,Cave of the Patriarchs Massacre,historical_impact,1,,Accountability & Justice,,✗ No Israeli officials prosecuted for facilitating massacre or ignoring warnings,,,,,
DET-501,hist009,Cave of the Patriarchs Massacre,historical_impact,2,,Immediate Impact (1994),,UN Security Council condemned massacre (Resolution 904); Israel never complied,,,,,
DET-502,hist009,Cave of the Patriarchs Massacre,historical_impact,2,,Long-term Transformation of Hebron (1994-Present),,"520 businesses and 1,800 shops closed; Old City economy destroyed",,,,,
DET-503,hist009,Cave of the Patriarchs Massacre,historical_impact,2,,Ideological Legacy: Kahanism in Israeli Politics,,Annual commemorations by Kahanist supporters praising Goldstein as 'hero',,,,,
DET-504,hist009,Cave of the Patriarchs Massacre,historical_impact,2,,Accountability & Justice,,✗ No accountability for military's suspicious absence or trapping of survivors,,,,,
DET-505,hist009,Cave of the Patriarchs Massacre,historical_impact,3,,Immediate Impact (1994),,Israel banned Kach movement and designated it terrorist organization,,,,,
DET-506,hist009,Cave of the Patriarchs Massacre,historical_impact,3,,Long-term Transformation of Hebron (1994-Present),,Shuhada Street (main commercial artery) sealed to Palestinians—ghost town created,,,,,
DET-507,hist009,Cave of the Patriarchs Massacre,historical_impact,3,,Ideological Legacy: Kahanism in Israeli Politics,,Kach ideology never eliminated—adherents joined other settler groups,,,,,
DET-508,hist009,Cave of the Patriarchs Massacre,historical_impact,3,,Accountability & Justice,,✗ No Israeli soldiers charged for killing 25+ Palestinians during protests,,,,,
DET-509,hist009,Cave of the Patriarchs Massacre,historical_impact,4,,Immediate Impact (1994),,Oslo peace process continued but deeply damaged—Palestinian trust shattered,,,,,
DET-510,hist009,Cave of the Patriarchs Massacre,historical_impact,4,,Long-term Transformation of Hebron (1994-Present),,"1997 Hebron Protocol divided city: H2 (20%, Old City) under full Israeli military control",,,,,
DET-511,hist009,Cave of the Patriarchs Massacre,historical_impact,4,,Ideological Legacy: Kahanism in Israeli Politics,,2022-present: Kahanists entered Israeli government through parties like Otzma Yehudit (Jewish Power),,,,,
DET-512,hist009,Cave of the Patriarchs Massacre,historical_impact,4,,Accountability & Justice,,✗ Collective punishment of Palestinian victims never reversed,,,,,
DET-513,hist009,Cave of the Patriarchs Massacre,historical_impact,5,,Immediate Impact (1994),,Hamas and Islamic Jihad launched retaliatory attacks; beginning of suicide bombing campaign,,,,,
DET-514,hist009,Cave of the Patriarchs Massacre,historical_impact,5,,Long-term Transformation of Hebron (1994-Present),,"~40,000 Palestinians in H2 live under military rule to protect ~400-800 extremist settlers",,,,,
DET-515,hist009,Cave of the Patriarchs Massacre,historical_impact,5,,Ideological Legacy: Kahanism in Israeli Politics,,Itamar Ben-Gvir (National Security Minister) former Kach activist who hung Goldstein's portrait in home,,,,,
DET-516,hist009,Cave of the Patriarchs Massacre,historical_impact,5,,Accountability & Justice,,✗ UN Security Council Resolution 904 never implemented,,,,,
DET-517,hist009,Cave of the Patriarchs Massacre,historical_impact,6,,Immediate Impact (1994),,International spotlight on Hebron and settler violence,,,,,
DET-518,hist009,Cave of the Patriarchs Massacre,historical_impact,6,,Long-term Transformation of Hebron (1994-Present),,"Network of checkpoints, closures, restrictions strangling Palestinian life",,,,,
DET-519,hist009,Cave of the Patriarchs Massacre,historical_impact,6,,Ideological Legacy: Kahanism in Israeli Politics,,Bezalel Smotrich (Finance Minister) promotes annexation and expulsion policies echoing Kahane,,,,,
DET-520,hist009,Cave of the Patriarchs Massacre,historical_impact,6,,Accountability & Justice,,✗ Goldstein revered as hero/martyr by segments of Israeli society,,,,,
DET-521,hist009,Cave of the Patriarchs Massacre,historical_impact,7,,Immediate Impact (1994),,First use of 'collective punishment of victims' strategy that became template,,,,,
DET-522,hist009,Cave of the Patriarchs Massacre,historical_impact,7,,Long-term Transformation of Hebron (1994-Present),,"Mass displacement from Old City; population dropped from 35,000 to ~7,000",,,,,
DET-523,hist009,Cave of the Patriarchs Massacre,historical_impact,7,,Ideological Legacy: Kahanism in Israeli Politics,,Goldstein's goal—derailing peace and preventing Palestinian state—largely achieved,,,,,
DET-524,hist009,Cave of the Patriarchs Massacre,historical_impact,7,,Accountability & Justice,,✗ His ideological descendants now govern Israel,,,,,
DET-525,hist009,Cave of the Patriarchs Massacre,historical_impact,8,,Long-term Transformation of Hebron (1994-Present),,Hebron became symbol of occupation's most oppressive face,,,,,
DET-526,hist009,Cave of the Patriarchs Massacre,historical_impact,8,,Ideological Legacy: Kahanism in Israeli Politics,,"Settler population grew from ~100,000 (1994) to ~700,000+ (2024)",,,,,
DET-527,hist009,Cave of the Patriarchs Massacre,historical_impact,8,,Accountability & Justice,,"✓ Kach briefly banned (1994), though ideology persists",,,,,
DET-528,hist009,Cave of the Patriarchs Massacre,historical_impact,9,,Accountability & Justice,,✓ International condemnation documented,,,,,
DET-529,hist009,Cave of the Patriarchs Massacre,historical_impact,10,,Accountability & Justice,,✗ Old City businesses never reopened; Palestinians never compensated,,,,,
DET-530,hist009,Cave of the Patriarchs Massacre,historical_impact,11,,Accountability & Justice,,✗ Ibrahimi Mosque partition remains; Palestinians restricted at site of their victimization,,,,,
DET-531,hist009,Cave of the Patriarchs Massacre,legal,1,,Fourth Geneva Convention - Violations,,"Article 27: 'Protected persons...shall at all times be humanely treated, and shall be protected especially against all acts of violence or threats thereof.' Israel failed to protect Palestinians from settler violence; facilitated attack through military absence.",,,,,
DET-532,hist009,Cave of the Patriarchs Massacre,legal,1,,International Human Rights Law,,Right to Life (ICCPR Article 6): Israel failed duty to protect life by ignoring warnings about Goldstein; soldiers' actions during and after massacre facilitated deaths; excessive force against protesters violated right to life.,,,,,
DET-533,hist009,Cave of the Patriarchs Massacre,legal,1,,UN Security Council Resolution 904 (1994),,Condemnation: Security Council 'strongly condemns the massacre...and calls it abhorrent.',,,,,
DET-534,hist009,Cave of the Patriarchs Massacre,legal,1,,Terrorism and International Criminal Law,,Act of Terrorism: Massacre meets all definitions of terrorism—premeditated attack on civilians to achieve political goal (derailing peace process).,,,,,
DET-535,hist009,Cave of the Patriarchs Massacre,legal,2,,Fourth Geneva Convention - Violations,,"Article 33: 'No protected person may be punished for an offence he or she has not personally committed. Collective penalties...are prohibited.' Six-month closure, business closures, mosque partition, Shuhada Street sealing all constituted collective punishment.",,,,,
DET-536,hist009,Cave of the Patriarchs Massacre,legal,2,,International Human Rights Law,,Freedom of Religion (ICCPR Article 18): Partition of Ibrahimi Mosque and restrictions on Muslim worship violated right to freedom of religion and worship.,,,,,
DET-537,hist009,Cave of the Patriarchs Massacre,legal,2,,UN Security Council Resolution 904 (1994),,"Protection Measures: Called for 'measures to be taken to guarantee the safety and protection of Palestinian civilians throughout the occupied territory, including, inter alia, a temporary international or foreign presence.' Israel never implemented.",,,,,
DET-538,hist009,Cave of the Patriarchs Massacre,legal,2,,Terrorism and International Criminal Law,,Crimes Against Humanity: Part of widespread attack on Palestinian civilian population; systematic persecution.,,,,,
DET-539,hist009,Cave of the Patriarchs Massacre,legal,3,,Fourth Geneva Convention - Violations,,"Article 53: 'Any destruction...of property...is prohibited, except where such destruction is rendered absolutely necessary by military operations.' Economic strangulation of Old City had no military necessity.",,,,,
DET-540,hist009,Cave of the Patriarchs Massacre,legal,3,,International Human Rights Law,,Right to Non-Discrimination: Grossly unequal treatment—Palestinians collectively punished while settler population protected and expanded.,,,,,
DET-541,hist009,Cave of the Patriarchs Massacre,legal,3,,UN Security Council Resolution 904 (1994),,Disarmament: Implicitly called for disarming of settlers. Israel ignored; settlers armed and expanded.,,,,,
DET-542,hist009,Cave of the Patriarchs Massacre,legal,3,,Terrorism and International Criminal Law,,"State Responsibility: Israel's failure to prevent attack despite warnings, facilitation through military absence, collective punishment of victims, and failure to implement UNSC Resolution 904 constitute state responsibility for violations.",,,,,
DET-543,hist009,Cave of the Patriarchs Massacre,legal,4,,UN Security Council Resolution 904 (1994),,Implementation: Israel never complied with any provision of Resolution 904.,,,,,
DET-544,hist009,Cave of the Patriarchs Massacre,quick_fact,1,,Event Type,Mass Shooting / Settler Terrorism,,,,,,
DET-545,hist009,Cave of the Patriarchs Massacre,quick_fact,2,,Perpetrator,Baruch Goldstein (US-born settler),,,,,,
DET-546,hist009,Cave of the Patriarchs Massacre,quick_fact,3,,Affiliation,Kach Movement (banned terrorist org),,,,,,
DET-547,hist009,Cave of the Patriarchs Massacre,quick_fact,4,,Weapon,IMI Galil assault rifle + pistol,,,,,,
DET-548,hist009,Cave of the Patriarchs Massacre,quick_fact,5,,Verification,UN Security Council; Shamgar Commission; eyewitnesses,,,,,,
DET-549,hist009,Cave of the Patriarchs Massacre,quick_fact,6,,Israeli Response,"Punished Palestinians, partitioned mosque",,,,,,
DET-550,hist009,Cave of the Patriarchs Massacre,testimony,1,,Hazem Abu Sneineh,,"Interviewed by Al Jazeera 22 years later: 'When we got down to do sujood [prostration], I heard heavy gunfire and I got shot in my leg. I couldn't get up, and there was a big pool of blood under me and around me. The wounded were many, and they are lying all over the place...Children were torn apart, martyrs had lost their heads, their stomachs were ripped open, and there were scattered body parts everywhere.'",Al Jazeera interview (2016),https://www.aljazeera.com/news/2016/2/26/remembering-the-ibrahimi-mosque-massacre,,,
DET-551,hist009,Cave of the Patriarchs Massacre,testimony,2,,Mohammed Abdelkader,,"Mohammed was 11 years old when Goldstein shot him dead during Fajr prayer. He was praying beside his father. His story represents the dozens of children present during massacre, many of whom died or were wounded.",Victim documentation,https://www.hebronrc.ps/en/node/27,,,
DET-552,hist009,Cave of the Patriarchs Massacre,testimony,3,,Survivor testimony,,"Speaking to Anadolu Agency: 'What we saw inside the hall resembled a slaughterhouse. There were bodies in parts everywhere, blood covering the floor and walls. The Israeli soldiers who were supposed to protect us closed the doors on us, trapping us inside with the dead and wounded. They prevented ambulances from reaching us for a long time.'",Anadolu Agency interview (2021),https://www.aa.com.tr/en/middle-east/palestine-27-years-since-ibrahimi-mosque-massacre/2156877,,,
DET-553,hist009,Cave of the Patriarchs Massacre,testimony,4,,Khalil Muhsen Jabari,,"Imam Jabari was leading Fajr prayer when Goldstein opened fire. He survived. Later testified about the horror: 'We were in prostration when the shooting started. People could not escape because we were packed so tightly. The shooting went on for minutes that felt like hours. When we finally overpowered him, we found he had reloaded several times.'",Court testimony and interviews,,,,
DET-554,hist009,Cave of the Patriarchs Massacre,testimony,5,,UN Security Council,,Resolution 904 (18 March 1994): 'Strongly condemns the massacre in Hebron and its aftermath which took the lives of more than 50 Palestinian civilians and injured several hundred others' and calls the massacre 'an abhorrent act.' Demanded measures to protect Palestinian civilians. Israel never complied.,UN Security Council Resolution 904,https://www.middleeastmonitor.com/20210227-the-massacre-of-ibrahimi-mosque/,,,
DET-555,hist009,Cave of the Patriarchs Massacre,testimony,6,,Yitzhak Rabin,,"Condemned massacre: 'You are not part of the community of Israel...You are not partners in the Zionist enterprise. You are a shame on Zionism and an embarrassment to Judaism.' However, his government then implemented collective punishment against Palestinian victims rather than protecting them or removing settlers.","Public statement, March 1994",,,,
DET-556,hist009,Cave of the Patriarchs Massacre,testimony,7,,Israeli soldier (present at scene),,"Anonymous testimony to Shamgar Commission: 'We heard shots but the officer told us to stay at our posts outside. When we finally entered, it was chaos. We closed the gates to prevent more people from entering.' Palestinians argue this testimony reveals military complicity—soldiers present but did not stop massacre.",Shamgar Commission testimony (leaked excerpts),,,,
DET-557,hist009,Cave of the Patriarchs Massacre,testimony,8,,Kach Movement Statements,,"Following massacre, Kach leaders praised Goldstein as hero and martyr. Distributed literature defending attack. Statement: 'Goldstein acted to save Jewish lives.' These statements led Israeli government to ban Kach and designate it terrorist organization. However, ideology persists in current Israeli far-right through parties like Otzma Yehudit.",Kach publications and statements (1994),https://jacobin.com/2023/02/ibrahimi-mosque-massacre-anniversary-kahanism-hebron-itamar-ben-gvir-israel-far-right,,,
DET-558,hist009,Cave of the Patriarchs Massacre,timeline,1,1993-10-01 00:00:00,Warning signs: Goldstein attacks mosque,,"Baruch Goldstein pours acid on mosque floor carpets, leaving giant holes. Six worshippers assaulted. Sanctuary guards identify Goldstein as culprit. Palestinian authorities write to PM Yitzhak Rabin warning of dangers posed by Goldstein, requesting action. No measures taken.",Historical Documentation,https://www.aljazeera.com/news/2016/2/26/remembering-the-ibrahimi-mosque-massacre,,,
DET-559,hist009,Cave of the Patriarchs Massacre,timeline,2,24 February 1994 (evening),Eve of massacre: tensions at mosque,,Disagreement at Ibrahimi Mosque when large crowd of Jewish worshippers want to enter during Muslim prayer time for Purim holiday (Jewish festival coinciding with Ramadan). Clashes between Palestinians and settlers. Heightened tension.,Al Jazeera - Survivor Testimonies,https://www.aljazeera.com/news/2016/2/26/remembering-the-ibrahimi-mosque-massacre,,,
DET-560,hist009,Cave of the Patriarchs Massacre,timeline,3,"25 February 1994, ~5:00 AM",Suspicious absence of Israeli soldiers,,Worshippers notice Israeli soldiers absent from their usual positions around mosque despite previous evening's tensions. Survivors later testify this was highly unusual and suspect Israeli military complicity or foreknowledge of attack.,Anadolu Agency - Eyewitness Accounts,https://www.aa.com.tr/en/middle-east/palestine-27-years-since-ibrahimi-mosque-massacre/2156877,,,
DET-561,hist009,Cave of the Patriarchs Massacre,timeline,4,1994-02-25 05:30:00,MASSACRE: Goldstein opens fire during Fajr prayer,,"Baruch Goldstein, dressed in IDF uniform, enters Isaac Hall of Ibrahimi Mosque where ~800 Palestinians pray Fajr. Positions himself behind pillar at rear. When worshippers prostrate (sujood), opens fire with Galil assault rifle. Methodically shoots defenseless worshippers, reloading multiple times. Continues for ~10 minutes. 29 killed, 125+ wounded. Finally overpowered and beaten to death by survivors.",Hebron Rehabilitation Committee,https://www.hebronrc.ps/en/node/27,,,
DET-562,hist009,Cave of the Patriarchs Massacre,timeline,5,"25 February 1994, 5:40-6:30 AM",Israeli soldiers trap survivors inside,,"Israeli soldiers present at mosque close gates, trapping survivors inside with dead and wounded. Prevent worshippers from leaving and medical help from entering. Survivors describe blood everywhere, scattered body parts, children dead, wounded crying for help. Soldiers delay aid for extended period.",WAFA News Agency,https://english.wafa.ps/Pages/Details/133561,,,
DET-563,hist009,Cave of the Patriarchs Massacre,timeline,6,"25 February 1994, morning-afternoon",Protests erupt; Israeli forces kill more Palestinians,,"News of massacre spreads. Palestinians pour into streets in grief and rage. Protests outside mosque, Ahli Hospital, and cemetery where victims being buried. Israeli forces fire on protesters, killing at least 4 more Palestinians on same day as massacre.",WAFA Documentation,https://english.wafa.ps/Pages/Details/128189,,,
DET-564,hist009,Cave of the Patriarchs Massacre,timeline,7,25 February - 18 March 1994,Three weeks of protests; death toll rises to 50-60,,"Riots and clashes throughout West Bank. Israeli forces kill at least 25 more Palestinians (some sources say up to 31) during protests, bringing total death toll to 50-60. Five Israeli civilians also killed in retaliatory attacks.",Middle East Monitor,https://www.middleeastmonitor.com/20210227-the-massacre-of-ibrahimi-mosque/,,,
DET-565,hist009,Cave of the Patriarchs Massacre,timeline,8,25 February - August 1994,Israel closes Hebron for six months,,"Israeli military imposes full closure on Ibrahimi Mosque and Hebron Old City for six months under pretext of 'investigation.' 120,000 Palestinians under curfew; 400 Jewish settlers free to move. Collective punishment of victims.",Middle East Monitor Documentation,https://www.middleeastmonitor.com/20210227-the-massacre-of-ibrahimi-mosque/,,,
DET-566,hist009,Cave of the Patriarchs Massacre,timeline,9,1994-03-18 00:00:00,UN Security Council Resolution 904,,"Security Council condemns massacre, calls it 'abhorrent.' Demands measures to protect Palestinian civilians including disarming of settlers. Israel ignores resolution; never implements measures.",Middle East Monitor,https://www.middleeastmonitor.com/20210227-the-massacre-of-ibrahimi-mosque/,,,
DET-567,hist009,Cave of the Patriarchs Massacre,timeline,10,1994-03-01 00:00:00,Kach party banned by Israel,,"Israeli government bans Kach movement and designates it terrorist organization following statements praising Goldstein's attack. However, many Kach members and ideology persist in settler movement and later resurface through parties like Jewish Power (Otzma Yehudit).",Jacobin Investigation,https://jacobin.com/2023/02/ibrahimi-mosque-massacre-anniversary-kahanism-hebron-itamar-ben-gvir-israel-far-right,,,
DET-568,hist009,Cave of the Patriarchs Massacre,timeline,11,1994-06-26 00:00:00,Shamgar Commission Report released,,"Israeli-appointed commission concludes Goldstein acted alone, denies military complicity. Recommends security measures—but all burden falls on Palestinians, not settlers. Report criticized as whitewash. Recommends partitioning mosque to accommodate settlers, collective punishment of Palestinian community.",Al Jazeera Analysis,https://www.aljazeera.com/news/2016/2/26/remembering-the-ibrahimi-mosque-massacre,,,
DET-569,hist009,Cave of the Patriarchs Massacre,timeline,12,1994-1996,Ibrahimi Mosque partitioned; Old City strangled,,"Following Shamgar recommendations, Israel partitions Ibrahimi Mosque: 60% for Jewish worship, 40% for Muslim worship—despite Jews being 0.003% of Hebron population. Closes 520 businesses, 1,800 shops in Old City. Seals Shuhada Street (main commercial artery). Erects network of checkpoints. Hebron Old City transformed into ghost town.",Middle East Monitor,https://www.middleeastmonitor.com/20210227-the-massacre-of-ibrahimi-mosque/,,,
DET-570,hist009,Cave of the Patriarchs Massacre,timeline,13,1997,Hebron Protocol divides city (H1/H2),,"Hebron Protocol divides city: H1 (80% of city) under Palestinian Authority; H2 (20%, including Old City) under full Israeli control. H2 contains ~40,000 Palestinians and ~400-800 settlers. Settlements expanded, restrictions increased. Massacre's legacy institutionalized.",WAFA News Agency,https://english.wafa.ps/Pages/Details/128189,,,
DET-571,hist009,Cave of the Patriarchs Massacre,timeline,14,Present Day,Goldstein's grave becomes shrine for extremists,,"Baruch Goldstein buried in Kiryat Arba. Grave becomes pilgrimage site for far-right Jewish extremists who revere him as martyr and hero. Tomb inscription called his actions 'pure soul.' Israeli government later forced removal of laudatory text, but site remains shrine. Annual commemorations held by Kahanist supporters.",Jacobin Investigation,https://jacobin.com/2023/02/ibrahimi-mosque-massacre-anniversary-kahanism-hebron-itamar-ben-gvir-israel-far-right,,,
DET-572,hist009,Cave of the Patriarchs Massacre,war_crime,1,,Mass Murder / Terrorist Attack,,"Baruch Goldstein massacred 29 unarmed Palestinian worshippers during prayer in deliberate terrorist attack. Premeditated mass murder of civilians in place of worship. Goldstein member of Kach, designated terrorist organization. Attack aimed to derail Oslo peace process by provoking Palestinian retaliation.",Institute for Palestine Studies,https://www.palestine-studies.org/en/node/1652605,,,
DET-573,hist009,Cave of the Patriarchs Massacre,war_crime,2,,Israeli Military Facilitation and Complicity,,"Suspicious absence of Israeli soldiers from usual positions despite previous evening's tensions. Soldiers present during massacre closed gates, trapping survivors with dead and wounded, preventing medical aid. Many Palestinians believe Israeli military had foreknowledge and facilitated attack. Shamgar Commission whitewashed these issues.",Eyewitness Documentation,https://www.aljazeera.com/news/2016/2/26/remembering-the-ibrahimi-mosque-massacre,,,
DET-574,hist009,Cave of the Patriarchs Massacre,war_crime,3,,Collective Punishment of Victims,,"Rather than protect Palestinians or remove settlers after massacre, Israel: closed Hebron for 6 months; partitioned Ibrahimi Mosque favoring settlers (60% to Jews); closed 520 businesses and 1,800 shops; sealed Shuhada Street; erected checkpoint network. Violated Geneva Convention Article 33: collective punishment prohibited.",Middle East Monitor,https://www.middleeastmonitor.com/20210227-the-massacre-of-ibrahimi-mosque/,,,
DET-575,hist009,Cave of the Patriarchs Massacre,war_crime,4,,Killing of Palestinian Protesters,,Israeli forces killed at least 25 Palestinians during protests following massacre—shot while expressing grief and anger over attack. Use of lethal force against protesters grossly excessive and disproportionate. Many killed at victims' funerals.,WAFA Documentation,https://english.wafa.ps/Pages/Details/128189,,,
DET-576,hist009,Cave of the Patriarchs Massacre,war_crime,5,,Failure to Protect Civilians,,"Israeli authorities ignored warnings about Goldstein's dangerous behavior months before massacre. Goldstein had attacked mosque previously (acid on carpets), yet no preventive action taken. After massacre, Israel failed to implement UN Security Council Resolution 904 calling for protection of Palestinian civilians and disarming of settlers.",Documentation,https://www.middleeastmonitor.com/20210227-the-massacre-of-ibrahimi-mosque/,,,
DET-577,hist009,Cave of the Patriarchs Massacre,war_crime,6,,Religious Site Appropriation,,"Following massacre of Muslim worshippers, Israel partitioned Ibrahimi Mosque—giving 60% to Jewish worship despite Jews being 0.003% of Hebron population. Appropriation of sacred Islamic site as collective punishment. During certain Jewish holidays, entire mosque closed to Muslims—at site of their victimization.",Hebron Rehabilitation Committee,https://www.hebronrc.ps/en/node/27,,,
DET-578,hist009,Cave of the Patriarchs Massacre,war_crime,7,,Economic Strangulation of Palestinian Community,,"Closure of 520 businesses and 1,800 shops destroyed Hebron Old City economy. Sealing of Shuhada Street—once thriving commercial center—created ghost town. Mass unemployment, displacement. Economic warfare as collective punishment for being victims of massacre.",Economic Impact Documentation,https://www.middleeastmonitor.com/20210227-the-massacre-of-ibrahimi-mosque/,,,
DET-579,hist010,Second Intifada,casualty,1,,Palestinians Killed (B'Tselem count),3223,Including 700+ children; 47% classified as civilians not participating in hostilities,B'Tselem - Second Intifada Fatalities,https://www.btselem.org/statistics/fatalities/after-cast-lead/by-date-of-event,,,
DET-580,hist010,Second Intifada,casualty,2,,Palestinians Killed (Palestinian sources),4789,Higher count from Palestinian Red Crescent and other Palestinian documentation,Palestinian Red Crescent Society,https://www.palestinercs.org/,,,
DET-581,hist010,Second Intifada,casualty,3,,Palestinian Children Killed,709,Minors under 18 killed by Israeli forces during Second Intifada,B'Tselem Statistics,https://www.btselem.org/,,,
DET-582,hist010,Second Intifada,casualty,4,,Israelis Killed,1024,Including 301 children and soldiers; 64% were civilians. Mostly from suicide bombings,B'Tselem Statistics,https://www.btselem.org/,,,
DET-583,hist010,Second Intifada,casualty,5,,Palestinians Wounded,"45,000+",Injured by Israeli forces; thousands with permanent disabilities,Palestinian Ministry of Health,https://www.moh.gov.ps/,,,
DET-584,hist010,Second Intifada,casualty,6,,Israelis Wounded,"7,500+",Injured in Palestinian attacks; many in suicide bombings,Israeli Ministry of Foreign Affairs,https://mfa.gov.il/,,,
DET-585,hist010,Second Intifada,casualty,7,,Palestinians Arrested,"40,000-50,000",Arrested during Second Intifada; thousands held in administrative detention,Addameer Prisoner Support,https://www.addameer.org/,,,
DET-586,hist010,Second Intifada,casualty,8,,Palestinian Homes Demolished,"4,000+",Homes demolished as punishment or during military operations,B'Tselem Reports,https://www.btselem.org/,,,
DET-587,hist010,Second Intifada,commander,1,1928-2014,Ariel Sharon,,"Made provocative Temple Mount visit triggering Second Intifada. As PM, implemented Operation Defensive Shield, targeted assassinations, separation barrier construction, Gaza disengagement. Figure associated with Sabra/Shatila massacre (1982).",,,,,
DET-588,hist010,Second Intifada,commander,2,1929-2004,Yasser Arafat,,Led Palestinians during Second Intifada. Israel accused him of directing violence; Palestinians viewed him as under siege. Spent final two years confined to Muqata'a compound. Death in 2004 marked end of era. Controversial legacy.,,,,,
DET-589,hist010,Second Intifada,commander,3,1935-present,Mahmoud Abbas (Abu Mazen),,"Became PA President after Arafat's death. Negotiated Sharm el-Sheikh ceasefire with Sharon (February 2005) unofficially ending Second Intifada. Continues as PA President, though hasn't held elections since 2006.",,,,,
DET-590,hist010,Second Intifada,commander,4,1937-2004 (assassinated by Israel),Sheikh Ahmed Yassin,,Quadriplegic spiritual leader of Hamas. Organization carried out numerous suicide bombings during Second Intifada. Assassinated by Israeli helicopter strike after leaving mosque (22 March 2004). Death further radicalized Hamas supporters.,,,,,
DET-591,hist010,Second Intifada,commander,5,1942-present,Ehud Barak,,PM when Second Intifada erupted. Presided over Camp David talks failure (July 2000). Initial Israeli military response to uprising. Lost election to Sharon (February 2001) due to Intifada violence.,,,,,
DET-592,hist010,Second Intifada,historical_impact,1,,Immediate Impact (2000-2005),,"3,200+ Palestinians and 1,000+ Israelis killed; tens of thousands wounded on both sides",,,,,
DET-593,hist010,Second Intifada,historical_impact,1,,Long-term Transformation (2005-Present),,Hamas won 2006 Palestinian elections; Israel refused to recognize government,,,,,
DET-594,hist010,Second Intifada,historical_impact,1,,Accountability & Justice,,✗ No Israeli officials prosecuted for war crimes during Second Intifada,,,,,
DET-595,hist010,Second Intifada,historical_impact,2,,Immediate Impact (2000-2005),,Palestinian suicide bombing campaign terrorized Israeli society; 138 attacks killed 515 civilians,,,,,
DET-596,hist010,Second Intifada,historical_impact,2,,Long-term Transformation (2005-Present),,"2007 Hamas-Fatah civil war split Palestinian territories: Hamas in Gaza, Fatah in West Bank",,,,,
DET-597,hist010,Second Intifada,historical_impact,2,,Accountability & Justice,,✗ No Palestinian leaders held accountable for suicide bombing campaigns,,,,,
DET-598,hist010,Second Intifada,historical_impact,3,,Immediate Impact (2000-2005),,"Israeli military operations devastated Palestinian infrastructure, economy, institutions",,,,,
DET-599,hist010,Second Intifada,historical_impact,3,,Long-term Transformation (2005-Present),,"Gaza blockade imposed (2007-present)—17+ years of siege, 'open-air prison'",,,,,
DET-600,hist010,Second Intifada,historical_impact,3,,Accountability & Justice,,✗ International Court of Justice ruling on barrier ignored by Israel,,,,,
DET-601,hist010,Second Intifada,historical_impact,4,,Immediate Impact (2000-2005),,Oslo peace process completely collapsed—negotiated two-state solution deemed impossible,,,,,
DET-602,hist010,Second Intifada,historical_impact,4,,Long-term Transformation (2005-Present),,"Separation barrier completed, confiscating thousands of acres of West Bank land",,,,,
DET-603,hist010,Second Intifada,historical_impact,4,,Accountability & Justice,,✗ No compensation for families of civilians killed by either side,,,,,
DET-604,hist010,Second Intifada,historical_impact,5,,Immediate Impact (2000-2005),,International Court of Justice ruled separation barrier illegal (2004); Israel ignored ruling,,,,,
DET-605,hist010,Second Intifada,historical_impact,5,,Long-term Transformation (2005-Present),,"Settlement expansion accelerated—now 700,000+ settlers in West Bank and East Jerusalem",,,,,
DET-606,hist010,Second Intifada,historical_impact,5,,Accountability & Justice,,"✗ 4,000+ demolished Palestinian homes never rebuilt; families never compensated",,,,,
DET-607,hist010,Second Intifada,historical_impact,6,,Immediate Impact (2000-2005),,Hamas gained popularity as resistance movement while PA weakened and discredited,,,,,
DET-608,hist010,Second Intifada,historical_impact,6,,Long-term Transformation (2005-Present),,Israeli right-wing ascendancy: Second Intifada convinced many Israelis peace impossible,,,,,
DET-609,hist010,Second Intifada,historical_impact,6,,Accountability & Justice,,✗ Targeted assassination policy never investigated despite civilian deaths,,,,,
DET-610,hist010,Second Intifada,historical_impact,7,,Immediate Impact (2000-2005),,Israel's 2005 Gaza disengagement ended settlements there but tightened control elsewhere,,,,,
DET-611,hist010,Second Intifada,historical_impact,7,,Long-term Transformation (2005-Present),,Palestinian Authority reduced to subcontractor for Israeli occupation,,,,,
DET-612,hist010,Second Intifada,historical_impact,7,,Accountability & Justice,,✗ Jenin investigation blocked by Israel; no accountability for potential war crimes,,,,,
DET-613,hist010,Second Intifada,historical_impact,8,,Immediate Impact (2000-2005),,"Jenin siege, targeted assassinations, mass home demolitions created lasting trauma",,,,,
DET-614,hist010,Second Intifada,historical_impact,8,,Long-term Transformation (2005-Present),,"Cycle of violence established: Gaza wars (2008-09, 2012, 2014, 2021, 2023-24)",,,,,
DET-615,hist010,Second Intifada,historical_impact,8,,Accountability & Justice,,✗ Culture of impunity established—violations continue without consequences,,,,,
DET-616,hist010,Second Intifada,historical_impact,9,,Immediate Impact (2000-2005),,Second Intifada far more violent than First—established 'armed resistance' as dominant paradigm,,,,,
DET-617,hist010,Second Intifada,historical_impact,9,,Long-term Transformation (2005-Present),,Two-state solution increasingly unviable due to settlement expansion,,,,,
DET-618,hist010,Second Intifada,historical_impact,9,,Accountability & Justice,,"✓ Human rights organizations (B'Tselem, HRW, Amnesty) documented violations comprehensively",,,,,
DET-619,hist010,Second Intifada,historical_impact,10,,Long-term Transformation (2005-Present),,"October 7, 2023 Hamas attack and subsequent Gaza war rooted in unresolved Second Intifada dynamics",,,,,
DET-620,hist010,Second Intifada,historical_impact,10,,Accountability & Justice,,✓ International legal precedent set by ICJ wall ruling (even if not enforced),,,,,
DET-621,hist010,Second Intifada,historical_impact,11,,Accountability & Justice,,✗ Separation barrier remains despite illegality; continues to expand,,,,,
DET-622,hist010,Second Intifada,legal,1,,Geneva Conventions - Violations by Both Sides,,Common Article 3: Both sides violated prohibition on 'violence to life and person' and 'outrages upon personal dignity.' Palestinian suicide bombings deliberately killed civilians. Israeli forces killed civilians disproportionately.,,,,,
DET-623,hist010,Second Intifada,legal,1,,International Court of Justice - Wall Advisory Opinion (2004),,Barrier declared illegal: ICJ ruled separation barrier violates international law because it's built on occupied Palestinian territory. Constitutes de facto annexation.,,,,,
DET-624,hist010,Second Intifada,legal,1,,Principle of Distinction and Proportionality,,Palestinian violations: Suicide bombings deliberately targeted civilians—clear violation of principle of distinction between combatants and civilians.,,,,,
DET-625,hist010,Second Intifada,legal,1,,International Humanitarian Law - Occupation Obligations,,"Duty to protect civilians: As occupying power, Israel had obligation to protect Palestinian civilian population. Prolonged curfews denying access to food and medicine violated this duty.",,,,,
DET-626,hist010,Second Intifada,legal,2,,Geneva Conventions - Violations by Both Sides,,"Article 33 (Collective Punishment): Israel's home demolitions, prolonged curfews, closures, and siege conditions constituted collective punishment prohibited under Fourth Geneva Convention.",,,,,
DET-627,hist010,Second Intifada,legal,2,,International Court of Justice - Wall Advisory Opinion (2004),,Must be dismantled: Court ordered barrier be dismantled and compensation paid. Israel rejected ruling and continued construction.,,,,,
DET-628,hist010,Second Intifada,legal,2,,Principle of Distinction and Proportionality,,Israeli violations: F-16 strikes and helicopter missiles in densely populated areas with high civilian casualties violated principle of proportionality. Military advantage did not justify civilian deaths.,,,,,
DET-629,hist010,Second Intifada,legal,2,,International Humanitarian Law - Occupation Obligations,,"Prohibition on collective punishment: Home demolitions, area closures, and punishment of entire communities for actions of individuals violated absolute prohibition.",,,,,
DET-630,hist010,Second Intifada,legal,3,,Geneva Conventions - Violations by Both Sides,,Article 147 (Grave Breaches): Both sides committed grave breaches. Palestinian deliberate targeting of civilians and Israeli 'extensive destruction...not justified by military necessity' constitute war crimes.,,,,,
DET-631,hist010,Second Intifada,legal,3,,International Court of Justice - Wall Advisory Opinion (2004),,Fourth Geneva Convention applies: ICJ reaffirmed Fourth Geneva Convention applies to occupied Palestinian territories and Israel must comply.,,,,,
DET-632,hist010,Second Intifada,legal,3,,International Humanitarian Law - Occupation Obligations,,Protection of medical personnel: Both sides violated protections for medical personnel and ambulances. Israeli forces fired on ambulances; Palestinian ambulances used to transport militants.,,,,,
DET-633,hist010,Second Intifada,quick_fact,1,,Event Type,Armed Uprising / Asymmetric Conflict,,,,,,
DET-634,hist010,Second Intifada,quick_fact,2,,Trigger,Ariel Sharon's Temple Mount visit,,,,,,
DET-635,hist010,Second Intifada,quick_fact,3,,Palestinian Tactics,"Suicide bombings, armed attacks",,,,,,
DET-636,hist010,Second Intifada,quick_fact,4,,Israeli Response,"Military operations, assassinations, siege",,,,,,
DET-637,hist010,Second Intifada,quick_fact,5,,Verification,B'Tselem; UN; Human Rights Watch; ICRC,,,,,,
DET-638,hist010,Second Intifada,quick_fact,6,,Outcome,Gaza disengagement; separation barrier; peace process collapse,,,,,,
DET-639,hist010,Second Intifada,testimony,1,,Jamal al-Durrah,,"Jamal and his 12-year-old son Muhammad were caught in crossfire at Netzarim Junction, Gaza (30 September 2000). Testified: 'We crouched behind the barrel. I tried to protect my son with my body. The shooting continued for 45 minutes. Muhammad was crying ""Father, they're killing me!"" Then he was shot and died in my arms.' Their ordeal was filmed. Jamal badly wounded; Muhammad killed.",France 2 television footage; testimony,,,,
DET-640,hist010,Second Intifada,testimony,2,,"Anonymous survivor, Jenin refugee camp",,Testified to Human Rights Watch: 'The bulldozers were demolishing homes with people inside. We could hear people screaming. Israeli soldiers wouldn't let us help them. The entire neighborhood was destroyed in a few hours. Bodies were buried under the rubble for days before we could recover them.',Human Rights Watch - Jenin Report (2002),https://www.hrw.org/,,,
DET-641,hist010,Second Intifada,testimony,3,,Giora Beka,,Survived Park Hotel attack (27 March 2002) that killed 30. Testified: 'We were celebrating Passover seder with families. Suddenly there was a massive explosion. Bodies everywhere. Children killed. It was hell. This wasn't war—it was deliberate murder of civilians celebrating a holiday.',Israeli survivor testimony,,,,
DET-642,hist010,Second Intifada,testimony,4,,Dr. Ahmed Shabaan,,Worked during siege of Ramallah (2002). Testified to UN: 'Israeli forces imposed total curfew for weeks. Prevented ambulances from reaching patients. We had pregnant women in labor who couldn't reach hospital. People died from treatable conditions because they couldn't get medical care. Entire city was a prison.',UN human rights documentation,,,,
DET-643,hist010,Second Intifada,testimony,5,,Anonymous Israeli soldier,,"Testimony to Breaking the Silence: 'We were ordered to demolish homes without checking if people were inside. Used bulldozers to create wide paths for tanks—destroyed entire streets. Officers said it was to protect us, but the destruction was far beyond military necessity. Entire families lost everything.'",Breaking the Silence testimonies,https://www.breakingthesilence.org.il/,,,
DET-644,hist010,Second Intifada,testimony,6,,Human Rights Watch,,"Report on Jenin (May 2002): 'Israeli forces committed serious violations of international humanitarian law, some amounting prima facie to war crimes... The IDF used armored bulldozers to demolish buildings, in some cases with civilians inside. Israel's refusal to allow an impartial investigation raises concerns about what it is trying to hide.'",Human Rights Watch - Jenin: IDF Military Operations (May 2002),https://www.hrw.org/,,,
DET-645,hist010,Second Intifada,testimony,7,,International Court of Justice,,"Advisory Opinion on Wall (9 July 2004): 'The Court finds that the construction of the wall... and its associated régime, are contrary to international law.' Ruled barrier must be dismantled. Found Fourth Geneva Convention applicable. Israel rejected ruling; US vetoed Security Council resolution enforcing it.",ICJ Advisory Opinion (2004),https://www.icj-cij.org/,,,
DET-646,hist010,Second Intifada,testimony,8,,Kofi Annan,,Statement on Second Intifada (October 2000): 'I deplore the excessive use of force by the Israeli authorities. The firing of live ammunition at unarmed demonstrators is totally unjustifiable.' Later (2004) on separation barrier: 'I have consistently said that the wall is illegal under international law.',UN Secretary-General statements,,,,
DET-647,hist010,Second Intifada,timeline,1,2000-07-01 00:00:00,Camp David peace talks collapse,,US President Clinton hosts Israeli PM Ehud Barak and Palestinian President Yasser Arafat at Camp David. Talks fail to reach agreement. Israeli narrative blames Arafat; Palestinian narrative cites inadequate Israeli offers. Failure creates atmosphere of despair and anger among Palestinians.,CFR - Second Intifada Overview,https://www.cfr.org/timeline/israeli-palestinian-conflict,,,
DET-648,hist010,Second Intifada,timeline,2,2000-09-28 00:00:00,Trigger: Sharon's Temple Mount visit,,"Israeli opposition leader Ariel Sharon visits Temple Mount/Haram al-Sharif with 1,000 police. Palestinians view as deliberate provocation at holy site by figure associated with past atrocities. Clashes erupt immediately; Israeli forces kill 4 Palestinians that day, wound dozens.",Britannica - Second Intifada,https://www.britannica.com/event/intifada-Palestinian-movement,,,
DET-649,hist010,Second Intifada,timeline,3,2000-09-29 00:00:00,"Friday prayers massacre: 7 killed, 300+ wounded",,"Day after Sharon's visit, Palestinian worshippers exit Al-Aqsa Mosque after Friday prayers and protest. Israeli police open fire with live ammunition. Kill 7 Palestinians, wound over 300. Violence spreads throughout occupied territories. Second Intifada has begun.",Council on Foreign Relations,https://www.cfr.org/timeline/israeli-palestinian-conflict,,,
DET-650,hist010,Second Intifada,timeline,4,2000-09-30 00:00:00,Muhammad al-Durrah killed on camera,,"12-year-old Muhammad al-Durrah shot and killed while cowering with his father behind concrete barrel at Netzarim Junction, Gaza. Death captured on video by France 2 cameraman. Becomes iconic image of Second Intifada. Israeli investigation later claims uncertainty about source of fatal bullets, but footage shows sustained Israeli fire toward the two.",Historical Documentation,https://www.britannica.com/event/intifada-Palestinian-movement,,,
DET-651,hist010,Second Intifada,timeline,5,2000-10-01 00:00:00,Thirteen Palestinian citizens of Israel killed,,"Palestinian citizens of Israel (inside Israel proper) hold protests in solidarity with occupied territories. Israeli police fire on demonstrators, killing 13 Palestinian citizens of Israel. Or Commission later finds police used excessive force. Event traumatizes Palestinian community inside Israel.",CFR Timeline,https://www.cfr.org/timeline/israeli-palestinian-conflict,,,
DET-652,hist010,Second Intifada,timeline,6,2000-10-01 00:00:00,Lynch of two Israeli reservists in Ramallah,,"Two Israeli reserve soldiers accidentally enter Ramallah, taken into Palestinian Authority custody. Mob storms police station, lynches the two soldiers. Brutal killings filmed and broadcast. Provides Israeli justification for targeting PA facilities. Deeply traumatic for Israeli public.",Historical Records,https://www.britannica.com/event/intifada-Palestinian-movement,,,
DET-653,hist010,Second Intifada,timeline,7,2000-11-09 00:00:00,First Israeli targeted assassination,,"Israel assassinates Hussein Abayat, Fatah Tanzim leader, with helicopter missile strike in Bethlehem. Policy of targeted assassinations begins—Israel will kill 232 Palestinians in targeted strikes during Second Intifada, many attacks also killing bystanders.",B'Tselem - Targeted Assassinations,https://www.btselem.org/,,,
DET-654,hist010,Second Intifada,timeline,8,2002-03-27 00:00:00,Passover massacre: 30 killed in Netanya hotel,,"Hamas suicide bomber attacks Passover seder at Park Hotel in Netanya. Kills 30 Israelis, wounds 140. Deadliest single attack of Second Intifada. Triggers massive Israeli military response: Operation Defensive Shield.",CFR Timeline,https://www.cfr.org/timeline/israeli-palestinian-conflict,,,
DET-655,hist010,Second Intifada,timeline,9,29 March - May 2002,Operation Defensive Shield: largest West Bank operation since 1967,,"Israel launches massive military operation throughout West Bank. Tanks, helicopters, F-16s deployed. Reoccupies Palestinian cities under PA control. Jenin refugee camp siege becomes particularly devastating: 52 Palestinians killed (23 civilians), 140+ buildings demolished. Ramallah under siege; Arafat's compound (Muqata'a) surrounded and partially destroyed.",B'Tselem - Operation Defensive Shield,https://www.btselem.org/,,,
DET-656,hist010,Second Intifada,timeline,10,3-11 April 2002,Siege of Jenin refugee camp,,"Israeli forces besiege Jenin refugee camp. House-to-house fighting. Israel uses armored bulldozers to demolish homes with people inside. 52 Palestinians killed (23 civilians), 23 Israeli soldiers killed. Over 140 buildings demolished. UN fact-finding mission blocked by Israel. International accusations of war crimes.",Human Rights Watch - Jenin Report,https://www.hrw.org/,,,
DET-657,hist010,Second Intifada,timeline,11,2002-2003,Peak of suicide bombing campaign,,"Hamas, Islamic Jihad, Al-Aqsa Martyrs' Brigades launch sustained suicide bombing campaign. Attacks on buses, markets, restaurants, nightclubs throughout Israel. Hundreds of Israeli civilians killed. Creates atmosphere of terror in Israeli society. Israel responds with intensified military operations, assassinations, closures.",CFR Documentation,https://www.cfr.org/timeline/israeli-palestinian-conflict,,,
DET-658,hist010,Second Intifada,timeline,12,June 2002 - 2005,Separation barrier construction begins,,"Israel begins constructing separation barrier—85% inside West Bank (not on Green Line). Stated purpose: prevent suicide bombers. Reality: annexes land, divides Palestinian communities, restricts movement. International Court of Justice rules barrier illegal (2004). Israel continues construction, eventually spanning 700+ km.",B'Tselem - Separation Barrier,https://www.btselem.org/,,,
DET-659,hist010,Second Intifada,timeline,13,2002-07-22 00:00:00,Israeli F-16 strike kills Salah Shehadeh + 14 civilians,,Israel drops one-ton bomb on apartment building in Gaza City to assassinate Hamas military leader Salah Shehadeh. Kills Shehadeh plus 14 civilians including 9 children. Widespread international condemnation. Exemplifies 'collateral damage' from targeted assassination policy.,Human Rights Watch Report,https://www.hrw.org/,,,
DET-660,hist010,Second Intifada,timeline,14,2004-03-22 00:00:00,Israel assassinates Sheikh Ahmed Yassin,,"Israeli helicopter strike kills Hamas founder Sheikh Ahmed Yassin, quadriplegic spiritual leader, as he leaves mosque after dawn prayer. Seven others killed. Massive Palestinian anger. Month later (17 April), Israel assassinates Yassin's successor Abdel Aziz al-Rantisi. Hamas vows revenge.",CFR Timeline,https://www.cfr.org/timeline/israeli-palestinian-conflict,,,
DET-661,hist010,Second Intifada,timeline,15,2004-11-11 00:00:00,Yasser Arafat dies,,PLO Chairman and Palestinian Authority President Yasser Arafat dies in Paris hospital under mysterious circumstances. Had been under Israeli siege in Muqata'a compound for previous two years. Mahmoud Abbas succeeds him. Arafat's death marks end of an era; Second Intifada begins winding down.,Historical Documentation,https://www.britannica.com/event/intifada-Palestinian-movement,,,
DET-662,hist010,Second Intifada,timeline,16,2005-08-01 00:00:00,Israel's unilateral disengagement from Gaza,,"Israel withdraws 8,500 settlers and military from Gaza Strip. Presented as concession but maintains control of borders, airspace, territorial waters. Disengagement strengthens Israel's hold on West Bank—settlements there accelerate. Gaza becomes 'open-air prison.' Hamas wins Palestinian elections months later (January 2006).",CFR Timeline,https://www.cfr.org/timeline/israeli-palestinian-conflict,,,
DET-663,hist010,Second Intifada,timeline,17,2005-02-08 00:00:00,Sharm el-Sheikh Summit: unofficial end of Intifada,,"Israeli PM Ariel Sharon and PA President Mahmoud Abbas meet in Egypt. Declare mutual ceasefire. Violence decreases significantly. Generally considered unofficial end of Second Intifada, though no formal declaration. Final toll: 3,200+ Palestinians, 1,000+ Israelis killed over 5 years.",Britannica - Intifada,https://www.britannica.com/event/intifada-Palestinian-movement,,,
DET-664,hist010,Second Intifada,war_crime,1,,Palestinian Suicide Bombings (War Crimes),,"Palestinian armed groups (Hamas, Islamic Jihad, Al-Aqsa Martyrs' Brigades) carried out deliberate attacks on Israeli civilians in buses, restaurants, markets, nightclubs. 138 suicide bombings during Second Intifada killed 515 Israeli civilians. Deliberate targeting of civilians constitutes war crimes under international humanitarian law.",Attack Documentation,https://www.mfa.gov.il/,,,
DET-665,hist010,Second Intifada,war_crime,2,,Targeted Assassinations and Disproportionate Force,,Israel carried out 232 targeted assassinations during Second Intifada. Helicopter missiles and F-16 bombs dropped on densely populated areas killed hundreds of bystanders. July 2002 assassination of Salah Shehadeh killed 14 civilians including 9 children. February 2003 attack on Hamas operative in Gaza killed 11 civilians including 8 children. Disproportionate force violated international humanitarian law.,B'Tselem Documentation,https://www.btselem.org/,,,
DET-666,hist010,Second Intifada,war_crime,3,,Excessive Destruction in Jenin Refugee Camp,,"During April 2002 Jenin siege, Israeli forces demolished over 140 buildings, many with people inside. Armored bulldozers destroyed entire neighborhoods. Israel blocked UN fact-finding mission. Human Rights Watch documented 52 Palestinian deaths (23 civilians). International accusations of war crimes.",Human Rights Watch Report,https://www.hrw.org/,,,
DET-667,hist010,Second Intifada,war_crime,4,,Mass Home Demolitions,,"Israel demolished 4,000+ Palestinian homes during Second Intifada—as punishment, for 'military necessity,' or to clear firing zones. Demolished homes of families of suspected attackers without trial. Collective punishment prohibited under Geneva Convention Article 33. Tens of thousands rendered homeless.",B'Tselem Reports,https://www.btselem.org/,,,
DET-668,hist010,Second Intifada,war_crime,5,,Killing of Children,,"709 Palestinian children and 301 Israeli children killed during Second Intifada. Muhammad al-Durrah (12) became iconic victim—killed while cowering with father under Israeli fire. Many Palestinian children killed by sniper fire, helicopter strikes, or tank shells in residential areas. Failure to protect children and distinguish between combatants and civilians violated international humanitarian law.",Casualty Statistics,https://www.btselem.org/statistics,,,
DET-669,hist010,Second Intifada,war_crime,6,,Mass Arbitrary Detention,,"40,000-50,000 Palestinians arrested during Second Intifada. Thousands held in administrative detention without charge or trial. Widespread torture documented by human rights organizations. Mass arrests, night raids on homes, detention of minors. Violated rights to liberty, fair trial, and prohibition on torture.",Addameer Documentation,https://www.addameer.org/,,,
DET-670,hist010,Second Intifada,war_crime,7,,Collective Punishment and Closure,,"Israel imposed prolonged curfews on entire Palestinian cities (Nablus under curfew for months). Siege of Ramallah, Bethlehem, other cities cut off food, medicine, electricity. Closure system divided West Bank into isolated cantons. Collective punishment prohibited under Geneva Convention Article 33.",B'Tselem Reports,https://www.btselem.org/,,,
DET-671,hist010,Second Intifada,war_crime,8,,Separation Barrier (Illegal Under International Law),,"Israel constructed separation barrier 85% inside West Bank (not on Green Line). International Court of Justice ruled (2004) barrier illegal, constitutes annexation of Palestinian land, must be dismantled. Israel ignored ruling. Barrier divides Palestinian communities, confiscates agricultural land, restricts movement.",ICJ Advisory Opinion,https://www.icj-cij.org/,,,
DET-672,hist011,Battle of Jenin,casualty,1,,Palestinians Killed,52,"22 civilians (including children, elderly, disabled); 27 combatants; 3 unclear status",Human Rights Watch - Jenin Report,https://www.hrw.org/report/2002/05/02/jenin/idf-military-operations,,,
DET-673,hist011,Battle of Jenin,casualty,2,,Palestinian Civilians Killed,22,Includes 14-year-old Muhammad Hawashin; 57-year-old wheelchair-bound Kamal Zghair; elderly women,Human Rights Watch Documentation,https://www.hrw.org/reports/2002/israel3/israel0502-05.htm,,,
DET-674,hist011,Battle of Jenin,casualty,3,,Israeli Soldiers Killed,23,Including 13 killed in single ambush on April 9 when building collapsed on them,Israeli Military Records,https://www.inss.org.il/wp-content/uploads/sites/2/systemfiles/(FILE)1190277272.pdf,,,
DET-675,hist011,Battle of Jenin,casualty,4,,Buildings Demolished,140+,Approximately 10% of entire refugee camp destroyed by D-9 bulldozers; many demolished with people inside,Human Rights Watch Report,https://www.hrw.org/report/2002/05/02/jenin/idf-military-operations,,,
DET-676,hist011,Battle of Jenin,casualty,5,,Palestinians Left Homeless,4000,Families whose homes demolished during operation; many forced to live in tents or with relatives,UNRWA Reports,https://www.unrwa.org/,,,
DET-677,hist011,Battle of Jenin,casualty,6,,Palestinians Wounded,Hundreds,Many unable to receive medical treatment due to 11-day blockade of ambulances,Palestinian Red Crescent Society,https://www.palestinercs.org/,,,
DET-678,hist011,Battle of Jenin,commander,1,1928-2014,Ariel Sharon,,Authorized Operation Defensive Shield and Jenin operation. Made political decision to launch massive military response to suicide bombings. Blocked UN fact-finding mission. Defended operation as military necessity.,,,,,
DET-679,hist011,Battle of Jenin,commander,2,1948-present,Shaul Mofaz,,Military commander overseeing Operation Defensive Shield. Made tactical decisions about Jenin operation. Defended use of D-9 bulldozers as protecting soldiers' lives. No accountability for potential war crimes.,,,,,
DET-680,hist011,Battle of Jenin,commander,3,Unknown,Eyal Shlein,,Brigadier-General who commanded Jenin camp operation. Made tactical decisions including deployment of bulldozers after April 9 ambush. Defended actions as military necessity.,,,,,
DET-681,hist011,Battle of Jenin,commander,4,1938-2018,Kofi Annan,,"Attempted to launch UN fact-finding mission per Security Council Resolution 1405. Mission blocked by Israel. Released limited report without first-hand investigation, criticized by human rights organizations.",,,,,
DET-682,hist011,Battle of Jenin,commander,5,1968-present,Peter Bouckaert,,"Led HRW investigation team in Jenin. Conducted interviews, gathered evidence, documented violations. Co-authored comprehensive report concluding 'prima facie war crimes' occurred.",,,,,
DET-683,hist011,Battle of Jenin,historical_impact,1,,Immediate Impact (April-May 2002),,52 Palestinians killed (22 civilians including children); 23 Israeli soldiers killed,,,,,
DET-684,hist011,Battle of Jenin,historical_impact,1,,Media and Narrative Wars,,"Initial Palestinian claims of 'massacre' with hundreds killed—later proven false (52 killed, not hundreds)",,,,,
DET-685,hist011,Battle of Jenin,historical_impact,1,,Long-term Legacy (2002-Present),,Jenin camp rebuilt with international assistance but remains flashpoint for Israeli-Palestinian violence,,,,,
DET-686,hist011,Battle of Jenin,historical_impact,1,,Accountability & Justice,,✗ No Israeli soldiers or commanders prosecuted despite HRW finding of war crimes,,,,,
DET-687,hist011,Battle of Jenin,historical_impact,2,,Immediate Impact (April-May 2002),,Over 140 buildings demolished—approximately 10% of entire refugee camp destroyed,,,,,
DET-688,hist011,Battle of Jenin,historical_impact,2,,Media and Narrative Wars,,Israeli government accused of cover-up by blocking UN investigation despite absence of massacre,,,,,
DET-689,hist011,Battle of Jenin,historical_impact,2,,Long-term Legacy (2002-Present),,Frequent Israeli military raids into Jenin continue—camp scene of regular clashes,,,,,
DET-690,hist011,Battle of Jenin,historical_impact,2,,Accountability & Justice,,✗ No compensation paid to families of civilians killed unlawfully,,,,,
DET-691,hist011,Battle of Jenin,historical_impact,3,,Immediate Impact (April-May 2002),,"4,000 Palestinians rendered homeless; camp infrastructure devastated",,,,,
DET-692,hist011,Battle of Jenin,historical_impact,3,,Media and Narrative Wars,,Both sides engaged in propaganda: Palestinians exaggerated casualties; Israel downplayed violations,,,,,
DET-693,hist011,Battle of Jenin,historical_impact,3,,Long-term Legacy (2002-Present),,"July 2023: Major Israeli operation in Jenin again, 12 Palestinians killed in two-day operation",,,,,
DET-694,hist011,Battle of Jenin,historical_impact,3,,Accountability & Justice,,"✗ No compensation for 4,000 people whose homes demolished",,,,,
DET-695,hist011,Battle of Jenin,historical_impact,4,,Immediate Impact (April-May 2002),,"International outcry and accusations of 'massacre' (later found exaggerated, but serious violations occurred)",,,,,
DET-696,hist011,Battle of Jenin,historical_impact,4,,Media and Narrative Wars,,Human Rights Watch report provided most credible account but received less attention than early sensational claims,,,,,
DET-697,hist011,Battle of Jenin,historical_impact,4,,Long-term Legacy (2002-Present),,"September 2023: Israeli drone strike in Jenin kills 3, marking escalation in tactics",,,,,
DET-698,hist011,Battle of Jenin,historical_impact,4,,Accountability & Justice,,✗ UN fact-finding mission blocked; no independent international investigation occurred,,,,,
DET-699,hist011,Battle of Jenin,historical_impact,5,,Immediate Impact (April-May 2002),,"Israel blocked UN fact-finding mission, preventing independent investigation",,,,,
DET-700,hist011,Battle of Jenin,historical_impact,5,,Media and Narrative Wars,,Jenin became symbol used by both sides: Palestinian victimhood vs. Israeli fighting terrorism,,,,,
DET-701,hist011,Battle of Jenin,historical_impact,5,,Long-term Legacy (2002-Present),,Jenin 2002 established precedent for use of massive military force in densely populated areas,,,,,
DET-702,hist011,Battle of Jenin,historical_impact,5,,Accountability & Justice,,✗ Israeli internal investigations (if any) never made public; no accountability,,,,,
DET-703,hist011,Battle of Jenin,historical_impact,6,,Immediate Impact (April-May 2002),,Human Rights Watch documented 'prima facie war crimes' but no prosecutions followed,,,,,
DET-704,hist011,Battle of Jenin,historical_impact,6,,Media and Narrative Wars,,"Documentary film 'Jenin, Jenin' (2002) by Mohammed Bakri banned in Israel, became rallying point",,,,,
DET-705,hist011,Battle of Jenin,historical_impact,6,,Long-term Legacy (2002-Present),,D-9 bulldozers became iconic weapon of occupation—later used extensively in Gaza wars,,,,,
DET-706,hist011,Battle of Jenin,historical_impact,6,,Accountability & Justice,,✗ Palestinian fighters who used booby traps endangering civilians never held accountable,,,,,
DET-707,hist011,Battle of Jenin,historical_impact,7,,Immediate Impact (April-May 2002),,Palestinian narratives of Jenin as heroic resistance vs. Israeli narratives of defeating terror infrastructure,,,,,
DET-708,hist011,Battle of Jenin,historical_impact,7,,Long-term Legacy (2002-Present),,"Culture of impunity established: despite war crimes findings, no accountability for either side",,,,,
DET-709,hist011,Battle of Jenin,historical_impact,7,,Accountability & Justice,,✓ Human Rights Watch conducted thorough investigation and documented violations,,,,,
DET-710,hist011,Battle of Jenin,historical_impact,8,,Immediate Impact (April-May 2002),,Deepened Israeli-Palestinian mutual hatred and trauma during Second Intifada,,,,,
DET-711,hist011,Battle of Jenin,historical_impact,8,,Long-term Legacy (2002-Present),,Blocking of UN investigation set precedent Israel follows repeatedly,,,,,
DET-712,hist011,Battle of Jenin,historical_impact,8,,Accountability & Justice,,✓ Amnesty International and other organizations documented abuses,,,,,
DET-713,hist011,Battle of Jenin,historical_impact,9,,Long-term Legacy (2002-Present),,Jenin operation demonstrated Israeli willingness to accept high civilian toll to minimize soldier casualties,,,,,
DET-714,hist011,Battle of Jenin,historical_impact,9,,Accountability & Justice,,✗ International Criminal Court had no jurisdiction at time (Palestine not yet member),,,,,
DET-715,hist011,Battle of Jenin,historical_impact,10,,Accountability & Justice,,✗ Culture of impunity continues: Israeli operations with civilian casualties occur regularly without accountability,,,,,
DET-716,hist011,Battle of Jenin,legal,1,,Geneva Conventions - Israeli Violations,,"Article 27 (Protection of Civilians): 'Protected persons...shall be protected especially against all acts of violence.' Willful killings of civilians (14-year-old, wheelchair-bound elderly man, elderly woman) violated fundamental protection.",,,,,
DET-717,hist011,Battle of Jenin,legal,1,,Additional Protocol I - Principle of Distinction,,Article 48 (Basic Rule): Parties must 'distinguish between civilian population and combatants.' Helicopter strikes on houses with only civilians and no fighters present violated principle of distinction.,,,,,
DET-718,hist011,Battle of Jenin,legal,1,,Medical Personnel and Humanitarian Access,,"Geneva Convention I, Article 19: Medical establishments and mobile medical units may not be attacked. Firing on ambulances violated this protection.",,,,,
DET-719,hist011,Battle of Jenin,legal,1,,Occupation Obligations,,"Fourth Geneva Convention, Article 55-56: Occupying power must ensure 'food and medical supplies' and 'medical and hospital establishments and services.' Cutting water, electricity, and blocking medical access violated these duties.",,,,,
DET-720,hist011,Battle of Jenin,legal,1,,Palestinian Violations of International Humanitarian Law,,"Principle of Distinction: Palestinian fighters operated from densely populated residential areas, making it difficult to distinguish between military objectives and civilian property. Violated duty to separate military operations from civilians.",,,,,
DET-721,hist011,Battle of Jenin,legal,2,,Geneva Conventions - Israeli Violations,,Article 28 (Human Shields): 'The presence of a protected person may not be used to render certain points or areas immune from military operations.' IDF use of Palestinians as human shields violated absolute prohibition.,,,,,
DET-722,hist011,Battle of Jenin,legal,2,,Additional Protocol I - Principle of Distinction,,Article 51 (Protection of Civilian Population): 'Indiscriminate attacks are prohibited.' Sustained missile fire from helicopters hitting civilian houses documented by HRW constituted indiscriminate attacks.,,,,,
DET-723,hist011,Battle of Jenin,legal,2,,Medical Personnel and Humanitarian Access,,"Additional Protocol I, Article 15: Medical personnel 'shall be respected and protected.' Killing of uniformed nurse Farwa Jammal while treating wounded was war crime.",,,,,
DET-724,hist011,Battle of Jenin,legal,2,,Occupation Obligations,,"Hague Regulations, Article 43: Occupying power must 'ensure public order and safety.' Total siege preventing humanitarian access violated this obligation.",,,,,
DET-725,hist011,Battle of Jenin,legal,2,,Palestinian Violations of International Humanitarian Law,,Indiscriminate Weapons: Extensive use of booby traps and explosive devices in civilian homes—devices that cannot distinguish between combatants and civilians—violated prohibition on indiscriminate weapons.,,,,,
DET-726,hist011,Battle of Jenin,legal,3,,Geneva Conventions - Israeli Violations,,"Article 147 (Grave Breaches/War Crimes): 'Willful killing...causing great suffering...extensive destruction...not justified by military necessity' constitute grave breaches. Demolition of 140+ buildings, many with people inside, meets definition of war crime.",,,,,
DET-727,hist011,Battle of Jenin,legal,3,,Additional Protocol I - Principle of Distinction,,Article 57 (Precautions in Attack): 'Constant care shall be taken to spare civilian population.' Demolishing buildings without verifying if civilians inside violated duty to take precautions.,,,,,
DET-728,hist011,Battle of Jenin,legal,3,,Medical Personnel and Humanitarian Access,,"Common Article 3: Wounded and sick 'shall be collected and cared for.' Blocking ambulance access for 11 days, causing deaths of injured civilians, violated fundamental humanitarian obligation.",,,,,
DET-729,hist011,Battle of Jenin,legal,3,,Occupation Obligations,,Article 53: Destruction of property prohibited 'except where such destruction is rendered absolutely necessary by military operations.' Mass demolitions exceeded military necessity.,,,,,
DET-730,hist011,Battle of Jenin,legal,3,,Palestinian Violations of International Humanitarian Law,,"Feigning Protected Status: Some reports (contested) of Palestinian fighters wearing civilian clothes or using ambulances violated prohibitions on perfidy, though evidence was limited.",,,,,
DET-731,hist011,Battle of Jenin,quick_fact,1,,Event Type,Military Operation / Urban Combat,,,,,,
DET-732,hist011,Battle of Jenin,quick_fact,2,,Israeli Operation,Part of Operation Defensive Shield,,,,,,
DET-733,hist011,Battle of Jenin,quick_fact,3,,Trigger,Passover massacre (30 killed),,,,,,
DET-734,hist011,Battle of Jenin,quick_fact,4,,Buildings Demolished,140+,,,,,,
DET-735,hist011,Battle of Jenin,quick_fact,5,,Verification,Human Rights Watch; UN; Amnesty,,,,,,
DET-736,hist011,Battle of Jenin,quick_fact,6,,War Crimes Finding,HRW: 'Prima facie war crimes',,,,,,
DET-737,hist011,Battle of Jenin,testimony,1,,Afaf Mohammed,,Testified to Human Rights Watch: 'The bulldozers came to our street on April 10. They started demolishing houses one by one. We could hear our neighbors screaming inside their homes as the bulldozers destroyed them. The soldiers wouldn't let us go help them. We heard the screams and then silence. I saw bodies pulled from the rubble days later.',Human Rights Watch - Jenin Report (May 2002),https://www.hrw.org/report/2002/05/02/jenin/idf-military-operations,,,
DET-738,hist011,Battle of Jenin,testimony,2,,Fayez Hawashin,,His son Muhammad shot dead on April 3 while walking with group of women and children toward hospital. Fayez testified: 'My son was with women and children. They were going to the hospital area. Israeli soldiers shot him twice in the face. He was 14 years old. There were no fighters with them. Just civilians trying to find safety.',Human Rights Watch investigation; direct testimony,https://www.hrw.org/reports/2002/israel3/israel0502-05.htm,,,
DET-739,hist011,Battle of Jenin,testimony,3,,Jamal Zghair,,Testified about his father's death on April 10: 'My father was 57 years old and in a wheelchair. He was trying to get home. He was carrying a white flag. Israeli tanks shot him and then ran over him with the tank. We found his body crushed. There were no fighters near him. He was just an old disabled man trying to get home.',Human Rights Watch documentation; Middle East Monitor,https://www.middleeastmonitor.com/20200414-we-must-never-forget-israels-massacre-in-jenin/,,,
DET-740,hist011,Battle of Jenin,testimony,4,,Dr. Abu Salouh,,Testified to blocking of medical access: 'For 11 days we couldn't reach the wounded. Ambulances were fired upon. We had injured people inside the camp who needed urgent medical care. The Israelis wouldn't let us in. Some people died because they couldn't get medical treatment. This is a war crime—to prevent doctors from treating the wounded.',Palestinian Red Crescent testimony,,,,
DET-741,hist011,Battle of Jenin,testimony,5,,Human Rights Watch Investigators,,"After 9-day investigation with over 100 witness interviews: 'Israeli forces committed serious violations of international humanitarian law, some amounting prima facie to war crimes... The IDF used armored bulldozers to demolish buildings, in some cases with civilians inside... We documented direct attacks on medical personnel and prolonged denial of medical access.'","Human Rights Watch - Jenin: IDF Military Operations (May 2, 2002)",https://www.hrw.org/news/2002/05/02/israel/occupied-territories-jenin-war-crimes-investigation-needed,,,
DET-742,hist011,Battle of Jenin,testimony,6,,Kofi Annan,,"After Israel blocked UN fact-finding mission: 'I deeply regret that it has not proved possible to dispatch the team to the region... Without the full cooperation of the Government of Israel, the team cannot do its job.' UN investigation never occurred due to Israeli obstruction.",UN Secretary-General statement on blocked investigation,https://www.un.org/unispal/document/auto-insert-187399/,,,
DET-743,hist011,Battle of Jenin,testimony,7,,Ariel Sharon,,"Defended operation: 'This was a nest of terrorism. It was an operation that had to be carried out.' Denied war crimes: 'The Israeli army is the most moral army in the world.' When asked about civilian casualties, stated: 'War is war.' Blocked UN investigation.",Contemporary interviews and statements,,,,
DET-744,hist011,Battle of Jenin,testimony,8,,Israeli Soldier (anonymous),,Testimony to Breaking the Silence (years later): 'We were told not to risk soldiers' lives. So we used the bulldozers. We knew people were in some of the buildings. But the orders were to demolish. The officers said it was better to demolish buildings than risk soldiers in house-to-house fighting. I still hear the screams.',Breaking the Silence testimonies,https://www.breakingthesilence.org.il/,,,
DET-745,hist011,Battle of Jenin,testimony,9,,Amnesty International,,"Report on Jenin (November 2002): 'Amnesty International is gravely concerned that some of the killings of Palestinians by the IDF in Jenin may have amounted to unlawful killings... The Israeli authorities have consistently failed to conduct thorough, independent and impartial investigations into alleged human rights violations.'",Amnesty International - Israel and the Occupied Territories: Shielded from Scrutiny,https://www.amnesty.org/,,,
DET-746,hist011,Battle of Jenin,timeline,1,2002-03-27 00:00:00,Passover massacre triggers Operation Defensive Shield,,"Hamas suicide bomber attacks Passover seder at Park Hotel in Netanya, killing 30 Israelis, wounding 140. Deadliest single attack of Second Intifada. Israeli government authorizes Operation Defensive Shield—massive military operation throughout West Bank to 'defeat Palestinian terror infrastructure.'",Human Rights Watch Context,https://www.hrw.org/report/2002/05/02/jenin/idf-military-operations,,,
DET-747,hist011,Battle of Jenin,timeline,2,29 March - 2 April 2002,Operation Defensive Shield begins; other cities attacked first,,"IDF launches Operation Defensive Shield on March 29 with incursion into Ramallah, seizing Arafat's compound. Operations follow in Tulkarm (April 1), Qalqilya (April 1), Bethlehem (April 2). By April 3, six major West Bank cities under Israeli military occupation.",UN Secretary-General Report,https://www.un.org/unispal/document/auto-insert-187399/,,,
DET-748,hist011,Battle of Jenin,timeline,3,"3 April 2002, dawn",Jenin operation begins: 200 tanks surround camp,,"IDF launches major operation in Jenin refugee camp with approximately 200 tanks, Apache helicopters, F-16 jets. Camp home to 14,000 civilians; estimated 80-100 armed Palestinian fighters present. Israel declares area closed military zone. Cuts electricity and water to camp.",Human Rights Watch - Battle Background,https://www.hrw.org/report/2002/05/02/jenin/idf-military-operations,,,
DET-749,hist011,Battle of Jenin,timeline,4,3-4 April 2002,House-to-house combat begins; medical access blocked,,"IDF begins slow advance through camp using infantry for house-to-house searches. Palestinian fighters engage in fierce resistance using booby traps, explosives, ambushes. IDF blocks ambulances and medical personnel from entering camp. Siege of camp begins—no one allowed in or out for 11 days.",HRW - Medical Access Violations,https://www.hrw.org/report/2002/05/02/jenin/idf-military-operations,,,
DET-750,hist011,Battle of Jenin,timeline,5,2002-04-06 00:00:00,Civilians killed fleeing burning home,,"Tank shell and two helicopter-fired TOW anti-tank missiles hit house of Kamal Tawalba (father of 14 children). No fighters present in home. When Tawalba and family try to flee burning house, IDF soldiers fire on them. Example of indiscriminate force documented by Human Rights Watch.",HRW - Civilian Casualties,https://www.hrw.org/news/2002/05/02/israel/occupied-territories-jenin-war-crimes-investigation-needed,,,
DET-751,hist011,Battle of Jenin,timeline,6,2002-04-09 00:00:00,Devastating ambush: 13 Israeli soldiers killed,,"Palestinian fighters lure IDF unit into narrow alley in Hawashin neighborhood. Massive explosives detonated, collapsing buildings on soldiers. 13 Israeli soldiers killed—deadliest single incident for IDF during entire Second Intifada. Israeli military tactics change dramatically after this catastrophic loss.",Israeli Institute Analysis,https://www.inss.org.il/wp-content/uploads/sites/2/systemfiles/(FILE)1190277272.pdf,,,
DET-752,hist011,Battle of Jenin,timeline,7,2002-04-10 00:00:00,Mass demolitions begin; wheelchair-bound man killed,,"After April 9 ambush, IDF deploys massive D-9 armored bulldozers. Begin systematic demolition of buildings to create wide paths and eliminate ambush sites. Kamal Zghair (57, wheelchair-bound) shot and run over by IDF tanks as he wheels himself home carrying white flag. Mass destruction accelerates.",HRW - Unlawful Killings,https://www.hrw.org/reports/2002/israel3/israel0502-05.htm,,,
DET-753,hist011,Battle of Jenin,timeline,8,10-11 April 2002,Bulldozers demolish 140+ buildings; many with people inside,,D-9 bulldozers demolish over 140 buildings in Jenin camp—approximately 10% of entire camp. Eyewitnesses report buildings demolished with families still trapped inside. Some buried alive under rubble. Residents describe hearing people screaming as bulldozers destroyed their homes. IDF prevents rescue attempts.,Human Rights Watch Report,https://www.hrw.org/report/2002/05/02/jenin/idf-military-operations,,,
DET-754,hist011,Battle of Jenin,timeline,9,During siege (dates unclear),Nurse killed treating wounded; woman dies after 36-hour delay,,"Farwa Jammal (27), uniformed nurse, shot dead by IDF fire while treating injured civilian. Mariam Wishahi (58) injured by shrapnel in her home 'just a few hundred meters from hospital'—IDF repeatedly prevents ambulances from reaching her for 36 hours. She dies without medical treatment.",HRW - Medical Personnel Attacks,https://www.hrw.org/news/2002/05/02/israel/occupied-territories-jenin-war-crimes-investigation-needed,,,
DET-755,hist011,Battle of Jenin,timeline,10,2002-04-11 00:00:00,Active combat ends; total siege continues,,"Major fighting ends after 9 days. But IDF maintains absolute siege of camp, preventing anyone from entering—including humanitarian workers, journalists, UN observers. Siege continues for days while Israel attempts to control narrative and prevent documentation of destruction.",HRW Investigation,https://www.hrw.org/report/2002/05/02/jenin/idf-military-operations,,,
DET-756,hist011,Battle of Jenin,timeline,11,2002-04-15 00:00:00,Medical access finally allowed after 11-day blockade,,"After 11 days (April 4-15), IDF finally allows limited ambulance access to Jenin camp. During blockade, injured combatants and civilians had no access to emergency medical treatment. Sick unable to get care. Direct attacks on medical personnel and denial of medical care constitute serious war crimes.",HRW Report,https://www.hrw.org/report/2002/05/02/jenin/idf-military-operations,,,
DET-757,hist011,Battle of Jenin,timeline,12,2002-04-18 00:00:00,UN Security Council Resolution 1405: fact-finding mission,,"Security Council calls for UN fact-finding mission to investigate Jenin. UN Secretary-General Kofi Annan assembles team. Israel initially agrees then blocks mission through procedural objections. After weeks of obstruction, mission disbanded without ever visiting Jenin. Investigation never occurs.",UN SG Report on Blocked Investigation,https://www.un.org/unispal/document/auto-insert-187399/,,,
DET-758,hist011,Battle of Jenin,timeline,13,19-28 April 2002,Human Rights Watch investigators access camp,,Human Rights Watch team of three researchers spends 9 days in Jenin (April 19-28) interviewing over 100 camp residents. Gather detailed victim and witness accounts. Cross-check testimonies. Document extensive destruction. Collect evidence of war crimes. Produce comprehensive 52-page report.,HRW - Jenin Investigation Methodology,https://www.hrw.org/report/2002/05/02/jenin/idf-military-operations,,,
DET-759,hist011,Battle of Jenin,timeline,14,2002-05-02 00:00:00,Human Rights Watch report released,,"HRW releases comprehensive report: 'During their incursion into the Jenin refugee camp, Israeli forces committed serious violations of international humanitarian law, some amounting prima facie to war crimes.' Report documents 52 Palestinians killed (22 civilians), indiscriminate force, use of human shields, attacks on medical personnel.",HRW - Jenin Report Release,https://www.hrw.org/news/2002/05/02/israel/occupied-territories-jenin-war-crimes-investigation-needed,,,
DET-760,hist011,Battle of Jenin,timeline,15,2002-08-01 00:00:00,UN releases limited report; HRW criticizes,,"After Israel blocks fact-finding mission, UN compiles report without first-hand information. Human Rights Watch criticizes: 'watered-down account... doesn't move us forward in terms of establishing the truth.' UN report makes few conclusions about violations or accountability despite serious crimes documented by others.",HRW - UN Report Criticism,https://www.hrw.org/news/2002/08/01/un-jenin-report,,,
DET-761,hist011,Battle of Jenin,war_crime,1,,Mass Demolitions with People Inside (War Crime),,"D-9 bulldozers demolished 140+ buildings, many with families trapped inside. Eyewitnesses reported hearing people screaming as bulldozers destroyed homes. Some residents crushed to death, others buried alive under rubble. Extensive destruction not justified by military necessity constitutes war crime under Geneva Convention Article 147.",Human Rights Watch Report,https://www.hrw.org/report/2002/05/02/jenin/idf-military-operations,,,
DET-762,hist011,Battle of Jenin,war_crime,2,,Willful Killings of Civilians,,"14-year-old Muhammad Hawashin shot twice in face and killed while walking with women and children toward hospital (April 3). Kamal Zghair (57, wheelchair-bound) shot and run over by tanks while carrying white flag (April 10). 60-year-old woman killed by helicopter missile in apartment with no armed Palestinians present. HRW documented multiple 'willful or unlawful' civilian killings.",HRW - Civilian Casualties,https://www.hrw.org/reports/2002/israel3/israel0502-05.htm,,,
DET-763,hist011,Battle of Jenin,war_crime,3,,Attacks on Medical Personnel and Denial of Medical Care,,IDF blocked ambulances for 11 days (April 4-15). Repeatedly fired on Red Crescent ambulances. Killed uniformed nurse Farwa Jammal (27) treating wounded. Mariam Wishahi (58) died after 36-hour delay when soldiers prevented ambulance access though she was 'just a few hundred meters from hospital.' Direct attacks on medical personnel and denial of medical care are war crimes.,HRW Documentation,https://www.hrw.org/news/2002/05/02/israel/occupied-territories-jenin-war-crimes-investigation-needed,,,
DET-764,hist011,Battle of Jenin,war_crime,4,,Use of Palestinian Civilians as Human Shields,,"HRW documented IDF using Palestinian civilians as 'human shields'—forcing civilians to enter buildings ahead of soldiers, using civilian homes as military positions while confining inhabitants to rooms, forcing civilians to perform military tasks. Using protected persons to shield military operations violates Geneva Convention Article 28.",Human Rights Watch Report,https://www.hrw.org/report/2002/05/02/jenin/idf-military-operations,,,
DET-765,hist011,Battle of Jenin,war_crime,5,,Indiscriminate and Disproportionate Use of Force,,US-supplied helicopters fired anti-tank missiles into camp 'making insufficient efforts to identify legitimate military targets and avoid hitting civilian houses.' Struck many houses inhabited only by civilians where no fighters present. Tank shells and helicopter missiles hit home of Kamal Tawalba (father of 14) with no fighters present; soldiers then fired on family fleeing burning home. Indiscriminate force violated laws of war.,HRW Investigation,https://www.hrw.org/news/2002/05/02/israel/occupied-territories-jenin-war-crimes-investigation-needed,,,
DET-766,hist011,Battle of Jenin,war_crime,6,,Blocking of Independent Investigation,,"After UN Security Council Resolution 1405 called for fact-finding mission, Israel initially agreed then systematically blocked investigation through procedural objections. Mission disbanded without visiting Jenin. Obstruction of war crimes investigation suggests consciousness of guilt. Prevented accountability and established culture of impunity.",UN Report on Blocked Mission,https://www.un.org/unispal/document/auto-insert-187399/,,,
DET-767,hist011,Battle of Jenin,war_crime,7,,Palestinian Violations: Booby Traps Endangering Civilians,,"Palestinian fighters planted extensive explosive devices throughout camp in water pipes, kitchen cabinets, doorways—devices that endangered civilian residents as well as Israeli soldiers. Operating from densely populated civilian areas and using booby traps that fail to distinguish between combatants and civilians violated international humanitarian law.",Israeli Documentation,https://www.inss.org.il/wp-content/uploads/sites/2/systemfiles/(FILE)1190277272.pdf,,,
DET-768,hist012,Operation Cast Lead,casualty,1,,Palestinians Killed,"1,383-1,419","PCHR: 1,419 (1,167 civilians); B'Tselem: 1,385 (762 noncombatants); UN OCHA: 1,383 (773 civilians)",Palestinian Centre for Human Rights; B'Tselem; UN OCHA,https://www.pchrgaza.org/,,,
DET-769,hist012,Operation Cast Lead,casualty,2,,Child Fatalities,333 children,UN OCHA documented 333 children killed; 114 women killed,UN OCHA Report – Cast Lead Anniversary,https://www.ochaopt.org/content/eight-years-after-2008-2009-cast-lead-hostilities-gaza-lack-accountability-persists,,,
DET-770,hist012,Operation Cast Lead,casualty,3,,Palestinians Wounded,"5,300+","Over 5,300 injured; approximately 30% suffered long-term impairment or permanent disability",UN OCHA & Palestinian Centre for Human Rights,https://www.ochaopt.org/,,,
DET-771,hist012,Operation Cast Lead,casualty,4,,Homes Completely Destroyed,"3,540 units","Additional 2,870 homes sustained severe damage; over 20,000 people made homeless",UN Statistics,https://www.un.org/unispal/,,,
DET-772,hist012,Operation Cast Lead,casualty,5,,Private Businesses Destroyed,268 businesses,432 additional businesses damaged; $139 million+ in economic losses,Private Sector Coordination Council Assessment,https://imeu.org/,,,
DET-773,hist012,Operation Cast Lead,casualty,6,,Israeli Fatalities,13 Israelis,10 soldiers (4 by friendly fire); 3 civilians killed by rocket fire,Israeli Official Sources,https://www.idf.il/,,,
DET-774,hist012,Operation Cast Lead,commander,1,1945–present,Ehud Olmert,,Authorized Operation Cast Lead and made key policy decisions during offensive. Later stated operation was necessary but expressed regret over civilian casualties. In 2015 convicted of corruption in unrelated case.,,,,,
DET-775,hist012,Operation Cast Lead,commander,2,1942–present,Ehud Barak,,Oversaw planning and execution of military operations. Defended operation as proportionate response to rocket fire.,,,,,
DET-776,hist012,Operation Cast Lead,commander,3,1954–present,Gabi Ashkenazi,,Top military commander during operation. Responsible for operational planning and execution. Maintained operation was conducted according to international law.,,,,,
DET-777,hist012,Operation Cast Lead,commander,4,1962–present,Ismail Haniyeh,,Hamas political leader during operation. Continued to authorize rocket attacks into Israel. Rejected ceasefire offers during operation.,,,,,
DET-778,hist012,Operation Cast Lead,commander,5,1938–present,Justice Richard Goldstone,,Led UN investigation into Operation Cast Lead. Former Constitutional Court Justice of South Africa and Chief Prosecutor for International Criminal Tribunals.,,,,,
DET-779,hist012,Operation Cast Lead,historical_impact,1,,Immediate Impact (2009–2011),,"1,383-1,419 Palestinians killed, including 333 children; 13 Israelis killed (10 soldiers, 3 civilians)",,,,,
DET-780,hist012,Operation Cast Lead,historical_impact,1,,Long-term Consequences (2011–Present),,"Established pattern of Israeli military operations in Gaza repeated in 2012, 2014, 2021, 2023-2024",,,,,
DET-781,hist012,Operation Cast Lead,historical_impact,1,,Accountability Status,,No Israeli senior officials held accountable for operation planning or execution,,,,,
DET-782,hist012,Operation Cast Lead,historical_impact,2,,Immediate Impact (2009–2011),,"Over 5,300 Palestinians wounded; approximately 30% with permanent disabilities",,,,,
DET-783,hist012,Operation Cast Lead,historical_impact,2,,Long-term Consequences (2011–Present),,Near-total impunity: only 4 Israeli convictions from 510 complaints filed over Cast Lead incidents,,,,,
DET-784,hist012,Operation Cast Lead,historical_impact,2,,Accountability Status,,No prosecutions for Samouni massacre (21 civilians killed),,,,,
DET-785,hist012,Operation Cast Lead,historical_impact,3,,Immediate Impact (2009–2011),,"3,540 homes completely destroyed; 2,870 severely damaged; 20,000+ people homeless",,,,,
DET-786,hist012,Operation Cast Lead,historical_impact,3,,Long-term Consequences (2011–Present),,Gaza reconstruction severely hampered by ongoing blockade; many areas never fully rebuilt,,,,,
DET-787,hist012,Operation Cast Lead,historical_impact,3,,Accountability Status,,No prosecutions for Al-Daya family strike (22 civilians killed),,,,,
DET-788,hist012,Operation Cast Lead,historical_impact,4,,Immediate Impact (2009–2011),,UN Goldstone Report (September 2009) found evidence of war crimes and possible crimes against humanity by both sides,,,,,
DET-789,hist012,Operation Cast Lead,historical_impact,4,,Long-term Consequences (2011–Present),,International law largely unenforced; ICC investigation ongoing but no prosecutions of Cast Lead crimes,,,,,
DET-790,hist012,Operation Cast Lead,historical_impact,4,,Accountability Status,,No prosecutions for white flag killings (11 civilians killed),,,,,
DET-791,hist012,Operation Cast Lead,historical_impact,5,,Immediate Impact (2009–2011),,International calls for accountability; UN Human Rights Council endorsed report (25-6-11 vote),,,,,
DET-792,hist012,Operation Cast Lead,historical_impact,5,,Long-term Consequences (2011–Present),,Goldstone himself partially retracted findings in 2011 Washington Post op-ed (other mission members rejected retraction),,,,,
DET-793,hist012,Operation Cast Lead,historical_impact,5,,Accountability Status,,"Israeli military investigations: 510 complaints filed, 152 investigated, 4 convictions (minor offenses)",,,,,
DET-794,hist012,Operation Cast Lead,historical_impact,6,,Immediate Impact (2009–2011),,Deepened international criticism of Israeli military operations and blockade of Gaza,,,,,
DET-795,hist012,Operation Cast Lead,historical_impact,6,,Long-term Consequences (2011–Present),,Operation became template for mowing the grass doctrine — periodic military operations to degrade capabilities,,,,,
DET-796,hist012,Operation Cast Lead,historical_impact,6,,Accountability Status,,Palestinian armed groups: no known investigations or prosecutions for indiscriminate rocket attacks,,,,,
DET-797,hist012,Operation Cast Lead,historical_impact,7,,Immediate Impact (2009–2011),,"Widespread psychological trauma among Gaza population, particularly children",,,,,
DET-798,hist012,Operation Cast Lead,historical_impact,7,,Accountability Status,,UN Goldstone Report documented violations by both sides,,,,,
DET-799,hist012,Operation Cast Lead,historical_impact,8,,Accountability Status,,ICC opened investigation into situation in Palestine (2021) but no Cast Lead charges yet filed,,,,,
DET-800,hist012,Operation Cast Lead,legal,1,,Fourth Geneva Convention — Israeli Forces,,"Article 27 (Protected Persons): Samouni massacre, white flag killings, and other deliberate attacks on civilians violated core protections.",,,,,
DET-801,hist012,Operation Cast Lead,legal,1,,Customary IHL Violations,,"Distinction: Attacks on Samouni family, Al-Daya family, white flag carriers violated fundamental principle of distinction between civilians and combatants.",,,,,
DET-802,hist012,Operation Cast Lead,legal,1,,UN Goldstone Report Findings (September 2009),,"War Crimes: Report found evidence Israeli forces committed actions amounting to war crimes, including wilful killing and extensive destruction of property not justified by military necessity.",,,,,
DET-803,hist012,Operation Cast Lead,legal,1,,Human Rights Law Violations,,Right to Life (ICCPR Article 6): Deliberate killings of civilians violated right to life. Al-Daya case specifically found to violate Article 6.,,,,,
DET-804,hist012,Operation Cast Lead,legal,2,,Fourth Geneva Convention — Israeli Forces,,"Article 33 (Collective Punishments): UN mission found operation designed to punish, humiliate and terrorize Gaza's civilian population — textbook collective punishment.",,,,,
DET-805,hist012,Operation Cast Lead,legal,2,,Customary IHL Violations,,Proportionality: UN mission found deliberately disproportionate force throughout operation.,,,,,
DET-806,hist012,Operation Cast Lead,legal,2,,UN Goldstone Report Findings (September 2009),,"Crimes Against Humanity: Report concluded Israeli actions may amount to crimes against humanity — deliberately disproportionate attack designed to punish, humiliate and terrorize civilian population.",,,,,
DET-807,hist012,Operation Cast Lead,legal,2,,Human Rights Law Violations,,"Right to Adequate Housing: Destruction of 3,540 homes, leaving 20,000+ homeless, violated right to adequate housing under ICESCR.",,,,,
DET-808,hist012,Operation Cast Lead,legal,3,,Fourth Geneva Convention — Israeli Forces,,"Article 53 (Destruction of Property): Destruction of flour mills, water systems, 3,540+ homes lacked military necessity.",,,,,
DET-809,hist012,Operation Cast Lead,legal,3,,Customary IHL Violations,,Precautions in Attack: Attacks on UNRWA compound and hospitals continued after notification violated precautionary requirements.,,,,,
DET-810,hist012,Operation Cast Lead,legal,3,,UN Goldstone Report Findings (September 2009),,Palestinian War Crimes: Report also found Palestinian armed groups committed war crimes through indiscriminate rocket attacks on Israeli civilians.,,,,,
DET-811,hist012,Operation Cast Lead,legal,3,,Human Rights Law Violations,,"Right to Health: Attacks on hospitals, medical facilities, destruction of health infrastructure violated right to health.",,,,,
DET-812,hist012,Operation Cast Lead,legal,4,,Fourth Geneva Convention — Israeli Forces,,"Article 147 (Grave Breaches): Wilful killing, extensive destruction not justified by military necessity. Multiple documented incidents meet this threshold.",,,,,
DET-813,hist012,Operation Cast Lead,legal,4,,Customary IHL Violations,,"Protected Objects: Direct attacks on Al-Quds hospital, UNRWA compound violated their protected status.",,,,,
DET-814,hist012,Operation Cast Lead,legal,4,,UN Goldstone Report Findings (September 2009),,"Accountability: Recommended both parties conduct good faith investigations within 6 months; if not, Security Council should refer situation to International Criminal Court.",,,,,
DET-815,hist012,Operation Cast Lead,legal,4,,Human Rights Law Violations,,Rights of the Child: 333 children killed; attacks on schools; targeting of civilian areas violated Convention on Rights of the Child.,,,,,
DET-816,hist012,Operation Cast Lead,quick_fact,1,,Event Type,Military Operation / Armed Conflict,,,,,,
DET-817,hist012,Operation Cast Lead,quick_fact,2,,Perpetrators,Israel Defense Forces,,,,,,
DET-818,hist012,Operation Cast Lead,quick_fact,3,,Verification,UN Goldstone Report; HRW; Amnesty International; B'Tselem,,,,,,
DET-819,hist012,Operation Cast Lead,quick_fact,4,,UN Response,Fact-Finding Mission; accusations of war crimes,,,,,,
DET-820,hist012,Operation Cast Lead,testimony,1,,Justice Richard Goldstone,,"The Mission found that the operations were carefully planned in all their phases — what occurred in just over three weeks at the end of 2008 and the beginning of 2009 was a deliberately disproportionate attack designed to punish, humiliate and terrorize a civilian population.","UN Goldstone Report Press Conference, 15 September 2009",https://www.ohchr.org/en/hr-bodies/hrc/special-sessions/session9/fact-finding-mission,,,
DET-821,hist012,Operation Cast Lead,testimony,2,,Ateya al-Samouni,,"Testified to UN mission: soldiers ordered all of us into one house, around 100 people, mostly women and children. They kept us there all day and night. The next morning they started shelling the house. My mother was killed instantly. We were trapped with the dead and dying for three days before ambulances could reach us. Lost 21 family members.","UN Goldstone Report testimony, June 2009",https://www.ohchr.org/en/hr-bodies/hrc/special-sessions/session9/fact-finding-mission,,,
DET-822,hist012,Operation Cast Lead,testimony,3,,Dr. Khalid Eshkuntana,,Testified about treating white phosphorus injuries: We saw burns we had never seen before. The phosphorus continues to burn even inside the body. We had no experience treating such weapons. Many patients died from these burns.,"Amnesty International interviews, January 2009",https://www.amnesty.org/,,,
DET-823,hist012,Operation Cast Lead,testimony,4,,John Dugard,,"In statement to UN: Israel's actions in Gaza constitute a gross and systematic violation of the Fourth Geneva Convention. The attack was not simply an act of war, but a sustained and brutal assault on a civilian population that had been living under siege for 18 months.","UN Human Rights Council statement, March 2009",https://www.un.org/unispal/,,,
DET-824,hist012,Operation Cast Lead,testimony,5,,Breaking the Silence,,"Anonymous soldier testimony: The commanders made it clear — our lives come first, and then moral considerations. We were told that if we see any person, even if they seem innocent, if we feel threatened, we shoot. The destruction was unimaginable. We destroyed so many houses that served no military purpose.","Breaking the Silence testimonies, July 2009",https://www.breakingthesilence.org.il/,,,
DET-825,hist012,Operation Cast Lead,testimony,6,,International Committee of the Red Cross,,ICRC issued rare public criticism: The Israeli military failed to meet its obligation under international humanitarian law to care for and evacuate the wounded. The ICRC views the delay in allowing rescue services access as unacceptable. Regarding Samouni family incident.,"ICRC Press Release, 8 January 2009",https://www.icrc.org/en/doc/resources/documents/news-release/2009-and-earlier/palestine-news-070109.htm,,,
DET-826,hist012,Operation Cast Lead,testimony,7,,Amnesty International,,"In detailed report: Israeli forces carried out direct attacks against civilians and civilian objects in Gaza, and attacks which were disproportionate or indiscriminate, failing to distinguish between legitimate military targets and civilian objects. Many of the attacks involved the use of white phosphorus and other weapons supplied by the USA.","Amnesty Report 'Operation Cast Lead: 22 days of death and destruction', July 2009",https://www.amnesty.org/en/wp-content/uploads/2021/06/mde150152009en.pdf,,,
DET-827,hist012,Operation Cast Lead,testimony,8,,Human Rights Watch,,"Documented white flag killings: In seven cases documented by Human Rights Watch, Israeli forces in Gaza attacked groups of people who were trying to convey their civilian status by waving white flags. The attacks killed 11 civilians.","HRW Report, August 2009",https://www.hrw.org/report/2009/08/13/white-flag-deaths/killings-palestinian-civilians-during-operation-cast-lead,,,
DET-828,hist012,Operation Cast Lead,timeline,1,2008-11-04 00:00:00,Israeli raid breaks ceasefire,,"Israel launches cross-border raid into Gaza to destroy tunnel. Multiple sources report this broke the six-month ceasefire. Hamas responds with rocket fire, ending truce.",UN Documentation,https://www.un.org/unispal/,,,
DET-829,hist012,Operation Cast Lead,timeline,2,November–December 2008,Escalating violence,,Increasing rocket fire from Gaza and Israeli strikes. Over 100 rockets fired in 24 hours before operation begins. Multiple escalations and failed ceasefire attempts.,UN OCHA Monthly Reports,https://www.ochaopt.org/,,,
DET-830,hist012,Operation Cast Lead,timeline,3,2008-12-27 11:30:00,Operation begins – massive airstrikes,,"Israeli F-16s and Apache helicopters strike 100+ targets in 220 seconds. Police headquarters hit during graduation ceremony; 99 police officers and 9 civilians killed. By end of first day, 230 Palestinians dead.","UN Goldstone Report, para. 28-35",https://www.ohchr.org/en/hr-bodies/hrc/special-sessions/session9/fact-finding-mission,,,
DET-831,hist012,Operation Cast Lead,timeline,4,27 Dec 2008 – 3 Jan 2009,Week of aerial bombardment,,"Continuous airstrikes hit government buildings, police stations, mosques, homes, infrastructure. Israeli navy shells from offshore. White phosphorus used in populated areas. Hundreds killed.",Amnesty International,https://www.amnesty.org/en/wp-content/uploads/2021/06/mde150152009en.pdf,,,
DET-832,hist012,Operation Cast Lead,timeline,5,2009-01-03 00:00:00,Ground invasion begins,,Israeli ground forces invade Gaza from north and east. Tanks and infantry enter Beit Lahiya and Beit Hanoun. Gaza effectively bisected. Tens of thousands flee their homes.,UN OCHA Situation Reports,https://www.ochaopt.org/,,,
DET-833,hist012,Operation Cast Lead,timeline,6,4–5 January 2009,Samouni family massacre,,"Israeli soldiers ordered approximately 100 members of Samouni family into single building in Zaytoun area. On January 5, shelling killed 21 civilians. Survivors trapped with dead for days. Red Cross denied access.","UN Goldstone Report, para. 726-756",https://www.ohchr.org/en/hr-bodies/hrc/special-sessions/session9/fact-finding-mission,,,
DET-834,hist012,Operation Cast Lead,timeline,7,2009-01-06 00:00:00,Al-Daya family massacre,,"Israeli F-16 fires missile at home of Al-Daya family in Zaytoun neighborhood. 22 family members killed, mostly women and children. Israeli military later admitted house struck by mistake.",UN OCHA Report,https://www.ochaopt.org/content/eight-years-after-2008-2009-cast-lead-hostilities-gaza-lack-accountability-persists,,,
DET-835,hist012,Operation Cast Lead,timeline,8,2009-01-07 00:00:00,White flag' killings documented,,Multiple incidents where Israeli soldiers killed Palestinians fleeing while carrying white flags. Majda and Rayya Hajjaj (aged 37 and 65) shot while fleeing. UN mission documented 7 such incidents.,HRW Report 'White Flag Deaths',https://www.hrw.org/report/2009/08/13/white-flag-deaths/killings-palestinian-civilians-during-operation-cast-lead,,,
DET-836,hist012,Operation Cast Lead,timeline,9,2009-01-15 00:00:00,UNRWA compound attacked,,UN Relief and Works Agency compound in Gaza City shelled with high explosive and white phosphorus. 600-700 civilians sheltering there. Attack continued for hours despite Israeli forces being alerted to risks.,"UN Goldstone Report, para. 39",https://www.ohchr.org/en/hr-bodies/hrc/special-sessions/session9/fact-finding-mission,,,
DET-837,hist012,Operation Cast Lead,timeline,10,2009-01-15 00:00:00,Al-Quds Hospital attacked,,Israeli forces directly attacked al-Quds hospital in Gaza City and adjacent ambulance depot. White phosphorus used. Pattern of attacks on medical facilities documented throughout operation.,"UN Goldstone Report, para. 39",https://www.ohchr.org/en/hr-bodies/hrc/special-sessions/session9/fact-finding-mission,,,
DET-838,hist012,Operation Cast Lead,timeline,11,2009-01-18 00:00:00,Ceasefire declared,,"Under enormous international pressure, Israel declares unilateral ceasefire and withdraws forces. Palestinian armed groups follow with separate ceasefire. No formal agreement reached.",UN Security Council Records,https://www.un.org/unispal/,,,
DET-839,hist012,Operation Cast Lead,timeline,12,2009-04-03 00:00:00,UN Fact-Finding Mission established,,UN Human Rights Council establishes Fact-Finding Mission led by Justice Richard Goldstone to investigate possible violations of international law by all parties during conflict.,UN Human Rights Council Resolution,https://www.ohchr.org/en/hr-bodies/hrc/special-sessions/session9/fact-finding-mission,,,
DET-840,hist012,Operation Cast Lead,timeline,13,2009-09-15 00:00:00,Goldstone Report released,,UN mission releases 575-page report documenting alleged war crimes by Israeli military and Palestinian armed groups. Report finds evidence of deliberately disproportionate attacks on civilians.,UN Goldstone Report (Full Text),https://www.ohchr.org/en/hr-bodies/hrc/special-sessions/session9/fact-finding-mission,,,
DET-841,hist012,Operation Cast Lead,timeline,14,2009-10-16 00:00:00,UN Human Rights Council endorses report,,"Human Rights Council endorses Goldstone Report by vote of 25 to 6, with 11 abstentions. Recommends referral to Security Council and potentially International Criminal Court.",UN HRC Resolution,https://www.un.org/unispal/,,,
DET-842,hist012,Operation Cast Lead,war_crime,1,,Samouni Family Massacre,,"Israeli soldiers forced approximately 100 members of Samouni family into single building in Zaytoun area, held them 24 hours, then shelled building killing 21 civilians. Survivors trapped with dead for days; ambulances prevented from accessing area.","UN Goldstone Report, para. 726-756",https://www.ohchr.org/en/hr-bodies/hrc/special-sessions/session9/fact-finding-mission,,,
DET-843,hist012,Operation Cast Lead,war_crime,2,,Al-Daya Family Airstrike,,"F-16 missile strike on Al-Daya family home killed 22 civilians, mostly women and children. Israeli military later admitted house struck by mistake. UN mission found 'substantial failure of due diligence'.",UN OCHA Documentation,https://www.ochaopt.org/content/eight-years-after-2008-2009-cast-lead-hostilities-gaza-lack-accountability-persists,,,
DET-844,hist012,Operation Cast Lead,war_crime,3,,White Flag Killings,,"Israeli soldiers killed at least 11 Palestinian civilians who were fleeing while carrying white flags. Documented cases include killing of two women (Majda and Rayya Hajjaj, aged 37 and 65).",Human Rights Watch Report,https://www.hrw.org/report/2009/08/13/white-flag-deaths/killings-palestinian-civilians-during-operation-cast-lead,,,
DET-845,hist012,Operation Cast Lead,war_crime,4,,White Phosphorus in Populated Areas,,"Israeli forces used white phosphorus—illegal when used in populated areas—in attacks on two hospitals (Al-Quds, Al-Wafa), UN compound in Gaza City, and densely populated residential areas.",Amnesty International Report,https://www.amnesty.org/en/wp-content/uploads/2021/06/mde150152009en.pdf,,,
DET-846,hist012,Operation Cast Lead,war_crime,5,,Attacks on Medical and UN Facilities,,"Direct attacks on protected sites including al-Quds hospital, al-Wafa hospital, UNRWA compound sheltering 600-700 civilians. Attacks continued despite clear marking and notification to Israeli forces.","UN Goldstone Report, para. 39",https://www.ohchr.org/en/hr-bodies/hrc/special-sessions/session9/fact-finding-mission,,,
DET-847,hist012,Operation Cast Lead,war_crime,6,,Destruction of Civilian Infrastructure,,"Systematic destruction of flour mills, water installations, sewage treatment plants with no military justification. El-Bader flour mill—only functioning mill in Gaza—destroyed. 268 businesses completely destroyed.","UN Goldstone Report, para. 50",https://www.ohchr.org/en/hr-bodies/hrc/special-sessions/session9/fact-finding-mission,,,
DET-848,hist012,Operation Cast Lead,war_crime,7,,Deliberately Disproportionate Force,,"UN mission concluded operations were carefully planned in all phases with patterns indicating deliberate targeting of civilians. Described as a deliberately disproportionate attack designed to punish, humiliate and terrorize civilian population.","UN Goldstone Report, Executive Summary",https://www.ohchr.org/en/hr-bodies/hrc/special-sessions/session9/fact-finding-mission,,,
DET-849,hist012,Operation Cast Lead,war_crime,8,,Palestinian Rocket Attacks (War Crime),,"Palestinian armed groups fired over 900 rockets and mortars into Israel during operation, killing 3 Israeli civilians. Goldstone Report concluded these were indiscriminate attacks constituting war crimes.",UN Goldstone Report,https://www.ohchr.org/en/hr-bodies/hrc/special-sessions/session9/fact-finding-mission,,,
DET-850,hist014,Operation Protective Edge,casualty,1,,Palestinians Killed,2251,"UN Commission: 1,462 civilians, 551 combatants, 238 status unclear. B'Tselem: 2,202 killed, 1,391 civilians",UN Commission of Inquiry Report A/HRC/29/52,https://www.un.org/unispal/document/auto-insert-185919/,,,
DET-851,hist014,Operation Protective Edge,casualty,2,,Child Fatalities,551 children,UN documented 551 children killed; 299 women killed. 20.2% of civilian deaths were women—higher than previous operations,UN Commission Report para. 24,https://www.un.org/unispal/document/auto-insert-185919/,,,
DET-852,hist014,Operation Protective Edge,casualty,3,,Entire Families Killed,72 families,B'Tselem documented 72 incidents where entire families killed in homes. Al-Batsh family: 18 killed; Abu Jame family: 17 killed; Al-Najjar family: 26 killed,B'Tselem Report on Residential Buildings,https://www.btselem.org/gaza_strip/gaza_201407_operation,,,
DET-853,hist014,Operation Protective Edge,casualty,4,,Palestinians Wounded,11231,"Including 3,436 children. Approximately 1,000 children left with permanent disabilities; 1,500 children orphaned",UN Commission Report,https://www.un.org/unispal/document/auto-insert-185919/,,,
DET-854,hist014,Operation Protective Edge,casualty,5,,Homes Completely Destroyed,"18,000 units","Additional 89,000 homes damaged (10,000 severely). Entire neighborhoods razed: Shuja'iya, Beit Hanoun, Khuza'a",UN OCHA Assessment,https://www.ochaopt.org/content/key-figures-2014-hostilities,,,
DET-855,hist014,Operation Protective Edge,casualty,6,,Schools Damaged or Destroyed,262 schools,"3 public schools completely destroyed, 23 severely damaged. Multiple UN schools sheltering displaced attacked",IMEU Report,https://imeu.org/article/50-days-of-death-destruction-israels-operation-protective-edge,,,
DET-856,hist014,Operation Protective Edge,casualty,7,,Medical Facilities Attacked,73 facilities,"Hospitals, clinics, ambulances destroyed or damaged. Al-Aqsa hospital attack killed 5. Amnesty found 'mounting evidence' of deliberate targeting",Amnesty International Statement,https://www.amnesty.org/,,,
DET-857,hist014,Operation Protective Edge,casualty,8,,Gaza's Only Power Plant Destroyed,Power plant,Amnesty condemned as 'collective punishment.' HRW: 'unlawful disproportionate attack causing far greater civilian harm than military gain',Amnesty International Statement,https://www.amnesty.org/,,,
DET-858,hist014,Operation Protective Edge,casualty,9,,Israelis Killed,73,"67 soldiers, 6 civilians (including 1 child). 4 killed by friendly fire",UN Commission Report,https://www.un.org/unispal/document/auto-insert-185919/,,,
DET-859,hist014,Operation Protective Edge,casualty,10,,Israelis Wounded,1600,"Including 270 children. Injured by rockets, mortars, shrapnel from 4,881 projectiles fired",OCHA Statistics,https://www.ochaopt.org/content/key-figures-2014-hostilities,,,
DET-860,hist014,Operation Protective Edge,casualty,11,,Israeli Airstrikes,"6,000+","IDF fired 5,000 tons of munitions, 14,500 tank shells, 35,000 artillery shells over 51 days",OCHA Report citing IDF data,https://www.ochaopt.org/content/key-figures-2014-hostilities,,,
DET-861,hist014,Operation Protective Edge,casualty,12,,Rockets/Mortars Fired from Gaza,4881,"Palestinian armed groups fired 4,881 projectiles into Israel; many intercepted by Iron Dome",OCHA citing IDF,https://www.ochaopt.org/content/key-figures-2014-hostilities,,,
DET-862,hist014,Operation Protective Edge,commander,1,1949-present,Benjamin Netanyahu,,Authorized Operation Protective Edge. Made key policy decisions including continuation despite international outcry. Defended operation as proportionate and necessary. Rejected UN Commission findings.,,,,,
DET-863,hist014,Operation Protective Edge,commander,2,1950-present,Moshe Ya'alon,,Oversaw military planning and execution. Defended IDF actions including power plant destruction. Later expressed some regret about civilian toll but maintained operation was justified.,,,,,
DET-864,hist014,Operation Protective Edge,commander,3,1959-present,Benny Gantz,,"Top military commander during operation. Responsible for operational decisions including artillery use in Shuja'iya, Rafah assault. Later boasted about 'sending Gaza back to Stone Age.' Became Defense Minister 2020.",,,,,
DET-865,hist014,Operation Protective Edge,commander,4,1962-present,Ismail Haniyeh,,Hamas political leader during operation. Authorized continued rocket attacks throughout operation. Rejected ceasefire offers. Currently heads Hamas Political Bureau.,,,,,
DET-866,hist014,Operation Protective Edge,commander,5,1965-present,Mohammad Deif,,"Commander of Hamas military wing. Directed rocket attacks and tunnel operations. Survived multiple Israeli assassination attempts including during this operation. Wife and children killed in airstrike August 19, 2014.",,,,,
DET-867,hist014,Operation Protective Edge,commander,6,1945-present,Mary McGowan Davis,,"Led UN investigation into Operation Protective Edge. Former US federal judge. Commission documented violations by both sides, found evidence of war crimes.",,,,,
DET-868,hist014,Operation Protective Edge,historical_impact,1,,Immediate Impact (2014-2016),,"Deadliest Gaza conflict: 2,251 Palestinians killed (1,462 civilians, 551 children); 73 Israelis (67 soldiers, 6 civilians)",,,,,
DET-869,hist014,Operation Protective Edge,historical_impact,1,,Long-term Consequences (2016-Present),,"Reconstruction severely hampered: Four years later, 75% of destroyed homes still not rebuilt due to blockade",,,,,
DET-870,hist014,Operation Protective Edge,historical_impact,1,,Accountability Status,,✗ No Israeli officials or soldiers prosecuted for documented violations,,,,,
DET-871,hist014,Operation Protective Edge,historical_impact,2,,Immediate Impact (2014-2016),,"Unprecedented destruction: 18,000 homes destroyed, 89,000 damaged; 500,000 displaced (1/3 of population)",,,,,
DET-872,hist014,Operation Protective Edge,historical_impact,2,,Long-term Consequences (2016-Present),,Gaza's humanitarian crisis deepened catastrophically; UN warned Gaza could be 'uninhabitable' by 2020,,,,,
DET-873,hist014,Operation Protective Edge,historical_impact,2,,Accountability Status,,✗ No accountability for Shuja'iya assault (100+ civilians killed),,,,,
DET-874,hist014,Operation Protective Edge,historical_impact,3,,Immediate Impact (2014-2016),,"Infrastructure devastation: power plant, 262 schools, 73 medical facilities, water/sewage systems destroyed",,,,,
DET-875,hist014,Operation Protective Edge,historical_impact,3,,Long-term Consequences (2016-Present),,Complete impunity: Zero Israeli prosecutions for documented violations; no accountability mechanisms enforced,,,,,
DET-876,hist014,Operation Protective Edge,historical_impact,3,,Accountability Status,,✗ No accountability for Rafah Black Friday (130-150 civilians killed),,,,,
DET-877,hist014,Operation Protective Edge,historical_impact,4,,Immediate Impact (2014-2016),,Economic collapse: $6 billion in damages; Gaza GDP contracted by 15%,,,,,
DET-878,hist014,Operation Protective Edge,historical_impact,4,,Long-term Consequences (2016-Present),,"Pattern established: Operation became model for 2021, 2023-2024 escalations with similar tactics",,,,,
DET-879,hist014,Operation Protective Edge,historical_impact,4,,Accountability Status,,✗ No accountability for attacks on residential buildings (72 families wiped out),,,,,
DET-880,hist014,Operation Protective Edge,historical_impact,5,,Immediate Impact (2014-2016),,UN Commission found evidence of war crimes by both Israeli forces and Palestinian armed groups,,,,,
DET-881,hist014,Operation Protective Edge,historical_impact,5,,Long-term Consequences (2016-Present),,International law erosion: UN findings ignored; precedent set for rejection of international accountability,,,,,
DET-882,hist014,Operation Protective Edge,historical_impact,5,,Accountability Status,,✗ No accountability for killing four boys on beach or destruction of power plant,,,,,
DET-883,hist014,Operation Protective Edge,historical_impact,6,,Immediate Impact (2014-2016),,Israel's refusal to cooperate with UN inquiry set precedent for rejecting international accountability,,,,,
DET-884,hist014,Operation Protective Edge,historical_impact,6,,Long-term Consequences (2016-Present),,ICC investigation opened 2015 (Palestine accepted jurisdiction) but years later no charges filed re: Protective Edge,,,,,
DET-885,hist014,Operation Protective Edge,historical_impact,6,,Accountability Status,,"✗ No accountability for attacks on UN schools, medical facilities",,,,,
DET-886,hist014,Operation Protective Edge,historical_impact,7,,Immediate Impact (2014-2016),,"1,000+ children left with permanent disabilities; massive psychological trauma across Gaza population",,,,,
DET-887,hist014,Operation Protective Edge,historical_impact,7,,Long-term Consequences (2016-Present),,Political entrenchment: Netanyahu's security narrative strengthened; Hamas remained in power despite devastation,,,,,
DET-888,hist014,Operation Protective Edge,historical_impact,7,,Accountability Status,,"✗ Israeli military investigations: hundreds of complaints, handful of minor convictions unrelated to major incidents",,,,,
DET-889,hist014,Operation Protective Edge,historical_impact,8,,Long-term Consequences (2016-Present),,"Generational trauma: UNICEF reported 400,000+ children requiring psychological support",,,,,
DET-890,hist014,Operation Protective Edge,historical_impact,8,,Accountability Status,,✗ Palestinian armed groups: no known investigations or prosecutions for indiscriminate rocket attacks or executions,,,,,
DET-891,hist014,Operation Protective Edge,historical_impact,9,,Accountability Status,,✓ UN Commission documented violations and called for accountability,,,,,
DET-892,hist014,Operation Protective Edge,historical_impact,10,,Accountability Status,,✓ ICC has jurisdiction and ongoing investigation (2021-present),,,,,
DET-893,hist014,Operation Protective Edge,historical_impact,11,,Accountability Status,,✓ International consensus: Both sides committed violations; Israel's far greater in scale and severity,,,,,
DET-894,hist014,Operation Protective Edge,legal,1,,Fourth Geneva Convention Violations - Israeli Forces,,"Article 27 (Protected Persons): 'Protected persons...shall be treated humanely...protected against all acts of violence.' Attacks on residential buildings killing entire families, beach killings, and Shuja'iya assault violated this protection.",,,,,
DET-895,hist014,Operation Protective Edge,legal,1,,Customary International Humanitarian Law Violations,,"Distinction: Attacks must distinguish between civilians and combatants. Use of artillery in Shuja'iya (92,000 civilians/6 km²), attacks on residential buildings, beach killings violated distinction principle.",,,,,
DET-896,hist014,Operation Protective Edge,legal,1,,UN Commission of Inquiry Findings (June 2015),,"War Crimes - Israeli Forces: Commission found 'evidence indicating serious violations of international humanitarian law amounting to war crimes.' Specific findings: attacks on residential buildings without military justification, disproportionate attacks, indiscriminate use of artillery in populated areas.",,,,,
DET-897,hist014,Operation Protective Edge,legal,1,,Specific Incident Investigations,,"15 Residential Building Attacks: UN investigated 15 attacks on homes killing 216 people (115 children, 50 women). Found in multiple cases: no evidence of military target, or attacks grossly disproportionate.",,,,,
DET-898,hist014,Operation Protective Edge,legal,1,,Protected Persons and Objects,,Medical Facilities: Fourth Geneva Convention Article 18 mandates protection of hospitals. 73 medical facilities attacked. Amnesty found 'mounting evidence' of deliberate targeting—grave breach.,,,,,
DET-899,hist014,Operation Protective Edge,legal,2,,Fourth Geneva Convention Violations - Israeli Forces,,"Article 33 (Collective Punishments): 'Collective penalties...prohibited.' Destruction of power plant causing shutdown of water, sewage, medical services for entire population constitutes collective punishment.",,,,,
DET-900,hist014,Operation Protective Edge,legal,2,,Customary International Humanitarian Law Violations,,"Proportionality: Civilian harm must not be excessive relative to military advantage. UN Commission found multiple attacks 'grossly disproportionate.' Rafah assault, power plant destruction clearly disproportionate.",,,,,
DET-901,hist014,Operation Protective Edge,legal,2,,UN Commission of Inquiry Findings (June 2015),,"Possible Crimes Against Humanity: Commission noted pattern and scale of attacks on civilians may constitute crimes against humanity, though refrained from definitive conclusion pending full investigation.",,,,,
DET-902,hist014,Operation Protective Edge,legal,2,,Specific Incident Investigations,,Shuja'iya: Commission found indiscriminate use of artillery in area with civilian density three times that of Tel Aviv violated laws of war. Over 100 killed in 24 hours.,,,,,
DET-903,hist014,Operation Protective Edge,legal,2,,Protected Persons and Objects,,Schools and Cultural Property: 262 schools damaged/destroyed. Hague Convention protects cultural property; attacks must be militarily necessary. Evidence suggests many attacks lacked necessity.,,,,,
DET-904,hist014,Operation Protective Edge,legal,3,,Fourth Geneva Convention Violations - Israeli Forces,,"Article 53 (Destruction of Property): 'Any destruction...prohibited, except where rendered absolutely necessary by military operations.' Destruction of 18,000 homes, power plant, medical facilities, schools far exceeded military necessity.",,,,,
DET-905,hist014,Operation Protective Edge,legal,3,,Customary International Humanitarian Law Violations,,"Precautions in Attack: Parties must take feasible precautions to minimize civilian harm. Despite 'roof knocking' and warnings, 551 children killed suggests inadequate precautions. Attacks on marked UN schools violated this.",,,,,
DET-906,hist014,Operation Protective Edge,legal,3,,UN Commission of Inquiry Findings (June 2015),,War Crimes - Palestinian Armed Groups: Commission found indiscriminate rocket attacks and extrajudicial executions constituted war crimes under Common Article 3 and customary IHL.,,,,,
DET-907,hist014,Operation Protective Edge,legal,3,,Specific Incident Investigations,,"Rafah Black Friday: 1,000+ shells in 3 hours killing 130-150 (mostly civilians) found to be 'disproportionate in the extreme' and indicative of violations.",,,,,
DET-908,hist014,Operation Protective Edge,legal,3,,Protected Persons and Objects,,UN Facilities: UN marked facilities have special protected status. Multiple attacks on UNRWA schools despite coordination violated this protection.,,,,,
DET-909,hist014,Operation Protective Edge,legal,4,,Fourth Geneva Convention Violations - Israeli Forces,,Article 147 (Grave Breaches): 'Wilful killing...torture...wilfully causing great suffering...extensive destruction...not justified by military necessity' are grave breaches. Multiple documented incidents meet this threshold.,,,,,
DET-910,hist014,Operation Protective Edge,legal,4,,Customary International Humanitarian Law Violations,,"Indiscriminate Attacks Prohibited: Use of imprecise artillery in densely populated areas (Shuja'iya, Rafah) constitutes indiscriminate attack. Palestinian rocket attacks also indiscriminate.",,,,,
DET-911,hist014,Operation Protective Edge,legal,4,,UN Commission of Inquiry Findings (June 2015),,Accountability Failure: Commission found Israeli investigations 'inconsistent with international standards' and unlikely to produce genuine accountability. Palestinian authorities conducted no known investigations.,,,,,
DET-912,hist014,Operation Protective Edge,legal,4,,Specific Incident Investigations,,Gaza Beach Boys: HRW investigation found killing of four boys on beach with no military target present indicative of war crime.,,,,,
DET-913,hist014,Operation Protective Edge,legal,4,,Protected Persons and Objects,,Essential Civilian Infrastructure: Additional Protocol I Article 54 prohibits attacks on objects indispensable to survival of civilian population. Power plant destruction violated this.,,,,,
DET-914,hist014,Operation Protective Edge,legal,5,,Specific Incident Investigations,,UN Facilities: Attacks on clearly marked UN schools sheltering displaced found to lack military justification; some attacks may constitute war crimes.,,,,,
DET-915,hist014,Operation Protective Edge,quick_fact,1,,Event Type,Military Operation / Armed Conflict,,,,,,
DET-916,hist014,Operation Protective Edge,quick_fact,2,,Perpetrators,Israel Defense Forces; Hamas; Palestinian Islamic Jihad,,,,,,
DET-917,hist014,Operation Protective Edge,quick_fact,3,,Verification,UN Commission of Inquiry; HRW; Amnesty; B'Tselem,,,,,,
DET-918,hist014,Operation Protective Edge,quick_fact,4,,UN Response,Commission found evidence of war crimes by both sides,,,,,,
DET-919,hist014,Operation Protective Edge,testimony,1,,Maher Mahdouqa,,In presenting report to UN Human Rights Council June 2015: 'What we found during our investigation suggests that significant violations of international humanitarian law occurred...There is evidence indicating serious violations amounting to war crimes. The attacks on residential buildings killing entire families are particularly concerning.',"UN Commission Press Conference, June 22, 2015",https://www.ohchr.org/en/hr-bodies/hrc/co-i-gaza-conflict/report-co-i-gaza,,,
DET-920,hist014,Operation Protective Edge,testimony,2,,Survivor from Shuja'iya,,"Testified to UN Commission: 'The shelling was everywhere, continuous, terrifying. We tried to flee but they were shooting at everyone, even people carrying white flags. I saw entire families killed trying to escape. Bodies everywhere. The neighborhood was destroyed—nothing left but rubble and blood.'","UN Commission testimony, 2014-2015",https://www.un.org/unispal/document/auto-insert-185919/,,,
DET-921,hist014,Operation Protective Edge,testimony,3,,Ban Ki-moon,,Regarding Rafah 'Black Friday' August 1: 'The shelling of civilians in Rafah is a moral outrage and a criminal act. The Secretary-General condemns this action in the strongest terms.' Regarding UN schools attacked: 'Nothing is more shameful than attacking sleeping children.',"UN Secretary-General statements, August 2014",https://www.un.org/unispal/,,,
DET-922,hist014,Operation Protective Edge,testimony,4,,Pierre Krähenbühl,,After attacks on UN schools: 'Today the world stands disgraced...There are no Hamas rockets stored in the basements of our schools; there are only frightened civilians who come there to escape the fighting. This is the third time one of our schools has been hit...The precise location of the school was communicated to the Israeli military 17 times.',"UNRWA Statement, August 3, 2014",https://www.unrwa.org/,,,
DET-923,hist014,Operation Protective Edge,testimony,5,,Amnesty International,,"In comprehensive report: 'Mounting evidence suggests Israeli forces carried out indiscriminate and disproportionate attacks that killed hundreds of civilians in Gaza, including attacks on medical facilities, in violation of the laws of war...The destruction of the Gaza power plant caused massive and predictable harm to civilians, consistent with collective punishment.'","Amnesty Report: 'Families Under the Rubble', November 2014",https://www.amnesty.org/,,,
DET-924,hist014,Operation Protective Edge,testimony,6,,Human Rights Watch,,Regarding killing of four boys on beach: 'Our investigation into the attack found no evidence of a military target in the area at the time...This appears to be indicative of a war crime.' Regarding power plant: 'An unlawful disproportionate attack...far greater civilian harm than any military gain.',"HRW Report 'Findings on Violations', September 2014",https://www.hrw.org/,,,
DET-925,hist014,Operation Protective Edge,testimony,7,,Breaking the Silence (Israeli soldiers),,"Testimony 42: 'When you see these [F-16] strikes on TV, a little poof there, a little poof here—you don't understand what's really happening. It's a neighborhood being erased, families wiped out.' Testimony 56: 'The firepower was insane. We fired and fired. Neighborhoods leveled. They told us better a Palestinian kid than one of ours.'","Breaking the Silence testimonies, 2014-2015",https://www.breakingthesilence.org.il/,,,
DET-926,hist014,Operation Protective Edge,testimony,8,,Dr. Rania Abu Anza,,"Testimony to human rights investigators: 'I have never seen such injuries—children with limbs blown off, burns from white phosphorus, shrapnel throughout their small bodies. We operated non-stop for weeks with no electricity, no supplies. The hospital itself was hit multiple times. This was not war—this was slaughter.'","Medical testimonies compilation, UN Commission",https://www.un.org/unispal/,,,
DET-927,hist014,Operation Protective Edge,timeline,1,2014-06-12 00:00:00,Three Israeli teenagers abducted,,"Three Israeli teenagers (Eyal Yifrach, Gilad Shaer, Naftali Frenkel) abducted in West Bank. Israel launches massive search operation. Later revealed Israeli authorities knew teenagers were dead within hours but concealed information. Bodies discovered June 30.",UN Documentation,https://www.un.org/unispal/,,,
DET-928,hist014,Operation Protective Edge,timeline,2,June 13-30,West Bank crackdown; tensions escalate,,Israel conducts massive sweep operation in West Bank arresting hundreds of Palestinians. Five Palestinians killed. Rocket fire from Gaza increases. Palestinian teenager Muhammad Abu Khdeir kidnapped and burned alive by Israeli extremists July 2 in revenge attack.,UN Commission Report para. 69-70,https://www.un.org/unispal/document/auto-insert-185919/,,,
DET-929,hist014,Operation Protective Edge,timeline,3,2014-07-07 00:00:00,Operation Protective Edge begins,,"Israel launches Operation Protective Edge with massive airstrikes across Gaza. Stated objective: stop rocket attacks and destroy Hamas military capabilities. Over 50 strikes in opening hours targeting government buildings, police stations, Hamas infrastructure.",UN Commission Report para. 19,https://www.un.org/unispal/document/auto-insert-185919/,,,
DET-930,hist014,Operation Protective Edge,timeline,4,2014-07-09 00:00:00,Four boys killed on Gaza beach,,Israeli naval vessel fires at four boys (aged 9-11) from Bakr family playing on Gaza City beach. All four killed. Incident witnessed by multiple international journalists. Human Rights Watch investigation found no evidence of military target—indicative of war crime.,HRW Investigation,https://www.hrw.org/,,,
DET-931,hist014,Operation Protective Edge,timeline,5,2014-07-13 00:00:00,Al-Batsh family massacre,,Israeli airstrike on Al-Batsh family home in Gaza City kills 18 family members including 6 children and 3 women (one pregnant). At least 45 injured. UN Commission investigated; found no evidence of legitimate military target. Witnesses reported no warning given.,UN Detailed Findings Report,https://www.un.org/unispal/wp-content/uploads/2015/06/cb361dbaf1526e5785257e6c004b1e94_20150622%20--%20OHCHR%20Report%20on%20Palestine%20%5BA_HRC_CRP_4%5D.pdf,,,
DET-932,hist014,Operation Protective Edge,timeline,6,2014-07-17 00:00:00,Ground invasion begins,,"Israeli ground forces invade Gaza from multiple points. Stated goal: locate and destroy cross-border tunnels. Massive deployment of tanks, artillery, infantry. Fighting intensifies dramatically. Civilian casualties surge.",UN Commission Report para. 19,https://www.un.org/unispal/document/auto-insert-185919/,,,
DET-933,hist014,Operation Protective Edge,timeline,7,19-20 July 2014,Shuja'iya massacre,,"Israeli forces launch massive assault on Shuja'iya neighborhood in eastern Gaza City. Over 100 Palestinians killed in approximately 24 hours. Thousands of artillery shells fired into densely populated area (92,000 people in 6 km²). Multiple reports of civilians shot while fleeing with white flags. Entire neighborhood largely destroyed.",MERIP Analysis,https://merip.org/2015/10/operation-protective-edge/,,,
DET-934,hist014,Operation Protective Edge,timeline,8,2014-07-20 00:00:00,Multiple family massacres,,Abu Jame family: 17 killed in airstrike on home in Khan Yunis. Al-Najjar family: 26 killed (mostly women and children) when four homes struck by missiles. Several other families wiped out same day. One of deadliest days of operation.,B'Tselem Documentation,https://www.btselem.org/gaza_strip/gaza_201407_operation,,,
DET-935,hist014,Operation Protective Edge,timeline,9,2014-07-23 00:00:00,UN Human Rights Council establishes Commission,,UN Human Rights Council passes resolution S-21/1 establishing independent Commission of Inquiry to investigate violations of international law. Israel immediately rejects and refuses cooperation.,UN HRC Resolution,https://www.ohchr.org/en/hr-bodies/hrc/co-i-gaza-conflict/report-co-i-gaza,,,
DET-936,hist014,Operation Protective Edge,timeline,10,2014-07-29 00:00:00,Gaza power plant destroyed,,"Israeli strikes destroy Gaza's only power plant. Causes shutdown of water treatment plants, sewage systems. Amnesty condemns as 'collective punishment.' HRW: 'unlawful disproportionate attack' causing far greater civilian harm than any military gain.",Amnesty Statement,https://www.amnesty.org/,,,
DET-937,hist014,Operation Protective Edge,timeline,11,2014-08-01 00:00:00,Black Friday' - Rafah massacre,,"After Israeli soldier reportedly captured, Israel invokes Hannibal Directive. In three hours, Israeli forces fire over 1,000 artillery shells into Rafah. Between 130-150 Palestinians killed, overwhelming majority civilians. UN Secretary General Ban Ki-moon calls it 'moral outrage and criminal act.' US State Department: 'appalling' and 'disgraceful.'",UN Commission para. 27,,,,
DET-938,hist014,Operation Protective Edge,timeline,12,2014-08-03 00:00:00,UN school shelters attacked,,"Multiple attacks on UN schools sheltering displaced Palestinians documented throughout operation. UNRWA schools in Beit Hanoun, Jabalya, Rafah hit despite clear marking and coordination with Israeli military. 44 Palestinians killed in UN facilities; 227 injured according to UN investigation.",UN Investigation Report,https://www.un.org/unispal/,,,
DET-939,hist014,Operation Protective Edge,timeline,13,5-22 August 2014,Hamas executes 21 alleged 'collaborators',,Hamas executes 21 alleged Israeli collaborators by firing squad. 16 taken from Al-Katiba prison where held in custody of Gaza authorities. Executed without proper legal process. UN Commission found executions constitute war crime under Common Article 3 of Geneva Conventions.,UN Commission para. 67-68,https://www.un.org/unispal/document/auto-insert-185919/,,,
DET-940,hist014,Operation Protective Edge,timeline,14,2014-08-26 00:00:00,Ceasefire takes effect,,"After Egyptian mediation, unconditional ceasefire agreed. Operation ends after 51 days. Both sides claim victory but neither achieves stated objectives. Gaza devastated: 18,000 homes destroyed, 500,000 displaced, infrastructure in ruins.",UN OCHA Final Assessment,https://www.ochaopt.org/content/key-figures-2014-hostilities,,,
DET-941,hist014,Operation Protective Edge,timeline,15,2015-06-22 00:00:00,UN Commission releases report,,"After extensive investigation (Israel refused cooperation), UN Commission releases comprehensive report documenting violations by both sides. Concludes there is evidence indicating serious violations of international humanitarian law amounting to war crimes by Israeli forces. Also finds Palestinian armed groups committed war crimes.",UN Commission Report A/HRC/29/52,https://www.un.org/unispal/document/auto-insert-185919/,,,
DET-942,hist014,Operation Protective Edge,war_crime,1,,Systematic Attacks on Residential Buildings,,"UN Commission investigated 15 cases of strikes on residential buildings killing 216 people including 115 children and 50 women. Found in multiple cases no evidence of military target or attacks were grossly disproportionate. B'Tselem documented 606 attacks on homes killing 1,447 civilians. Entire families wiped out: Al-Batsh (18 killed), Abu Jame (17), Al-Najjar (26).",UN Commission Report para. 26-35,https://www.un.org/unispal/document/auto-insert-185919/,,,
DET-943,hist014,Operation Protective Edge,war_crime,2,,Shuja'iya Massacre - Indiscriminate Artillery Fire,,"July 19-20: Israeli forces fired thousands of artillery shells into Shuja'iya, one of Gaza's most densely populated areas (92,000 people in 6 km²—three times density of Tel Aviv). Over 100 Palestinians killed in ~24 hours. Use of imprecise artillery in densely populated area constitutes indiscriminate attack—war crime.",MERIP Analysis,https://merip.org/2015/10/operation-protective-edge/,,,
DET-944,hist014,Operation Protective Edge,war_crime,3,,Rafah 'Black Friday' - Hannibal Directive,,"August 1: After soldier reportedly captured, Israeli forces fired over 1,000 artillery shells into Rafah in three hours killing 130-150 Palestinians, overwhelmingly civilians. Hannibal Directive explicitly calls for 'overwhelming force without regard to' imperiled soldier or civilians present. UN: 'moral outrage and criminal act.'",UN Commission para. 27,https://www.un.org/unispal/document/auto-insert-185919/,,,
DET-945,hist014,Operation Protective Edge,war_crime,4,,Attacks on Medical Facilities and Personnel,,73 medical facilities and ambulances destroyed or damaged. Al-Aqsa hospital attack killed 5. Multiple hospitals struck including facilities for paralyzed and elderly patients. Amnesty: 'mounting evidence' of deliberate targeting. Attacks on medical units are war crimes unless they commit acts harmful to enemy.,Amnesty International Statement,https://www.amnesty.org/,,,
DET-946,hist014,Operation Protective Edge,war_crime,5,,Attacks on UN Schools Sheltering Displaced,,"Multiple UN schools clearly marked and sheltering displaced civilians attacked. UNRWA schools in Beit Hanoun, Jabalya, Rafah struck despite coordination with Israeli military. UN investigation found Israel responsible for 44 Palestinian deaths in UN facilities, 227 injured. Protected facilities under IHL.",UN Investigation Report,https://www.un.org/unispal/,,,
DET-947,hist014,Operation Protective Edge,war_crime,6,,Destruction of Civilian Infrastructure - Power Plant,,"Deliberate destruction of Gaza's only power plant caused shutdown of water treatment, sewage systems, hospitals. Amnesty: 'collective punishment' of entire population. HRW: 'unlawful disproportionate attack' causing 'far greater civilian harm than military gain.' Extensive destruction of property not justified by military necessity.",Amnesty & HRW Statements,https://www.amnesty.org/,,,
DET-948,hist014,Operation Protective Edge,war_crime,7,,Gaza City Beach - Killing of Four Boys,,July 9: Israeli naval vessel fired at four boys (aged 9-11) from Bakr family playing football on Gaza City beach. All four killed. Witnessed by multiple international journalists. HRW investigation found no evidence of military target nearby—indicative of war crime.,Human Rights Watch Investigation,https://www.hrw.org/,,,
DET-949,hist014,Operation Protective Edge,war_crime,8,,Palestinian Indiscriminate Rocket Attacks (War Crime),,"Palestinian armed groups fired 4,881 rockets and mortars at Israeli civilian population centers. UN Commission concluded these attacks were indiscriminate, intended to spread terror among civilians, and constituted war crimes. 6 Israeli civilians killed.",UN Commission Report,https://www.un.org/unispal/document/auto-insert-185919/,,,
DET-950,hist014,Operation Protective Edge,war_crime,9,,Extrajudicial Executions by Hamas (War Crime),,Hamas executed 21 alleged Israeli collaborators by firing squad without proper legal process during operation. UN Commission found executions violated Common Article 3 of Geneva Conventions and constituted war crime. 16 taken from Al-Katiba prison while in custody of Gaza authorities.,UN Commission para. 67-68,https://www.un.org/unispal/document/auto-insert-185919/,,,
DET-951,hist015,Great March of Return,casualty,1,,Palestinians Killed,223,"UN Commission: 189 killed March-December 2018; B'Tselem total through 2019: 223 including 41 children, 3 medics, 2 journalists",UN Commission Report A/HRC/40/74; B'Tselem Comprehensive Statistics,https://www.un.org/unispal/document/commission-of-inquiry-on-2018-protests-in-opt-final-report-a-hrc-40-74-advance-unedited/; https://www.btselem.org/gaza_strip/20190330_gaza_march_of_return,,,
DET-952,hist015,Great March of Return,casualty,2,,Child Fatalities,41 children,"Ages 8 to 17. Youngest: Leila al-Ghandour (8 months, tear gas exposure); Oldest child victim: 17 years",UN Commission Report para. 77-82; Defense for Children International - Palestine,https://www.un.org/unispal/document/commission-of-inquiry-on-2018-protests-in-opt-final-report-a-hrc-40-74-advance-unedited/; https://www.dci-palestine.org/,,,
DET-953,hist015,Great March of Return,casualty,3,,Medical Personnel Killed,3 paramedics,"Razan al-Najjar (21, female paramedic, June 1, 2018); Musa Jaber Abu Hassanein (36, May 14); Abdullah al-Qutati (20, July 20)",UN Commission Report para. 83-87; Physicians for Human Rights - Israel,https://www.un.org/unispal/document/commission-of-inquiry-on-2018-protests-in-opt-final-report-a-hrc-40-74-advance-unedited/; https://www.phr.org.il/en/,,,
DET-954,hist015,Great March of Return,casualty,4,,Journalists Killed,2 journalists,"Yaser Murtaja (30, shot April 6, 2018 wearing PRESS vest); Ahmad Abu Hussein (25, shot April 13, died April 25)",Committee to Protect Journalists Report; UN Commission Report para. 88-92,https://cpj.org/; https://www.un.org/unispal/document/commission-of-inquiry-on-2018-protests-in-opt-final-report-a-hrc-40-74-advance-unedited/,,,
DET-955,hist015,Great March of Return,casualty,5,,Total Palestinians Injured,28939,"6,106 by live ammunition; 3,098 by bullet fragmentation; rubber bullets, tear gas canisters account for remainder",UN OCHA Humanitarian Bulletin; Palestinian Ministry of Health Gaza,https://www.ochaopt.org/; https://www.moh.gov.ps/,,,
DET-956,hist015,Great March of Return,casualty,6,,"Deadliest Day - May 14, 2018",60 killed,"Day US Embassy opened in Jerusalem. 60 Palestinians killed, over 1,100 shot with live fire. UN called it 'bloodbath.'",UN Commission Special Section,https://www.un.org/unispal/document/commission-of-inquiry-on-2018-protests-in-opt-final-report-a-hrc-40-74-advance-unedited/,,,
DET-957,hist015,Great March of Return,casualty,7,,Limb Amputations Required,122 amputations,At least 122 Palestinians required amputations due to severe lower-limb injuries. 20 were children. Many more at risk.,WHO Special Report on Limb Injuries; Medical Aid for Palestinians Assessment,https://www.who.int/; https://www.map.org.uk/,,,
DET-958,hist015,Great March of Return,casualty,8,,Unlawful Killings (UN Finding),187 of 189,UN Commission found 'reasonable grounds to believe' 187 of 189 investigated killings were unlawful under international law,UN Commission Report Executive Summary,https://www.un.org/unispal/document/commission-of-inquiry-on-2018-protests-in-opt-final-report-a-hrc-40-74-advance-unedited/,,,
DET-959,hist015,Great March of Return,casualty,9,,Medical Personnel Wounded,441 medics,Including 3 killed; targeted despite clear identification with white vests marked with red crescent/cross,Physicians for Human Rights - Israel,https://www.phr.org.il/en/,,,
DET-960,hist015,Great March of Return,casualty,10,,Journalists Injured,144 journalists,Including 2 killed. Many clearly wearing PRESS identification when shot,Committee to Protect Journalists,https://cpj.org/,,,
DET-961,hist015,Great March of Return,casualty,11,,Israeli Casualties,0,Zero Israeli soldiers or civilians killed or injured by protesters during entire 21-month period,UN Commission Report,https://www.un.org/unispal/document/commission-of-inquiry-on-2018-protests-in-opt-final-report-a-hrc-40-74-advance-unedited/,,,
DET-962,hist015,Great March of Return,commander,1,1949-present,Benjamin Netanyahu,Prime Minister of Israel (2009-2021),Approved military response to protests including rules of engagement permitting lethal force. Defended killings: 'Hamas sends thousands to breach border and murder Israelis. We will defend our border.' Rejected UN Commission findings.,,,,,
DET-963,hist015,Great March of Return,commander,2,1958-present,Avigdor Lieberman,Defense Minister (2016-2018),Oversaw military operations during protests. Stated April 2018: 'There are no innocents in Gaza.' Approved rules of engagement. Praised soldiers: 'Everyone who was shot—was shot because he deserved it.' Resigned November 2018 over ceasefire with Hamas.,,,,,
DET-964,hist015,Great March of Return,commander,3,1960-present,Gadi Eisenkot,IDF Chief of General Staff (2015-2019),Top military commander during protests. Responsible for operational decisions and rules of engagement. Defended use of live fire. Later admitted in testimony some soldiers may have violated rules but maintained overall response appropriate.,,,,,
DET-965,hist015,Great March of Return,commander,4,1962-present,Ismail Haniyeh,Hamas Political Bureau Head (2017-present),Hamas political leader. Supported protests but did not organize them initially. Later Hamas took more active organizational role. Called for continued protests despite casualties. Rejected criticism that Hamas used civilians as shields.,,,,,
DET-966,hist015,Great March of Return,commander,5,c.1984-present,Ahmed Abu Artema,Journalist; protest organizer,Independent Palestinian journalist who conceived and helped organize Great March of Return. Advocated for non-violent approach. Vision was peaceful protest to draw attention to blockade and right of return. Has stated protests succeeded in raising awareness despite tragic casualties.,,,,,
DET-967,hist015,Great March of Return,commander,6,1997-2018,Razan al-Najjar,Paramedic (victim),"21-year-old volunteer paramedic killed June 1, 2018 while treating wounded. Became symbol of Israeli targeting of medical personnel. Her killing documented by video; she was clearly marked as medic with hands raised when shot.",,,,,
DET-968,hist015,Great March of Return,historical_impact,1,,Immediate Impact (2018-2019),,"223 Palestinians killed, 28,939 injured over 21 months of largely peaceful protests",,,,,
DET-969,hist015,Great March of Return,historical_impact,1,,Long-term Consequences (2019-Present),,Total impunity: Zero meaningful prosecutions despite UN findings of systematic violations,,,,,
DET-970,hist015,Great March of Return,historical_impact,1,,Accountability Status,,✗ No Israeli officials or soldiers prosecuted for killings despite UN findings,,,,,
DET-971,hist015,Great March of Return,historical_impact,2,,Immediate Impact (2018-2019),,Zero Israeli casualties—stark demonstration that protesters posed no actual threat,,,,,
DET-972,hist015,Great March of Return,historical_impact,2,,Long-term Consequences (2019-Present),,Established precedent: Israel could kill protesters with impunity; international community would do nothing,,,,,
DET-973,hist015,Great March of Return,historical_impact,2,,Accountability Status,,✗ No accountability for May 14 massacre (60 killed in single day),,,,,
DET-974,hist015,Great March of Return,historical_impact,3,,Immediate Impact (2018-2019),,UN Commission found 187 of 189 investigated killings unlawful; violations may constitute war crimes or crimes against humanity,,,,,
DET-975,hist015,Great March of Return,historical_impact,3,,Long-term Consequences (2019-Present),,ICC investigation (opened 2021) includes Great March of Return but no charges filed as of 2025,,,,,
DET-976,hist015,Great March of Return,historical_impact,3,,Accountability Status,,✗ No accountability for killing of Razan al-Najjar and two other medics,,,,,
DET-977,hist015,Great March of Return,historical_impact,4,,Immediate Impact (2018-2019),,"International attention focused on Gaza humanitarian crisis and blockade, though no policy changes resulted",,,,,
DET-978,hist015,Great March of Return,historical_impact,4,,Long-term Consequences (2019-Present),,"Victims continue suffering: hundreds with permanent disabilities, psychological trauma, lost livelihoods",,,,,
DET-979,hist015,Great March of Return,historical_impact,4,,Accountability Status,,"✗ No accountability for killing of Yaser Murtaja, Ahmad Abu Hussein (journalists)",,,,,
DET-980,hist015,Great March of Return,historical_impact,5,,Immediate Impact (2018-2019),,122+ Palestinians required limb amputations; 20 were children—generation maimed for life,,,,,
DET-981,hist015,Great March of Return,historical_impact,5,,Long-term Consequences (2019-Present),,Gaza blockade continued unabated; none of protests' stated objectives achieved,,,,,
DET-982,hist015,Great March of Return,historical_impact,5,,Accountability Status,,✗ No accountability for 41 children killed,,,,,
DET-983,hist015,Great March of Return,historical_impact,6,,Immediate Impact (2018-2019),,Razan al-Najjar became international symbol of Israeli targeting of medical personnel,,,,,
DET-984,hist015,Great March of Return,historical_impact,6,,Long-term Consequences (2019-Present),,International law credibility damaged: UN findings completely ignored by Israel and not enforced,,,,,
DET-985,hist015,Great March of Return,historical_impact,6,,Accountability Status,,"✗ Israeli military investigations: hundreds of cases opened, vast majority closed without indictment",,,,,
DET-986,hist015,Great March of Return,historical_impact,7,,Immediate Impact (2018-2019),,Protests demonstrated Palestinian determination to pursue rights despite lethal response,,,,,
DET-987,hist015,Great March of Return,historical_impact,7,,Long-term Consequences (2019-Present),,"Protests entered Palestinian collective memory alongside Nakba, Naksa, Intifadas as symbol of resistance",,,,,
DET-988,hist015,Great March of Return,historical_impact,7,,Accountability Status,,✗ Only handful of cases resulted in minor charges unrelated to killings,,,,,
DET-989,hist015,Great March of Return,historical_impact,8,,Long-term Consequences (2019-Present),,Medical community horrified by targeting of clearly marked health workers—unprecedented in modern conflicts,,,,,
DET-990,hist015,Great March of Return,historical_impact,8,,Accountability Status,,✓ UN Commission comprehensively documented violations,,,,,
DET-991,hist015,Great March of Return,historical_impact,9,,Accountability Status,,✓ UN Human Rights Council endorsed Commission findings (23-8-16 vote),,,,,
DET-992,hist015,Great March of Return,historical_impact,10,,Accountability Status,,✓ ICC has jurisdiction; investigation ongoing but slow,,,,,
DET-993,hist015,Great March of Return,historical_impact,11,,Accountability Status,,✓ Palestinian lawyers submitted extensive evidence to ICC,,,,,
DET-994,hist015,Great March of Return,historical_impact,12,,Accountability Status,,"✓ International human rights organizations (HRW, Amnesty, PHR) continue advocacy for accountability",,,,,
DET-995,hist015,Great March of Return,legal,1,,Use of Force - International Human Rights Law,,"<strong>Right to Life (ICCPR Article 6):</strong> Intentional use of lethal force only permissible when 'strictly necessary' to protect life from imminent threat. UN found in 187 of 189 cases, victims posed no such threat—violations of right to life.",,,,,
DET-996,hist015,Great March of Return,legal,1,,International Humanitarian Law - Fourth Geneva Convention,,<strong>Article 27 (Protected Persons):</strong> Civilians 'shall be treated humanely...protected against all acts of violence.' Shooting civilians not posing imminent threat violates this core protection.,,,,,
DET-997,hist015,Great March of Return,legal,1,,UN Commission of Inquiry Findings (February 2019),,<strong>Unlawful Killings:</strong> '187 of 189' killings investigated found unlawful. Victims 'neither participating directly in hostilities nor posing imminent threat of death or serious injury.',,,,,
DET-998,hist015,Great March of Return,legal,1,,Specific Protections Violated,,<strong>Medical Personnel:</strong> Hague Convention IV (1907) and Geneva Conventions mandate protection of medical personnel. Shooting 3 clearly marked paramedics and wounding 441 medical workers violates this absolute protection.,,,,,
DET-999,hist015,Great March of Return,legal,2,,Use of Force - International Human Rights Law,,<strong>Basic Principles on Use of Force (UN 1990):</strong> 'Intentional lethal use of firearms may only be made when strictly unavoidable in order to protect life.' Commission found force was not unavoidable; no Israeli casualties demonstrate absence of threat.,,,,,
DET-1000,hist015,Great March of Return,legal,2,,International Humanitarian Law - Fourth Geneva Convention,,"<strong>Article 147 (Grave Breaches):</strong> 'Wilful killing...torture...wilfully causing great suffering or serious injury' are grave breaches. 223 killings, 28,939 injuries, 122+ amputations meet this threshold.",,,,,
DET-1001,hist015,Great March of Return,legal,2,,UN Commission of Inquiry Findings (February 2019),,"<strong>War Crimes:</strong> Commission found 'reasonable grounds to believe' Israeli forces committed violations amounting to war crimes, including willful killing and torture/cruel treatment.",,,,,
DET-1002,hist015,Great March of Return,legal,2,,Specific Protections Violated,,<strong>Journalists:</strong> Additional Protocol I Article 79 affords journalists protection as civilians. Intentional targeting of 2 clearly marked journalists constitutes war crime.,,,,,
DET-1003,hist015,Great March of Return,legal,3,,Use of Force - International Human Rights Law,,<strong>Arbitrary Deprivation of Life:</strong> Willful killings without legal justification constitute arbitrary deprivation of life. UN Human Rights Committee: States must investigate all killings by security forces.,,,,,
DET-1004,hist015,Great March of Return,legal,3,,International Humanitarian Law - Fourth Geneva Convention,,<strong>Protected Categories:</strong> Geneva Conventions specifically protect medical personnel (Article 20) and journalists as civilians. Killing 3 medics and 2 journalists are grave breaches.,,,,,
DET-1005,hist015,Great March of Return,legal,3,,UN Commission of Inquiry Findings (February 2019),,"<strong>Crimes Against Humanity:</strong> Given widespread and systematic nature of attack against civilian population, Commission found violations may constitute crimes against humanity.",,,,,
DET-1006,hist015,Great March of Return,legal,3,,Specific Protections Violated,,"<strong>Distinction Principle:</strong> Fundamental IHL principle requires distinction between combatants and civilians. Shooting unarmed civilians, children, medics, journalists violates this bedrock principle.",,,,,
DET-1007,hist015,Great March of Return,legal,4,,Use of Force - International Human Rights Law,,"<strong>Prohibition of Torture:</strong> Intentional shooting to cause severe limb injuries (122+ amputations) may constitute torture or cruel, inhuman treatment prohibited under ICCPR Article 7 and Convention Against Torture.",,,,,
DET-1008,hist015,Great March of Return,legal,4,,International Humanitarian Law - Fourth Geneva Convention,,<strong>Children:</strong> Fourth Geneva Convention Article 24 and Additional Protocol I Article 77 provide special protection for children. Killing 41 children violates these protections.,,,,,
DET-1009,hist015,Great March of Return,legal,4,,UN Commission of Inquiry Findings (February 2019),,<strong>Command Responsibility:</strong> Violations resulted from policy decisions at highest levels. Rules of engagement approved by senior military and political leadership may establish command responsibility for war crimes.,,,,,
DET-1010,hist015,Great March of Return,legal,4,,Specific Protections Violated,,"<strong>Proportionality:</strong> Even if some individuals posed threat, killing 60 in single day (May 14) with zero Israeli casualties demonstrates grossly disproportionate response.",,,,,
DET-1011,hist015,Great March of Return,quick_fact,1,,Event Type,Protest Suppression / Mass Killings,,,,,,
DET-1012,hist015,Great March of Return,quick_fact,2,,Perpetrators,Israel Defense Forces; Israeli Border Police,,,,,,
DET-1013,hist015,Great March of Return,quick_fact,3,,Verification,UN Commission of Inquiry; HRW; B'Tselem; Amnesty,,,,,,
DET-1014,hist015,Great March of Return,quick_fact,4,,UN Finding,187 of 189 killings unlawful; may be war crimes,,,,,,
DET-1015,hist015,Great March of Return,testimony,1,,Santiago Canton,"Chair, UN Commission of Inquiry","In presenting final report February 2019: 'The Commission found reasonable grounds to believe that Israeli snipers shot at journalists, health workers, children and persons with disabilities, knowing they were clearly recognizable as such...Israeli soldiers killed and gravely injured civilians who were neither participating directly in hostilities nor posing an imminent threat...Some of these violations may constitute war crimes or crimes against humanity.'","UN Commission Press Conference, February 28, 2019",https://www.ohchr.org/en/press-releases/2019/02/israeli-snipers-shot-children-and-journalists-gaza-protests-un-inquiry-finds,,,
DET-1016,hist015,Great March of Return,testimony,2,,Sara Hossain,UN Commissioner,"Commissioner statement: 'There can be no justification for the killing and maiming of clearly identifiable journalists, medics, and persons who were clearly not posing an imminent threat of death or serious injury. The Commission found that Israeli security forces killed and gravely injured protestors who did not pose an imminent threat of death or serious injury to others when they were shot.'","UN Commission Report, February 2019",https://www.un.org/unispal/document/commission-of-inquiry-on-2018-protests-in-opt-final-report-a-hrc-40-74-advance-unedited/,,,
DET-1017,hist015,Great March of Return,testimony,3,,Rawan al-Najjar (Razan's mother),Mother of killed paramedic,"After daughter Razan shot June 1, 2018: 'She was doing her job, saving lives. She had her hands up, showing she was a medic. They shot her anyway. My daughter died helping others. How can they say she was a threat? She was wearing white, she had the medical symbol, everyone could see she was a paramedic.' Razan's last words: 'I'm going to die.'",Family testimony to investigators; media interviews,https://www.phr.org.il/en/,,,
DET-1018,hist015,Great March of Return,testimony,4,,Dr. Tarek Loubani,Canadian emergency physician in Gaza,"Physician shot in legs while treating wounded, wearing clearly marked medical vest: 'I have worked in conflict zones around the world. I have never seen this level of deliberate targeting of medical personnel. We were clearly marked, everyone could see we were doctors and paramedics. They shot us anyway. The injuries I saw—legs blown apart, bones shattered—these were designed to maim for life.'","Testimony to Canadian Parliament; media interviews, May 2018",https://www.hrw.org/,,,
DET-1019,hist015,Great March of Return,testimony,5,,Yaser Murtaja (before death),"Journalist, killed April 6, 2018","In interview days before being shot dead: 'I film the protests to show the world what is happening here. We wear PRESS vests so the Israeli soldiers know we are journalists. We are not fighters, we are documenting.' Shot in abdomen while wearing clearly marked press vest. Died of wounds. Video shows him clearly identified as press when shot.",Final interview; Committee to Protect Journalists investigation,https://cpj.org/,,,
DET-1020,hist015,Great March of Return,testimony,6,,Ban Ki-moon,"Former UN Secretary-General (Deputy Chair, The Elders)",May 2018 statement: 'The scenes from Gaza are heartbreaking. The use of live ammunition against unarmed protesters is unacceptable...Israel has a responsibility to exercise maximum restraint and ensure the protection of civilians. The killing and wounding of thousands of Palestinian demonstrators must be urgently investigated.',"The Elders statement, May 2018",https://www.theelders.org/,,,
DET-1021,hist015,Great March of Return,testimony,7,,Zeid Ra'ad Al Hussein,UN High Commissioner for Human Rights (2014-2018),"March 30, 2018 statement after first day: 'The stark contrast in casualties on both sides is suggestive of a wholly disproportionate response. The mere fact of approaching or crossing a border fence cannot amount to a threat to life or serious injury justifying the use of live ammunition...The use of live ammunition against peaceful protesters clearly violates international human rights law.'","OHCHR Statement, March 31, 2018",https://www.ohchr.org/,,,
DET-1022,hist015,Great March of Return,testimony,8,,World Health Organization,UN health agency,"Special report on limb injuries: 'The injuries sustained by patients are of a severity not seen before...The bones and soft tissue are pulverized, creating massive wounds...Many patients face multiple surgeries and some will require amputations. This pattern of injuries is unprecedented and extremely concerning, suggesting systematic targeting of lower limbs.'","WHO Situation Report, June 2018",https://www.who.int/,,,
DET-1023,hist015,Great March of Return,testimony,9,,Physicians for Human Rights - Israel,Israeli human rights medical organization,After investigation: 'The use of live fire against medical staff...constitutes a grave violation of international humanitarian law. Medical personnel are protected persons under the Geneva Conventions...The Israeli military's actions endanger medical teams and deprive the wounded of life-saving treatment. We call for immediate end to attacks on medical personnel.',"PHR-Israel Report, June 2018",https://www.phr.org.il/en/,,,
DET-1024,hist015,Great March of Return,testimony,10,,Breaking the Silence (Israeli soldiers),IDF veterans' organization,"Anonymous soldier testimony about orders: 'We were told anyone who approaches the fence is a target. It didn't matter if they were armed or not, if they were kids or medics or press. The orders were clear: shoot to injure, aim for the legs. They wanted to send a message. We shot thousands of people who posed no threat to us. Some of my fellow soldiers celebrated their kill counts.'",Soldier testimonies collected 2018-2019,https://www.breakingthesilence.org.il/,,,
DET-1025,hist015,Great March of Return,timeline,1,2018-01-01 00:00:00,Planning and organization,,Independent Palestinian activists including journalist Ahmed Abu Artema organize protests demanding right of return and end to blockade. Protests planned for March 30 (Land Day) through May 15 (Nakba Day). Five designated sites chosen along separation fence.,UN Commission Background,https://www.un.org/unispal/document/commission-of-inquiry-on-2018-protests-in-opt-final-report-a-hrc-40-74-advance-unedited/,,,
DET-1026,hist015,Great March of Return,timeline,2,2018-03-30 00:00:00,First protest - Palestinian Land Day,,"Approximately 30,000 Palestinians gather at five sites for opening of Great March of Return. Israeli forces kill 18 Palestinians, shoot over 700 with live ammunition on first day. UN High Commissioner for Human Rights expresses 'profound concern' about use of live ammunition.",UN Commission Report para. 35-40; B'Tselem Documentation,https://www.un.org/unispal/document/commission-of-inquiry-on-2018-protests-in-opt-final-report-a-hrc-40-74-advance-unedited/; https://www.btselem.org/gaza_strip/20190330_gaza_march_of_return,,,
DET-1027,hist015,Great March of Return,timeline,3,2018-04-01 00:00:00,Weekly protests continue; journalists killed,,Protests held every Friday. April 6: Journalist Yaser Murtaja shot and killed while wearing PRESS vest filming protests. April 13: Journalist Ahmad Abu Hussein shot (died April 25). Both clearly marked as press. Over 40 killed in April. Israeli Defense Minister Avigdor Lieberman: 'There are no innocents in Gaza.',Committee to Protect Journalists Investigation; UN Commission para. 88-92,https://cpj.org/; https://www.un.org/unispal/document/commission-of-inquiry-on-2018-protests-in-opt-final-report-a-hrc-40-74-advance-unedited/,,,
DET-1028,hist015,Great March of Return,timeline,4,2018-05-18 00:00:00,UN Human Rights Council establishes Commission,,"Following international outcry over May 14 massacre, UN Human Rights Council passes resolution S-28/1 establishing independent Commission of Inquiry to investigate violations. Israel immediately rejects and refuses cooperation. US votes against resolution.",UN HRC Resolution S-28/1,https://www.ohchr.org/en/hr-bodies/hrc/co-i-gaza-protests/index,,,
DET-1029,hist015,Great March of Return,timeline,5,2018-05-14 00:00:00,Deadliest day - 60 killed as US opens Jerusalem embassy,,"Day US Embassy officially opened in Jerusalem, over 40,000 protesters gather at fence. Israeli snipers kill 60 Palestinians, shoot over 1,100 with live fire—bloodiest day of protests. 8 of those killed were children. UN Secretary General calls for independent investigation. Israeli PM Netanyahu praises soldiers: 'Every country has the right to defend its borders.'",UN Commission Special Section on May 14; Al Jazeera Documentation,https://www.un.org/unispal/document/commission-of-inquiry-on-2018-protests-in-opt-final-report-a-hrc-40-74-advance-unedited/; https://www.aljazeera.com/,,,
DET-1030,hist015,Great March of Return,timeline,6,2018-06-01 00:00:00,Razan al-Najjar killed,,"Razan al-Najjar, 21-year-old female paramedic, shot and killed by Israeli sniper while treating wounded near Khan Yunis. Wearing clearly marked white medical vest with red crescent. Video shows her with hands raised before being shot. Israeli military initially claims she was human shield, later investigation shows no evidence supporting claim.",UN Commission Investigation para. 83-87; Physicians for Human Rights Report,https://www.un.org/unispal/document/commission-of-inquiry-on-2018-protests-in-opt-final-report-a-hrc-40-74-advance-unedited/; https://www.phr.org.il/en/,,,
DET-1031,hist015,Great March of Return,timeline,7,June-August 2018,Commission begins field investigation,,"UN Commission visits Gaza and region (not Israel—access denied). Conducts hundreds of interviews with victims, witnesses, medical personnel. Reviews video evidence, medical records, ballistics reports. Documents every killing on official protest days.",UN Commission Methodology Section,https://www.un.org/unispal/document/commission-of-inquiry-on-2018-protests-in-opt-final-report-a-hrc-40-74-advance-unedited/,,,
DET-1032,hist015,Great March of Return,timeline,8,2018-07-01 00:00:00,Third medic killed; amputations mount,,"July 20: Abdullah al-Qutati (20), paramedic, killed. Third medical worker shot dead. WHO reports 'unprecedented' number of limb injuries requiring amputation—bullets causing extreme bone and tissue damage. Over 100 amputations performed; many more needed.",WHO Special Report,https://www.who.int/,,,
DET-1033,hist015,Great March of Return,timeline,9,2018-09-01 00:00:00,Protests continue despite casualties,,"Weekly protests ongoing. By September, over 180 Palestinians killed, 5,500+ shot with live fire. International attention wanes. Israeli military maintains rules of engagement unchanged. Zero Israeli casualties reported throughout entire protest period.",B'Tselem Statistics,https://www.btselem.org/gaza_strip/20190330_gaza_march_of_return,,,
DET-1034,hist015,Great March of Return,timeline,10,2019-02-28 00:00:00,UN Commission releases report,,"Commission releases comprehensive 289-page report. Key finding: 'Reasonable grounds to believe' that in 187 of 189 cases investigated, use of live ammunition was unlawful. Victims posed no imminent threat. Violations may constitute war crimes or crimes against humanity. Recommends criminal investigations and ICC referral.",UN Commission Report A/HRC/40/74,https://www.un.org/unispal/document/commission-of-inquiry-on-2018-protests-in-opt-final-report-a-hrc-40-74-advance-unedited/,,,
DET-1035,hist015,Great March of Return,timeline,11,2019-03-22 00:00:00,UN Human Rights Council endorses report,,"Human Rights Council endorses Commission report by vote of 23-8-16. Calls on Israel to comply with recommendations. Israel rejects all findings. US, Australia, Austria vote against. Many European countries abstain.",UN HRC Resolution,https://www.ohchr.org/en/hr-bodies/hrc/co-i-gaza-protests/index,,,
DET-1036,hist015,Great March of Return,timeline,12,2019-12-27 00:00:00,Hamas announces end to protests,,"After 21 months of weekly demonstrations, Hamas announces suspension of Great March of Return. Total toll: 223 Palestinians killed, 28,939 injured. Zero Israeli casualties. Protests ended with none of their stated objectives achieved: no easing of blockade, no progress on right of return.",B'Tselem Final Statistics,https://www.btselem.org/gaza_strip/20190330_gaza_march_of_return,,,
DET-1037,hist015,Great March of Return,timeline,13,2020-Present,Accountability efforts continue,,Israeli military closes vast majority of investigations without indictment. Only minor charges filed in handful of cases. ICC investigation (opened 2021) includes Great March of Return. Palestinian lawyers submit evidence to ICC. Victims continue seeking justice through international mechanisms.,Adalah - Legal Center for Arab Minority Rights,https://www.adalah.org/,,,
DET-1038,hist015,Great March of Return,war_crime,1,,Unlawful Killings - 187 of 189 Cases,,"UN Commission investigated every killing at designated protest sites on official protest days (Mar 30-Dec 31, 2018). Found 'reasonable grounds to believe' 187 of 189 killings were unlawful under international law. Victims 'neither participating directly in hostilities nor posing imminent threat to life' when shot. Intentional lethal force against civilians not posing imminent threat constitutes willful killing—war crime under Geneva Conventions.","📄 UN Commission Report, Executive Summary ↑",https://www.un.org/unispal/document/commission-of-inquiry-on-2018-protests-in-opt-final-report-a-hrc-40-74-advance-unedited/,,,
DET-1039,hist015,Great March of Return,war_crime,2,,Targeting of Medical Personnel,,"Three paramedics killed (Razan al-Najjar, Musa Abu Hassanein, Abdullah al-Qutati), 441 wounded despite clear identification with white medical vests marked with red crescent/cross. All were providing medical care and posed no threat. Intentional attacks on medical personnel are grave breaches of Geneva Conventions. UN: 'no justification' for these killings.",📄 UN Commission para. 83-87 ↑,https://www.un.org/unispal/document/commission-of-inquiry-on-2018-protests-in-opt-final-report-a-hrc-40-74-advance-unedited/,,,
DET-1040,hist015,Great March of Return,war_crime,3,,Killing and Wounding of Journalists,,"Two journalists killed (Yaser Murtaja, Ahmad Abu Hussein), 144 injured. Both killed journalists clearly wearing PRESS identification. Committee to Protect Journalists: 'Deliberately targeting journalists is a war crime.' Targeting clearly identified journalists violates IHL protections for civilians not taking part in hostilities.",📄 CPJ Investigation ↑,https://cpj.org/,,,
DET-1041,hist015,Great March of Return,war_crime,4,,Killing of 41 Children,,"41 children (ages 8 months to 17 years) killed. UN Commission found in vast majority of cases, children posed no imminent threat when shot. Leila al-Ghandour (8 months) died from tear gas exposure. Others shot with live ammunition. Willful killing of protected persons (children) is grave breach of Fourth Geneva Convention.",📄 UN Commission para. 77-82 ↑,https://www.un.org/unispal/document/commission-of-inquiry-on-2018-protests-in-opt-final-report-a-hrc-40-74-advance-unedited/,,,
DET-1042,hist015,Great March of Return,war_crime,5,,Deliberate Targeting of Lower Limbs,,"Pattern of intentional shooting at lower limbs documented—6,106 shot with live fire, majority in legs. WHO documented 'unprecedented' limb injuries requiring 122+ amputations (20 children). Physicians for Human Rights: bullets 'designed to cause maximum tissue and bone damage.' Intentionally causing severe injury amounting to torture or cruel treatment—potential war crime.",📄 WHO Report on Limb Injuries ↑,https://www.who.int/,,,
DET-1043,hist015,Great March of Return,war_crime,6,,Excessive and Indiscriminate Use of Force,,"May 14, 2018: 60 killed, 1,100+ shot in single day. No Israeli casualties throughout entire 21-month period demonstrates force was not in response to imminent threat. UN: Use of lethal force was 'disproportionate' and 'not strictly necessary.' Indiscriminate firing into crowds of civilians violates fundamental IHL principles.",📄 UN Commission Special Section on May 14 ↑,https://www.un.org/unispal/document/commission-of-inquiry-on-2018-protests-in-opt-final-report-a-hrc-40-74-advance-unedited/,,,
DET-1044,hist015,Great March of Return,war_crime,7,,Unlawful Rules of Engagement,,"Israeli military rules of engagement authorized snipers to use live ammunition against protesters not posing imminent threat. Rules permitted shooting persons approaching fence, damaging it, or setting tires alight—none constitute imminent threat to life. Rules of engagement that authorize unlawful killings may constitute superior orders to commit war crimes.",📄 UN Commission Legal Analysis ↑,https://www.un.org/unispal/document/commission-of-inquiry-on-2018-protests-in-opt-final-report-a-hrc-40-74-advance-unedited/,,,
DET-1045,hist015,Great March of Return,war_crime,8,,Possible Crimes Against Humanity,,"UN Commission: Given pattern, scale, and systematic nature of violations—223 killed, 28,939 injured over 21 months—violations may constitute crimes against humanity. Elements include: widespread or systematic attack against civilian population, knowledge of attack, and underlying acts (murder, torture). Commission recommended ICC investigation.",📄 UN Commission Conclusions ↑,https://www.un.org/unispal/document/commission-of-inquiry-on-2018-protests-in-opt-final-report-a-hrc-40-74-advance-unedited/,,,
DET-1046,hist016,Operation Guardian of the Walls,casualty,1,,Palestinians Killed,260,"UN/HRW: 129 civilians; Gaza Health Ministry: 248 (66 children, 39 women); Israel claims 200 militants killed",Human Rights Watch Report; UN OCHA Statistics,https://www.hrw.org/news/2021/07/27/gaza-apparent-war-crimes-during-may-fighting; https://www.ochaopt.org/,,,
DET-1047,hist016,Operation Guardian of the Walls,casualty,2,,Child Fatalities,66 children,Including 18 children killed in al-Wahda Street collapse; 8 children in Shati camp bombing,Gaza Health Ministry via UN OCHA,https://www.ochaopt.org/,,,
DET-1048,hist016,Operation Guardian of the Walls,casualty,3,,Al-Wahda Street Massacre - May 16,44 civilians,Deadliest single incident: 3 residential buildings collapsed after 4-minute assault; 18 children among dead,Human Rights Watch Investigation,https://www.hrw.org/news/2021/07/27/gaza-apparent-war-crimes-during-may-fighting,,,
DET-1049,hist016,Operation Guardian of the Walls,casualty,4,,Al-Masri Family - May 10,8 (6 children),"First major incident: Family packing barley when struck. Israel claimed misfired Palestinian rocket; HRW found guided missile, no military target",HRW Detailed Investigation,https://www.hrw.org/news/2021/07/27/gaza-apparent-war-crimes-during-may-fighting,,,
DET-1050,hist016,Operation Guardian of the Walls,casualty,5,,Shati Refugee Camp - May 15,10 (8 children),"Building destroyed killing 8 children, 2 women. Israel: Hamas officials hiding there. HRW: No evidence of military target",Human Rights Watch Report,https://www.hrw.org/news/2021/07/27/gaza-apparent-war-crimes-during-may-fighting,,,
DET-1051,hist016,Operation Guardian of the Walls,casualty,6,,Palestinians Wounded,1948,Gaza Health Ministry figures; many with severe injuries requiring long-term care,Gaza Health Ministry via Meir Amit Center,https://www.terrorism-info.org.il/en/escalation-from-the-gaza-strip-operation-guardian-of-the-walls-summary/,,,
DET-1052,hist016,Operation Guardian of the Walls,casualty,7,,Israelis Killed,13,"12 civilians (including child, 2 Thai workers, 2 Israeli Arabs); 1 soldier killed by anti-tank missile",Israeli Official Sources,https://www.idf.il/en/mini-sites/wars-and-operations/operation-guardian-of-the-walls/operation-guardian-of-the-walls-1/,,,
DET-1053,hist016,Operation Guardian of the Walls,casualty,8,,Israelis Wounded,Several hundred,"Hundreds injured by rockets, shrapnel, running to shelters; many anxiety attacks",Meir Amit Intelligence Center,https://www.terrorism-info.org.il/en/escalation-from-the-gaza-strip-operation-guardian-of-the-walls-summary/,,,
DET-1054,hist016,Operation Guardian of the Walls,casualty,9,,Israeli Airstrikes,"1,500+","IDF struck over 1,500 targets including residential buildings, alleged tunnels, government facilities",IDF Official Statements,https://www.idf.il/en/mini-sites/wars-and-operations/operation-guardian-of-the-walls/operation-guardian-of-the-walls-1/,,,
DET-1055,hist016,Operation Guardian of the Walls,casualty,10,,Rockets/Mortars Fired from Gaza,4360,"3,573 fell inside Israel; ~680 misfired and fell in Gaza; Iron Dome intercepted ~90% headed to populated areas",Meir Amit Intelligence Center Summary,https://www.terrorism-info.org.il/en/escalation-from-the-gaza-strip-operation-guardian-of-the-walls-summary/,,,
DET-1056,hist016,Operation Guardian of the Walls,casualty,11,,Misfired Palestinian Rockets,~680 rockets,"Approximately 680 rockets fell short, landing in Gaza and causing Palestinian casualties",IDF Assessment,https://www.idf.il/en/mini-sites/wars-and-operations/operation-guardian-of-the-walls/operation-guardian-of-the-walls-1/,,,
DET-1057,hist016,Operation Guardian of the Walls,commander,1,1949-present,Benjamin Netanyahu,Prime Minister of Israel (2009-2021),"Authorized Operation Guardian of the Walls amid Sheikh Jarrah eviction crisis. Defended operation as necessary response to Hamas rockets. Lost power in June 2021 following operation, replaced by Bennett-Lapid government.",,,,,
DET-1058,hist016,Operation Guardian of the Walls,commander,2,1959-present,Benny Gantz,Defense Minister (2020-2022),Oversaw military operations during Guardian of the Walls. Former IDF Chief of Staff during 2014 Protective Edge. Defended strikes as targeting Hamas infrastructure. Rejected war crimes allegations.,,,,,
DET-1059,hist016,Operation Guardian of the Walls,commander,3,1964-present,Aviv Kochavi,IDF Chief of General Staff (2019-2023),"Top military commander during operation. Made operational decisions including targeting. Later stated IDF struck over 1,500 targets including 'metro' tunnel system. Maintained forces acted according to international law.",,,,,
DET-1060,hist016,Operation Guardian of the Walls,commander,4,1962-2024 (killed Oct 2024),Yahya Sinwar,Hamas Leader in Gaza (2017-2024),Hamas Gaza leader. Made decision to fire rockets at Jerusalem after Al-Aqsa raids. Coordinated with PIJ on sustained rocket campaign. Presented operation as defense of Jerusalem and Al-Aqsa.,,,,,
DET-1061,hist016,Operation Guardian of the Walls,commander,5,1962-2024 (assassinated July 2024),Ismail Haniyeh,Hamas Political Bureau Head (2017-2024),Hamas overall political leader. Supported rocket operations. Engaged in Egyptian ceasefire mediation. Defended attacks as resistance to occupation and defense of Jerusalem.,,,,,
DET-1062,hist016,Operation Guardian of the Walls,commander,6,1965-present,Mohammad Deif,"Commander, Izz ad-Din al-Qassam Brigades",Commander of Hamas military wing. Directed rocket operations and tunnel defenses. Named operation 'Seif al-Quds' (Sword of Jerusalem) emphasizing Jerusalem context.,,,,,
DET-1063,hist016,Operation Guardian of the Walls,historical_impact,1,,Immediate Impact (May-June 2021),,"260 Palestinians killed (129 civilians, 66 children); 13 Israelis killed (12 civilians)",,,,,
DET-1064,hist016,Operation Guardian of the Walls,historical_impact,1,,Long-term Consequences (2021-Present),,Established pattern: Jerusalem tensions directly triggering Gaza escalations—repeated in 2023-2024,,,,,
DET-1065,hist016,Operation Guardian of the Walls,historical_impact,1,,Accountability Status,,✗ No Israeli officials or soldiers prosecuted for documented violations,,,,,
DET-1066,hist016,Operation Guardian of the Walls,historical_impact,2,,Immediate Impact (May-June 2021),,"Operation arose from Jerusalem tensions: Sheikh Jarrah evictions, Al-Aqsa raids during Ramadan",,,,,
DET-1067,hist016,Operation Guardian of the Walls,historical_impact,2,,Long-term Consequences (2021-Present),,Zero accountability for documented violations by either side as of 2025,,,,,
DET-1068,hist016,Operation Guardian of the Walls,historical_impact,2,,Accountability Status,,✗ No accountability for al-Wahda Street attack (44 civilians killed),,,,,
DET-1069,hist016,Operation Guardian of the Walls,historical_impact,3,,Immediate Impact (May-June 2021),,First major escalation where Hamas directly responded to Jerusalem events—shifted Hamas posture as defender of Al-Aqsa,,,,,
DET-1070,hist016,Operation Guardian of the Walls,historical_impact,3,,Long-term Consequences (2021-Present),,HRW April 2021 apartheid determination provided framework for understanding systematic nature of violations,,,,,
DET-1071,hist016,Operation Guardian of the Walls,historical_impact,3,,Accountability Status,,✗ No accountability for al-Masri family strike (6 children killed),,,,,
DET-1072,hist016,Operation Guardian of the Walls,historical_impact,4,,Immediate Impact (May-June 2021),,Human Rights Watch documented apparent war crimes by both sides in July 2021 report,,,,,
DET-1073,hist016,Operation Guardian of the Walls,historical_impact,4,,Long-term Consequences (2021-Present),,ICC investigation includes Guardian of the Walls but no charges filed as of 2025,,,,,
DET-1074,hist016,Operation Guardian of the Walls,historical_impact,4,,Accountability Status,,✗ No accountability for Shati camp bombing (8 children killed),,,,,
DET-1075,hist016,Operation Guardian of the Walls,historical_impact,5,,Immediate Impact (May-June 2021),,Sparked unprecedented intercommunal violence within Israel between Jewish and Arab citizens,,,,,
DET-1076,hist016,Operation Guardian of the Walls,historical_impact,5,,Long-term Consequences (2021-Present),,Operation demonstrated Iron Dome effectiveness (90% interception) but also vulnerability to saturation attacks,,,,,
DET-1077,hist016,Operation Guardian of the Walls,historical_impact,5,,Accountability Status,,✗ Israeli military investigations: standard pattern of closing cases without meaningful accountability,,,,,
DET-1078,hist016,Operation Guardian of the Walls,historical_impact,6,,Immediate Impact (May-June 2021),,Netanyahu government fell in June 2021 partly due to operation's political fallout,,,,,
DET-1079,hist016,Operation Guardian of the Walls,historical_impact,6,,Long-term Consequences (2021-Present),,Hamas gained political capital as defender of Jerusalem/Al-Aqsa among Palestinians,,,,,
DET-1080,hist016,Operation Guardian of the Walls,historical_impact,6,,Accountability Status,,✗ Palestinian armed groups: no known investigations or prosecutions for indiscriminate rocket attacks,,,,,
DET-1081,hist016,Operation Guardian of the Walls,historical_impact,7,,Immediate Impact (May-June 2021),,Reinforced Gaza's humanitarian catastrophe amid ongoing 14-year blockade,,,,,
DET-1082,hist016,Operation Guardian of the Walls,historical_impact,7,,Long-term Consequences (2021-Present),,"International community's failure to address root causes (occupation, blockade, apartheid) ensured future escalations",,,,,
DET-1083,hist016,Operation Guardian of the Walls,historical_impact,7,,Accountability Status,,✓ Human Rights Watch comprehensively documented violations by both sides,,,,,
DET-1084,hist016,Operation Guardian of the Walls,historical_impact,8,,Long-term Consequences (2021-Present),,Intercommunal violence within Israel exposed deeper fractures in Israeli society,,,,,
DET-1085,hist016,Operation Guardian of the Walls,historical_impact,8,,Accountability Status,,✓ HRW called for ICC investigation and targeted sanctions,,,,,
DET-1086,hist016,Operation Guardian of the Walls,historical_impact,9,,Accountability Status,,✓ ICC has jurisdiction; investigation ongoing but slow progress,,,,,
DET-1087,hist016,Operation Guardian of the Walls,historical_impact,10,,Accountability Status,,✓ HRW's apartheid determination (April 2021) provided crucial legal framework,,,,,
DET-1088,hist016,Operation Guardian of the Walls,historical_impact,11,,Accountability Status,,✓ International human rights community united in condemning violations by both sides,,,,,
DET-1089,hist016,Operation Guardian of the Walls,legal,1,,International Humanitarian Law Violations - Israeli Forces,,<strong>Distinction:</strong> Fundamental principle requires distinguishing military objectives from civilians. HRW found strikes killing 62 civilians with 'no evident military targets in vicinity'—violation of distinction.,,,,,
DET-1090,hist016,Operation Guardian of the Walls,legal,1,,Palestinian Armed Groups - War Crimes,,"<strong>Indiscriminate Attacks Prohibited:</strong> 4,360 unguided rockets and mortars fired at Israeli population centers. HRW: These 'violated the prohibition on attacks not directed at specific military objectives.'",,,,,
DET-1091,hist016,Operation Guardian of the Walls,legal,1,,Context: Apartheid and Persecution (April 2021 HRW Report),,"<strong>Crimes Against Humanity:</strong> One month before operation, HRW concluded in 213-page report that 'Israeli authorities are committing crimes against humanity of apartheid and persecution against millions of Palestinians.'",,,,,
DET-1092,hist016,Operation Guardian of the Walls,legal,1,,Accountability and Investigations,,<strong>Israeli Investigations:</strong> HRW: 'Israeli authorities' consistent unwillingness to seriously investigate alleged war crimes exacerbates violations and underscores need for ICC inquiry.',,,,,
DET-1093,hist016,Operation Guardian of the Walls,legal,2,,International Humanitarian Law Violations - Israeli Forces,,"<strong>Proportionality:</strong> Even if military objectives present, civilian harm must not be excessive relative to military advantage. Collapsing three residential buildings killing 44 (18 children) grossly disproportionate.",,,,,
DET-1094,hist016,Operation Guardian of the Walls,legal,2,,Palestinian Armed Groups - War Crimes,,"<strong>Targeting Civilians:</strong> Rockets deliberately fired at civilian areas including residential neighborhoods, cities. Each launch at civilian area constitutes war crime.",,,,,
DET-1095,hist016,Operation Guardian of the Walls,legal,2,,Context: Apartheid and Persecution (April 2021 HRW Report),,<strong>Systematic Discrimination:</strong> Based on 'overarching Israeli government policy to maintain domination by Jewish Israelis over Palestinians across Israel and OPT backed by systematic oppression.',,,,,
DET-1096,hist016,Operation Guardian of the Walls,legal,2,,Accountability and Investigations,,<strong>ICC Jurisdiction:</strong> International Criminal Court opened investigation into situation in Palestine (2021). Guardian of the Walls falls within temporal jurisdiction.,,,,,
DET-1097,hist016,Operation Guardian of the Walls,legal,3,,International Humanitarian Law Violations - Israeli Forces,,"<strong>Precautions in Attack:</strong> Parties must take feasible precautions to minimize civilian harm. Despite warnings in some cases, death toll indicates inadequate precautions.",,,,,
DET-1098,hist016,Operation Guardian of the Walls,legal,3,,Palestinian Armed Groups - War Crimes,,<strong>Weapons Incapable of Distinction:</strong> Unguided rockets by nature cannot distinguish between military and civilian objects when fired at populated areas—inherently indiscriminate.,,,,,
DET-1099,hist016,Operation Guardian of the Walls,legal,3,,Context: Apartheid and Persecution (April 2021 HRW Report),,"<strong>Inhumane Acts:</strong> Blockade of Gaza (14 years in 2021), restrictions on movement, land confiscation, home demolitions constitute inhumane acts integral to maintaining domination.",,,,,
DET-1100,hist016,Operation Guardian of the Walls,legal,3,,Accountability and Investigations,,<strong>Universal Jurisdiction:</strong> States with universal jurisdiction laws can prosecute perpetrators of grave breaches regardless of nationality or location of crimes.,,,,,
DET-1101,hist016,Operation Guardian of the Walls,legal,4,,International Humanitarian Law Violations - Israeli Forces,,"<strong>Prohibition of Indiscriminate Attacks:</strong> Attacks not directed at specific military objective prohibited. Strikes on al-Wahda Street, al-Masri family, Shati camp with no evident targets may constitute indiscriminate attacks.",,,,,
DET-1102,hist016,Operation Guardian of the Walls,legal,4,,Palestinian Armed Groups - War Crimes,,"<strong>Israeli Civilian Deaths:</strong> 12 Israeli civilians killed by rockets including child, demonstrating foreseeable and reckless disregard for civilian life.",,,,,
DET-1103,hist016,Operation Guardian of the Walls,legal,4,,Context: Apartheid and Persecution (April 2021 HRW Report),,<strong>Operation Context:</strong> Guardian of the Walls must be understood within this broader context of apartheid regime and systematic violations against Palestinian population.,,,,,
DET-1104,hist016,Operation Guardian of the Walls,legal,4,,Accountability and Investigations,,<strong>Duty to Investigate:</strong> Geneva Conventions require High Contracting Parties to search for and prosecute alleged perpetrators of grave breaches. Israel has failed this obligation.,,,,,
DET-1105,hist016,Operation Guardian of the Walls,quick_fact,1,,Event Type,Military Operation / Armed Conflict,,,,,,
DET-1106,hist016,Operation Guardian of the Walls,quick_fact,2,,Trigger Context,Sheikh Jarrah evictions; Al-Aqsa violence,,,,,,
DET-1107,hist016,Operation Guardian of the Walls,quick_fact,3,,Verification,HRW; B'Tselem; UN OCHA; Amnesty International,,,,,,
DET-1108,hist016,Operation Guardian of the Walls,quick_fact,4,,HRW Finding,Apparent war crimes by both sides,,,,,,
DET-1109,hist016,Operation Guardian of the Walls,testimony,1,,Gerry Simpson,"Associate Conflict and Crisis Director, Human Rights Watch","In presenting HRW report July 2021: 'In each of three cases we investigated in-depth, Israeli forces carried out attacks that killed 62 Palestinian civilians and we found no evident military targets in the vicinity...All of these incidents should be investigated as apparent war crimes. The IDF's consistent failure to seriously investigate alleged war crimes underscores the need for an ICC investigation.'","HRW Press Release, July 27, 2021",https://www.hrw.org/news/2021/07/27/gaza-apparent-war-crimes-during-may-fighting,,,
DET-1110,hist016,Operation Guardian of the Walls,testimony,2,,Omar Abu el-Ouf,Survivor of al-Wahda Street bombing,"Testified to HRW: 'I felt the floor disappear beneath us as the missile struck. The building pancaked—three floors became one. My brother Izzideen was killed. His wife and four children. My cousin Wael and his wife and three children. The building next to us also collapsed. We heard people screaming for help in the rubble for hours. Forty-four people from our street died. There were no fighters here, no military target.'","HRW Investigation testimony, 2021",https://www.hrw.org/news/2021/07/27/gaza-apparent-war-crimes-during-may-fighting,,,
DET-1111,hist016,Operation Guardian of the Walls,testimony,3,,Youssef al-Masri,Father who lost 6 children,"Describing May 10 strike that killed his children: 'My children were packing barley for the animals. I saw it with my own eyes—the missile came from the east [from Israel]. My children were scattered everywhere, ripped to pieces. Israel says it was a Palestinian rocket but I know what I saw. They were just children working, not fighters.' Lost Rahaf (10), Yazan (13), Marwan (12), Ibrahim (7), and two others.","HRW interview, June 2021",https://www.hrw.org/news/2021/07/27/gaza-apparent-war-crimes-during-may-fighting,,,
DET-1112,hist016,Operation Guardian of the Walls,testimony,4,,António Guterres,UN Secretary-General,"Statement during conflict: 'Fighting must stop. It must stop immediately. Rockets and mortars on one side and aerial and artillery bombardments on the other must stop...I appeal to all parties to observe maximum restraint, to protect civilians, and to allow mediation efforts to intensify and succeed.' Also condemned Sheikh Jarrah evictions as violations of international law.","UN Press Statement, May 12, 2021",https://www.un.org/sg/en/content/sg/statement/2021-05-12/secretary-generals-remarks-the-general-assembly-the-situation-the-middle-east-delivered,,,
DET-1113,hist016,Operation Guardian of the Walls,testimony,5,,Amnesty International,Human rights organization,In statement during conflict: 'All sides in this conflict have an absolute obligation to comply with international humanitarian law. They must take all feasible precautions to protect civilians. Israeli forces have repeatedly violated these obligations...Palestinian armed groups have also shown a blatant disregard for international humanitarian law by firing rockets indiscriminately into civilian areas in Israel.',"Amnesty Statement, May 2021",https://www.amnesty.org/,,,
DET-1114,hist016,Operation Guardian of the Walls,testimony,6,,Iyad al-Mughrabi,Resident near Shati refugee camp strike,"Witness to May 15 bombing killing 8 children: 'It was around 1:30 in the morning. The explosion was massive—the whole building came down. We ran to help. We found children buried in the rubble. Eight children died, all from the Abu Hatab family. Israel says Hamas was there but we never saw any fighters. Just families living there.'","HRW witness interview, 2021",https://www.hrw.org/news/2021/07/27/gaza-apparent-war-crimes-during-may-fighting,,,
DET-1115,hist016,Operation Guardian of the Walls,testimony,7,,Human Rights Watch (institutional),International rights organization,"April 2021 report conclusion: 'Those who strive for Israeli-Palestinian peace, whether a one or two-state solution or a confederation, should in the meantime recognize this reality for what it is and bring to bear the sorts of human rights tools that can end it. This includes calling on states to condition arms sales and security assistance to Israel on it taking concrete and verifiable steps toward ending their commission of these crimes.'",HRW Report: 'A Threshold Crossed',https://www.hrw.org/report/2021/04/27/threshold-crossed/israeli-authorities-and-crimes-apartheid-and-persecution,,,
DET-1116,hist016,Operation Guardian of the Walls,testimony,8,,Breaking the Silence (Israeli soldiers),IDF veterans' organization,"Anonymous testimony from Gaza operations: 'The rules of engagement were very loose. If intelligence said there was something there, we hit it. We didn't always know what we were hitting. Sometimes entire buildings would come down and we'd find out later families were inside. The attitude was: Hamas is responsible for being there, not us.'",Testimonies collected 2021,https://www.breakingthesilence.org.il/,,,
DET-1117,hist016,Operation Guardian of the Walls,timeline,1,2021-04-01 00:00:00,Ramadan tensions escalate,,Israeli police erect barriers at Damascus Gate preventing traditional Ramadan gatherings. Violence erupts as police attack Palestinian worshippers. Far-right Israeli groups march through Jerusalem chanting 'Death to Arabs.' Sheikh Jarrah eviction proceedings advance in Israeli courts.,Human Rights Watch Background,https://www.hrw.org/news/2021/07/27/gaza-apparent-war-crimes-during-may-fighting,,,
DET-1118,hist016,Operation Guardian of the Walls,timeline,2,2021-05-07 00:00:00,Israeli police storm Al-Aqsa,,"Israeli police raid Al-Aqsa Mosque during evening prayers, firing rubber bullets, stun grenades, and tear gas inside mosque. Hundreds of Palestinians injured. Images of violence during Ramadan spark international condemnation and rage across Palestinian territories.",Al Jazeera Documentation,https://www.aljazeera.com/,,,
DET-1119,hist016,Operation Guardian of the Walls,timeline,3,"10 May 2021, morning",Second Al-Aqsa raid - Lailat al-Qadr,,"On holiest night of Ramadan, Israeli police again storm Al-Aqsa Mosque. Over 300 Palestinians injured. Hamas issues ultimatum: withdraw from Al-Aqsa and Sheikh Jarrah by 6 PM or face consequences.",UN Documentation,https://www.ochaopt.org/,,,
DET-1120,hist016,Operation Guardian of the Walls,timeline,4,2021-05-10 18:05:00,Hamas fires rockets; operation begins,,"After Israel ignores ultimatum, Hamas and PIJ fire rockets toward Jerusalem. Israel launches Operation Guardian of the Walls with massive airstrikes across Gaza. Over 130 targets struck in opening hours.",IDF Official Statement,https://www.idf.il/en/mini-sites/wars-and-operations/operation-guardian-of-the-walls/operation-guardian-of-the-walls-1/,,,
DET-1121,hist016,Operation Guardian of the Walls,timeline,5,"10 May 2021, ~6 PM",Al-Masri family strike,,"Missile strikes near four houses of extended al-Masri family in Beit Hanoun. Eight killed including six children who were packing barley for animal feed. Israel claims misfired Palestinian rocket; HRW investigation finds evidence of guided missile, no military target—apparent war crime.",HRW Detailed Investigation,https://www.hrw.org/news/2021/07/27/gaza-apparent-war-crimes-during-may-fighting,,,
DET-1122,hist016,Operation Guardian of the Walls,timeline,6,2021-05-11 00:00:00,Escalation intensifies,,"Hamas and PIJ launch hundreds of rockets at Ashdod and Ashkelon, killing 2 Israelis, wounding 90+. A third Israeli woman killed in Rishon LeZion. Israeli airstrikes intensify across Gaza. Both sides commit to sustained operations.",Meir Amit Intelligence Summary,https://www.terrorism-info.org.il/en/escalation-from-the-gaza-strip-operation-guardian-of-the-walls-summary/,,,
DET-1123,hist016,Operation Guardian of the Walls,timeline,7,2021-05-12 00:00:00,High-profile targeted killings,,"Israel kills Bassem Issa (Gaza Brigade commander), Jomaa Talha, and multiple senior Hamas officials and engineers. Hamas responds with increased rocket barrages. Intercommunal violence erupts in mixed Israeli cities including Lod, Acre, Haifa.",Reports via Al Jazeera,https://www.aljazeera.com/,,,
DET-1124,hist016,Operation Guardian of the Walls,timeline,8,2021-05-15 00:00:00,Shati refugee camp bombing,,"Israeli airstrike destroys three-story building in Shati camp, killing 10 people: 8 children and 2 women. Israel claims senior Hamas officials hiding in building. HRW investigation finds no evidence of military target at or near site—apparent war crime.",Human Rights Watch Report,https://www.hrw.org/news/2021/07/27/gaza-apparent-war-crimes-during-may-fighting,,,
DET-1125,hist016,Operation Guardian of the Walls,timeline,9,2021-05-16 01:00:00,Al-Wahda Street massacre,,Deadliest incident: Israeli military launches four-minute assault on central Gaza City's al-Wahda Street. Three multi-story residential buildings collapse after missiles struck road/sidewalk adjacent to buildings. Forty-four civilians killed including 18 children. HRW: no evident military targets—apparent war crime.,HRW Investigation; Democracy Now Coverage,https://www.hrw.org/news/2021/07/27/gaza-apparent-war-crimes-during-may-fighting; https://www.democracynow.org/2021/7/30/investigation_israel_war_crimes_palestine,,,
DET-1126,hist016,Operation Guardian of the Walls,timeline,10,14-15 May 2021,IDF 'ground invasion' false alarm,,"IDF announces troops 'on ground and in air' attacking Gaza, misleading international media into reporting ground invasion. IDF later retracts, apologizes for 'internal miscommunication.' Later revealed as deliberate deception to lure Hamas fighters into tunnels for airstrikes.",Media Reports,https://www.aljazeera.com/,,,
DET-1127,hist016,Operation Guardian of the Walls,timeline,11,17-20 May 2021,Continued bombardment; diplomacy intensifies,,"Heavy exchanges continue. US initially blocks UN Security Council ceasefire statement, later shifts under domestic pressure. Egypt leads mediation efforts. Secretary of State Blinken speaks with Netanyahu multiple times.",UN Documentation,https://www.un.org/unispal/,,,
DET-1128,hist016,Operation Guardian of the Walls,timeline,12,2021-05-21 02:00:00,Ceasefire takes effect,,"After 11 days, Egyptian-mediated unconditional ceasefire begins. Both sides fire until minutes before deadline. Total toll: 260 Palestinians (129 civilians), 13 Israelis. 4,360+ rockets fired from Gaza; 1,500+ Israeli airstrikes. Neither side achieves strategic objectives.",Meir Amit Summary,https://www.terrorism-info.org.il/en/escalation-from-the-gaza-strip-operation-guardian-of-the-walls-summary/,,,
DET-1129,hist016,Operation Guardian of the Walls,timeline,13,2021-07-27 00:00:00,Human Rights Watch releases report,,HRW publishes comprehensive investigation finding apparent war crimes by both sides. Investigated three Israeli strikes killing 62 civilians where 'there were no evident military targets in the vicinity.' Also documents Palestinian rocket attacks as war crimes. Calls for ICC investigation.,HRW Report,https://www.hrw.org/news/2021/07/27/gaza-apparent-war-crimes-during-may-fighting,,,
DET-1130,hist016,Operation Guardian of the Walls,war_crime,1,,Al-Wahda Street Attack - 44 Civilians Killed,,"May 16, 1 AM: Four-minute assault collapsed three residential buildings in central Gaza City, killing 44 civilians including 18 children. HRW determined buildings collapsed after missiles struck road/sidewalk adjacent to buildings. No evident military targets. HRW: 'Apparent war crime.' Survivor Omar Abu el-Ouf described floor disappearing beneath family as missiles struck.",📄 Human Rights Watch Investigation ↗,https://www.hrw.org/news/2021/07/27/gaza-apparent-war-crimes-during-may-fighting,,,
DET-1131,hist016,Operation Guardian of the Walls,war_crime,2,,Al-Masri Family Strike - 6 Children Killed,,"May 10, 6 PM: Missile killed 8 members of al-Masri family (6 children) who were packing barley in Beit Hanoun. Israel claimed misfired Palestinian rocket from west. HRW analysis of munition remnants, witness accounts found 'evidence indicated weapon was guided missile.' No military target at or near site. Father Youssef al-Masri: 'I saw it with my own eyes...children scattered, ripped to pieces.'",📄 HRW Detailed Findings ↗,https://www.hrw.org/news/2021/07/27/gaza-apparent-war-crimes-during-may-fighting,,,
DET-1132,hist016,Operation Guardian of the Walls,war_crime,3,,Shati Refugee Camp Bombing - 8 Children Killed,,"May 15: Israeli airstrike destroyed three-story building in Shati camp killing 10 (8 children, 2 women). Israel claimed senior Hamas officials hiding in building. HRW investigation: building hit by US-made guided missile, 'found no evidence of military target at or near site.' Called for investigation into whether legitimate military target existed.",📄 HRW Report ↗,https://www.hrw.org/news/2021/07/27/gaza-apparent-war-crimes-during-may-fighting,,,
DET-1133,hist016,Operation Guardian of the Walls,war_crime,4,,Indiscriminate Rocket Attacks (Palestinian War Crime),,"Hamas and PIJ fired 4,360 unguided rockets and mortars at Israeli population centers over 11 days, killing 12 Israeli civilians. HRW: Rockets indiscriminate, violate prohibition on attacks not directed at specific military objectives. Each rocket launch at civilian areas constitutes war crime. 'Palestinian armed groups committed unlawful attacks.'",📄 HRW Finding ↗,https://www.hrw.org/news/2021/07/27/gaza-apparent-war-crimes-during-may-fighting,,,
DET-1134,hist016,Operation Guardian of the Walls,war_crime,5,,Destruction of High-Rise Buildings,,"Israel destroyed multiple high-rise towers in Gaza containing homes, businesses, media offices. Al-Jalaa tower (housing AP and Al Jazeera) destroyed May 15. Israel provided warnings but HRW investigating whether military objectives sufficient to justify destruction. Systematic targeting of infrastructure.",📄 HRW UPR Submission ↗,https://www.hrw.org/news/2022/10/11/submission-universal-periodic-review-israel,,,
DET-1135,hist016,Operation Guardian of the Walls,war_crime,6,,Pattern of Attacks Without Evident Military Targets,,"HRW investigated three strikes killing 62 civilians total. In all three cases: 'no evident military targets in the vicinity.' Pattern suggests systemic failure in target selection, inadequate precautions, or deliberate attacks on civilians. HRW: 'Israeli authorities' consistent unwillingness to seriously investigate alleged war crimes' compounds violations.",📄 HRW Conclusions ↗,https://www.hrw.org/news/2021/07/27/gaza-apparent-war-crimes-during-may-fighting,,,
DET-1136,hist017,West Bank Raids 2022–2023,casualty,1,,Palestinians Killed in 2022,220,"Including 48 children, 7 women/girls. 167 in West Bank/East Jerusalem, 53 in Gaza. Deadliest year since 2006",Middle East Eye Comprehensive Analysis,https://www.middleeasteye.net/news/palestine-west-bank-deadliest-year-second-intifada,,,
DET-1137,hist017,West Bank Raids 2022–2023,casualty,2,,Palestinians Killed in 2023,507,Including 127 children (Gaza war period Oct-Dec accounts for significant increase). Deadliest year in recorded history,Doctors Without Borders Statement,https://www.doctorswithoutborders.org/,,,
DET-1138,hist017,West Bank Raids 2022–2023,casualty,3,,Unarmed Bystanders/Protesters Killed (2022),At least 95,Shot during raids or demonstrations. Majority of 2022 casualties likely unarmed at time of death,Middle East Eye Analysis,https://www.middleeasteye.net/news/palestine-west-bank-deadliest-year-second-intifada,,,
DET-1139,hist017,West Bank Raids 2022–2023,casualty,4,,Child Fatalities (2022-2023),78+ children,"48 in 2022, 30+ in 2023 pre-Gaza war. Includes Jana Zakarneh (15), Mahmoud Samoudi (12), Fulla al-Masalma (15)",MEE & UN Documentation,https://www.middleeasteye.net/news/palestine-west-bank-deadliest-year-second-intifada,,,
DET-1140,hist017,West Bank Raids 2022–2023,casualty,5,,Journalist Killed: Shireen Abu Akleh,1,"Al Jazeera correspondent shot May 11, 2022 in Jenin. UN Commission: killed intentionally or recklessly by Israeli forces",UN Commission Report,https://www.ohchr.org/en/press-releases/2023/10/civilians-are-primary-victims-increased-violence-israel-and-occupied,,,
DET-1141,hist017,West Bank Raids 2022–2023,casualty,6,,Palestinians Injured in 2022,"9,000+","Over 9,000 injured by Israeli forces in West Bank during 2022 according to UN",Al Jazeera citing UN,https://www.aljazeera.com/news/2023/1/26/why-israeli-raids-killed-many-palestinians-this-year-explainer,,,
DET-1142,hist017,West Bank Raids 2022–2023,casualty,7,,January 2023 Jenin Raid,10 killed,"Jan 26: 10 Palestinians killed including elderly woman shot in neck, 16-year-old crushed by military vehicle",Detailed Documentation,https://en.wikipedia.org/wiki/January_2023_Jenin_incursion,,,
DET-1143,hist017,West Bank Raids 2022–2023,casualty,8,,February 2023 Nablus Raid,11 killed,"Feb 22: 11 killed, 102 injured (82 by live fire). Video shows two men shot in back while fleeing",Al Jazeera Investigation,https://www.aljazeera.com/news/2023/2/22/israeli-forces-kill-palestinians-in-nablus-raid,,,
DET-1144,hist017,West Bank Raids 2022–2023,casualty,9,,July 2023 Jenin Incursion,12 killed,"Jul 3-4: Largest West Bank operation in 20 years. Drones, helicopters, 500+ troops. 12 killed, 100 injured, 500 families fled",Comprehensive Report,https://en.wikipedia.org/wiki/July_2023_Jenin_incursion,,,
DET-1145,hist017,West Bank Raids 2022–2023,casualty,10,,Israelis Killed (Spring 2022),19,"19 Israelis killed in attacks March-May 2022 that triggered Operation Break the Wave. 4 soldiers, 8 settlers targeted in West Bank",MEE Documentation,https://www.middleeasteye.net/news/palestine-west-bank-deadliest-year-second-intifada,,,
DET-1146,hist017,West Bank Raids 2022–2023,casualty,11,,Settler Attacks on Palestinians,800+,UN recorded 800+ settler attacks Oct 2023-May 2024. Often occur during/after IDF raids with military acquiescence,UN Documentation,https://en.wikipedia.org/wiki/Israeli_incursions_in_the_West_Bank_during_the_Gaza_war,,,
DET-1147,hist017,West Bank Raids 2022–2023,commander,1,1949-present,Benjamin Netanyahu,,Returned to power Dec 2022 with far-right coalition. Authorized Operation Break the Wave and subsequent escalations. Defended killings as counter-terrorism. Government rejected all international criticism and UN findings.,,,,,
DET-1148,hist017,West Bank Raids 2022–2023,commander,2,1958-present,Yoav Gallant,,Oversaw military operations in West Bank during 2022-2023. Authorized major Jenin operations including July 2023 incursion with aerial bombardment. Defended use of force as proportionate.,,,,,
DET-1149,hist017,West Bank Raids 2022–2023,commander,3,1976-present,Itamar Ben-Gvir,,Far-right minister overseeing police including Border Police conducting raids. Encouraged aggressive tactics. Distributed weapons to settlers. Previously convicted of incitement to racism and supporting terrorism.,,,,,
DET-1150,hist017,West Bank Raids 2022–2023,commander,4,1967-present,Herzi Halevi,,"Top military commander from January 2023. Oversaw major Jenin and Nablus operations. Made operational decisions including use of drones, helicopters in West Bank—unprecedented escalation in tactics.",,,,,
DET-1151,hist017,West Bank Raids 2022–2023,commander,5,1971-2022,Shireen Abu Akleh,,"Veteran Al Jazeera correspondent covering Israeli-Palestinian conflict for two decades. Killed May 11, 2022 by Israeli forces while wearing clearly marked press vest. Became symbol of targeting of journalists. UN found her killing violated her right to life.",,,,,
DET-1152,hist017,West Bank Raids 2022–2023,commander,6,1941-present,Navi Pillay,,"Former UN High Commissioner for Human Rights. Led UN Commission investigation into violations. October 2023 report documented systematic Israeli violations including unlawful killings, misapplication of legal framework.",,,,,
DET-1153,hist017,West Bank Raids 2022–2023,historical_impact,1,,Immediate Impact (2022-2023),,500+ Palestinians killed—deadliest period since Second Intifada (2000-2005),,,,,
DET-1154,hist017,West Bank Raids 2022–2023,historical_impact,1,,Long-term Consequences (2023-Present),,Complete impunity: Zero meaningful Israeli investigations despite UN findings of systematic violations,,,,,
DET-1155,hist017,West Bank Raids 2022–2023,historical_impact,1,,Accountability Status,,✗ No Israeli officials or soldiers prosecuted for any of 500+ killings,,,,,
DET-1156,hist017,West Bank Raids 2022–2023,historical_impact,2,,Immediate Impact (2022-2023),,2022: 220 killed (48 children); 2023: 507 killed (127 children)—deadliest year in recorded history,,,,,
DET-1157,hist017,West Bank Raids 2022–2023,historical_impact,2,,Long-term Consequences (2023-Present),,UN Commission documented systematic misapplication of legal framework enabling unlawful killings,,,,,
DET-1158,hist017,West Bank Raids 2022–2023,historical_impact,2,,Accountability Status,,✗ No accountability for Shireen Abu Akleh killing despite UN findings,,,,,
DET-1159,hist017,West Bank Raids 2022–2023,historical_impact,3,,Immediate Impact (2022-2023),,Shireen Abu Akleh killing (May 2022) sparked international outcry; UN found her killing unlawful,,,,,
DET-1160,hist017,West Bank Raids 2022–2023,historical_impact,3,,Long-term Consequences (2023-Present),,"Pattern established: Combat tactics (drones, helicopters, massive force) normalized in law enforcement context",,,,,
DET-1161,hist017,West Bank Raids 2022–2023,historical_impact,3,,Accountability Status,,✗ No accountability for 78+ children killed,,,,,
DET-1162,hist017,West Bank Raids 2022–2023,historical_impact,4,,Immediate Impact (2022-2023),,"Emergence of new armed resistance groups: Jenin Brigades, Lions' Den, Balata Brigades",,,,,
DET-1163,hist017,West Bank Raids 2022–2023,historical_impact,4,,Long-term Consequences (2023-Present),,"International law credibility damaged: UN findings ignored, no enforcement mechanisms engaged",,,,,
DET-1164,hist017,West Bank Raids 2022–2023,historical_impact,4,,Accountability Status,,✗ No accountability for hospital raid with perfidy (war crime),,,,,
DET-1165,hist017,West Bank Raids 2022–2023,historical_impact,5,,Immediate Impact (2022-2023),,"Operation Break the Wave: near-nightly raids on Jenin, Nablus became routine",,,,,
DET-1166,hist017,West Bank Raids 2022–2023,historical_impact,5,,Long-term Consequences (2023-Present),,Gaza war (Oct 2023-present) further escalated West Bank violence to unprecedented levels,,,,,
DET-1167,hist017,West Bank Raids 2022–2023,historical_impact,5,,Accountability Status,,"✗ No accountability for obstruction of medical care, attacks on ambulances",,,,,
DET-1168,hist017,West Bank Raids 2022–2023,historical_impact,6,,Immediate Impact (2022-2023),,First extensive use of aerial bombardment in West Bank since Second Intifada (July 2023),,,,,
DET-1169,hist017,West Bank Raids 2022–2023,historical_impact,6,,Long-term Consequences (2023-Present),,ICC investigation includes West Bank but no charges filed as of 2025,,,,,
DET-1170,hist017,West Bank Raids 2022–2023,historical_impact,6,,Accountability Status,,✗ Israeli military investigations: standard pattern of closing cases without charges,,,,,
DET-1171,hist017,West Bank Raids 2022–2023,historical_impact,7,,Immediate Impact (2022-2023),,"Over 9,000 Palestinians injured in 2022 alone; thousands more in 2023",,,,,
DET-1172,hist017,West Bank Raids 2022–2023,historical_impact,7,,Long-term Consequences (2023-Present),,Palestinian Authority increasingly delegitimized; security coordination suspended multiple times,,,,,
DET-1173,hist017,West Bank Raids 2022–2023,historical_impact,7,,Accountability Status,,✗ No accountability for settler violence despite 800+ attacks documented,,,,,
DET-1174,hist017,West Bank Raids 2022–2023,historical_impact,8,,Immediate Impact (2022-2023),,"800+ settler attacks documented Oct 2023-May 2024, often with military acquiescence",,,,,
DET-1175,hist017,West Bank Raids 2022–2023,historical_impact,8,,Long-term Consequences (2023-Present),,Rise of armed resistance normalized among Palestinian youth; cycle of violence entrenched,,,,,
DET-1176,hist017,West Bank Raids 2022–2023,historical_impact,8,,Accountability Status,,✓ UN Commission comprehensively documented violations (October 2023 report),,,,,
DET-1177,hist017,West Bank Raids 2022–2023,historical_impact,9,,Long-term Consequences (2023-Present),,Hospital raid with perfidy (Jan 2024) set dangerous precedent for violations of medical neutrality,,,,,
DET-1178,hist017,West Bank Raids 2022–2023,historical_impact,9,,Accountability Status,,✓ UN found systematic misapplication of legal framework and unlawful killings,,,,,
DET-1179,hist017,West Bank Raids 2022–2023,historical_impact,10,,Accountability Status,,✓ ICC has jurisdiction; investigation ongoing but slow,,,,,
DET-1180,hist017,West Bank Raids 2022–2023,historical_impact,11,,Accountability Status,,"✓ International human rights organizations (HRW, Amnesty, B'Tselem, MSF) documented violations",,,,,
DET-1181,hist017,West Bank Raids 2022–2023,historical_impact,12,,Accountability Status,,✓ Shireen Abu Akleh case keeps issue of journalist targeting in international spotlight,,,,,
DET-1182,hist017,West Bank Raids 2022–2023,legal,1,,Misapplication of Legal Framework - Core Violation,,Law Enforcement vs. Conduct of Hostilities: UN Commission determined Israel unlawfully applies IHL rules on conduct of hostilities to law enforcement in West Bank. Correct framework is international human rights law which strictly limits use of lethal force.,,,,,
DET-1183,hist017,West Bank Raids 2022–2023,legal,1,,International Humanitarian Law Violations,,"Fourth Geneva Convention Article 27: Protected persons 'shall be treated humanely...protected against all acts of violence.' Killing of 78+ children, journalists, medical obstruction violate this core protection.",,,,,
DET-1184,hist017,West Bank Raids 2022–2023,legal,1,,UN Commission Findings (October 2023),,"Shireen Abu Akleh: Commission found 'on reasonable grounds that Israeli forces used lethal force without justification...and, intentionally or recklessly, violated Abu Akleh's right to life.'",,,,,
DET-1185,hist017,West Bank Raids 2022–2023,legal,1,,Specific Protected Persons Violations,,"Children: Convention on Rights of Child and Fourth Geneva Convention Article 24 provide special protection. Killing 78+ children, many unarmed, violates these protections.",,,,,
DET-1186,hist017,West Bank Raids 2022–2023,legal,1,,Accountability Requirements,,Duty to Investigate: Geneva Conventions require States investigate grave breaches. Israel has systematically failed to conduct meaningful investigations.,,,,,
DET-1187,hist017,West Bank Raids 2022–2023,legal,2,,Misapplication of Legal Framework - Core Violation,,Right to Life (ICCPR Article 6): Lethal force only permissible when 'strictly necessary' to protect against imminent threat to life. UN found Israeli forces killed civilians not posing such threats—violations of right to life.,,,,,
DET-1188,hist017,West Bank Raids 2022–2023,legal,2,,International Humanitarian Law Violations,,"Article 147 (Grave Breaches): 'Wilful killing...wilfully causing great suffering...extensive destruction...not justified by military necessity' are grave breaches. 500+ killings, property destruction meet threshold.",,,,,
DET-1189,hist017,West Bank Raids 2022–2023,legal,2,,UN Commission Findings (October 2023),,"Jenin Operations: Several 2023 operations 'appear to have included unnecessary and disproportionate force.' Use of drones, helicopters in densely populated areas violates proportionality.",,,,,
DET-1190,hist017,West Bank Raids 2022–2023,legal,2,,Specific Protected Persons Violations,,"Medical Personnel: Geneva Conventions require protection of medical workers. Firing on ambulances, obstructing care, tear-gassing hospital violate absolute protections.",,,,,
DET-1191,hist017,West Bank Raids 2022–2023,legal,2,,Accountability Requirements,,Command Responsibility: Senior military and political officials who knew or should have known of violations and failed to prevent/punish may bear criminal responsibility.,,,,,
DET-1192,hist017,West Bank Raids 2022–2023,legal,3,,Misapplication of Legal Framework - Core Violation,,Basic Principles on Use of Force and Firearms (1990): 'Intentional lethal use of firearms may only be made when strictly unavoidable in order to protect life.' Majority of West Bank killings do not meet this standard.,,,,,
DET-1193,hist017,West Bank Raids 2022–2023,legal,3,,International Humanitarian Law Violations,,Protection of Journalists: Additional Protocol I Article 79 protects journalists as civilians. Killing of Shireen Abu Akleh—clearly marked press—is grave breach.,,,,,
DET-1194,hist017,West Bank Raids 2022–2023,legal,3,,UN Commission Findings (October 2023),,"Pattern of Violations: 'Israel applies framework governing conduct of hostilities to law enforcement operations in West Bank, contrary to international law, resulting in civilians being killed and injured.'",,,,,
DET-1195,hist017,West Bank Raids 2022–2023,legal,3,,Specific Protected Persons Violations,,Wounded: Even wounded combatants protected once hors de combat. January 2024 hospital killings of wounded violate Common Article 3.,,,,,
DET-1196,hist017,West Bank Raids 2022–2023,legal,3,,Accountability Requirements,,ICC Jurisdiction: International Criminal Court has jurisdiction over situation in Palestine. West Bank killings fall within investigation.,,,,,
DET-1197,hist017,West Bank Raids 2022–2023,legal,4,,Misapplication of Legal Framework - Core Violation,,"Systematic Policy: Misapplication of legal framework is policy decision by Israeli government, not error. Enables systematic unlawful killings across entire territory.",,,,,
DET-1198,hist017,West Bank Raids 2022–2023,legal,4,,International Humanitarian Law Violations,,Perfidy Prohibition: Additional Protocol I Article 37 prohibits feigning protected status to kill. January 2024 hospital raid with commandos disguised as medical staff constitutes perfidy—war crime.,,,,,
DET-1199,hist017,West Bank Raids 2022–2023,legal,4,,UN Commission Findings (October 2023),,"Settler Violence: Commission documented increase in settler attacks on Palestinians, often with Israeli military acquiescence or participation—State responsibility for violations.",,,,,
DET-1200,hist017,West Bank Raids 2022–2023,legal,4,,Specific Protected Persons Violations,,Women and Families: Majida Obaid (61) shot in neck watching from window; Fulla al-Masalma (15) killed day before birthday—demonstrate indiscriminate nature of force.,,,,,
DET-1201,hist017,West Bank Raids 2022–2023,legal,4,,Accountability Requirements,,State Responsibility: Israel bears State responsibility for violations by its forces and for settler violence it fails to prevent.,,,,,
DET-1202,hist017,West Bank Raids 2022–2023,quick_fact,1,,Event Type,Military Raids / Systematic Killings,,,,,,
DET-1203,hist017,West Bank Raids 2022–2023,quick_fact,2,,Operation Name,Operation Break the Wave (2022-2023),,,,,,
DET-1204,hist017,West Bank Raids 2022–2023,quick_fact,3,,Verification,UN Commission; B'Tselem; HRW; Amnesty,,,,,,
DET-1205,hist017,West Bank Raids 2022–2023,quick_fact,4,,UN Finding,Unlawful killings; disproportionate force,,,,,,
DET-1206,hist017,West Bank Raids 2022–2023,testimony,1,,Navi Pillay,,"In presenting October 2023 report: 'Israel applies the framework governing conduct of hostilities to law enforcement operations in the West Bank, contrary to international law, resulting in civilians being killed and injured. The Commission has documented alarming trends in Israeli security forces' use of force...The operations in Jenin in 2023 appear to have included the use of unnecessary and disproportionate force.'","UN Commission Press Release, October 16, 2023",https://www.ohchr.org/en/press-releases/2023/10/civilians-are-primary-victims-increased-violence-israel-and-occupied,,,
DET-1207,hist017,West Bank Raids 2022–2023,testimony,2,,Shatha Zakarneh,,"Describing daughter's killing: 'Jana was on our roof playing with her cat. She wasn't protesting, she wasn't near any fighting. An Israeli sniper shot her twice in the face. My daughter was just a child playing with her pet. How can they say she was a threat? They killed her for no reason except that she was Palestinian.' Jana died January 2023.",Family testimony to media and human rights organizations,https://www.middleeasteye.net/news/palestine-west-bank-deadliest-year-second-intifada,,,
DET-1208,hist017,West Bank Raids 2022–2023,testimony,3,,Al Jazeera (institutional),,Statement after Shireen Abu Akleh's killing: 'We hold the Israeli government and the Israeli occupation forces responsible for the killing of Shireen. We call on the international community to condemn and hold the Israeli occupation forces accountable for deliberately targeting and killing our colleague.' Emphasized she was clearly marked as press.,"Al Jazeera Official Statement, May 11, 2022",https://www.aljazeera.com/,,,
DET-1209,hist017,West Bank Raids 2022–2023,testimony,4,,António Guterres,,After January 2023 Jenin raid: 'I am deeply concerned by the dangerous trajectory of the violence in the occupied West Bank...The level of violence is shocking. Israeli security operations and Palestinian attacks are on the increase. I call on all to avoid further escalation.' Later: 'We continue to see a pattern of Israeli forces using lethal force unnecessarily.',"UN Secretary-General Statements, January-February 2023",https://www.un.org/,,,
DET-1210,hist017,West Bank Raids 2022–2023,testimony,5,,Doctors Without Borders (Médecins Sans Frontières),,"December 2023 statement: 'In 2023, we witnessed the deadliest year for Palestinians in the West Bank in recorded history...The violence has deeply traumatized communities. Our teams treat patients with gunshot wounds almost daily. Israeli forces repeatedly obstruct medical care, fire near ambulances, and create an environment where providing healthcare is increasingly dangerous.'","MSF Statement, December 2023",https://www.doctorswithoutborders.org/,,,
DET-1211,hist017,West Bank Raids 2022–2023,testimony,6,,Wafa Obaid,,"Describing mother's killing: 'My mother was in her bedroom, looking out the window at what was happening in the street during the raid. An Israeli sniper shot her through the neck. She was 61 years old, not a fighter, not a threat. Just a grandmother watching from her window. They killed her in her own home.' Majida died in January 2023 Jenin raid.",Family testimony documented in reports,https://en.wikipedia.org/wiki/January_2023_Jenin_incursion,,,
DET-1212,hist017,West Bank Raids 2022–2023,testimony,7,,B'Tselem (Israeli human rights organization),,Statement on 2022 violence: 'The death toll in the West Bank and Gaza Strip is the highest since 2006...Israel's open-fire policy in the West Bank allows security forces to use potentially lethal force even when their lives are not in danger. This policy turns every military activity and every Palestinian demonstration into a life-threatening situation for Palestinians.',"B'Tselem Annual Assessment, 2022",https://www.btselem.org/,,,
DET-1213,hist017,West Bank Raids 2022–2023,testimony,8,,UN Special Rapporteur on Palestine,,"After hospital raid January 2024: 'Disguising military forces as medical workers and Muslim women to execute Palestinians inside a hospital may amount to war crimes. Under international humanitarian law, killing the wounded is prohibited. Using perfidy to kill is a war crime. The international community must act.'","UN Expert Statement, January 2024",https://en.wikipedia.org/wiki/Israeli_incursions_in_the_West_Bank_during_the_Gaza_war,,,
DET-1214,hist017,West Bank Raids 2022–2023,testimony,9,,Palestinian Authority President Mahmoud Abbas,,After February 2023 Nablus raid: 'What happened in Nablus is a massacre. We hold the Israeli occupation government fully responsible. We have decided to suspend security coordination with the Israeli side. The Israeli government is responsible for the dangerous escalation and its consequences.',"PA Official Statement, February 22, 2023",https://www.aljazeera.com/news/2023/2/22/israeli-forces-kill-palestinians-in-nablus-raid,,,
DET-1215,hist017,West Bank Raids 2022–2023,timeline,1,"March 22-May 7, 2022",Palestinian attacks inside Israel,,"Series of attacks by Palestinians kill 19 Israelis including knife attack in Be'er Sheva (4 killed), shooting in Bnei Brak (5 killed), axe attack in Elad (3 killed), shooting in Tel Aviv (3 killed). Attackers from West Bank or Israel. Triggers Israeli Operation Break the Wave.",,https://en.wikipedia.org/wiki/January_2023_Jenin_incursion,,,
DET-1216,hist017,West Bank Raids 2022–2023,timeline,2,2022-03-01 00:00:00,Operation Break the Wave begins,,"Israel launches military campaign of near-nightly raids into West Bank cities, particularly Jenin and Nablus. Focus on dismantling armed resistance groups. Massive escalation in use of force, arrests, home demolitions.",,https://www.aljazeera.com/news/2023/1/26/why-israeli-raids-killed-many-palestinians-this-year-explainer,,,
DET-1217,hist017,West Bank Raids 2022–2023,timeline,3,2022-05-11 00:00:00,Shireen Abu Akleh killed,,"Al Jazeera's veteran Palestinian correspondent shot in head while covering IDF raid in Jenin. Wearing clearly marked PRESS vest, standing with other journalists. UN Commission later concludes Israeli forces killed her intentionally or recklessly, violating right to life. Her killing sparks international outcry.",,https://www.ohchr.org/en/press-releases/2023/10/civilians-are-primary-victims-increased-violence-israel-and-occupied,,,
DET-1218,hist017,West Bank Raids 2022–2023,timeline,4,2022 Overall,Deadliest year since 2006,,"By year's end, 220 Palestinians killed in occupied territories (167 West Bank/E. Jerusalem, 53 Gaza). 48 children among dead. Over 9,000 injured. UN declares deadliest year since Second Intifada. Focus on Jenin (45 killed) and Nablus (45 killed) combined.",,https://www.middleeasteye.net/news/palestine-west-bank-deadliest-year-second-intifada,,,
DET-1219,hist017,West Bank Raids 2022–2023,timeline,5,2023-01-26 00:00:00,Jenin raid - 10 killed,,"Massive Israeli raid on Jenin kills 10 Palestinians. Majida Obaid (61) shot through neck while watching from bedroom window. Wasim Abu Jaes (16) crushed to death by military vehicle. Israeli forces fire on ambulances, shoot tear gas at hospital pediatric ward. UN: 'dangerous trajectory of violence.'",,https://en.wikipedia.org/wiki/January_2023_Jenin_incursion,,,
DET-1220,hist017,West Bank Raids 2022–2023,timeline,6,2023-02-22 00:00:00,"Nablus raid - 11 killed, 102 injured",,"Large-scale raid on Nablus kills 11, injures 102 (82 by live fire). Amateur video shows two men shot in back while fleeing. Palestinian Authority suspends security coordination with Israel in response, calling it 'massacre.' By this date, 61 Palestinians killed in 2023—double 2022 rate.",,https://www.aljazeera.com/news/2023/2/22/israeli-forces-kill-palestinians-in-nablus-raid,,,
DET-1221,hist017,West Bank Raids 2022–2023,timeline,7,3-4 July 2023,Jenin incursion - aerial bombardment,,"Largest West Bank operation in 20 years. Israel deploys drones, helicopters, 500+ troops in 14-hour assault on Jenin refugee camp. Twelve Palestinians killed, 100 injured, 500 families forced to flee homes. First extensive use of aerial force in West Bank since Second Intifada. IDF soldier also killed by friendly fire.",,https://en.wikipedia.org/wiki/July_2023_Jenin_incursion,,,
DET-1222,hist017,West Bank Raids 2022–2023,timeline,8,May-June 2023,Pattern of unlawful killings continues,,"UN OCHA documents multiple raids. May 22: Balata camp raid kills 3, video shows one shot in back while fleeing. May 29: Jenin raid kills 1. By May 29, 112 Palestinians killed in 2023—more than double 2022 rate. Medical personnel repeatedly obstructed.",,https://www.ochaopt.org/poc/16-29-may-2023,,,
DET-1223,hist017,West Bank Raids 2022–2023,timeline,9,7 October 2023 onwards,Gaza war triggers massive West Bank escalation,,"After Oct 7 Hamas attack, Israeli operations in West Bank intensify dramatically. By Dec 2023: 507 Palestinians killed in 2023 (127 children). First use of airstrikes on mosques (Oct 22). Use of drones becomes routine. Over 10,000 Palestinians arrested. 800+ settler attacks documented. Doctors Without Borders: 'deadliest year in recorded history.'",,https://en.wikipedia.org/wiki/Israeli_incursions_in_the_West_Bank_during_the_Gaza_war,,,
DET-1224,hist017,West Bank Raids 2022–2023,timeline,10,2023-10-16 00:00:00,UN Commission releases report,,"UN Independent Commission of Inquiry issues report (covering May 2021-Aug 2023). Key finding: 'Israel applies framework governing conduct of hostilities to law enforcement operations in West Bank, contrary to international law, resulting in civilians being killed and injured.' Jenin 2023 operations 'appear to have included unnecessary and disproportionate force.'",,https://www.ohchr.org/en/press-releases/2023/10/civilians-are-primary-victims-increased-violence-israel-and-occupied,,,
DET-1225,hist017,West Bank Raids 2022–2023,timeline,11,2024-01-01 00:00:00,Hospital raid - commandos disguised as medical staff,,"Israeli commandos disguised as medical workers and Muslim women enter hospital in Jenin, shoot dead three Palestinians inside. UN experts: may amount to war crimes. War crime to impersonate medical personnel and to kill wounded even if militants.",,https://en.wikipedia.org/wiki/Israeli_incursions_in_the_West_Bank_during_the_Gaza_war,,,
DET-1226,hist017,West Bank Raids 2022–2023,war_crime,1,,Unlawful Killing of Journalist Shireen Abu Akleh,,"May 11, 2022: Al Jazeera correspondent shot in head while covering Jenin raid. Wearing clearly marked PRESS vest, standing with journalists. UN Commission concluded 'on reasonable grounds that Israeli forces used lethal force without justification under international human rights law and, intentionally or recklessly, violated Abu Akleh's right to life.' Identified Duvdevan Unit as likely responsible. Intentional or reckless killing of clearly marked journalist is war crime.",📄 UN Commission Findings ↑,https://www.ohchr.org/en/press-releases/2023/10/civilians-are-primary-victims-increased-violence-israel-and-occupied,,,
DET-1227,hist017,West Bank Raids 2022–2023,war_crime,2,,Extrajudicial Executions,,"Palestinians accuse Israeli forces of assassination policy targeting armed group leaders. In three incidents in 2022, Israeli forces fatally shot 9 Palestinian fighters while inside vehicles in what Palestinians called 'field executions.' Pattern of targeted killings without arrest attempts. Video from Feb 2023 Nablus shows two men shot in back while fleeing—indicative of willful killing.",📄 MEE Investigation ↑,https://www.middleeasteye.net/news/palestine-west-bank-deadliest-year-second-intifada,,,
DET-1228,hist017,West Bank Raids 2022–2023,war_crime,3,,Unnecessary and Disproportionate Force,,"UN Commission concluded several 2023 Jenin operations 'appear to have included use of unnecessary and disproportionate force by Israeli security forces.' Includes use of drones, helicopters, hundreds of troops in densely populated refugee camps. Artillery-like force in law enforcement context violates international human rights law.",📄 UN Commission Report ↑,https://www.ohchr.org/en/press-releases/2023/10/civilians-are-primary-victims-increased-violence-israel-and-occupied,,,
DET-1229,hist017,West Bank Raids 2022–2023,war_crime,4,,Killing of 78+ Children,,At least 78 children killed 2022-2023 including many unarmed bystanders. Jana Zakarneh (15) shot twice in face while playing with cat on rooftop. Mahmoud Samoudi (12) shot during raid. Zaid Ghonaim (15) shot while hiding in parking garage. Wasim Abu Jaes (16) crushed by military vehicle. Willful killing of children violates Fourth Geneva Convention Article 147.,📄 Multiple Documented Cases ↑,https://www.middleeasteye.net/news/palestine-west-bank-deadliest-year-second-intifada,,,
DET-1230,hist017,West Bank Raids 2022–2023,war_crime,5,,Obstruction of Medical Care,,"Systematic pattern of Israeli forces firing on ambulances, preventing medical personnel from reaching wounded, delaying evacuations. Jan 2023 Jenin: ambulances fired upon, tear gas shot at hospital pediatric ward. May 2023: medical sources report forces restricted ambulance movement. Denying medical care to wounded violates Geneva Conventions.",📄 Multiple Incident Reports ↑,https://en.wikipedia.org/wiki/January_2023_Jenin_incursion,,,
DET-1231,hist017,West Bank Raids 2022–2023,war_crime,6,,Hospital Raid with Perfidy (War Crime),,"January 2024: Israeli commandos disguised as medical staff and Muslim women entered Jenin hospital, shot dead three Palestinians inside. UN experts: may amount to war crimes. Perfidy (feigning protected status to kill) explicitly prohibited under Geneva Conventions Additional Protocol I Article 37. Killing wounded even if militants also violates IHL.",📄 Documentation ↑,https://en.wikipedia.org/wiki/Israeli_incursions_in_the_West_Bank_during_the_Gaza_war,,,
DET-1232,hist017,West Bank Raids 2022–2023,war_crime,7,,Misapplication of Legal Framework,,"UN Commission finding: Israel applies combat rules (IHL conduct of hostilities) to law enforcement situations in West Bank, contrary to international law. This results in use of lethal force not justified under human rights law governing law enforcement. Systematic policy decision enabling unlawful killings.",📄 UN Commission Legal Analysis ↑,https://www.ohchr.org/en/press-releases/2023/10/civilians-are-primary-victims-increased-violence-israel-and-occupied,,,
DET-1233,hist017,West Bank Raids 2022–2023,war_crime,8,,Destruction of Civilian Property,,"Systematic use of bulldozers to destroy roads, infrastructure, homes during raids. July 2023 Jenin: massive destruction of refugee camp infrastructure. Pattern of destruction far exceeding military necessity. Extensive destruction not justified by military operations is grave breach under Fourth Geneva Convention Article 147.",📄 Documentation ↑,https://en.wikipedia.org/wiki/July_2023_Jenin_incursion,,,
DET-1234,hist013,Operation Pillar of Defense,quick_fact,1,,Event Type,"Military Operation, Airstrikes, Civilian Casualties",,,,,,
DET-1235,hist013,Operation Pillar of Defense,quick_fact,2,,Perpetrator,Israel Defense Forces (IDF),,,,,,
DET-1236,hist013,Operation Pillar of Defense,quick_fact,3,,Verification,B'Tselem field investigations; UN OCHA reports; Protection Cluster data,,,,,,
DET-1237,hist013,Operation Pillar of Defense,quick_fact,4,,Legal Framework,International Humanitarian Law violations documented,,,,,,
DET-1238,hist013,Operation Pillar of Defense,casualty,1,,Palestinian Civilians (did not participate in hostilities),87,"52% of total; includes 32 children, multiple women and elderly. 80% killed in final 4 days","B'Tselem Report (May 2013), pp. 9-11",https://www.btselem.org/download/201305_pillar_of_defense_operation_eng.pdf,,,
DET-1239,hist013,Operation Pillar of Defense,casualty,2,,Palestinian Children (included in civilian count),32,Minors under 18; included in 87 civilian deaths above,"B'Tselem Report (May 2013), p. 9",https://www.btselem.org/download/201305_pillar_of_defense_operation_eng.pdf,,,
DET-1240,hist013,Operation Pillar of Defense,casualty,3,,Palestinian Combatants,62,Individuals who took part in hostilities,"B'Tselem Report (May 2013), p. 10",https://www.btselem.org/download/201305_pillar_of_defense_operation_eng.pdf,,,
DET-1241,hist013,Operation Pillar of Defense,casualty,4,,Targets of Assassination,7,Individuals specifically targeted by IDF; included Ahmed al-Jabari,"B'Tselem Report (May 2013), p. 10",https://www.btselem.org/download/201305_pillar_of_defense_operation_eng.pdf,,,
DET-1242,hist013,Operation Pillar of Defense,casualty,5,,Status Unknown,11,B'Tselem unable to determine if these individuals participated in hostilities,"B'Tselem Report (May 2013), p. 10",https://www.btselem.org/download/201305_pillar_of_defense_operation_eng.pdf,,,
DET-1243,hist013,Operation Pillar of Defense,casualty,6,,Israeli Deaths,6,"4 civilians, 2 security personnel; killed by Palestinian rocket/mortar fire","B'Tselem Report (May 2013), p. 28",https://www.btselem.org/download/201305_pillar_of_defense_operation_eng.pdf,,,
DET-1244,hist013,Operation Pillar of Defense,casualty,7,,Palestinian Injured,"11,100+","Includes 3,374 children; Health Cluster data",UN OCHA Humanitarian Monitor (October-November 2012),https://www.un.org/unispal/document/auto-insert-201184/,,,
DET-1245,hist013,Operation Pillar of Defense,casualty,8,,Israeli Injured,"1,600+",Includes 270 children; from rocket/mortar attacks,"OCHA, Key Figures on 2014 Hostilities (citing Israeli sources)",https://www.ochaopt.org/content/key-figures-2014-hostilities,,,
DET-1246,hist013,Operation Pillar of Defense,timeline,1,October–Early November 2012,Pre-Operation Escalation,,"Four rounds of intensified violence: Palestinian rocket fire at southern Israel; Israeli incursions and airstrikes in Gaza. 23 Palestinians killed (7 civilians, 3 children); 93 Palestinians injured (77 civilians); 14 Israelis/foreign nationals injured (8 civilians). November 10-14: over 120 rockets fired from Gaza toward Israel.",UN OCHA Humanitarian Monitor (Oct-Nov 2012),https://www.un.org/unispal/document/auto-insert-201184/,,,
DET-1247,hist013,Operation Pillar of Defense,timeline,2,"November 14, 2012, ~15:45",Operation Begins: Assassination of Ahmed al-Jabari,,"IAF airstrike targets vehicle in Gaza City, killing Ahmed al-Jabari (head of Hamas military wing, Al-Qassam Brigades) and passenger Muhammad al-Hams. This marked official start of Operation Pillar of Defense. Israeli officials cited 100+ rockets in prior 24 hours as justification.","B'Tselem Report (May 2013), pp. 23-24",https://www.btselem.org/download/201305_pillar_of_defense_operation_eng.pdf,,,
DET-1248,hist013,Operation Pillar of Defense,testimony,3,,Muna a-Shawa,"Mother of Yusra (18), killed during Arab ministers' visit (Gaza City)","My daughter Yusra, 18, was sitting watching television in our western room. I was standing by the window of the eastern room, next to Yusra's room, and was about to call my children...to come upstairs. At about 4:30 PM, before I had a chance to call them, I heard an explosion inside my apartment. I saw dust and debris flying everywhere. I felt pain. I took a few steps and took hold of Yusra's hand. She took half a step together with me and then fell down. I tried to find her but couldn't because of all the dust and debris. I called out to her but she didn't answer...My son Muhammad came to the door, grabbed me and took me down to the street. I said to him, 'Go find Yusra.' He told me she had been killed...but I wouldn't talk with anyone and said that I wanted Yusra. I wanted to see her and make sure that she was okay, but I could feel that she wasn't all right.","B'Tselem Report (May 2013), pp. 24-25",https://www.btselem.org/download/201305_pillar_of_defense_operation_eng.pdf,,,
DET-1249,hist013,Operation Pillar of Defense,testimony,4,,Tamam al-'Asali,"Mother/wife, husband and 2 children killed collecting herbs (Jabalya)","After lunch on Wednesday, 21 November 2012, my husband Talal asked me to make tea for everyone. Talal went outside to a nearby area that he cultivates to pick some herbs for tea. Two of his children, his son Ayman and daughter 'Abir came along. I began preparing the things for tea when suddenly I heard a powerful explosion from behind the house. I went outside immediately and ran to the place where Talal and the children were. Even before I reached them, I could already see Talal and Ayman lying on the ground, covered in blood...I understood that my husband had apparently been killed instantaneously. Ayman was still moving a little bit. I didn't see my daughter 'Abir. I felt dizzy and weak. Then, apparently, I passed out. [Later told] that 'Abir had also been killed. I screamed and cried hysterically. Three members of my family killed at one blow. I lost them all in an instant, for no reason.","B'Tselem Report (May 2013), pp. 26-27",https://www.btselem.org/download/201305_pillar_of_defense_operation_eng.pdf,,,
DET-1250,hist013,Operation Pillar of Defense,testimony,5,,Naji Qdeih,"Husband of Samaher Qdeih (28), killed in Khuza'ah","At around 9:30 PM on 17 November 2012...I decided that we had best go over to the house of my first wife Maha, because it was better protected...I picked up my infant daughter and went over to Maha's house, just seven meters away. Then I returned to get some clothes and a blanket for Mayar. I asked Samaher to bring another blanket and join me. Samaher left the apartment carrying the blanket. Suddenly there was a huge explosion. Chunks of stone went flying all over the place. White smoke filled the courtyard...I found my wife Samaher lying on the ground near the steps of the balcony. I picked her up and saw that her left leg was severed and her clothes torn. Blood was trickling from her mouth. I picked her up and asked that she recite the Shehadatein prayer because I realized that she was badly injured and wouldn't survive. [Samaher died at scene]","B'Tselem Report (May 2013), pp. 15-16",https://www.btselem.org/download/201305_pillar_of_defense_operation_eng.pdf,,,
DET-1251,hist013,Operation Pillar of Defense,testimony,6,,Sarah Abu Khusah,"Grandmother (65), toddler grandson killed in courtyard","At about 8:00 o'clock in the morning, three of my grandchildren were playing in front of the house, which is part of the house's compound...Suddenly we heard a huge explosion nearby. We all ran outside to see what happened. I was in shock when I saw that the spot that was hit was right next to the wall that encloses the house, and that it had actually destroyed the wall. I saw my grandson Iyad lying dead on the ground. He had been hit directly by shrapnel. Another of my grandsons, Suhaib, was lying on the ground beside him but he was moving. Sarah was also lying on the ground. I called for an ambulance right away and picked up Iyad. [Iyad, 18 months old, killed; Suhaib (6) and Sarah (4) critically injured]","B'Tselem Report (May 2013), pp. 20-21",https://www.btselem.org/download/201305_pillar_of_defense_operation_eng.pdf,,,
DET-1252,hist013,Operation Pillar of Defense,testimony,7,,B'Tselem (institutional),Israeli human rights organization,"Report conclusion (May 2013): 'The findings of this report raise grave suspicions of misconduct. However, the means at B'Tselem's disposal are too limited to determine whether or not the Israeli military acted in accordance with the law in the cases presented here...Determining this requires additional information held by the military, which it refuses to disclose. Therefore, we call upon the Israeli authorities to conduct an independent investigation...and to present the findings publicly and transparently.'","B'Tselem Report (May 2013), p. 39",https://www.btselem.org/download/201305_pillar_of_defense_operation_eng.pdf,,,
DET-1253,hist013,Operation Pillar of Defense,testimony,8,,Amnesty International,International human rights organization,Statement to UN Human Rights Council (February 2013): The Israeli authorities investigations into alleged violations of international humanitarian law during Operation Pillar of Defense follow a familiar pattern of operational debriefings rather than independent criminal investigations. Such investigations lack the necessary independence and transparency required under international law. The pattern of impunity for violations during Israeli military operations in Gaza must end.',"Amnesty International, Statement to UN HRC (February 2013)",https://www.un.org/unispal/document/auto-insert-188596/,,,
DET-1254,hist013,Operation Pillar of Defense,historical_impact,1,,Immediate Impact,,"Escalation Dynamics: Demonstrated shift in Israeli military doctrine post-Cast Lead (2008-09) toward shorter, air-focused operations, but with continued high civilian toll (52% of deaths)",,,,,
DET-1255,hist013,Operation Pillar of Defense,historical_impact,2,,Immediate Impact,,"Regional Tensions: Arab and Turkish foreign ministers visited Gaza during operation (Nov 20), highlighting regional concern and attempting mediation",,,,,
DET-1256,hist013,Operation Pillar of Defense,historical_impact,3,,Immediate Impact,,"Egypt's Role: President Mohamed Morsi brokered ceasefire, marking Egypt's post-Arab Spring involvement in Gaza diplomacy",,,,,
DET-1257,hist013,Operation Pillar of Defense,historical_impact,4,,Immediate Impact,,"Tactical Shift: First major combat deployment of Iron Dome missile defense system—intercepted 436/1,667 rockets (26%), reducing Israeli casualties relative to rocket volume",,,,,
DET-1258,hist013,Operation Pillar of Defense,historical_impact,5,,Immediate Impact,,"Blockade Tightening: Operation reinforced Gaza's isolation; ceasefire did not address blockade, which continued",,,,,
DET-1259,hist013,Operation Pillar of Defense,historical_impact,1,,Long-term Significance,,"Cycle of Violence: Established pattern repeated in 2014 (Protective Edge—far deadlier), 2021 (Guardian of the Walls), and 2023-24 (ongoing devastation). Each operation followed similar escalation triggers and justifications",,,,,
DET-1260,hist013,Operation Pillar of Defense,historical_impact,2,,Long-term Significance,,Impunity Precedent: Complete lack of prosecutions despite B'Tselem's documented evidence set precedent for future operations. MAG's 'operational debriefings' model continued,,,,,
DET-1261,hist013,Operation Pillar of Defense,historical_impact,3,,Long-term Significance,,Humanitarian Monitoring: Operation galvanized international human rights community; B'Tselem's May 2013 report became model for field investigation methodology in conflict zones,,,,,
DET-1262,hist013,Operation Pillar of Defense,historical_impact,4,,Long-term Significance,,Legal Discourse: B'Tselem's critique of 'overly broad' military target definitions and inadequate warnings influenced IHL advocacy and academic discourse on proportionality,,,,,
DET-1263,hist013,Operation Pillar of Defense,historical_impact,5,,Long-term Significance,,Palestinian Trauma: Added to cumulative trauma of Gaza population; families interviewed months later remained in shock and grief,,,,,
DET-1264,hist013,Operation Pillar of Defense,historical_impact,1,,Accountability,,✘ Zero prosecutions of Israeli commanders or personnel despite 87 civilian deaths,,,,,
DET-1265,hist013,Operation Pillar of Defense,historical_impact,2,,Accountability,,✘ MAG Corps opened 70 inquiries; closed cases with minimal public information and 'no criminal offense found' determinations,,,,,
DET-1266,hist013,Operation Pillar of Defense,historical_impact,3,,Accountability,,✘ Amnesty International criticized MAG investigations as 'operational debriefings' lacking independence (Feb 2013 UN HRC statement),,,,,
DET-1267,hist013,Operation Pillar of Defense,historical_impact,4,,Accountability,,✘ B'Tselem's nine case investigations raising 'grave suspicions' of IHL violations produced no substantive responses beyond vague MAG letters,,,,,
DET-1268,hist013,Operation Pillar of Defense,historical_impact,5,,Accountability,,"✘ Al-Dalu case: Despite IDF admission of 'probable error' killing 12 (5 children, 5 women), MAG closed case claiming 'efforts to minimize harm'—no explanation for why efforts failed",,,,,
DET-1269,hist013,Operation Pillar of Defense,historical_impact,6,,Accountability,,✘ Iyad Abu Khusah case: MAG denied strike occurred despite documented death and injuries—exemplifies accountability crisis,,,,,
DET-1270,hist013,Operation Pillar of Defense,historical_impact,7,,Accountability,,✘ No reparations paid to families; property damage through Israeli-administered compensation system with delays,,,,,
DET-1271,hist013,Operation Pillar of Defense,historical_impact,8,,Accountability,,"✘ Pattern established: Military investigates itself, provides minimal public information, closes cases, no external oversight",,,,,
DET-1272,hist013,Operation Pillar of Defense,historical_impact,1,,Documentation Legacy,,"B'Tselem Report (May 2013): Gold-standard field investigation documenting nine cases with detailed witness testimonies, legal analysis, and contextual data",,,,,
DET-1273,hist013,Operation Pillar of Defense,historical_impact,2,,Documentation Legacy,,"UN OCHA Humanitarian Monitors: Provided casualty figures, injury data, and humanitarian impact assessments during and after operation",,,,,
DET-1274,hist013,Operation Pillar of Defense,historical_impact,3,,Documentation Legacy,,Al Mezan Center for Human Rights: Parallel Palestinian documentation efforts; submitted cases to ICC Prosecutor (though Palestine not yet member state),,,,,
DET-1275,hist013,Operation Pillar of Defense,historical_impact,4,,Documentation Legacy,,"Methodology: B'Tselem's investigation model—field researchers, named witnesses (with consent), legal IHL analysis, submission to MAG, documentation of MAG responses—became template",,,,,
DET-1276,hist013,Operation Pillar of Defense,personality,1,,Benjamin Netanyahu,Prime Minister,Role: Prime Minister (1949-present) | Responsibility: Ultimate political authority; authorized operation and declared it successful. Stated objective: stop rocket attacks and destroy Hamas operational capabilities. | Later Career: Served as PM 2009-2021; returned 2022-present (as of documentation date) | Accountability: Never investigated for civilian casualties during operation. Declared operation a success despite 87 civilian deaths documented by B'Tselem.,"B'Tselem Report: 'Human Rights Violations during Operation Pillar of Defense' (May 2013), p. 3",https://www.btselem.org/download/201305_pillar_of_defense_operation_eng.pdf,,,
DET-1277,hist013,Operation Pillar of Defense,personality,2,,Ehud Barak,Defense Minister,"Role: Defense Minister (1942-present) | Responsibility: Oversaw IDF operations; responsible for military strategy and execution. Ministry claimed operation conducted with 'utmost professionalism' and in accordance with IHL. | Later Career: Left politics 2013; formed consultancy firm | Accountability: Never investigated. Military Advocate General (MAG) Corps closed investigations without prosecution, citing 'no suspicion of criminal offense' despite B'Tselem evidence of potential IHL violations.","B'Tselem Report (May 2013), pp. 3-5, 36",https://www.btselem.org/download/201305_pillar_of_defense_operation_eng.pdf,,,
DET-1278,hist013,Operation Pillar of Defense,personality,3,,Benny Gantz,IDF Chief of Staff,"Role: IDF Chief of Staff (1959-present) | Responsibility: Overall military commander during operation. Responsible for rules of engagement, targeting protocols, and IDF conduct. Under his command, 1,500+ targets struck with documented civilian casualties. | Later Career: Defense Minister 2020-2022; Minister without portfolio 2024-present | Accountability: Never investigated. MAG investigations initiated but closed without substantive explanations for civilian casualties or targeting errors.","B'Tselem Report (May 2013), pp. 12-27 (case investigations)",https://www.btselem.org/download/201305_pillar_of_defense_operation_eng.pdf,,,
DET-1279,hist013,Operation Pillar of Defense,personality,4,,Tal Russo,Israeli Air Force Commander,"Role: Israeli Air Force Commander (1958-present) | Responsibility: Commanded aerial operations comprising the vast majority of strikes. IAF conducted precision strikes that nonetheless killed 87 civilians, raising questions about targeting procedures and proportionality assessments. | Later Career: Retired 2015; various positions in defense industries | Accountability: Never investigated for civilian casualties or targeting decisions despite B'Tselem documentation of questionable strikes.","B'Tselem Report (May 2013), pp. 4-5, 35-39",https://www.btselem.org/download/201305_pillar_of_defense_operation_eng.pdf,,,
DET-1280,hist013,Operation Pillar of Defense,personality,5,,Danny Efroni,Military Advocate General,"Role: Military Advocate General (1961-present) | Responsibility: Initiated inquiries into 70 cases of civilian deaths. According to Amnesty International, investigations followed pattern of 'operational de-briefings' rather than independent criminal investigations. | Later Career: Served as MAG until 2016 | Accountability: Closed investigations without prosecutions. B'Tselem criticized MAG Corps for providing 'general and vague' responses without substantive explanations for civilian harm.","Amnesty International, Statement to UN HRC (February 2013); B'Tselem Report (May 2013), pp. 35-39",https://www.un.org/unispal/document/auto-insert-188596/; https://www.btselem.org/download/201305_pillar_of_defense_operation_eng.pdf,,,
DET-1281,hist013,Operation Pillar of Defense,personality,6,,Ahmed al-Jabari,Hamas Military Commander,"Role: Hamas Military Commander (1960-2012 (killed Nov 14, 2012)) | Responsibility: Head of Hamas's military wing (Izz ad-Din al-Qassam Brigades). Responsible for rocket operations and military strategy. His assassination triggered Operation Pillar of Defense. | Later Career: N/A - killed in opening strike | Accountability: Targeted killing was opening act of operation. Israel justified strike as preemptive action against imminent attacks.","B'Tselem Report (May 2013), p. 3",https://www.btselem.org/download/201305_pillar_of_defense_operation_eng.pdf,,,
DET-1282,hist013,Operation Pillar of Defense,source,1,,"B'Tselem. 'Human Rights Violations during Operation Pillar of Defense, 14-21 November 2012' (May 2013)",Primary Source - NGO Field Investigation,"Comprehensive 44-page report: 167 Palestinian deaths investigated (87 civilians, 32 children documented); nine detailed case investigations with named witnesses; legal IHL analysis; IDF/MAG responses appended. Gold-standard human rights documentation.","B'Tselem. 'Human Rights Violations during Operation Pillar of Defense, 14-21 November 2012' (May 2013)",https://www.btselem.org/download/201305_pillar_of_defense_operation_eng.pdf,,,
DET-1283,hist013,Operation Pillar of Defense,source,2,,UN OCHA. 'Humanitarian Monitor: October-November 2012',UN Agency Report,"Official UN documentation of pre-operation escalation and operation impact: casualty figures, injury data (11,100+ Palestinians, 3,374 children), humanitarian access issues. Protection Cluster data source.",UN OCHA. 'Humanitarian Monitor: October-November 2012',https://www.un.org/unispal/document/auto-insert-201184/,,,
DET-1284,hist013,Operation Pillar of Defense,source,3,,UN OCHA. 'Key Figures on 2014 Hostilities' (includes 2012 comparison data),UN Statistical Compilation,"Comparative data on Israeli casualties (6 deaths, 1,600+ injuries) citing Israeli official sources. Provides context for 2012 operation within pattern of Gaza conflicts.",UN OCHA. 'Key Figures on 2014 Hostilities' (includes 2012 comparison data),https://www.ochaopt.org/content/key-figures-2014-hostilities,,,
DET-1285,hist013,Operation Pillar of Defense,source,4,,Amnesty International. 'Statement to UN Human Rights Council' (February 2013),Human Rights Organization Statement,Criticized Israeli MAG investigations as lacking independence and transparency. Called pattern of 'operational debriefings' insufficient to meet international law requirements for war crimes investigations.,Amnesty International. 'Statement to UN Human Rights Council' (February 2013),https://www.un.org/unispal/document/auto-insert-188596/,,,
DET-1286,hist013,Operation Pillar of Defense,source,5,,"Haaretz. 'As IDF Strike Kills Entire Family in Gaza, Israel Is Starting to Get Into Trouble' (November 18, 2012)",Israeli Media Coverage,Contemporary reporting on al-Dalu family massacre. Documents IDF Spokesperson's admission of 'probable error' and changing explanations for strike that killed 12 civilians.,"Haaretz. 'As IDF Strike Kills Entire Family in Gaza, Israel Is Starting to Get Into Trouble' (November 18, 2012)",https://www.haaretz.com/news/diplomacy-defense/as-idf-strike-kills-entire-family-in-gaza-israel-is-starting-to-get-into-trouble-1.478879,,,
DET-1287,hist013,Operation Pillar of Defense,source,6,,Israel Security Agency (ISA/Shin Bet). Official Statements (November 2012),Israeli Government Source,ISA statements during operation explicitly acknowledged targeting homes of Hamas commanders 'some of which also served to store arms'—implicit admission some homes served no military function.,Israel Security Agency (ISA/Shin Bet). Official Statements (November 2012),https://www.gov.il/,,,
DET-1288,hist013,Operation Pillar of Defense,source,7,,Meir Amit Intelligence and Terrorism Information Center. 'Escalation from the Gaza Strip: Operation Pillar of Defense Summary',Israeli Research Institute,"Pro-Israel perspective compilation of operation statistics: 1,667 rockets fired, Iron Dome interceptions, timeline. Useful for cross-referencing Israeli military claims.",Meir Amit Intelligence and Terrorism Information Center. 'Escalation from the Gaza Strip: Operation Pillar of Defense Summary',https://www.terrorism-info.org.il/,,,
DET-1289,hist013,Operation Pillar of Defense,source,8,,Al Mezan Center for Human Rights. Documentation and Legal Analysis (2012-2013),Palestinian Human Rights Organization,"Gaza-based organization's parallel field investigations. Documented individual cases, provided legal support to victims' families, submitted cases to ICC Prosecutor.",Al Mezan Center for Human Rights. Documentation and Legal Analysis (2012-2013),https://www.mezan.org/en,,,
DET-1290,hist013,Operation Pillar of Defense,source,9,,Human Rights Watch. Various statements and reports (November 2012 - 2013),International Human Rights Organization,"HRW called for investigations into civilian casualties, criticized inadequate warnings, and documented pattern of IHL violations. Reinforced B'Tselem findings.",Human Rights Watch. Various statements and reports (November 2012 - 2013),https://www.hrw.org/,,,
DET-001,curr_001,Al-Ahli Baptist Hospital Strike,war_crime,1,,Attack on medical facility,,,,,,,
DET-002,curr_001,Al-Ahli Baptist Hospital Strike,war_crime,2,,Targeting of protected site,,,,,,,
DET-003,curr_001,Al-Ahli Baptist Hospital Strike,war_crime,3,,Civilian deaths,,,,,,,
DET-004,curr_001,Al-Ahli Baptist Hospital Strike,war_crime,4,,Attack on displaced persons,,,,,,,
DET-005,curr_001,Al-Ahli Baptist Hospital Strike,source,1,,,,Gaza Health Ministry,Gaza Health Ministry,,,,
DET-006,curr_001,Al-Ahli Baptist Hospital Strike,source,2,,,,Human Rights Watch Investigation,Human Rights Watch Investigation,,,,
DET-007,curr_001,Al-Ahli Baptist Hospital Strike,source,3,,,,UN OCHA,UN OCHA,,,,
DET-008,curr_001,Al-Ahli Baptist Hospital Strike,source,4,,,,Multiple witness testimonies,Multiple witness testimonies,,,,
DET-009,curr_002,Jabalia Refugee Camp Bombardment (First Strike),war_crime,1,,Disproportionate attack,,,,,,,
DET-010,curr_002,Jabalia Refugee Camp Bombardment (First Strike),war_crime,2,,Targeting civilians,,,,,,,
DET-011,curr_002,Jabalia Refugee Camp Bombardment (First Strike),war_crime,3,,Collective punishment,,,,,,,
DET-012,curr_002,Jabalia Refugee Camp Bombardment (First Strike),war_crime,4,,Destruction of civilian homes,,,,,,,
DET-013,curr_002,Jabalia Refugee Camp Bombardment (First Strike),source,1,,,,UN OCHA,UN OCHA,,,,
DET-014,curr_002,Jabalia Refugee Camp Bombardment (First Strike),source,2,,,,Human Rights Watch,Human Rights Watch,,,,
DET-015,curr_002,Jabalia Refugee Camp Bombardment (First Strike),source,3,,,,Gaza Civil Defense,Gaza Civil Defense,,,,
DET-016,curr_002,Jabalia Refugee Camp Bombardment (First Strike),source,4,,,,Multiple news agencies,Multiple news agencies,,,,
DET-017,curr_003,Flour Massacre - Al-Rashid Street,war_crime,1,,Targeting civilians,,,,,,,
DET-018,curr_003,Flour Massacre - Al-Rashid Street,war_crime,2,,Firing on aid recipients,,,,,,,
DET-019,curr_003,Flour Massacre - Al-Rashid Street,war_crime,3,,Starvation as weapon of war,,,,,,,
DET-020,curr_003,Flour Massacre - Al-Rashid Street,war_crime,4,,Mass killing,,,,,,,
DET-021,curr_003,Flour Massacre - Al-Rashid Street,source,1,,,,UN OCHA,UN OCHA,,,,
DET-022,curr_003,Flour Massacre - Al-Rashid Street,source,2,,,,Gaza Health Ministry,Gaza Health Ministry,,,,
DET-023,curr_003,Flour Massacre - Al-Rashid Street,source,3,,,,Euro-Med Human Rights Monitor,Euro-Med Human Rights Monitor,,,,
DET-024,curr_003,Flour Massacre - Al-Rashid Street,source,4,,,,Video evidence,Video evidence,,,,
DET-025,curr_004,UNRWA School Strikes,war_crime,1,,Attacks on UN facilities,,,,,,,
DET-026,curr_004,UNRWA School Strikes,war_crime,2,,Targeting of protected sites,,,,,,,
DET-027,curr_004,UNRWA School Strikes,war_crime,3,,Attacks on displaced persons,,,,,,,
DET-028,curr_004,UNRWA School Strikes,war_crime,4,,Civilian casualties,,,,,,,
DET-029,curr_004,UNRWA School Strikes,source,1,,,,UNRWA Official Statements,UNRWA Official Statements,,,,
DET-030,curr_004,UNRWA School Strikes,source,2,,,,UN Secretary-General Reports,UN Secretary-General Reports,,,,
DET-031,curr_004,UNRWA School Strikes,source,3,,,,Human Rights Watch,Human Rights Watch,,,,
DET-032,curr_005,Mass Graves Discovery at Nasser Hospital,war_crime,1,,Extrajudicial executions,,,,,,,
DET-033,curr_005,Mass Graves Discovery at Nasser Hospital,war_crime,2,,Desecration of dead,,,,,,,
DET-034,curr_005,Mass Graves Discovery at Nasser Hospital,war_crime,3,,Forced disappearances,,,,,,,
DET-035,curr_005,Mass Graves Discovery at Nasser Hospital,war_crime,4,,War crimes,,,,,,,
DET-036,curr_005,Mass Graves Discovery at Nasser Hospital,source,1,,,,Gaza Civil Defense,Gaza Civil Defense,,,,
DET-037,curr_005,Mass Graves Discovery at Nasser Hospital,source,2,,,,UN OCHA,UN OCHA,,,,
DET-038,curr_005,Mass Graves Discovery at Nasser Hospital,source,3,,,,Human Rights Watch,Human Rights Watch,,,,
DET-039,curr_005,Mass Graves Discovery at Nasser Hospital,source,4,,,,Euro-Med Human Rights Monitor,Euro-Med Human Rights Monitor,,,,
DET-040,curr_006,Al-Shifa Hospital Siege,war_crime,1,,Attack on medical facility,,,,,,,
DET-041,curr_006,Al-Shifa Hospital Siege,war_crime,2,,Denial of medical care,,,,,,,
DET-042,curr_006,Al-Shifa Hospital Siege,war_crime,3,,Targeting protected site,,,,,,,
DET-043,curr_006,Al-Shifa Hospital Siege,war_crime,4,,Civilian deaths,,,,,,,
DET-044,curr_006,Al-Shifa Hospital Siege,source,1,,,,WHO,WHO,,,,
DET-045,curr_006,Al-Shifa Hospital Siege,source,2,,,,UN OCHA,UN OCHA,,,,
DET-046,curr_006,Al-Shifa Hospital Siege,source,3,,,,Human Rights Watch,Human Rights Watch,,,,
DET-047,curr_006,Al-Shifa Hospital Siege,source,4,,,,Doctors Without Borders,Doctors Without Borders,,,,
DET-048,curr_007,Rafah Tent Camp Massacre,war_crime,1,,Targeting displaced persons,,,,,,,
DET-049,curr_007,Rafah Tent Camp Massacre,war_crime,2,,Disproportionate force,,,,,,,
DET-050,curr_007,Rafah Tent Camp Massacre,war_crime,3,,Civilian deaths,,,,,,,
DET-051,curr_007,Rafah Tent Camp Massacre,war_crime,4,,Use of incendiary weapons,,,,,,,
DET-052,curr_007,Rafah Tent Camp Massacre,source,1,,,,UN OCHA,UN OCHA,,,,
DET-053,curr_007,Rafah Tent Camp Massacre,source,2,,,,Gaza Health Ministry,Gaza Health Ministry,,,,
DET-054,curr_007,Rafah Tent Camp Massacre,source,3,,,,Human Rights Watch,Human Rights Watch,,,,
DET-055,curr_007,Rafah Tent Camp Massacre,source,4,,,,Video evidence,Video evidence,,,,
DET-056,curr_008,World Central Kitchen Workers Killing,war_crime,1,,Targeting aid workers,,,,,,,
DET-057,curr_008,World Central Kitchen Workers Killing,war_crime,2,,Targeting clearly marked vehicles,,,,,,,
DET-058,curr_008,World Central Kitchen Workers Killing,war_crime,3,,War crimes,,,,,,,
DET-059,curr_008,World Central Kitchen Workers Killing,war_crime,4,,Obstruction of humanitarian aid,,,,,,,
DET-060,curr_008,World Central Kitchen Workers Killing,source,1,,,,World Central Kitchen Statement,World Central Kitchen Statement,,,,
DET-061,curr_008,World Central Kitchen Workers Killing,source,2,,,,UN Security Council,UN Security Council,,,,
DET-062,curr_008,World Central Kitchen Workers Killing,source,3,,,,Human Rights Watch,Human Rights Watch,,,,
DET-063,curr_008,World Central Kitchen Workers Killing,source,4,,,,Multiple governments,Multiple governments,,,,
DET-064,curr_009,Gaza City Systematic Destruction,war_crime,1,,Collective punishment,,,,,,,
DET-065,curr_009,Gaza City Systematic Destruction,war_crime,2,,Destruction of civilian infrastructure,,,,,,,
DET-066,curr_009,Gaza City Systematic Destruction,war_crime,3,,Forced displacement,,,,,,,
DET-067,curr_009,Gaza City Systematic Destruction,war_crime,4,,War crimes,,,,,,,
DET-068,curr_009,Gaza City Systematic Destruction,source,1,,,,UN OCHA,UN OCHA,,,,
DET-069,curr_009,Gaza City Systematic Destruction,source,2,,,,Satellite imagery analysis,Satellite imagery analysis,,,,
DET-070,curr_009,Gaza City Systematic Destruction,source,3,,,,Human Rights Watch,Human Rights Watch,,,,
DET-071,curr_009,Gaza City Systematic Destruction,source,4,,,,UN Satellite Centre,UN Satellite Centre,,,,
DET-072,curr_010,Starvation Genocide - Northern Gaza Blockade,war_crime,1,,Starvation as weapon of war,,,,,,,
DET-073,curr_010,Starvation Genocide - Northern Gaza Blockade,war_crime,2,,Genocide,,,,,,,
DET-074,curr_010,Starvation Genocide - Northern Gaza Blockade,war_crime,3,,Collective punishment,,,,,,,
DET-075,curr_010,Starvation Genocide - Northern Gaza Blockade,war_crime,4,,Crimes against humanity,,,,,,,
DET-076,curr_010,Starvation Genocide - Northern Gaza Blockade,war_crime,5,,Denial of humanitarian aid,,,,,,,
DET-077,curr_010,Starvation Genocide - Northern Gaza Blockade,source,1,,,,UN Special Rapporteurs,UN Special Rapporteurs,,,,
DET-078,curr_010,Starvation Genocide - Northern Gaza Blockade,source,2,,,,World Food Programme,World Food Programme,,,,
DET-079,curr_010,Starvation Genocide - Northern Gaza Blockade,source,3,,,,Human Rights Watch,Human Rights Watch,,,,
DET-080,curr_010,Starvation Genocide - Northern Gaza Blockade,source,4,,,,Genocide Watch,Genocide Watch,,,,
