detail_id,_anchor,event_id,heading_label_de,content_de
DET-001,DET-001,hist001,Todesfälle (wissenschaftlicher Konsens),"Beinhaltet Frauen, Kinder und ältere Menschen; einige Quellen nennen bis zu 250."
DET-002,DET-002,hist001,Verletzt,"Schuss-, Explosionstrauma; systematische medizinische Aufzeichnungen nicht erhalten"
DET-003,DET-003,hist001,Verdrängt,Gesamte Dorfbevölkerung; nicht wiederhergestellt
DET-011,DET-004,hist001,Unmittelbare Auswirkungen,"Symbolischer Wendepunkt im Krieg von 1948; breite mediale Aufmerksamkeit, die Panik und Flucht in den umliegenden Gebieten auslöste."
DET-012,DET-005,hist001,Langfristige Bedeutung,Zentrales Symbol im kollektiven Gedächtnis der Palästinenser an die Nakba; jährlich begangen am 9. April
DET-013,DET-006,hist001,Rechenschaftspflicht,✘ Es wurden keine Täter nach irgendeinem Rechtsrahmen strafrechtlich verfolgt.
DET-014,DET-007,hist001,Unmittelbare Auswirkungen,In den darauffolgenden Wochen flohen rund 250.000 Palästinenser aus ihren Häusern (ein Drittel aller Nakba-Flüchtlinge).
DET-015,DET-008,hist001,Langfristige Bedeutung,Gegenstand einer anhaltenden historiographischen Debatte (Neue Historiker vs. traditionelle Geschichtsschreibung)
DET-016,DET-009,hist001,Rechenschaftspflicht,✘ Menachem Begin (Kommandant der Irgun) wurde israelischer Premierminister (1977–1983); Friedensnobelpreis (1978)
DET-017,DET-010,hist001,Unmittelbare Auswirkungen,70.000 Palästinenser flohen aus Haifa und gaben Deir Yassin als Grund an.
DET-018,DET-011,hist001,Langfristige Bedeutung,Relevant für die aktuellen Diskussionen über das palästinensische Rückkehrrecht
DET-019,DET-012,hist001,Rechenschaftspflicht,"✘ Jitzchak Schamir (Lehi-Führer) wurde israelischer Premierminister (1983–1984, 1986–1992)"
DET-020,DET-013,hist001,Unmittelbare Auswirkungen,Vollständige Entvölkerung von Deir Yassin; Eingliederung der Gebiete in Westjerusalem
DET-021,DET-014,hist001,Rechenschaftspflicht,✘ Das Dorfgelände wurde nie wiederhergestellt; die psychiatrische Klinik Kfar Shaul wurde 1951 auf Dorfland errichtet.
DET-022,DET-015,hist001,Im April 1948 geltendes Recht,"Viertes Haager Übereinkommen (1907): Seit 1948 üblich. Art. 23(c): Tötung von Feinden, die die Waffen niederlegen; Art. 25: Angriff auf unverteidigte Orte; Art. 28: Plünderung; Art. 46: Schutz der Familienehre, des Lebens und des Eigentums."
DET-023,DET-016,hist001,Kontext nach 1949 (Beschreibend),Viertes Genfer Abkommen (1949): Verabschiedet am 12. August 1949 (16 Monate nach Deir Yassin). Israel ratifizierte es am 6. Juli 1951; Jordanien am 29. Mai 1951. Nicht rückwirkend anwendbar auf die Ereignisse vom April 1948.
DET-024,DET-017,hist001,Vertragsanfechtbarkeit,Grundsatz des Wiener Übereinkommens: Verträge haben keine Rückwirkungswirkung (Art. 28). Das Genfer Übereinkommen IV kann nicht auf Ereignisse vor seiner Annahme angewendet werden.
DET-025,DET-018,hist001,Im April 1948 geltendes Recht,"Martens-Klausel (1899/1907): Humanitäre Prinzipien sind auch dann verbindlich, wenn sie nicht explizit kodifiziert sind."
DET-026,DET-019,hist001,Kontext nach 1949 (Beschreibend),Römisches Statut (1998): Moderner Rahmen zur Charakterisierung von Handlungen als Verbrechen gegen die Menschlichkeit und Kriegsverbrechen. Wird deskriptiv verwendet; keine rückwirkende Anwendung.
DET-027,DET-020,hist001,Vertragsanfechtbarkeit,Gewohnheitsrecht des humanitären Völkerrechts: Das Haager Übereinkommen von 1907 + Martens-Klausel banden 1948 alle Vertragsparteien unabhängig von einer Ratifizierung.
DET-028,DET-021,hist001,Im April 1948 geltendes Recht,Anmerkung: Diese Instrumente waren 1948 für alle Parteien als Völkergewohnheitsrecht des humanitären Völkerrechts anfechtbar.
DET-029,DET-022,hist001,Kontext nach 1949 (Beschreibend),"Hinweis: Moderne Klassifikationen erleichtern das Verständnis, begründen aber keine rückwirkenden rechtlichen Verpflichtungen."
DET-033,DET-023,hist001,Ereignistyp,
DET-034,DET-024,hist001,Täter,
DET-035,DET-025,hist001,Überprüfung,
DET-036,DET-026,hist001,Einstufung,
DET-037,DET-027,hist001,Jacques de Reynier,Beschrieb schwer bewaffnete junge Milizionäre; Leichenberge; die Rettung einiger Überlebender; bemerkte eine Siegesparade von Gefangenen.
DET-038,DET-028,hist001,Meir Pa'il,"Berichte über wahlloses Töten und die Vorführung von Gefangenen in Jerusalem; anschließende Hinrichtungen wurden dokumentiert. „Es war direkter Mord. Das Hagana-Kommando versuchte, den Fall zu vertuschen.“"
DET-039,DET-029,hist001,Fahimi Zidan,"Die Juden befahlen uns allen, uns an der Wand aufzustellen. Dann begannen sie, auf uns zu schießen. Ich wurde in die Seite getroffen, aber die meisten von uns Kindern überlebten, weil wir uns hinter unseren Eltern versteckt hatten. Die Kugeln trafen meine Schwester Kadri in den Kopf, meine Schwester Sameh in die Wange und meinen Bruder Muhammad in die Brust."
DET-040,DET-030,hist001,Richard Catling,"Es besteht kein Zweifel daran, dass die angreifenden Juden zahlreiche sexuelle Gräueltaten begangen haben. Viele junge Schülerinnen wurden vergewaltigt und später ermordet. Auch alte Frauen wurden missbraucht."
DET-041,DET-031,hist001,Nichtangriffsabkommen,"Die Dorfältesten und die benachbarten jüdischen Gemeinden vereinbaren, Feindseligkeiten zu vermeiden."
DET-042,DET-032,hist001,Angriff beginnt,Irgun/Lehi-Angriff mit mehreren Achsen; heftiger Widerstand; später Unterstützung durch Haganah/Palmach mit Mörsern.
DET-043,DET-033,hist001,Tötungen und Plünderungen,Hausmorde; Berichte über Hinrichtungen und Schändungen; systematische Plünderungen.
DET-044,DET-034,hist001,Gefangene vorgeführt,"Überlebende wurden in Lastwagen transportiert, in Jerusalem vorgeführt und dann freigelassen; internationaler Aufschrei."
DET-045,DET-035,hist001,Massentötungen von Zivilisten,"Bei Hausdurchsuchungen wurden Zivilisten getötet; Leichen wurden im ganzen Dorf gefunden. Unter den Opfern befanden sich Frauen, Kinder und ältere Menschen."
DET-046,DET-036,hist001,Zusammenfassung der Ausführungen,"Mehrere Zeugen berichteten, dass Gefangene aufgereiht und hingerichtet wurden. Meir Pa'il (Palmach): „Es war Mord.“"
DET-047,DET-037,hist002,Sexuelle Gewalt und Schändung,Der britische stellvertretende Inspektor Richard Catling (Bericht CO 537/3869): „Es wurden viele sexuelle Gräueltaten begangen… Viele junge Schülerinnen wurden vergewaltigt und später abgeschlachtet.“ Leichen verstümmelt.
DET-048,DET-038,hist002,Plünderung und Zerstörung,Systematische Plünderung von Häusern; Diebstahl von Wertgegenständen und Vieh. Das Dorf wurde später dem Erdboden gleichgemacht; die Ländereien wurden annektiert.
DET-049,DET-039,hist002,Zwangsumsiedlung und Demütigung,Die Überlebenden wurden vor ihrer Freilassung durch jüdische Viertel geführt. Die öffentliche Demütigung wurde fotografiert und veröffentlicht.
DET-050,DET-040,hist002,Todesfälle (Massenhinrichtungen),"Vorwiegend Männer im Alter von 15 bis 60 Jahren, die nach ihrer Kapitulation hingerichtet wurden; ihre Leichen wurden in Massengräbern beigesetzt."
DET-051,DET-041,hist002,Verletzt,Die meisten männlichen Gefangenen wurden getötet statt festgehalten.
DET-052,DET-042,hist002,Verdrängt,Die gesamte Dorfbevölkerung wurde vertrieben; viele wurden nach Furaydis geschickt.
DET-053,DET-043,hist002,Dan Epstein,Oberkommando der Brigade während der Küstenoperationen; verantwortlich für die Planung und Durchführung des Angriffs auf Tantura. Fortsetzung der Militärkarriere in der israelischen Armee; als Brigadegründer geehrt. Nie strafrechtlich verfolgt; Massaker trotz Aussagen von Untergebenen nie öffentlich anerkannt.
DET-054,DET-044,hist002,Binyamin Shechter,"Bei Operationen anwesend; wurde Zeuge von Hinrichtungen und Beerdigungen. Sagte aus: „Ich kenne drei Orte, an denen Menschen getötet und begraben wurden … Ich schätze, dass etwa 200 bis 230 Menschen getötet wurden.“ Im Zivilleben brach er sein Schweigen in Interviews mit Katz (1998) und in einer Dokumentation (2022). Trotz seines direkten Wissens wurde er nie strafrechtlich verfolgt; seine Aussagen wurden zwar aufgezeichnet, aber von den israelischen Behörden ignoriert."
DET-055,DET-045,hist002,Haim Hermesh,"Er nahm an den Operationen teil und sagte aus: „Sie brachten sie in Gruppen, Männer ab 15 Jahren. Sie wurden erschossen … wir erhielten den Befehl, sie zu begraben.“ Im Zivilleben bestätigte er gegenüber Katz die Hinrichtungen und Beerdigungen. Trotz seines Geständnisses, an den Tötungen und Beerdigungen beteiligt gewesen zu sein, wurde er nie angeklagt."
DET-056,DET-046,hist002,Anonyme Alexandroni-Veteranen (Mehrere),"Über 135 Veteranen wurden von Katz interviewt; viele bestätigten Hinrichtungen, Massengräber und systematische Tötungen. Mehrere gaben detaillierte Ortsangaben und Schätzungen der Opferzahlen an. Sie verfolgten verschiedene zivile Karrieren; einige erlangten Ansehen in der israelischen Gesellschaft. Keiner wurde strafrechtlich verfolgt; viele bestätigten zunächst die Berichte, verklagten Katz dann aber wegen Verleumdung, obwohl ihre eigenen Aussagen aufgezeichnet worden waren."
DET-057,DET-047,hist002,Teddy Katz (Forscher),"Kein Täter; hier aufgeführt aufgrund seiner Rolle bei der Aufdeckung unterdrückter Geschichte durch über 140 Interviews. Seine akademische Karriere wurde durch eine Verleumdungsklage von Alexandroni-Veteranen zerstört; er wurde unter Druck gesetzt, eine „Entschuldigung“ zu unterzeichnen (die er später zurückzog); er erlitt einen psychischen Zusammenbruch. Er war Opfer einer Unterdrückungskampagne; seine Forschung wurde durch einen Dokumentarfilm von 2022 bestätigt, aber nie offiziell anerkannt."
DET-065,DET-048,hist002,Unmittelbare Auswirkungen,Trug während des Krieges von 1948 zur Angst und zur Flucht der Palästinenser aus den Küstendörfern bei.
DET-066,DET-049,hist002,Die Katz-Affäre (1998-2000),1998: Der Masterstudent Teddy Katz dokumentiert das Massaker anhand von über 140 Interviews mit Veteranen und Überlebenden.
DET-067,DET-050,hist002,Langfristige Bedeutung,Symbol der historischen Unterdrückung und Leugnung in Israel; Inbegriff der Auslöschung der Nakba
DET-068,DET-051,hist002,Rechenschaftspflicht,✘ Trotz zahlreicher aktenkundiger Geständnisse von Soldaten wurde nie ein Täter strafrechtlich verfolgt.
DET-069,DET-052,hist002,Unmittelbare Auswirkungen,Sicherung der Mittelmeerküste für den israelischen Staat; strategische Kontrolle des Korridors Haifa-Tel Aviv
DET-070,DET-053,hist002,Die Katz-Affäre (1998-2000),"1999: Veteranen der Alexandroni-Brigade verklagen Katz wegen Verleumdung, obwohl sie selbst protokollierte Zeugenaussagen gemacht haben."
DET-071,DET-054,hist002,Langfristige Bedeutung,Der Dokumentarfilm „Tantura“ von Alon Schwarz aus dem Jahr 2022 erregt mit Zeugenaussagen von Soldaten erneut internationale Aufmerksamkeit.
DET-072,DET-055,hist002,Rechenschaftspflicht,"Die israelische Regierung weigert sich, das Massaker offiziell anzuerkennen."
DET-073,DET-056,hist002,Unmittelbare Auswirkungen,Sofort als geheim eingestuft und aus der offiziellen israelischen Geschichte verbannt.
DET-074,DET-057,hist002,Die Katz-Affäre (1998-2000),"2000: Unter starkem Druck wurde Katz gezwungen, eine „Entschuldigung“ zu unterzeichnen und die Ergebnisse zurückzuziehen (später zog er die Entschuldigung zurück)."
DET-075,DET-058,hist002,Langfristige Bedeutung,Die palästinensischen Forderungen nach der Ausgrabung von Massengräbern und der ordnungsgemäßen Bestattung der Opfer dauern an.
DET-076,DET-059,hist002,Rechenschaftspflicht,✘ Alle Anträge auf Ausgrabung von Massengräbern zur ordnungsgemäßen Identifizierung und Bestattung wurden abgelehnt.
DET-077,DET-060,hist002,Unmittelbare Auswirkungen,Das etablierte Muster der Massenhinrichtung und -verheimlichung wurde auch andernorts während der Nakba angewendet.
DET-078,DET-061,hist002,Die Katz-Affäre (1998-2000),Die Universität Haifa stufte seine Dissertation herab; Katz erlitt aufgrund des Drucks einen psychischen Zusammenbruch.
DET-079,DET-062,hist002,Langfristige Bedeutung,Teil der umfassenderen Nakba-Gedenkfeier und des Aktivismus für das Rückkehrrecht
DET-080,DET-063,hist002,Rechenschaftspflicht,✘ Kibbuz Nahsholim wurde auf Dorfruinen errichtet – vollständige Auslöschung der palästinensischen Präsenz
DET-081,DET-064,hist002,Die Katz-Affäre (1998-2000),Abschreckende Wirkung auf die israelische historische Forschung zu den Gräueltaten von 1948 für zwei Jahrzehnte
DET-082,DET-065,hist002,Langfristige Bedeutung,"Akademische Debatte über israelische Geschichtsnarrative, kollektives Gedächtnis und Verantwortlichkeit"
DET-083,DET-066,hist002,Rechenschaftspflicht,✘ Teddy Katz' akademische Karriere wurde durch die Dokumentation des Massakers zerstört; er wurde zum Paria in der israelischen Wissenschaft.
DET-084,DET-067,hist002,Langfristige Bedeutung,Der Parkplatz über dem Massengrab bleibt ein sichtbares Symbol für die andauernde Auslöschung und Verleugnung.
DET-085,DET-068,hist002,Rechenschaftspflicht,✘ Das Massengrab unter dem Parkplatz von Dor Beach ist trotz bekannter Lage noch immer unberührt.
DET-086,DET-069,hist002,Rechenschaftspflicht,✘ Das Dorfland wurde nie zurückgegeben; Überlebenden und Nachkommen wurde der Zugang zu den Grabstätten verweigert.
DET-087,DET-070,hist002,Im Mai 1948 geltendes Recht,"Viertes Haager Übereinkommen (1907): Seit 1948 üblich. Art. 23(c): Tötung von Feinden, die die Waffen niederlegen; Art. 23(d): Erklärungen, keine Gnade zu üben; Art. 25: Angriff auf unverteidigte Orte; Art. 28: Plünderung; Art. 46: Schutz der Familienehre, des Lebens und des Eigentums."
DET-088,DET-071,hist002,Kontext nach 1949 (Deskriptive Klassifizierung),"Viertes Genfer Abkommen (1949): Verabschiedet am 12. August 1949 (drei Monate nach Tantura). Israel ratifizierte es am 6. Juli 1951. Art. 3: Verbot von Gewalt gegen Leben und Person, einschließlich der Tötung von Personen, die nicht aktiv an den Kampfhandlungen beteiligt sind. Nicht rückwirkend anwendbar auf Mai 1948."
DET-089,DET-072,hist002,Vertragsanfechtbarkeit,Grundsatz des Wiener Übereinkommens: Verträge haben keine Rückwirkungswirkung (Art. 28). Das Genfer Übereinkommen IV kann nicht auf Ereignisse vor seiner Annahme angewendet werden.
DET-090,DET-073,hist002,Im Mai 1948 geltendes Recht,"Martens-Klausel (1899/1907): Humanitäre Prinzipien sind auch dann verbindlich, wenn sie nicht explizit kodifiziert sind."
DET-091,DET-074,hist002,Kontext nach 1949 (Deskriptive Klassifizierung),"Römisches Statut (1998): Moderner Rahmen zur Charakterisierung von Handlungen als Verbrechen gegen die Menschlichkeit (Mord, Verfolgung, Deportation) und Kriegsverbrechen (vorsätzliche Tötung von Kriegsgefangenen, Angriffe auf Zivilisten, die sich ergeben haben). Es wird deskriptiv angewendet; keine rückwirkende Anwendung."
DET-092,DET-075,hist002,Vertragsanfechtbarkeit,Gewohnheitsrecht des humanitären Völkerrechts: Das Haager Übereinkommen von 1907 + Martens-Klausel banden 1948 alle Vertragsparteien unabhängig von einer Ratifizierung.
DET-093,DET-076,hist002,Im Mai 1948 geltendes Recht,Anmerkung: Diese Instrumente waren 1948 für alle Parteien als Völkergewohnheitsrecht des humanitären Völkerrechts anfechtbar.
DET-094,DET-077,hist002,Kontext nach 1949 (Deskriptive Klassifizierung),"Hinweis: Moderne Klassifikationen erleichtern das Verständnis, begründen aber keine rückwirkenden rechtlichen Verpflichtungen."
DET-096,DET-078,hist002,Ereignistyp,
DET-097,DET-079,hist002,Täter,
DET-098,DET-080,hist002,Überprüfung,
DET-099,DET-081,hist002,Einstufung,
DET-100,DET-082,hist002,Anonymer Soldat der Alexandroni-Brigade,"Es gab keinen Kampf. Sie hissten weiße Flaggen... Wir trieben die Männer zusammen und brachten sie weg. Einige wurden zum Friedhof gebracht, andere zum Strand. Dort wurden sie aufgereiht und erschossen. Ich war dabei."
DET-101,DET-083,hist002,Mariam Al-Yahya,"Sie trennten die Männer von uns. Wir hörten den ganzen Tag und die ganze Nacht hindurch Schüsse. Am Morgen wurden wir aufgefordert zu gehen. Wir sahen unsere Männer nie wieder. Mein Vater, meine beiden Brüder, mein Onkel – alle tot."
DET-102,DET-084,hist002,Binyamin Shechter,"Mir sind drei Orte bekannt, an denen Menschen getötet und begraben wurden: der Friedhof, der Strand südlich des Dorfes und die Gegend um den Dorfbrunnen. Die Zahl der Opfer? Ich schätze, etwa 200 bis 230 Menschen wurden getötet."
DET-103,DET-085,hist002,Haim Hermesh,"Sie wurden gruppenweise abgeführt, Männer ab 15 Jahren. Sie wurden erschossen. Ich sah die Leichen. Nach einiger Zeit erhielten wir den Befehl, sie zu begraben. Einige arabische Frauen wurden gezwungen, beim Ausheben zu helfen."
DET-104,DET-086,hist002,Fawziyya Saleh,"Sie zwangen uns, Leichen zu tragen. Ich sah meinen Lehrer, tot. Ich sah Männer, die ich seit meiner Kindheit kannte, alle tot am Strand. Die Soldaten lachten und rauchten Zigaretten."
DET-105,DET-087,hist002,Angriff beginnt,Die Alexandroni-Brigade greift Tantura vom Land und vom Meer aus an. Das Dorf ist weitgehend wehrlos und nur minimal bewaffnet.
DET-106,DET-088,hist002,Dorf ergibt sich,"Die Dorfältesten hissten weiße Fahnen und verhandelten über die Kapitulation. Den Dorfbewohnern wurde Sicherheit versprochen, falls sie sich fügten. Ein israelischer Soldat erklärte: „Es gab keinen Kampf. Sie haben weiße Fahnen gehisst.“"
DET-107,DET-089,hist002,Trennung der Männer von ihren Familien,Männer wurden von Frauen und Kindern getrennt. Männer im Alter von 15 bis 60 Jahren versammelten sich auf dem Dorfplatz und am Strand.
DET-108,DET-090,hist002,Massenhinrichtungen,"Systematische Hinrichtung männlicher Gefangener Tag und Nacht. Gruppen wurden zu Hinrichtungsorten (Friedhof, Strand, Dorfbrunnen) gebracht und erschossen. Soldat: „Sie stellten sie auf und erschossen sie … Ich war dabei.“"
DET-109,DET-091,hist002,Massenbestattung,"Leichen wurden an verschiedenen Orten, darunter Stränden und Friedhöfen, in Massengräbern verscharrt. Einige Überlebende wurden gezwungen, Gräber auszuheben. Soldat: „Wir bekamen den Befehl, sie zu begraben. Einige arabische Frauen wurden gezwungen, beim Ausheben zu helfen.“"
DET-110,DET-092,hist002,Ausweisung der Überlebenden,"Überlebende Frauen, Kinder und Ältere wurden aus dem Dorf vertrieben. Viele wurden nach Furaydis deportiert. Das Dorf wurde geplündert; Eigentum beschlagnahmt."
DET-111,DET-093,hist002,Dorf abgerissen; Vertuschung beginnt,Tantura wurde abgerissen. Der Kibbuz Nahsholim wurde auf den Ruinen des Dorfes errichtet (1948–1950). Massengräber wurden verborgen; das Massaker wurde aus der israelischen Geschichte getilgt.
DET-112,DET-094,hist002,Die Katz-Affäre,"Teddy Katz dokumentierte das Massaker anhand von über 140 Interviews mit Veteranen und Überlebenden. Veteranen von Alexandroni klagten trotz ihrer eigenen Aussagen wegen Verleumdung. Katz wurde unter Druck gesetzt, eine „Entschuldigung“ zu unterzeichnen (die er später zurückzog); seine Dissertation wurde herabgestuft."
DET-113,DET-095,hist002,Dokumentarfilm weckt erneut Aufmerksamkeit,"Der Film „Tantura“ von Alon Schwarz enthält aufgezeichnete Zeugenaussagen von Soldaten, die das Massaker bestätigen. Er wurde auf dem Sundance Film Festival veröffentlicht; die israelischen Behörden weigern sich weiterhin, Massengräber auszuheben."
DET-114,DET-096,hist002,Massenexekution von Kriegsgefangenen,Nach der Kapitulation des Dorfes wurden die männlichen Gefangenen systematisch hingerichtet. Ein israelischer Soldat berichtete: „Sie stellten sie auf und erschossen sie … Ich war an allem beteiligt.“ Verstöße gegen das Kriegsrecht hinsichtlich der Behandlung von Kriegsgefangenen.
DET-115,DET-097,hist002,Hinrichtung nach Kapitulation,Das Dorf hisste weiße Flaggen und verhandelte über die Kapitulation. Sicherheitsversprechen wurden gebrochen. Soldat: „Es gab keinen Kampf. Sie hissten weiße Flaggen … Wir sammelten die Männer ein und nahmen sie gefangen.“
DET-116,DET-098,hist002,Hinrichtungen am Strand,Mehrere Zeugenaussagen beschreiben Hinrichtungen am Strand von Tantura. Ein Überlebender berichtet: „Sie brachten die Männer gruppenweise herbei … wir hörten Schüsse. Sie kamen nicht zurück.“ Die Leichen wurden vor der Beerdigung am Strand zurückgelassen.
DET-117,DET-099,hist003,Massengräber und die Vertuschung von Beweismitteln,"Leichen wurden in mehreren Massengräbern auf einem Friedhof, am Strand und an einem Dorfbrunnen verscharrt. Ein Grab befindet sich unter dem heutigen Parkplatz von Dor Beach. Geheimdienstmitarbeiter: „Mir sind drei Orte bekannt … Ich schätze, dass etwa 200 bis 230 Menschen getötet wurden.“ Die israelischen Behörden lehnen Ausgrabungen ab."
DET-118,DET-100,hist003,Trennung von Familien,"Vor den Hinrichtungen wurden Männer bewusst von Frauen und Kindern getrennt. Frauen und Kinder wurden gezwungen, die Folgen mitzuerleben; einige wurden gezwungen, die Leichen zu begraben."
DET-119,DET-101,hist003,Plünderung und vollständige Zerstörung,"Systematische Plünderungen von Häusern, Diebstahl von Wertgegenständen, Fischerbooten und Eigentum. Das Dorf wurde vollständig zerstört. Auf dem Dorfgelände wurde der Kibbuz Nahsholim errichtet; ein Massengrab wurde unter einem Parkplatz begraben."
DET-120,DET-102,hist003,Zwangsausweisung,Die überlebende Bevölkerung wurde zwangsweise in nahegelegene Dörfer vertrieben. Ihnen wurde die Rückkehr und die Bestattung ihrer Toten verwehrt. Ihr Eigentum wurde gemäß dem israelischen Gesetz über das Vermögen abwesender Personen beschlagnahmt.
DET-121,DET-103,hist003,Tötungsdelikte innerhalb der Stadt (Lydda),Stadtweite Schießereien; Massaker in der Dahmash-Moschee (70–250+ Tote); Häuser und Straßen
DET-122,DET-104,hist003,Todesmarsch,"Hitze, Durst, Erschöpfung; Säuglinge und ältere Menschen besonders betroffen"
DET-123,DET-105,hist003,Verdrängt,Die gesamte Bevölkerung von Lydda (~20.000) und Ramle (~17.000) sowie ~30.000 Flüchtlinge wurden nach Ramallah gezwungen.
DET-124,DET-106,hist003,Yigal Allon,Einsatzleiter Dani (Palmach) – Gesamtoperationsführung; genehmigte den Angriff auf Lydda-Ramle; erließ oder genehmigte Ausweisungsbefehle für beide Städte
DET-125,DET-107,hist003,Jitzchak Rabin,Stellvertretender Kommandeur der Operation Dani (Palmach) – Zweiter Befehlshaber; nach eigenen Angaben fragte er Ben-Gurion: „Was sollen wir mit den Arabern tun?“ und erhielt daraufhin ein Handzeichen zur Ausweisung. Er war direkt an der Ausführung der Ausweisungsbefehle beteiligt.
DET-126,DET-108,hist003,Moshe Dayan,"Bataillonskommandeur, 89. Kommandobataillon (Palmach) — Führte den Bodenangriff auf Lydda an; befehligte die Streitkräfte während stadtweiter Operationen und Tötungen"
DET-127,DET-109,hist003,Shmuel Lahis (Lahav),Kompaniechef des 3. Bataillons der Yiftach-Brigade – direkt in die Morde in der Dahmash-Moschee verwickelt; führte die Streitkräfte bei Haus-zu-Haus-Operationen in Lydda an.
DET-128,DET-110,hist003,David Ben-Gurion,"Premierminister und Verteidigungsminister – die höchste politische Autorität; laut Rabins zensierten Memoiren machte er eine Handgeste zum Ausweisen, als er nach der arabischen Bevölkerung gefragt wurde."
DET-136,DET-111,hist003,Unmittelbare Auswirkungen,Die größte Vertreibungsaktion des Jahres 1948: ≈50.000–70.000 Menschen wurden in einer einzigen Operation aus zwei Städten vertrieben.
DET-137,DET-112,hist003,Langfristige Bedeutung,Zentrale Episode im kollektiven Gedächtnis der Palästinenser; der „Todesmarsch von Lydda“ wird zusammen mit Deir Yassin erwähnt.
DET-138,DET-113,hist003,Rechenschaftspflicht,✘ Für die Morde und Vertreibungen in Lydda-Ramle wurden keine Täter strafrechtlich verfolgt.
DET-139,DET-114,hist003,Unmittelbare Auswirkungen,Strategischer Gewinn für Israel: Sicherung des Korridors nach Jerusalem; Einnahme des späteren Flughafengeländes Ben Gurion.
DET-140,DET-115,hist003,Langfristige Bedeutung,"Historiographische Kontroverse: Israelische „Neue Historiker“ (Morris, Pappé) stellten in den 1980er- bis 2000er-Jahren die offiziellen Darstellungen in Frage."
DET-141,DET-116,hist003,Rechenschaftspflicht,Yigal Allon (Kommandant) wurde stellvertretender Premierminister und Außenminister; er wurde als israelischer Held geehrt.
DET-142,DET-117,hist003,Unmittelbare Auswirkungen,Humanitäre Katastrophe: Der „Todesmarsch“ wurde zum prägenden Symbol der Nakba-Brutalität
DET-143,DET-118,hist003,Langfristige Bedeutung,Die Zensur von Rabins Memoiren (1979) wurde in den 1990er Jahren aufgedeckt; sie wurden zum Symbol unterdrückter Geschichte
DET-144,DET-119,hist003,Rechenschaftspflicht,✘ Jitzchak Rabin (stellvertretender Kommandeur) wurde Premierminister und Friedensnobelpreisträger (1994)
DET-145,DET-120,hist003,Unmittelbare Auswirkungen,Flüchtlingskrise: Vertriebene Bevölkerung überlastete die Ressourcen in Ramallah/Westjordanland; viele flohen später nach Jordanien.
DET-146,DET-121,hist003,Langfristige Bedeutung,Andauernde rechtliche/politische Relevanz: Nachkommen von Vertriebenen berufen sich in ihren Rückkehransprüchen auf Lydda-Ramle.
DET-147,DET-122,hist003,Rechenschaftspflicht,✘ Moshe Dayan (Bataillonskommandeur) wurde Verteidigungsminister und Außenminister; eine ikonische Militärfigur
DET-148,DET-123,hist003,Langfristige Bedeutung,Die Dahmash-Moschee steht noch immer in Lod; trotz Einschränkungen findet hier gelegentlich Gedenkveranstaltungen statt.
DET-149,DET-124,hist003,Rechenschaftspflicht,✘ Shmuel Lahis (Dahmash-Moschee) wurde in den 1950er Jahren wegen eines anderen Vorfalls verurteilt; das Urteil wurde 2020 aufgehoben; die Morde in der Moschee wurden nie angeklagt.
DET-150,DET-125,hist003,Rechenschaftspflicht,✘ Das Eigentum wurde nie zurückgegeben; Lydda/Ramle wurde in Lod/Ramla umbenannt; die Bevölkerung wurde von jüdischen Einwanderern neu besiedelt.
DET-151,DET-126,hist003,Rechenschaftspflicht,✘ UN-Vermittler Graf Bernadotte (der die Vertreibungen dokumentierte) wurde im September 1948 von Lehi ermordet
DET-152,DET-127,hist003,Im Juli 1948 geltendes Recht,"Viertes Haager Übereinkommen (1907): Seit 1948 üblich. Art. 23(c): Tötung von Feinden, die die Waffen niederlegen; Art. 25: Angriff auf unverteidigte Orte; Art. 28: Plünderung; Art. 46: Schutz der Familienehre, des Lebens und des Eigentums; Art. 52: Verbot von Kollektivstrafen."
DET-153,DET-128,hist003,Kontext nach 1949 (Deskriptive Klassifizierung),Viertes Genfer Abkommen (1949): Verabschiedet am 12. August 1949 (einen Monat nach Lydda). Israel ratifizierte es am 6. Juli 1951; Jordanien am 29. Mai 1951. Art. 49: „Zwangsverlegungen einzelner Personen oder von Gruppen sind unabhängig von ihrem Motiv verboten.“ Nicht rückwirkend anwendbar auf Juli 1948.
DET-154,DET-129,hist003,Befehlsverantwortung,"Nürnberger Prinzipien (1946): Es wurde festgelegt, dass Kommandeure für Verbrechen ihrer Untergebenen verantwortlich sind, wenn sie davon wussten oder hätten wissen müssen und es versäumt haben, diese zu verhindern oder zu bestrafen."
DET-155,DET-130,hist003,Vertragsanfechtbarkeit,Grundsatz des Wiener Übereinkommens: Verträge haben keine Rückwirkungswirkung (Art. 28). Das Genfer Übereinkommen IV kann nicht auf Ereignisse vor seiner Annahme angewendet werden.
DET-156,DET-131,hist003,Im Juli 1948 geltendes Recht,"Martens-Klausel (1899/1907): Humanitäre Prinzipien sind auch dann verbindlich, wenn sie nicht explizit kodifiziert sind."
DET-157,DET-132,hist003,Kontext nach 1949 (Deskriptive Klassifizierung),Römisches Statut (1998): Art. 7(1)(d): Deportation oder Zwangsverlegung (Verbrechen gegen die Menschlichkeit); Art. 7(1)(a): Mord (Verbrechen gegen die Menschlichkeit); Art. 8(2)(a)(i): Vorsätzliche Tötung (Kriegsverbrechen); Art. 8(2)(b)(xxv): Vorsätzliches Aushungern der Zivilbevölkerung (Kriegsverbrechen). Die Bestimmungen werden deskriptiv verwendet; eine rückwirkende Anwendung findet nicht statt.
DET-158,DET-133,hist003,Befehlsverantwortung,"Anwendung auf die Operation Dani: Allon (Einsatzleiter), Rabin (Stellvertreter), Dayan (Bataillonskommandeur) und Lahis (Einheitsoffizier) bekleideten während dokumentierter Gräueltaten Führungspositionen. Rabins eigene Memoiren bestätigen dieses Wissen auf höchster Ebene. Es wurden keine Ermittlungen oder Strafverfolgungen eingeleitet."
DET-159,DET-134,hist003,Vertragsanfechtbarkeit,Gewohnheitsrecht des humanitären Völkerrechts: Das Haager Übereinkommen von 1907 + Martens-Klausel banden 1948 alle Vertragsparteien unabhängig von einer Ratifizierung.
DET-160,DET-135,hist003,Im Juli 1948 geltendes Recht,"Völkergewohnheitsrecht: Verbot der Zwangsverlegung/Deportation von Zivilpersonen; Verpflichtung, den Zugang zu lebensnotwendigen Gütern (Wasser, medizinische Versorgung) während Kampfhandlungen zu gewährleisten."
DET-161,DET-136,hist003,Kontext nach 1949 (Deskriptive Klassifizierung),"Hinweis: Moderne Klassifikationen erleichtern das Verständnis, begründen aber keine rückwirkenden rechtlichen Verpflichtungen."
DET-162,DET-137,hist003,Im Juli 1948 geltendes Recht,Anmerkung: Diese Instrumente waren 1948 für alle Parteien als Völkergewohnheitsrecht des humanitären Völkerrechts anfechtbar.
DET-166,DET-138,hist003,Ereignistyp,
DET-167,DET-139,hist003,Täter,
DET-168,DET-140,hist003,Überprüfung,
DET-169,DET-141,hist003,Einstufung,
DET-170,DET-142,hist003,Suleiman (Sami) Munayyer,"Beschreibt den Fall von Lydda, die stadtweite Panik und die Morde in der Dahmash-Moschee. „Leichen stapelten sich in der Moschee. Ich half, Leichen zu verbrennen.“ Schätzungen gehen von 70 bis 80 Toten in der Moschee aus; andere Berichte sprechen von über 250."
DET-171,DET-143,hist003,Reja-e Busailah,Menschenmengen wurden von der Straße in unwegsames Gelände getrieben. Lautsprecher trieben den Marsch an. Erschöpfung und Tod waren die Folge. Leichen lagen entlang der Route.
DET-172,DET-144,hist003,Ismail Shammout,"Die Menschen kauten Gras, um ihren Durst zu stillen. Säuglinge starben auf dem Marsch. Versuche, Wasser zu beschaffen, wurden bedroht. Ich sah Alte zusammenbrechen und sterben. Die Hitze war unerträglich."
DET-173,DET-145,hist003,Jitzchak Rabin,"„Was sollen wir mit den Arabern tun?“, fragte ich [Ben-Gurion]. Er winkte mit der Hand, eine Geste, die bedeutete: „Vertreibt sie!“ [Diese Passage wurde in der hebräischen Ausgabe der Memoiren von 1979 zensiert; in späteren Ausgaben wieder eingefügt.]"
DET-174,DET-146,hist003,Operation Dani beginnt,Die israelischen Streitkräfte rücken in Richtung des Sektors Lydda-Ramle vor. Allon führt die Operation an; Rabin ist sein Stellvertreter; Dayan befehligt das Bodenbataillon.
DET-175,DET-147,hist003,Angriff auf Lydda,Die 8. Panzerbrigade und Infanterie rücken in Lydda ein. Heftiges Feuer wird gemeldet; Panik bricht aus. Ramle fällt am selben Tag mit weniger Widerstand.
DET-176,DET-148,hist003,Massaker in der Dahmash-Moschee,Soldaten dringen in das Moscheegelände ein; Schüsse und Granaten töten 70 bis über 250 Menschen (die Schätzungen variieren). Leichen türmen sich in und um die Moschee.
DET-177,DET-149,hist003,Ausschlussverfügung erlassen,"Das Kommando von Allon/Rabin erließ den Ausweisungsbefehl. Rabin schrieb später, er habe Ben-Gurion gefragt: „Was sollen wir mit den Arabern tun?“ und daraufhin eine Handbewegung zur Ausweisung erhalten (zensiert in den Memoiren von 1979)."
DET-178,DET-150,hist003,Der Todesmarsch beginnt,50.000–70.000 Palästinenser wurden zu Fuß nach Ramallah getrieben. Extreme Hitze (Juli); kein Wasser. Lautsprecherdurchsagen zwangen die Menschen zum Vorankommen; Soldaten verhinderten Hilfslieferungen.
DET-179,DET-151,hist004,Der März geht weiter; die Zahl der Todesfälle steigt.,"Säuglinge und ältere Menschen sterben auf dem Weg. Überlebende berichten, wie sie Gras kauten, um Feuchtigkeit zu tanken; Leichen liegen am Straßenrand. Internationale Beobachter dokumentieren später das Leid."
DET-180,DET-152,hist004,Stadtweite Schießereien,Während und nach dem Angriff kam es in Lydda zu zahlreichen Tötungen auf den Straßen und in den Häusern. Überall in der Stadt wurden Leichen gefunden. Schätzungen zufolge wurden mehrere Hundert Menschen in der Stadt getötet.
DET-181,DET-153,hist004,Massaker in der Dahmash-Moschee,"Soldaten drangen in das Moscheegelände ein, wo Zivilisten Schutz gesucht hatten. Durch Schüsse und Granaten starben 70 bis über 250 Menschen (die Schätzungen schwanken stark). Munayyer beschreibt Leichenberge im Inneren; er half, die Leichen zu verbrennen. Es war eines der blutigsten Ereignisse des Jahres 1948."
DET-182,DET-154,hist004,Zwangsausweisung und „Todesmarsch“,"50.000 bis 70.000 Menschen wurden in der brütenden Julihitze zu Fuß nach Ramallah getrieben. Lautsprecherdurchsagen: „Verschwindet, sonst schießen wir!“ Kein Wasser, keine Hilfe. Überlebende berichteten: „Die Menschenmassen wurden in unwegsames Gelände getrieben … Erschöpfung und Tod.“"
DET-183,DET-155,hist004,Todesfälle von Säuglingen und älteren Menschen im März,"Ismail Shammout: „Säuglinge starben auf dem Marsch. Menschen kauten Gras, um Feuchtigkeit zu bekommen. Versuche, Wasser zu beschaffen, wurden mit Drohungen beantwortet.“ Ältere Menschen brachen zusammen; Leichen wurden am Straßenrand gefunden."
DET-184,DET-156,hist004,Verweigerung von Wasser und Hilfe,"Soldaten verhinderten den Zugang zu Wasserquellen. Überlebende berichten von Bedrohungen und Gewalt, als sie versuchten, zusammengebrochenen Demonstranten zu helfen oder Wasser zu beschaffen."
DET-185,DET-157,hist004,Plünderung und Beschlagnahme von Eigentum,Häuser wurden während und nach der Machtübernahme geplündert. Das Eigentum der vertriebenen Bevölkerung wurde beschlagnahmt. Lydda und Ramle wurden in Lod und Ramla umbenannt und mit jüdischen Einwanderern neu besiedelt.
DET-186,DET-158,hist004,Zivilisten getötet,Zwei Drittel Frauen und Kinder; getötet in ihren Häusern
DET-187,DET-159,hist004,Verwundet,Von jordanischen Behörden dokumentiert; die tatsächliche Zahl dürfte höher sein.
DET-188,DET-160,hist004,Häuser zerstört,Außerdem wurden Schule und Moschee mit Sprengstoff zerstört.
DET-189,DET-161,hist004,Ariel Sharon,"Kommandierte die Einheit 101 während der Operation Qibya. Führte etwa 600 Soldaten im Angriff an. Später schrieb er, der Befehl habe auf „maximales Töten und Vernichten“ gelautet. Er wurde nie strafrechtlich verfolgt. Anschließend diente er als Verteidigungsminister (1981–1983) und Premierminister (2001–2006)."
DET-190,DET-162,hist004,Moshe Dayan,"Überwachte die Planung der Operation Shoshana. Genehmigte Sharons Operationsplan für den Angriff auf Qibya. Stabschef während der Operationen in der Sueskrise 1956. Später Verteidigungsminister (1967, 1969–1974). Wurde nie für die Operation von 1953 zur Rechenschaft gezogen."
DET-191,DET-163,hist004,David Ben-Gurion,"Die Operation Shoshana und die Vergeltungspolitik wurden autorisiert. Nach dem Massaker wurde fälschlicherweise behauptet, der Angriff sei von israelischen Zivilisten und nicht vom Militär verübt worden. Später wurde die militärische Verantwortung intern eingeräumt. Es wurde erklärt: „Es spielt keine wirkliche Rolle, was in der Welt über Qibya gesagt wird.“"
DET-192,DET-164,hist004,Pinhas Lavon,"Der kommissarische Verteidigungsminister während Ben-Gurions Urlaub genehmigte die Operation Shoshana. Außenminister Moshe Sharett war gegen die Operation, doch Lavon setzte sie mit Ben-Gurions Zustimmung durch."
DET-200,DET-165,hist004,Unmittelbare Auswirkungen,"Erster großer „Vergeltungsangriff“, der die israelische Politik der unverhältnismäßigen Vergeltung begründete"
DET-201,DET-166,hist004,Langfristige Bedeutung,Geschaffener Präzedenzfall für israelische „Kollektivbestrafungs“-Operationen
DET-202,DET-167,hist004,Verantwortlichkeit und Führung,✗ Kein israelisches Personal wurde strafrechtlich verfolgt oder zur Rechenschaft gezogen
DET-203,DET-168,hist004,Unmittelbare Auswirkungen,"Weltweite Verurteilung, unter anderem von den USA, den Vereinten Nationen und jüdischen Gemeinden weltweit."
DET-204,DET-169,hist004,Langfristige Bedeutung,Die UN-Resolution 101 wurde zum Bezugspunkt für zukünftige Verurteilungen.
DET-205,DET-170,hist004,Verantwortlichkeit und Führung,"✗ Ariel Sharon wurde befördert, später Verteidigungsminister (1981) und dann Premierminister (2001-2006)."
DET-206,DET-171,hist004,Unmittelbare Auswirkungen,Die USA haben die Wirtschaftshilfe für Israel bis zur Kooperation mit den UN-Untersuchungen ausgesetzt.
DET-207,DET-172,hist004,Langfristige Bedeutung,Vorlage für Operationen der Einheit 101 erstellt (Sharons „Spezialkräfte“-Modell)
DET-208,DET-173,hist004,Verantwortlichkeit und Führung,✗ Sharon erhielt 1994 (gemeinsam mit Arafat und Rabin) den Friedensnobelpreis für die Oslo-Abkommen.
DET-209,DET-174,hist004,Unmittelbare Auswirkungen,"Jordanische Behörden verhafteten über 1000 mutmaßliche Fedajin, um israelische Vergeltungsmaßnahmen zu verhindern."
DET-210,DET-175,hist004,Langfristige Bedeutung,"Nachweisbares Muster: Große palästinensische Angriffe, gefolgt von massiven israelischen Vergeltungsmaßnahmen."
DET-211,DET-176,hist004,Verantwortlichkeit und Führung,"Internationale Versuche, Sharon wegen Kriegsverbrechen (Sabra/Shatila) anzuklagen, wurden blockiert"
DET-212,DET-177,hist004,Unmittelbare Auswirkungen,Relative Ruhe an der jordanischen Grenze in der Zeit nach der Operation
DET-213,DET-178,hist004,Langfristige Bedeutung,"Teil eines eskalierenden Zyklus, der zur Suez-Krise von 1956 führte"
DET-214,DET-179,hist004,Verantwortlichkeit und Führung,✓ Die UN-Resolution 101 bleibt weiterhin als „schärfste Verurteilung“ in den Annalen.
DET-215,DET-180,hist004,Verstöße gegen das Waffenstillstandsabkommen (1949),Verstöße gegen Artikel II und III: Unprovozierter Militärangriff über die Waffenstillstandslinie hinweg auf jordanisches Territorium. Die Gemischte Waffenstillstandskommission stellte einen klaren Vertragsbruch Israels fest.
DET-216,DET-181,hist004,Völkergewohnheitsrecht,"Unterscheidungsprinzip: Es wurde nicht zwischen militärischen und zivilen Zielen unterschieden. Gezielte Angriffe auf Wohnhäuser, Schulen und Moscheen."
DET-217,DET-182,hist004,Moderne Klassifikation (deskriptiv),"Nach geltendem Völkerrecht (Genfer Konventionen, Römisches Statut) würden folgende Handlungen Folgendes darstellen: vorsätzliche Tötung von Zivilisten, umfangreiche Zerstörung, die nicht durch militärische Notwendigkeit gerechtfertigt ist, Angriffe auf zivile Objekte."
DET-218,DET-183,hist004,Verstöße gegen das Waffenstillstandsabkommen (1949),"Unverhältnismäßige Gewalt: Die Reaktion auf einen Vorfall (3 Tote) mit einer Militäroperation, bei der 69 Zivilisten getötet wurden, wird von internationalen Beobachtern als grob unverhältnismäßig eingestuft."
DET-219,DET-184,hist004,Völkergewohnheitsrecht,Verhältnismäßigkeit: Die UN und die internationale Gemeinschaft verurteilten den Angriff als massiv unverhältnismäßige Vergeltungsmaßnahme.
DET-220,DET-185,hist004,Moderne Klassifikation (deskriptiv),Die Resolution 101 des UN-Sicherheitsrats bezeichnete den Angriff als „unvereinbar mit den Verpflichtungen aus der Charta“.
DET-221,DET-186,hist004,Völkergewohnheitsrecht,Unnötiges Leid: Der Einsatz von Sprengstoff gegen besetzte Wohnhäuser verursachte vermeidbare Todesfälle und Leiden.
DET-222,DET-187,hist004,Ereignistyp,
DET-223,DET-188,hist004,Täter,
DET-224,DET-189,hist004,Überprüfung,
DET-225,DET-190,hist004,Rechtliche Antwort,
DET-226,DET-191,hist004,Ariel Sharon,"Sharon schrieb in seinen Memoiren, er habe den Befehl erhalten: „Qibya sollte ein Beispiel für alle sein.“ Er beschrieb, wie er „maximale Tötungen und Sachbeschädigung“ anordnete. In seiner Autobiografie „Krieger“ heißt es: „Die Befehle waren absolut eindeutig.“"
DET-227,DET-192,hist004,David Ben-Gurion,"Zunächst wurde behauptet, der Angriff sei von israelischen Zivilisten auf eigene Faust verübt worden: „Siedler an der Grenze zu Israel … die des Blutvergießens überdrüssig waren.“ Später wurde intern ein Militäreinsatz eingeräumt. Es hieß: „Es spielt keine wirkliche Rolle, was in der Welt über Qibya gesagt wird.“"
DET-228,DET-193,hist004,Generalmajor Vagn Bennike,"Dem UN-Sicherheitsrat wurde berichtet, dass der Angriff von „etwa einem halben Bataillon Soldaten der israelischen regulären Armee“ unter Verwendung von Mörsern, Bangalore-Torpedos und TNT-Sprengstoff in einer koordinierten Militäroperation durchgeführt wurde."
DET-229,DET-194,hist004,Moshe Sharett,"In seinem privaten Tagebuch sprach er sich gegen die Operation aus: „Ich sagte Lavon, dass dies ein schwerwiegender Fehler sein wird … es hat sich nie gezeigt, dass Vergeltungsmaßnahmen ihren erklärten Zweck erfüllen.“ Später schrieb er: „Ich muss betonen, dass ich, als ich mich gegen die Aktion aussprach, nicht im Entferntesten ein solches Blutbad ahnte.“"
DET-230,DET-195,hist004,Jordanischer Außenminister,Der UNO wurde gemeldet: „Massaker an 66 Einwohnern durch organisierte israelische Streitkräfte“. Eine Dringlichkeitssitzung des Militärrats wurde einberufen. Die systematische Zerstörung von Häusern und die zivilen Opfer wurden als beispielloser Angriff beschrieben.
DET-231,DET-196,hist004,Yehud-Vorfall,Bei einem Granatenangriff in Yehud kamen die Israelin Suzanne Kinyas und ihre beiden Kinder ums Leben. Israel macht Infiltratoren aus Qibya für den Anschlag verantwortlich.
DET-232,DET-197,hist004,Angriff beginnt,Israelische Streitkräfte (300–700 Soldaten) der Einheit 101 und Fallschirmjägerkompanien überschreiten die Grenze nach Jordanien. Qibya wird 3–4 Stunden lang mit Mörsern und Artillerie beschossen.
DET-233,DET-198,hist004,Systematische Zerstörung,"Sprengkommandos dringen in das Dorf ein, werfen Handgranaten in Häuser und platzieren Sprengstoff. Zivilisten sind in ihren Häusern eingeschlossen, während die Gebäude zerstört werden. Systematische Plünderungen von Geschäften."
DET-234,DET-199,hist004,Dringlichkeitssitzung des MAC,"Die Gemischte Waffenstillstandskommission tritt zusammen und verabschiedet eine Resolution, in der sie die israelische Armee wegen Bruchs des Waffenstillstandsabkommens verurteilt (die israelische Delegation stimmte als Einzige dagegen)."
DET-235,DET-200,hist005,Resolution 100 des UN-Sicherheitsrates,Der Sicherheitsrat befasst sich mit dem Angriff.
DET-236,DET-201,hist005,UN-Resolution 101,Der Sicherheitsrat verurteilt das Vorgehen Israels aufs Schärfste. Das US-Außenministerium setzt die Wirtschaftshilfe für Israel aus.
DET-237,DET-202,hist005,Haus-zu-Haus-Morde,"Soldaten warfen systematisch Granaten durch Türen und Fenster und sprengten anschließend Häuser, während sich Zivilisten darin befanden. Leichen wurden unter den Trümmern gefunden."
DET-238,DET-203,hist005,Frauen und Kinder im Visier,"Von den 69 Toten waren zwei Drittel Frauen und Kinder. Familien waren in ihren Häusern eingeschlossen, als Sprengsätze detonierten."
DET-239,DET-204,hist005,Vorsätzliche Zerstörung ziviler Infrastruktur,Schule und Moschee wurden systematisch abgerissen. 45 Häuser wurden mit Sprengstoff zerstört – das entspricht etwa 22 % des Wohnbestands des Dorfes.
DET-240,DET-205,hist005,Systematische Plünderung,"Während des Angriffs wurden Geschäfte geplündert. Unbenutzte Sprengstoffe, die von den Angreifern zurückgelassen wurden, deuten darauf hin, dass umfangreiches Sprengmaterial zum Tatort gebracht wurde."
DET-241,DET-206,hist005,Verhinderung der Rettung,"Israelische Streitkräfte beschossen die benachbarten Dörfer Budrus (43 Mörsergranaten) und Shuqba, um zu verhindern, dass die jordanische Arabische Legion Qibya erreicht, um der Zivilbevölkerung zu Hilfe zu kommen."
DET-242,DET-207,hist005,Todesfälle in Khan Yunis (UNRWA),"Vom UNRWA-Direktor offiziell dokumentiert, mit Namen und Umständen."
DET-243,DET-208,hist005,Todesfälle in Rafah (UNRWA),Separater Vorfall vom 12. November 1956; dokumentiert von UNRWA
DET-244,DET-209,hist005,Palästinensische Dokumentation,"Palästinensisches Zentralbüro für Statistik: 415 Tote, 57 Vermisste"
DET-245,DET-210,hist005,Tötungsmethoden,"Erschossen bei Verstößen gegen die Ausgangssperre, hingerichtet nach Filmvorführungen, willkürliche Tötungen, Kollektivstrafe"
DET-246,DET-211,hist005,Moshe Dayan,"Oberbefehlshaber der IDF-Operationen während der Suez-Krise, einschließlich der Operation Kadesch. Verantwortlich für die Besetzung des Gazastreifens und die Screening-Verfahren, die zu Massenmorden in Khan Yunis und Rafah führten. Später Verteidigungsminister (1967, 1969–1974). Wurde nie für die Gaza-Operationen von 1956 strafrechtlich verfolgt."
DET-247,DET-212,hist005,David Ben-Gurion,Während der Suez-Krise ordnete er in Abstimmung mit Frankreich und Großbritannien die Operation Kadesch an. Er autorisierte die Besetzung des Gazastreifens. Er traf die endgültigen Entscheidungen über die Militäroperationen in Chan Yunis und Rafah und überwachte die Politik während der Besatzungszeit.
DET-248,DET-213,hist005,Moshe Carmel,"Befehlshaber der israelischen Streitkräfte im Gazastreifen. Direkt verantwortlich für Bodenoperationen, einschließlich Kontrollverfahren, Ausgangssperren und Sicherheitsoperationen in Khan Yunis und Rafah, die zu zahlreichen zivilen Todesopfern führten."
DET-249,DET-214,hist005,Shimon Peres,Er war maßgeblich an Israels Bündnis mit Frankreich und Großbritannien während der Suez-Operation beteiligt und erleichterte die militärische Koordination. Später wurde er Premierminister und Präsident. Für seine Rolle bei den Gaza-Operationen 1956 wurde er nie zur Rechenschaft gezogen.
DET-250,DET-215,hist005,Unmittelbare Auswirkungen (1956-1957),Das UNRWA hat der UN-Generalversammlung eine detaillierte Dokumentation mit den Namen der Opfer und den jeweiligen Umständen vorgelegt.
DET-251,DET-216,hist005,Langfristige Bedeutung,Muster etabliert: Israelische Militäroperationen im Gazastreifen führen zu hohen zivilen Opferzahlen ohne Rechenschaftspflicht.
DET-252,DET-217,hist005,Rechenschaftsergebnisse,✗ Trotz UNRWA-Dokumentation von 386 Todesfällen wurde kein israelisches Militärpersonal strafrechtlich verfolgt.
DET-253,DET-218,hist005,Unmittelbare Auswirkungen (1956-1957),Die internationale Aufmerksamkeit richtete sich auf die Suez-Krise; die Massaker wurden weniger beachtet als der gleichzeitig stattfindende Ungarische Volksaufstand.
DET-254,DET-219,hist005,Langfristige Bedeutung,Das Massaker von Khan Yunis ist international weitgehend in Vergessenheit geraten; es ist jedoch tief im kollektiven Gedächtnis der Palästinenser verankert.
DET-255,DET-220,hist005,Rechenschaftsergebnisse,"✗ Militärkommandanten (Moshe Dayan, Moshe Carmel) bekleideten später hohe Regierungsämter"
DET-256,DET-221,hist005,Unmittelbare Auswirkungen (1956-1957),Der Druck der USA und der Sowjetunion zwang Israel zum Rückzug aus Gaza und dem Sinai bis März 1957.
DET-257,DET-222,hist005,Langfristige Bedeutung,"Israelische Historiker (Morris, Shlaim) dokumentierten Massaker Jahrzehnte später anhand freigegebener Archive."
DET-258,DET-223,hist005,Rechenschaftsergebnisse,✗ Die Familien der Opfer erhielten nie eine Entschädigung oder offizielle Anerkennung.
DET-259,DET-224,hist005,Unmittelbare Auswirkungen (1956-1957),UN-Notstandstruppe (UNEF) in Gaza stationiert; erste größere UN-Friedensmission
DET-260,DET-225,hist005,Langfristige Bedeutung,Trug zum Gewaltkreislauf zwischen Israel und der Bevölkerung des Gazastreifens bei.
DET-261,DET-226,hist005,Rechenschaftsergebnisse,✗ Massengräber wurden nie ordnungsgemäß exhumiert; viele Opfer wurden nie formell identifiziert.
DET-262,DET-227,hist005,Unmittelbare Auswirkungen (1956-1957),Es gab keine internationalen Forderungen nach strafrechtlicher Verfolgung der Täter; die Dynamik des Kalten Krieges verhinderte die Rechenschaftspflicht.
DET-263,DET-228,hist005,Langfristige Bedeutung,Präzedenzfall für fehlende Rechenschaftspflicht bei Massentötungen palästinensischer Zivilisten
DET-264,DET-229,hist005,Rechenschaftsergebnisse,✓ Offizielle UNRWA-Dokumentation wird in den UN-Archiven aufbewahrt
DET-265,DET-230,hist005,Rechenschaftsergebnisse,✓ Israelische Historiker bestätigten später die Massaker anhand von Militärarchiven.
DET-266,DET-231,hist005,Rechenschaftsergebnisse,"✓ Ereignisse, die im palästinensischen nationalen Gedächtnis und in den historischen Aufzeichnungen dokumentiert sind"
DET-267,DET-232,hist005,Verstöße gegen das Vierte Genfer Abkommen (1949),"Artikel 3 (Gemeinsamer Artikel): Verbietet Gewalt gegen Leben und Person, Mord, grausame Behandlung und Folter. Systematische Hinrichtungen verletzten selbst in bewaffneten Konflikten grundlegende Schutzrechte."
DET-268,DET-233,hist005,Völkergewohnheitsrecht,Unterscheidungsprinzip: Bei den Kontrollen wurde nicht zwischen Kombattanten und Zivilisten unterschieden. Zivilisten wurden willkürlich hingerichtet.
DET-269,DET-234,hist005,Moderne Klassifikation,"Gemäß dem Römischen Statut des Internationalen Strafgerichtshofs stellen diese Handlungen Verbrechen gegen die Menschlichkeit (Mord, Vernichtung) und Kriegsverbrechen (vorsätzliche Tötung von unter Schutz stehenden Personen, Mord) dar."
DET-270,DET-235,hist005,Verstöße gegen das Vierte Genfer Abkommen (1949),"Artikel 27: Schutzberechtigte Personen haben Anspruch auf Achtung ihrer Person, Ehre und Familienrechte. Sie sind vor Gewalt zu schützen. Massenmorde verletzen grundlegende Schutzrechte."
DET-271,DET-236,hist005,Völkergewohnheitsrecht,Verbot willkürlicher Freiheitsentziehung: Massenhafte willkürliche Inhaftierungen ohne ordnungsgemäßes Verfahren verstoßen gegen das Gewohnheitsrecht.
DET-272,DET-237,hist005,Moderne Klassifikation,"Die systematische Vorgehensweise bei den Tötungen über einen Zeitraum von 10 Tagen deutet auf ein Verbrechen gegen die Menschlichkeit hin, nämlich einen weitverbreiteten oder systematischen Angriff auf die Zivilbevölkerung."
DET-273,DET-238,hist005,Verstöße gegen das Vierte Genfer Abkommen (1949),Artikel 32: Verbot der körperlichen Qual oder Vernichtung von geschützten Personen. Screenings mit anschließender Hinrichtung stellten eine Vernichtung dar.
DET-274,DET-239,hist005,Völkergewohnheitsrecht,Verbot der Kollektivbestrafung: Ganze Bevölkerungsgruppen von Khan Yunis und Rafah wurden wegen des Verdachts der Anwesenheit von Fedajin kollektiv bestraft.
DET-275,DET-240,hist005,Verstöße gegen das Vierte Genfer Abkommen (1949),Artikel 147 (Schwerwiegende Verstöße): Die vorsätzliche Tötung geschützter Personen stellt einen schweren Verstoß (Kriegsverbrechen) dar. Die Massenhinrichtungen in Khan Yunis und Rafah waren schwere Verstöße.
DET-276,DET-241,hist005,Ereignistyp,
DET-277,DET-242,hist005,Täter,
DET-278,DET-243,hist005,Überprüfung,
DET-279,DET-244,hist005,Reaktion der Vereinten Nationen,
DET-280,DET-245,hist005,UNRWA-Direktor für Gaza-Angelegenheiten,"Am 15. Dezember 1956 wurde der UN-Generalversammlung ein detaillierter Bericht vorgelegt (Dokument A/3512): „Im Zeitraum vom 3. bis 12. November 1956 wurden 275 Personen in Khan Yunis und dem dortigen Flüchtlingslager getötet.“ Der Bericht enthielt Namen, Alter und Todesumstände, die aus glaubwürdigen Zeugenaussagen und physischen Beweisen zusammengestellt wurden."
DET-281,DET-246,hist005,Benny Morris,"In „Israels Grenzkriege 1949–1956“ heißt es: „Israelische Truppen massakrierten, offenbar kaltblütig, etwa 275 palästinensische Zivilisten in Khan Yunis und weitere 111 Palästinenser in Rafah.“ Diese Angaben basieren auf israelischen Militärarchiven und UNRWA-Dokumentationen. Die systematische Natur der Tötungen wurde bestätigt."
DET-282,DET-247,hist005,Avi Shlaim,"In „Die Eiserne Mauer“ heißt es: „In Khan Yunis und Rafah begingen Einheiten der israelischen Verteidigungsstreitkräfte etwas, das man nur als Kriegsverbrechen bezeichnen kann.“ Es ist dokumentiert, dass es bei Kontrollen, die angeblich der Identifizierung von Fedajin dienten, zu Tötungen kam, die jedoch zu massenhaften zivilen Opfern führten."
DET-283,DET-248,hist005,Internationales Komitee vom Roten Kreuz,"Delegierte des IKRK, die nach dem israelischen Abzug in Gaza anwesend waren, dokumentierten Massengräber und befragten Überlebende. Die der UNO vorgelegten Berichte legten die systematische Vorgehensweise bei den Tötungen und den Bestattungsriten detailliert dar."
DET-284,DET-249,hist005,Palästinensische Überlebende,"Überlebende berichteten, dass israelische Soldaten Männer zu „Identitätskontrollen“ zusammentrieben, sie abführten und ohne sie zurückkehrten. Später wurden Leichen in Massengräbern gefunden. Familien hörten während der Kontrollen Schüsse. Männer wurden wegen Verstößen gegen die Ausgangssperre oder aus willkürlichen Gründen erschossen."
DET-285,DET-250,hist005,Operation Kadesh beginnt,Israel startet eine Invasion auf der Sinai-Halbinsel in Abstimmung mit dem französisch-britischen Angriff auf Ägypten. Dies ist Teil der koordinierten Militäroperationen im Zuge der Suez-Krise.
DET-286,DET-251,hist005,Die israelischen Streitkräfte besetzen den Gazastreifen,Die israelischen Streitkräfte haben die Besetzung des Gazastreifens und von Chan Yunis abgeschlossen. Sie beginnen mit der Verhängung einer Militärverwaltung und von Ausgangssperren.
DET-287,DET-252,hist005,Das Massaker von Khan Yunis beginnt,Die israelischen Streitkräfte führen Massenüberprüfungen männlicher Bewohner in Khan Yunis und im Flüchtlingslager durch. Systematische Hinrichtungen beginnen. Männer werden zur „Identifizierung“ von Fedajin und ägyptischen Soldaten zusammengetrieben.
DET-288,DET-253,hist005,Systematische Tötungen,"Über zehn Tage hinweg erschossen israelische Soldaten während der Ausgangssperre Zivilisten, exekutierten Festgenommene nach Überprüfungen und verübten willkürliche Tötungen. Leichen wurden auf den Straßen und in Massengräbern verscharrt. Das UNRWA dokumentierte 275 Tote in Khan Yunis."
DET-289,DET-254,hist005,Massaker von Rafah,Ein weiteres Massaker ereignete sich im nahegelegenen Flüchtlingslager Rafah. UNRWA dokumentiert 111 Todesfälle. Ähnliches Muster bei den Kontrollen und Hinrichtungen.
DET-290,DET-255,hist006,UNRWA-Bericht eingereicht,"Der UNRWA-Direktor für Gaza-Angelegenheiten legt der UN-Generalversammlung einen detaillierten Bericht vor (Dokument A/3512), in dem 275 Todesfälle in Khan Yunis und 111 in Rafah mit Namen, Alter und Umständen dokumentiert sind."
DET-291,DET-256,hist006,Israelischer Rückzug,Unter massivem Druck der USA und der Sowjetunion zog sich Israel aus dem Gazastreifen und dem Sinai zurück. Die UNEF (UN-Notstandstruppe) wurde eingesetzt. Die Massaker blieben ungesühnt.
DET-292,DET-257,hist006,Systematische Überprüfungen und Durchführungen,"Die israelischen Streitkräfte führten Massenrazzien gegen männliche Einwohner durch, um diese angeblichen Fedajin und ägyptische Soldaten zu identifizieren. Während und nach diesen Kontrollen exekutierten Soldaten systematisch Zivilisten. Allein in Khan Yunis dokumentierte das UNRWA die Namen und Umstände von 275 Getöteten."
DET-293,DET-258,hist006,Tötungen während der Ausgangssperre,"Strenge Ausgangssperren wurden verhängt; Zivilisten wurden bei Verstößen sofort erschossen. Viele wurden wegen geringfügiger Vergehen oder Missverständnissen getötet. Das UNRWA dokumentierte mehrere Fälle von Zivilisten, die während der Ausgangssperre erschossen wurden."
DET-294,DET-259,hist006,Massengräber,"Leichen wurden in Massengräbern, auch auf den Straßen von Khan Yunis, verscharrt. Hastige Beerdigungen verhinderten die ordnungsgemäße Identifizierung aller Opfer. Einige Leichen blieben tagelang als Warnung liegen."
DET-295,DET-260,hist006,Willkürliche Inhaftierungen und Tötungen,Während der Besatzung kam es zu willkürlichen Massenverhaftungen. Die Inhaftierten wurden ohne Anklage festgehalten; viele wurden ohne Gerichtsverfahren oder rechtsstaatliche Prinzipien hingerichtet. Es wurden keine Militärtribunale oder Gerichtsverfahren dokumentiert.
DET-296,DET-261,hist006,Kollektivbestrafung,"Ganze Stadtviertel und Flüchtlingslager wurden kollektiv bestraft. Zu den Strafmaßnahmen gehörten Massenmorde, Ausgangssperren und Hauszerstörungen wegen des Verdachts auf Widerstand oder Fedajin-Aktivitäten."
DET-297,DET-262,hist006,Vertriebene Palästinenser,280.000 (israelische Quellen) bis über 400.000 (UN-/palästinensische Quellen)
DET-298,DET-263,hist006,Zweimalige Versetzung,1948 Flüchtlinge erneut aus Lagern im Westjordanland/Gaza vertrieben
DET-299,DET-264,hist006,Dörfer vollständig zerstört,"Imwas, Yalo, Beit Nuba (Latrun-Gebiet); ~10.000 Einwohner vertrieben"
DET-300,DET-265,hist006,Besetztes Gebiet,"Westjordanland (5.655 km²), Gazastreifen (365 km²), Golanhöhen (1.800 km²), Sinai (60.000 km²)"
DET-301,DET-266,hist006,Moshe Dayan,"Leitete die israelischen Militäroperationen während des Sechstagekriegs. Traf wichtige Entscheidungen bezüglich der Besatzungspolitik, darunter die Zerstörung der Dörfer von Latrun und des marokkanischen Viertels. Später äußerte er gemischte Gefühle hinsichtlich der langfristigen Folgen der Besatzung."
DET-302,DET-267,hist006,Jitzchak Rabin,"Militärkommandant im Sechstagekrieg. Verantwortlich für die Operationen im Westjordanland und in Ostjerusalem. Später als Ministerpräsident (1974–1977, 1992–1995) führte er Friedensverhandlungen; 1995 wurde er von einem israelischen Extremisten ermordet."
DET-303,DET-268,hist006,Levi Eschkol,"Israelischer Ministerpräsident während des Sechstagekriegs. Traf politische Entscheidungen bezüglich Besatzung und Siedlungspolitik. Anfangs zögerte er, das Westjordanland zu besetzen, stimmte aber schließlich den Militärplänen zu."
DET-304,DET-269,hist006,Unmittelbare Auswirkungen (1967-1973),Entstehung der modernen israelischen Besetzung palästinensischer Gebiete
DET-305,DET-270,hist006,Langfristige Bedeutung (1973 bis heute),Die Besetzung dauert auch 55 Jahre und länger an – die längste militärische Besetzung in der modernen Geschichte.
DET-306,DET-271,hist006,Rechenschaftspflicht und Völkerrecht,✗ Keine israelischen Beamten wurden wegen Vertreibung oder Dorfzerstörung strafrechtlich verfolgt.
DET-307,DET-272,hist006,Unmittelbare Auswirkungen (1967-1973),"300.000–400.000 Palästinenser wurden vertrieben; etwa 175.000 davon waren Flüchtlinge von 1948, die zum zweiten Mal vertrieben wurden."
DET-308,DET-273,hist006,Langfristige Bedeutung (1973 bis heute),Mehr als 700.000 israelische Siedler im Westjordanland und in Ostjerusalem (2024)
DET-309,DET-274,hist006,Rechenschaftspflicht und Völkerrecht,✗ Israel hat sich trotz der UN-Resolution 242 nie aus den besetzten Gebieten zurückgezogen.
DET-310,DET-275,hist006,Unmittelbare Auswirkungen (1967-1973),Israel erlangte zum ersten Mal seit 1948 die Kontrolle über das gesamte historische Palästina.
DET-311,DET-276,hist006,Langfristige Bedeutung (1973 bis heute),"Die Besatzung prägt jeden Aspekt des palästinensischen Lebens: Bewegungsfreiheit, Wirtschaft, Regierungsführung, Sicherheit"
DET-312,DET-277,hist006,Rechenschaftspflicht und Völkerrecht,✗ Vertriebenen Palästinensern wurde die Rückkehr verweigert; sie erhielten keine Entschädigung.
DET-313,DET-278,hist006,Unmittelbare Auswirkungen (1967-1973),Die Resolution 242 des UN-Sicherheitsrates wurde zur Grundlage des Friedensprozesses
DET-314,DET-279,hist006,Langfristige Bedeutung (1973 bis heute),Die Besatzung ist zentral für den israelisch-palästinensischen Konflikt und die allgemeine Instabilität im Nahen Osten.
DET-315,DET-280,hist006,Rechenschaftspflicht und Völkerrecht,✗ Zerstörte Dörfer (Latrun) wurden nie wieder aufgebaut; das Gebiet wurde in den Canada Park umgewandelt
DET-316,DET-281,hist006,Unmittelbare Auswirkungen (1967-1973),Beginn des israelischen Siedlungsbaus in den besetzten Gebieten
DET-317,DET-282,hist006,Langfristige Bedeutung (1973 bis heute),Internationaler Konsens: Besetzung illegal; Siedlungen stellen Kriegsverbrechen dar.
DET-318,DET-283,hist006,Rechenschaftspflicht und Völkerrecht,✗ Das Siedlungsunternehmen expandierte trotz Verstößen gegen das Völkerrecht massiv.
DET-319,DET-284,hist006,Unmittelbare Auswirkungen (1967-1973),Die palästinensische Nationalbewegung verlagerte ihren Fokus von der Rückkehr der Flüchtlinge auf die Befreiung der besetzten Gebiete.
DET-320,DET-285,hist006,Langfristige Bedeutung (1973 bis heute),"Mehrere Friedensinitiativen (Camp David, Oslo, Roadmap) scheiterten daran, die Besatzung zu beenden"
DET-321,DET-286,hist006,Rechenschaftspflicht und Völkerrecht,✓ Internationaler Konsens: Die Besetzung ist illegal und muss beendet werden
DET-322,DET-287,hist006,Langfristige Bedeutung (1973 bis heute),Die Zweistaatenlösung wird aufgrund der Siedlungsausweitung zunehmend in Frage gestellt.
DET-323,DET-288,hist006,Rechenschaftspflicht und Völkerrecht,✓ Internationaler Gerichtshof (2004): Die Besetzung verstößt gegen das Völkerrecht
DET-324,DET-289,hist006,Langfristige Bedeutung (1973 bis heute),Der Hamas-Angriff im Oktober 2023 und der darauffolgende Gaza-Krieg haben ihre Wurzeln teilweise in der ungelösten Besatzungsfrage von 1967.
DET-325,DET-290,hist006,Rechenschaftspflicht und Völkerrecht,"✓ Resolutionen des UN-Sicherheitsrats, die Verstöße verurteilen, sind weiterhin aktenkundig."
DET-326,DET-291,hist006,Rechenschaftspflicht und Völkerrecht,✓ Internationaler Strafgerichtshof untersucht mutmaßliche Verbrechen in besetzten Gebieten
DET-327,DET-292,hist006,Viertes Genfer Abkommen (1949) – Verstöße,Artikel 49: „Einzelne oder massenhafte Zwangsverlegungen … von geschützten Personen aus besetztem Gebiet … sind unabhängig vom Motiv verboten.“ Vertreibung und Verhinderung der Rückkehr verstoßen gegen diesen Kernschutz.
DET-328,DET-293,hist006,Resolutionen des UN-Sicherheitsrates,"Resolution 242 (1967): Forderte den „Rückzug der israelischen Streitkräfte aus den besetzten Gebieten“ und eine „gerechte Lösung des Flüchtlingsproblems“. Sie bleibt Grundlage des Friedensprozesses, wurde aber nicht umgesetzt."
DET-329,DET-294,hist006,Gutachten des Internationalen Gerichtshofs (2004),"Gutachten zur Mauer: Der Internationale Gerichtshof (IGH) erklärte den israelischen Bau der Trennmauer im Westjordanland für rechtswidrig. Er bekräftigte, dass die Vierte Genfer Konvention auch für die besetzten palästinensischen Gebiete gilt."
DET-330,DET-295,hist006,Laufende Beschäftigung – Moderne Beurteilung,Andauernde Besatzung: Mit über 55 Jahren ist die israelische Besatzung die längste militärische Besatzung in der modernen Geschichte. Das Völkerrecht sieht in einer anhaltenden Besatzung zusätzliche rechtliche Bedenken.
DET-331,DET-296,hist006,Viertes Genfer Abkommen (1949) – Verstöße,Artikel 49(6): „Die Besatzungsmacht darf keine Teile ihrer eigenen Zivilbevölkerung in das von ihr besetzte Gebiet deportieren oder verlegen.“ Das israelische Siedlungswesen verstößt gegen diese Bestimmung (über 700.000 Siedler im Jahr 2024).
DET-332,DET-297,hist006,Resolutionen des UN-Sicherheitsrates,"Resolution 252 (1968): Erklärte die israelischen Annexionsmaßnahmen in Jerusalem für ungültig. Forderte Israel auf, alle Maßnahmen zur Änderung des Status der Stadt rückgängig zu machen."
DET-333,DET-298,hist006,Gutachten des Internationalen Gerichtshofs (2004),"Siedlungen: Der Internationale Gerichtshof bestätigte, dass israelische Siedlungen gegen Artikel 49 Absatz 6 der Genfer Konvention verstoßen. Er forderte Israel auf, den Siedlungsbau einzustellen und die bestehenden Siedlungen aufzulösen."
DET-334,DET-299,hist006,Laufende Beschäftigung – Moderne Beurteilung,"De facto Annexion: Obwohl Israel das Westjordanland nie formell annektiert hat, stellen Siedlungsaktivitäten und die administrative Integration eine faktische Annexion dar, die gegen das Völkerrecht verstößt."
DET-335,DET-300,hist006,Viertes Genfer Abkommen (1949) – Verstöße,"Artikel 53: „Jegliche Zerstörung von Eigentum durch die Besatzungsmacht ist verboten, es sei denn, eine solche Zerstörung ist aufgrund militärischer Operationen unbedingt erforderlich.“ Der Abriss der Dörfer von Latrun und des marokkanischen Viertels war militärisch nicht notwendig."
DET-336,DET-301,hist006,Resolutionen des UN-Sicherheitsrates,"Resolution 298 (1971): Verurteilte das Versäumnis Israels, frühere Resolutionen in Bezug auf Jerusalem einzuhalten."
DET-337,DET-302,hist006,Gutachten des Internationalen Gerichtshofs (2004),Verpflichtungen aus der Besatzung: Der Internationale Gerichtshof (IGH) erklärte Israel in den besetzten Gebieten für an das humanitäre Völkerrecht und die Menschenrechte gebunden.
DET-338,DET-303,hist006,Laufende Beschäftigung – Moderne Beurteilung,Bevölkerungstransfer: Die Verlegung von über 700.000 israelischen Zivilisten in besetztes Gebiet stellt einen systematischen Verstoß gegen Artikel 49(6) der Genfer Konvention dar.
DET-339,DET-304,hist006,Viertes Genfer Abkommen (1949) – Verstöße,"Artikel 147 (Schwerwiegende Verstöße): Die weitreichende Zerstörung von Eigentum, die nicht durch militärische Notwendigkeit gerechtfertigt ist, stellt einen schweren Verstoß (Kriegsverbrechen) dar."
DET-340,DET-305,hist006,Resolutionen des UN-Sicherheitsrates,"Resolution 465 (1980): Stellte fest, dass israelische Siedlungen in besetzten Gebieten „keine Rechtsgültigkeit besitzen“ und einen „eklatanten Verstoß“ gegen die Genfer Konvention darstellen."
DET-341,DET-306,hist006,Resolutionen des UN-Sicherheitsrates,"Resolution 478 (1980): Erklärte Israels „Grundgesetz“, das Jerusalem zur „ewigen Hauptstadt“ erklärte, für null und nichtig."
DET-342,DET-307,hist006,Ereignistyp,
DET-343,DET-308,hist006,Täter,
DET-344,DET-309,hist006,Überprüfung,
DET-345,DET-310,hist006,Reaktion der Vereinten Nationen,
DET-346,DET-311,hist006,Moshe Dayan,"Nach der Eroberung der Altstadt verkündete er: „Wir sind zu unserem heiligsten Ort zurückgekehrt und werden ihn nie wieder verlassen.“ Später reflektierte er über die Vertreibung: „Wir kamen in dieses Land, das bereits von Arabern bewohnt war, und wir errichten hier … einen jüdischen Staat.“ Bezüglich der Dörfer von Latrun sagte er: „Wir mussten drei arabische Dörfer in der Gegend von Latrun zerstören.“"
DET-347,DET-312,hist006,Amos Elon,"Er wurde Zeuge der Zerstörung des Dorfes Imwas im Juni 1967: „Militärische Bulldozer beendeten ihre Arbeit … kein Stein blieb stehen … die Brunnen waren mit Beton abgedeckt.“ Er beschrieb, wie die Bewohner mit ihrem Hab und Gut „die Hauptstraße hinunter nach Ramallah stapften“."
DET-348,DET-313,hist006,Hussein Musa (Einwohner von Imwas),"Bewohner des Dorfes Imwas: „Die israelischen Soldaten kamen und sagten uns, wir hätten drei Stunden Zeit zu gehen… wir nahmen, was wir tragen konnten. Als wir von den Hügeln zurückblickten, zerstörten sie alles mit Bulldozern – unsere Häuser, unsere Moschee, unseren Friedhof. Alles.“"
DET-349,DET-314,hist006,Tom Segev,"In „1967: Israel, der Krieg und das Jahr, das den Nahen Osten veränderte“ heißt es: „Unmittelbar nach dem Krieg ergriff Israel Maßnahmen, die die Rückkehr von Flüchtlingen unmöglich machten.“ Dokumentierte Militärbefehle verhinderten die Rückkehr, Ausweise wurden eingezogen. „Die Regierung vertrat die Position, dass den meisten Flüchtlingen die Rückkehr nicht gestattet werden sollte.“"
DET-350,DET-315,hist006,UN-Generalsekretär U Thant,"Bericht an den Sicherheitsrat: „Die Vertreibung der Zivilbevölkerung infolge des Konflikts verursacht weiterhin großes menschliches Leid und stellt eine ernsthafte Bedrohung für Frieden und Sicherheit dar.“ Es wurde gefordert, Flüchtlingen die Rückkehr zu ermöglichen oder ihnen Entschädigung zu gewähren."
DET-351,DET-316,hist006,Internationales Komitee vom Roten Kreuz,"Das IKRK erklärte, die Vierte Genfer Konvention sei auch für besetzte Gebiete anwendbar. Es dokumentierte Massenvertreibungen, Hauszerstörungen und die Verhinderung der Rückkehr. Das IKRK forderte Israel auf, Flüchtlingen die Rückkehr zu ermöglichen und die zivilen Schutzrechte gemäß dem humanitären Völkerrecht zu achten."
DET-352,DET-317,hist006,Der Krieg beginnt – Operation Fokus,Israel führt präventive Luftangriffe durch und zerstört die ägyptische Luftwaffe am Boden. Jordanien und Syrien treten in den Krieg ein und unterstützen Ägypten. Israelische Bodentruppen rücken in den Sinai und den Gazastreifen ein.
DET-353,DET-318,hist006,Invasion im Westjordanland; Vertreibung beginnt,"Israelische Truppen dringen in das jordanische Westjordanland ein. Eine Massenflucht setzt ein, als Palästinenser vor der vorrückenden israelischen Armee fliehen, aus Angst vor einer Wiederholung der Ereignisse von 1948. Der israelische Rundfunk sendet auf Arabisch und ruft die Palästinenser zur Flucht auf."
DET-354,DET-319,hist006,Ostjerusalem besetzt,Israelische Fallschirmjäger erobern die Altstadt von Jerusalem. Verteidigungsminister Moshe Dayan verkündet: „Wir sind zum heiligsten unserer heiligen Stätten zurückgekehrt und werden uns nie wieder von ihm trennen.“
DET-355,DET-320,hist006,Dörfer in Latrun abgerissen,"Die Dörfer Imwas, Yalo und Beit Nuba in der Region Latrun wurden evakuiert. Die Bewohner hatten mehrere Stunden Zeit, ihre Häuser zu verlassen. Die israelischen Streitkräfte zerstörten systematisch alle Gebäude mit Bulldozern und Sprengstoff. Rund 10.000 Bewohner wurden vertrieben und konnten nicht zurückkehren."
DET-356,DET-321,hist006,Marokkanisches Viertel abgerissen,"Israelische Behörden haben das marokkanische Viertel (Harat al-Maghariba) in der Jerusalemer Altstadt, angrenzend an die Klagemauer, dem Erdboden gleichgemacht. 135 Häuser wurden zerstört, 650 Bewohner innerhalb kürzester Zeit vertrieben, um Platz an der Klagemauer zu schaffen."
DET-357,DET-322,hist006,Waffenstillstand; Besetzung abgeschlossen,"Der Krieg endet nach sechs Tagen. Israel besetzt das Westjordanland, den Gazastreifen, Ostjerusalem, die Golanhöhen und die Sinai-Halbinsel. Die Besetzung der palästinensischen Gebiete dauert bis heute an."
DET-358,DET-323,hist006,Militärbefehle verhindern Rückkehr,"Die israelische Militärregierung erlässt Anordnungen, die vertriebenen Palästinensern die Rückkehr verweigern. Ein Ausweissystem wird eingeführt; Ausreisenden wird die Wiedereinreise verweigert. Eigentum wird als „Vermögen von Abwesenden“ deklariert und kann beschlagnahmt werden."
DET-359,DET-324,hist006,Dringlichkeitssitzung der UN-Generalversammlung,Eine Dringlichkeitssitzung wurde einberufen. Mehrere Resolutionen verurteilen die israelische Annexion Jerusalems und fordern die Rückkehr der Flüchtlinge. Israel lehnt alle Resolutionen ab.
DET-360,DET-325,hist007,Resolution 242 des UN-Sicherheitsrates,"Eine wegweisende Resolution fordert den „Rückzug der israelischen Streitkräfte aus den besetzten Gebieten“ und eine „gerechte Lösung des Flüchtlingsproblems“. Sie bildete die Grundlage des Friedensprozesses, ist aber auch mehr als 55 Jahre später noch nicht umgesetzt."
DET-361,DET-326,hist007,Systematische Dorfzerstörung,"Drei ganze Dörfer (Imwas, Yalo, Beit Nuba) wurden innerhalb weniger Tage nach der Besetzung dem Erdboden gleichgemacht. Die Bewohner hatten ein bis drei Stunden Zeit, das Gebiet zu verlassen. Alle Häuser, Moscheen, Kirchen und Friedhöfe wurden systematisch zerstört. Insgesamt wurden 10.000 Einwohner vertrieben; das Gebiet wurde in einen Canada Park umgewandelt. Es wurden keine Entschädigungen gezahlt."
DET-362,DET-327,hist007,Abriss des marokkanischen Viertels,"Ein historisches, 770 Jahre altes Jerusalemer Viertel wurde 48 Stunden nach der Besetzung dem Erdboden gleichgemacht. 135 Häuser, zwei Moscheen und eine Zawiya (islamische Schule) wurden zerstört. 650 Bewohner hatten drei Stunden Zeit, das Viertel zu verlassen. Die Afdal-Moschee (12. Jahrhundert) und weitere historische Stätten wurden abgerissen."
DET-363,DET-328,hist007,Verhinderung der Rückkehr,Militärische Anordnungen und das Ausweissystem verhinderten die Rückkehr vertriebener Palästinenser in ihre Heimat – ein direkter Verstoß gegen das humanitäre Völkerrecht. Artikel 49 der Vierten Genfer Konvention besagt: Besatzungsmächte dürfen geschützte Personen nicht zwangsweise verlegen oder abschieben.
DET-364,DET-329,hist007,Illegale Annexion,Ostjerusalem wurde am 28. Juni 1967 formell annektiert (international nicht anerkannt). Die Golanhöhen wurden 1981 annektiert. Der UN-Sicherheitsrat erklärte die Annexionen für nichtig. Die Verlegung israelischer Zivilisten in die besetzten Gebiete verstößt gegen Artikel 49 der Genfer Konvention.
DET-365,DET-330,hist007,Massenverschiebung,"300.000 bis 400.000 Palästinenser wurden während und unmittelbar nach dem Krieg vertrieben. Viele wurden durch psychologische Kriegsführung (Radiosendungen), Verhinderung der Rückkehr und Hauszerstörungen zur Flucht gezwungen. Etwa die Hälfte waren bereits 1948 vertriebene Flüchtlinge."
DET-366,DET-331,hist007,Außergerichtliche Tötungen,Es gibt zahlreiche dokumentierte Fälle von Tötungen von Kriegsgefangenen und zivilen Opfern. Ägyptische Kriegsgefangene wurden in al-Arisch getötet. Eine systematische Dokumentation wurde durch den verweigerten Zugang des IKRK während des Konflikts verhindert.
DET-367,DET-332,hist007,Libanesischer offizieller Graf,Eine Kommission der libanesischen Regierung dokumentierte 800 identifizierte Leichen
DET-368,DET-333,hist007,Palästinensische und internationale Quellen,Palästinensischer Roter Halbmond: 3.500; verschiedene internationale Organisationen: 2.000–2.750
DET-369,DET-334,hist007,"Frauen, Kinder, ältere Menschen",Die meisten Opfer sind Zivilisten; systematische Angriffe auf Zivilisten.
DET-370,DET-335,hist007,Vermisst/Verschwunden,Viele Leichen in Massengräbern bestattet; Identifizierung unvollständig; einige nie gefunden
DET-371,DET-336,hist007,Ariel Sharon,"Die Kahan-Kommission befand Sharon für die „persönliche Verantwortung“ für das Massaker verantwortlich. Er hatte den Phalangisten den Zutritt zu den Lagern trotz vorhersehbarer Gefahr für die Zivilbevölkerung genehmigt. Trotz eingehender Berichte konnte er die Tötungen nicht verhindern. Ihm wurde die Absetzung als Verteidigungsminister empfohlen. Er trat zurück, blieb aber im Kabinett. Später diente er von 2001 bis 2006 als Premierminister. Mehrere internationale Anklageversuche scheiterten."
DET-372,DET-337,hist007,Rafael Eitan,"Oberbefehlshaber der IDF-Operationen im Libanon. Koordinierte den Einmarsch der Phalangisten in die Lager. Erhielt Berichte über Massaker an Zivilisten, befahl den Milizen jedoch, die Operationen fortzusetzen. Die Kahan-Kommission befand ihn der Fahrlässigkeit für schuldig. Seine Absetzung wurde empfohlen, obwohl er bereits für den Ruhestand vorgesehen war. Später ging er in die Politik; er wurde nie strafrechtlich verfolgt."
DET-373,DET-338,hist007,Menachem Begin,"Premierminister während des Libanonkriegs (Operation Frieden für Galiläa). Autorisierte die Invasion und Besetzung Westbeiruts. Die Kahan-Kommission stellte fest, dass er sich stärker für die Verhinderung vorhersehbarer Schäden hätte einsetzen müssen. Er wurde nicht zur Absetzung empfohlen. Trat 1983 zurück, unter anderem aufgrund der Misserfolge im Libanonkrieg."
DET-374,DET-339,hist007,Yitzhak Shamir,"Außenminister während des Massakers. Die Kahan-Kommission stellte fest, dass er vom Einmarsch der Phalangisten wusste, aber nicht einschritt. Später wurde er Premierminister (1983–84, 1986–92). Er wurde nie für seine Rolle bei den Ereignissen zur Rechenschaft gezogen."
DET-375,DET-340,hist007,Elie Hobeika,"Der Kommandeur der Libanesischen Streitkräfte führte Milizionäre der Phalangisten in Lager. Er war direkt verantwortlich für die Organisation und Durchführung des Massakers. Er wurde nie angeklagt. 2002 wurde er in Beirut bei einem Autobombenanschlag ermordet, kurz vor seiner geplanten Aussage in einem belgischen Fall zum Weltrechtsprinzip."
DET-376,DET-341,hist007,Fadi Frem,"Ein hochrangiger Kommandeur der libanesischen Streitkräfte, der während des Massakers Milizionäre anführte. Er leitete Bodenoperationen in den Lagern. Er wurde nie strafrechtlich verfolgt. Seine Identität und sein Schicksal sind nur unzureichend dokumentiert."
DET-377,DET-342,hist007,Unmittelbare Auswirkungen (1982-1983),Internationale Empörung; weitverbreitete Verurteilung Israels und der Phalangisten
DET-378,DET-343,hist007,Langfristige Bedeutung,Symbol des palästinensischen Leids und des Versagens der internationalen Gemeinschaft beim Schutz der Flüchtlinge
DET-379,DET-344,hist007,Rechenschaftsergebnisse,"✗ Kein einziger libanesischer Phalangistenmilizionär wurde jemals strafrechtlich verfolgt, obwohl er Morde begangen hatte."
DET-380,DET-345,hist007,Unmittelbare Auswirkungen (1982-1983),Größter Protest in der israelischen Geschichte: 400.000 Israelis (10 % der Bevölkerung) forderten eine Untersuchung
DET-381,DET-346,hist007,Langfristige Bedeutung,"Es wurde ein Präzedenzfall für die Feststellung der „Befehlsverantwortung“ geschaffen, selbst wenn die direkten Täter nichtstaatliche Akteure waren."
DET-382,DET-347,hist007,Rechenschaftsergebnisse,✗ Trotz der Feststellungen von Kahan zur Verantwortung wurde kein israelisches Militärpersonal strafrechtlich verfolgt.
DET-383,DET-348,hist007,Unmittelbare Auswirkungen (1982-1983),"Kahan-Kommission eingerichtet – seltenes Beispiel dafür, dass ein Land die Rolle des eigenen Militärs bei einem Gräuel untersucht"
DET-384,DET-349,hist007,Langfristige Bedeutung,Der Bericht der Kahan-Kommission wurde zum Bezugspunkt für die Untersuchung von Fehlverhalten im Militär.
DET-385,DET-350,hist007,Rechenschaftsergebnisse,✗ Ariel Sharon wurde nie strafrechtlich verfolgt; später war er Premierminister.
DET-386,DET-351,hist007,Unmittelbare Auswirkungen (1982-1983),"Sharon musste als Verteidigungsministerin zurücktreten, blieb aber ohne Geschäftsbereich im Kabinett."
DET-387,DET-352,hist007,Langfristige Bedeutung,Trotz der Feststellung persönlicher Verantwortung wurde Sharon später Premierministerin (2001-2006).
DET-388,DET-353,hist007,Rechenschaftsergebnisse,✗ Der belgische Fall zur universellen Gerichtsbarkeit (2001) wurde nach politischem Druck abgewiesen.
DET-389,DET-354,hist007,Unmittelbare Auswirkungen (1982-1983),Die UN-Generalversammlung erklärte das Massaker zu einem „Akt des Völkermords“ (Resolution 37/123 D).
DET-390,DET-355,hist007,Langfristige Bedeutung,Gescheiterte Strafverfolgungen (Belgien 2001) verdeutlichten die Grenzen der universellen Gerichtsbarkeit im Falle des Widerstands mächtiger Staaten.
DET-391,DET-356,hist007,Rechenschaftsergebnisse,✗ Elie Hobeika (Phalangistenkommandant) wurde 2002 vor seiner Aussage ermordet.
DET-392,DET-357,hist007,Unmittelbare Auswirkungen (1982-1983),"Beschleunigter israelischer Rückzug aus dem Libanon (abgeschlossen 1985, außer der „Sicherheitszone“)"
DET-393,DET-358,hist007,Langfristige Bedeutung,"Jährlich vom 16. bis 18. September finden Gedenkveranstaltungen statt, die von palästinensischen Gruppen und Solidaritätsgruppen weltweit abgehalten werden."
DET-394,DET-359,hist007,Rechenschaftsergebnisse,✗ Die Familien der Opfer erhielten keine Entschädigung; es gab keine offizielle Entschuldigung von den Tätern.
DET-395,DET-360,hist007,Unmittelbare Auswirkungen (1982-1983),Verschärfung der libanesisch-palästinensischen Spannungen; geschwächte Position der Palästinenser im Libanon
DET-396,DET-361,hist007,Langfristige Bedeutung,Erwähnt in den Diskussionen des Internationalen Strafgerichtshofs über Befehlsverantwortung
DET-397,DET-362,hist007,Rechenschaftsergebnisse,✓ Die Kahan-Kommission lieferte eine offizielle israelische Anerkennung der Verantwortung (selten)
DET-398,DET-363,hist007,Rechenschaftsergebnisse,✓ Sharon wurde zum Rücktritt als Verteidigungsministerin gezwungen (blieb aber in der Politik aktiv).
DET-399,DET-364,hist007,Rechenschaftsergebnisse,✓ UN- und internationale Dokumentation erhalten; Massaker in den historischen Aufzeichnungen anerkannt
DET-400,DET-365,hist007,Rechenschaftsergebnisse,✓ Fallbeispiel aus Kursen zum internationalen Strafrecht als Beispiel für Befehlsverantwortung
DET-401,DET-366,hist007,Verstöße gegen das Vierte Genfer Abkommen (1949),"Artikel 27: Geschützte Personen haben Anspruch auf Achtung ihrer Person, Ehre, Familienrechte und religiösen Überzeugungen. Sie sind vor Gewalt, Einschüchterung, Beleidigungen und systematischer Verletzung öffentlicher Neugier zu schützen."
DET-402,DET-367,hist007,Doktrin der Befehlsverantwortung,"Übergeordnete Verantwortung: Die israelischen Kommandeure wussten oder hätten wissen müssen, dass das Massaker stattfand, und unterließen es, es zu verhindern oder zu bestrafen. Dies stellte die Kahan-Kommission ausdrücklich fest."
DET-403,DET-368,hist007,Ergebnisse der UN-Generalversammlung,"Resolution 37/123 D (1982): Erklärte das Massaker zu einem „Völkermord“. Verabschiedet mit 123 Ja-Stimmen, 0 Nein-Stimmen und 22 Enthaltungen. Israel wies die Einstufung zurück, bestritt jedoch nicht die festgestellten Tatsachen."
DET-404,DET-369,hist007,Versuche der individuellen strafrechtlichen Verantwortlichkeit,Belgien (2001): Die Hinterbliebenen reichten Klage nach dem Weltrechtsprinzip ein. Der belgische Oberste Gerichtshof ließ zunächst eine Strafverfolgung von Sharon zu. Das Gesetz wurde später unter Druck der USA und Israels geändert; die Klage wurde abgewiesen.
DET-405,DET-370,hist007,Verstöße gegen das Vierte Genfer Abkommen (1949),Artikel 32: Verbot der körperlichen Misshandlung oder Vernichtung von geschützten Personen. Ein Massaker gilt als Vernichtung.
DET-406,DET-371,hist007,Doktrin der Befehlsverantwortung,"Präventionspflicht: Nach Völkergewohnheitsrecht müssen Befehlshaber geeignete Maßnahmen ergreifen, um Verbrechen durch die ihnen unterstellten Streitkräfte zu verhindern. Sharon und das IDF-Kommando haben diese Pflicht verletzt."
DET-407,DET-372,hist007,Ergebnisse der UN-Generalversammlung,"Analyse gemäß der Völkermordkonvention: Handlungen, die mit der Absicht begangen werden, die palästinensische Gruppe als solche ganz oder teilweise zu vernichten. Vorsätzliche Tötung von Mitgliedern der Gruppe (Artikel II(a))."
DET-408,DET-373,hist007,Versuche der individuellen strafrechtlichen Verantwortlichkeit,"Das Prinzip der universellen Gerichtsbarkeit besagt, dass Kriegsverbrechen und Verbrechen gegen die Menschlichkeit überall verfolgt werden können. Politische Erwägungen verhinderten jedoch eine Strafverfolgung."
DET-409,DET-374,hist007,Verstöße gegen das Vierte Genfer Abkommen (1949),"Artikel 147 (Schwerwiegende Verstöße): Vorsätzliche Tötung, Folter und unmenschliche Behandlung von Schutzpersonen stellen Kriegsverbrechen dar. All dies trifft auf Sabra und Shatila zu."
DET-410,DET-375,hist007,Doktrin der Befehlsverantwortung,"Persönliche Verantwortung: Kahan-Kommission: Sharon trug die „persönliche Verantwortung“ dafür, dass sie trotz vorhersehbarer Risiken keine Anordnung zur Verhinderung von Schäden an Zivilisten erlassen hatte."
DET-411,DET-376,hist007,Versuche der individuellen strafrechtlichen Verantwortlichkeit,Zuständigkeit des Internationalen Strafgerichtshofs: Das Römische Statut war 1982 noch nicht in Kraft; eine rückwirkende Strafverfolgung ist daher ausgeschlossen. Die Handlungen würden jedoch nach geltendem Recht Verbrechen gegen die Menschlichkeit und Kriegsverbrechen darstellen.
DET-412,DET-377,hist007,Verstöße gegen das Vierte Genfer Abkommen (1949),Verantwortung der Besatzungsmacht: Israel als Besatzungsmacht in Westbeirut trug die rechtliche Verantwortung für den Schutz der Zivilbevölkerung unter seiner Kontrolle.
DET-413,DET-378,hist007,Ereignistyp,
DET-414,DET-379,hist007,Täter,
DET-415,DET-380,hist007,Überprüfung,
DET-416,DET-381,hist007,Reaktion der Vereinten Nationen,
DET-417,DET-382,hist007,Robert Fisk,"Am Morgen des 18. September betrat ich die Lager. „Frauen lagen in den Hauseingängen, von vorn und hinten erschossen … Ich stieß auf eine Gruppe Frauen und Kinder, die um einen toten Mann herumstanden, der in einem Müllhaufen lag. Zu meiner Rechten stand eine junge Palästinenserin … die ein kleines Baby an sich drückte. Dem Baby war in den Hinterkopf geschossen worden.“ Ich beschrieb die systematische Vorgehensweise bei den Tötungen."
DET-418,DET-383,hist007,Kahan-Kommission,"Offizielle Feststellung: Sharon trug die „persönliche Verantwortung“ für das Unterlassen der Verhinderung des Massakers. „Es ist unmöglich zu rechtfertigen, dass der Verteidigungsminister die Gefahr von Racheakten missachtete und nicht in den Verlauf der Ereignisse eingriff.“ Sharons Absetzung wurde empfohlen; Generalstabschef Eitan und weitere Beteiligte wurden für fahrlässig befunden."
DET-419,DET-384,hist007,Ellen Siegel,"Er war während des Massakers anwesend, wurde Zeuge von Tötungen und versuchte, Verwundeten zu helfen. Er sagte aus: „Ich sah israelische Soldaten auf den Dächern stehen und zusehen, wie die Phalangisten von Haus zu Haus gingen.“ Er beschrieb, wie er Leichen von Frauen und Kindern sah und wie Massengräber ausgehoben wurden."
DET-420,DET-385,hist007,Ariel Sharon,"Zunächst leugnete er die israelische Verantwortung. Nach der Kahan-Kommission räumte er eine „indirekte“ Verantwortung ein, behauptete aber, das Massaker nicht vorhersehen zu können. In seiner Autobiografie „Krieger“ (1989) verteidigte er die Entscheidung, Phalangisten in Lager zu schicken. Er äußerte nie Reue. Er trat als Verteidigungsminister zurück, blieb aber im Kabinett."
DET-421,DET-386,hist007,Palästinensische Überlebende,"Überlebende berichteten, wie Milizionäre von Haus zu Haus gingen, Familien hinrichteten und Männer von Frauen und Kindern trennten, bevor sie sie töteten. Ein Überlebender sagte: „Sie haben meinen Mann, meine drei Söhne und meine Tochter getötet. Sie haben sie vor meinen Augen getötet.“ Ein anderer: „Sie zwangen uns, uns an die Wand zu stellen. Sie erschossen alle. Ich habe nur überlebt, weil Leichen auf mich fielen.“"
DET-422,DET-387,hist007,Israelische Soldaten (anonyme Zeugenaussagen),"Mehrere Soldaten sagten später aus, sie hätten ihren Vorgesetzten die Tötung von Zivilisten gemeldet, ihnen sei aber befohlen worden, nicht einzugreifen. Einer sagte: „Wir sahen, wie sie Zivilisten töteten … wir meldeten es den Vorgesetzten. Es geschah nichts.“ Mehrere Soldaten bestätigten, dass die israelischen Streitkräfte nachts Leuchtraketen abfeuerten."
DET-423,DET-388,hist007,Bachir Gemayel ermordet,"Der designierte libanesische Präsident Bachir Gemayel (Phalangistenführer, Verbündeter Israels) wurde in Ostbeirut durch eine Bombe getötet. Die israelische Militärführung beschloss daraufhin, Westbeirut zu besetzen und die Phalangisten in Lager zu internieren."
DET-424,DET-389,hist007,Die israelischen Streitkräfte besetzen Westbeirut.,"Israelische Streitkräfte rücken unter Verstoß gegen das Waffenstillstandsabkommen in Westbeirut ein. Sie umstellen die Lager Sabra und Schatila. Im Verteidigungsministerium findet ein Treffen statt: Sharon, Generalstabschef Eitan und Kommandeure der Phalangisten planen den Einmarsch in die Lager."
DET-425,DET-390,hist007,Phalangisten dringen in Lager ein.,Etwa 150 Milizionäre der Phalangisten dringen durch die Linien der israelischen Verteidigungsstreitkräfte in das Lager Schatila ein. Israelische Offiziere koordinieren den Vorstoß. Die israelischen Streitkräfte kontrollieren alle Zugangspunkte und stellen Karten und Logistik bereit. Unmittelbar nach Beginn der Kämpfe kommt es zum Töten.
DET-426,DET-391,hist007,Erste Nacht der Morde,"Systematische Hausmorde. Die israelischen Streitkräfte zünden die ganze Nacht über Leuchtraketen, sodass das Massaker auch nach Einbruch der Dunkelheit fortgesetzt werden kann. Israelische Offiziere in vorgeschobenen Gefechtsständen erhalten Berichte über die Tötung von Zivilisten, greifen aber nicht ein."
DET-427,DET-392,hist007,Das Massaker geht weiter,"Die Tötungen nehmen zu. Berichte über getötete Frauen und Kinder erreichen die IDF-Kommandeure. Generalstabschef Eitan wird informiert, befiehlt den Phalangisten jedoch, fortzufahren. Weitere Milizionäre dringen in die Lager ein. Bulldozer werden eingesetzt, um die Leichen zu begraben."
DET-428,DET-393,hist007,Zweite Nacht,Die israelischen Streitkräfte liefern weiterhin Leuchtraketen. Massenmorde dauern an. Leichen türmen sich auf den Straßen und in Massengräbern. Einige Opfer wurden vor ihrem Tod gefoltert; es gibt Hinweise auf sexuelle Gewalt.
DET-429,DET-394,hist007,Internationaler Alarm,"Berichte über das Massaker erreichen internationale Medien. Die USA setzen Israel unter Druck, die Operation einzustellen. Das israelische Kabinett tritt zusammen und ordnet den Abzug der Phalangisten aus den Lagern an."
DET-430,DET-395,hist007,Phalangisten ziehen sich zurück,"Nach etwa 40 Stunden verlassen Milizionäre die Lager. Leichen säumen die Straßen. Massengräber werden entdeckt. Internationale Journalisten, darunter Robert Fisk, betreten die Lager und dokumentieren das Gemetzel."
DET-431,DET-396,hist007,Massenproteste in Israel,400.000 Israelis (10 % der Bevölkerung) protestierten in Tel Aviv und forderten eine Untersuchung. Es war der größte Protest in der Geschichte Israels. Der Druck zwang die Regierung zur Einsetzung einer Kommission.
DET-432,DET-397,hist007,Kahan-Kommission eingerichtet,"Die israelische Regierung setzt eine Untersuchungskommission unter der Leitung des Präsidenten des Obersten Gerichtshofs, Jitzchak Kahan, ein, um die israelische Verantwortung zu untersuchen."
DET-433,DET-398,hist007,Bericht der Kahan-Kommission veröffentlicht,"Die Kommission kommt zu dem Schluss, dass Verteidigungsminister Sharon die persönliche Verantwortung für das Unterlassen der Verhinderung des Massakers trägt. Sie empfiehlt seine Absetzung. Auch Generalstabschef Eitan und weitere Verantwortliche wurden für fahrlässig befunden. Sharon tritt als Verteidigungsminister zurück, bleibt aber im Kabinett."
DET-434,DET-399,hist008,Die UN verurteilt das Massaker,Die Resolution 37/123 D der UN-Generalversammlung erklärt das Massaker zum „Völkermord“. Sie wurde mit überwältigender Mehrheit angenommen. Israel weist die Ergebnisse zurück.
DET-435,DET-400,hist008,Systematisches Massaker an Zivilisten,"Über 40 Stunden lang wurden Häuser aufgesucht und getötet. Die Opfer waren überwiegend Frauen, Kinder und ältere Menschen. Männer im wehrfähigen Alter waren größtenteils mit den PLO-Truppen geflohen. Die Methoden umfassten Erschießungen, Messerstiche, Axtangriffe und Enthauptungen. Die Kahan-Kommission bestätigte die systematische Vorgehensweise bei den Tötungen."
DET-436,DET-401,hist008,Folter und Verstümmelung,"Journalisten dokumentierten Leichen mit Folterspuren: Verstümmelungen, Zerstückelungen, Entstellungen. Schwangere Frauen wurden getötet; Leichen geschändet. Robert Fisk: „Ich sah tote Babys, schwarz von der Hitze, bereits im Verwesungsprozess. Ich sah tote Frauen auf der Straße liegen.“"
DET-437,DET-402,hist008,Sexuelle Gewalt,"Beweise für Vergewaltigung und sexuelle Gewalt. Leichen von Frauen, teilweise oder unbekleidet aufgefunden. Die libanesische Untersuchungskommission dokumentierte sexuelle Übergriffe."
DET-438,DET-403,hist008,Massengräber und Leichenbeseitigung,"Während des Massakers wurden Bulldozer eingesetzt, um die Leichen in Massengräbern zu verscharren. Einige Opfer wurden lebendig begraben. Es wurde systematisch versucht, das Ausmaß der Tötungen zu verschleiern. Viele Leichen wurden nie gefunden oder identifiziert."
DET-439,DET-404,hist008,Israelische Vermittlung,"Die israelischen Streitkräfte umstellten die Lager, kontrollierten alle Ein- und Ausgänge, stellten Karten zur Verfügung, koordinierten den Einmarsch der Phalangisten, feuerten nachts Leuchtraketen ab, um das Töten fortzusetzen, erhielten Berichte über Massaker, griffen aber 40 Stunden lang nicht ein."
DET-440,DET-405,hist008,Tötung von Kindern und Säuglingen,"Zahlreiche dokumentierte Fälle von getöteten Säuglingen und Kleinkindern. Ganze Familien wurden gemeinsam hingerichtet. Waisen wurden lebend zwischen Leichen gefunden. Robert Fisk beschrieb, wie er Kinderleichen in Trümmern fand."
DET-441,DET-406,hist008,Palästinenser getötet,Getötet von israelischen Streitkräften; die Spanne spiegelt unterschiedliche Quellen wider (B'Tselem vs. palästinensische Dokumentation).
DET-442,DET-407,hist008,Palästinensische Kinder getötet,Von israelischen Streitkräften getötete Minderjährige unter 18 Jahren
DET-443,DET-408,hist008,Israelis getötet,"Israelische Soldaten und Zivilisten, die während der Intifada von Palästinensern getötet wurden"
DET-444,DET-409,hist008,Verwundete Palästinenser,"Verletzungen durch scharfe Munition, Schläge, Gummigeschosse und Tränengas. Etwa 15.000 Schwerverletzte."
DET-445,DET-410,hist008,Palästinenser verhaftet,Insgesamt wurden in den sechs Jahren rund 20.000 Menschen verhaftet; allein im ersten Jahr waren es etwa 20.000. Viele wurden in Haft gefoltert.
DET-446,DET-411,hist008,Häuser abgerissen,Palästinensische Häuser wurden von israelischen Streitkräften als Strafe oder Abschreckung zerstört.
DET-447,DET-412,hist008,Palästinenser deportiert,Durch israelische Militärbefehle aus den besetzten Gebieten vertrieben
DET-448,DET-413,hist008,Jitzchak Rabin,"Er erließ Befehle mit eiserner Faust, einschließlich der Praxis, Knochen zu brechen. Später räumte er ein, dass die Brutalität übertrieben gewesen sei. Als Premierminister verfolgte er den Oslo-Friedensprozess, der aus der Intifada hervorgegangen war. Er wurde 1995 von israelischen Extremisten ermordet."
DET-449,DET-414,hist008,Jassir Arafat,"Führte die PLO aus dem Exil. Anfangs von einem Aufstand der Basis überrascht, konnte er später die Kontrolle übernehmen. Er autorisierte die Unabhängigkeitserklärung von 1988. Er leitete die Oslo-Verhandlungen, die 1993 zu den Abkommen führten."
DET-450,DET-415,hist008,Hanan Ashrawi,Prominenter Sprecher der palästinensischen Sache während der Intifada. Vertrat die palästinensischen Bestrebungen gegenüber internationalen Medien. Schlüsselfigur in der Delegation der Madrider Konferenz. Später palästinensischer Abgeordneter.
DET-451,DET-416,hist008,Vereinigte Nationale Führung des Aufstands (UNLU),"Koordinierte Streiks, Boykotte und Demonstrationen wurden durch Kommuniqués angekündigt. Beteiligt waren Vertreter verschiedener PLO-Fraktionen und Basisaktivisten. Parallel wurden Institutionen und Kampagnen des zivilen Ungehorsams organisiert."
DET-452,DET-417,hist008,Unmittelbare Auswirkungen (1987–1993),"Der israelisch-palästinensische Konflikt, der sich von einem fernen Problem zu einer unmittelbaren Krise entwickelt hatte, die im globalen Fernsehen sichtbar war, wurde verwandelt."
DET-453,DET-418,hist008,Langfristige Bedeutung (1993 bis heute),Der Oslo-Prozess scheiterte letztendlich – nach über 30 Jahren wurde kein palästinensischer Staat gegründet.
DET-454,DET-419,hist008,Rechenschaftspflicht und Gerechtigkeit,"✗ Kein israelischer Beamter wurde wegen Knochenbruch-Politik, übermäßiger Gewaltanwendung oder anderer Verstöße strafrechtlich verfolgt."
DET-455,DET-420,hist008,Unmittelbare Auswirkungen (1987–1993),"Bilder von israelischen Soldaten, die palästinensische Jugendliche mit Steinen schlugen, schockierten die internationale Gemeinschaft."
DET-456,DET-421,hist008,Langfristige Bedeutung (1993 bis heute),Die Palästinensische Autonomiebehörde wurde zum Subunternehmer der israelischen Besatzungsmacht anstatt zum Wegbereiter eines eigenen Staates.
DET-457,DET-422,hist008,Rechenschaftspflicht und Gerechtigkeit,"✗ Es wurde keine Entschädigung an die Familien der Getöteten oder an diejenigen gezahlt, deren Häuser abgerissen wurden."
DET-458,DET-423,hist008,Unmittelbare Auswirkungen (1987–1993),"Erzwungene Anerkennung palästinensischer nationaler Bestrebungen – nicht länger nur ein „Flüchtlingsproblem“, sondern eine Frage der politischen Rechte"
DET-459,DET-424,hist008,Langfristige Bedeutung (1993 bis heute),Der Ausschluss von Basisaktivisten (insbesondere Frauen) von den Oslo-Verhandlungen schwächte die palästinensische Zivilgesellschaft.
DET-460,DET-425,hist008,Rechenschaftspflicht und Gerechtigkeit,✗ Abgeschobene Palästinenser dürfen nie zurückkehren
DET-461,DET-426,hist008,Unmittelbare Auswirkungen (1987–1993),Palästinensische Frauen spielten eine beispiellose öffentliche Rolle im Widerstand und in der Organisation
DET-462,DET-427,hist008,Langfristige Bedeutung (1993 bis heute),Die Hamas entwickelte sich zu einer bedeutenden Kraft und stellte die Vorherrschaft der PLO/Fatah in Frage.
DET-463,DET-428,hist008,Rechenschaftspflicht und Gerechtigkeit,"✗ Die israelische Politik, die die Intifada auslöste (Besatzung, Siedlungen, Landenteignungen), wird unverändert fortgesetzt."
DET-464,DET-429,hist008,Unmittelbare Auswirkungen (1987–1993),"Durch Basisorganisationen entstanden parallele Institutionen: Volkskomitees, alternative Bildungseinrichtungen, medizinische Hilfeleistungen."
DET-465,DET-430,hist008,Langfristige Bedeutung (1993 bis heute),Die Taktiken der Intifada beeinflussten andere Widerstandsbewegungen weltweit.
DET-466,DET-431,hist008,Rechenschaftspflicht und Gerechtigkeit,✓ B'Tselem und andere Menschenrechtsorganisationen dokumentierten Verstöße umfassend
DET-467,DET-432,hist008,Unmittelbare Auswirkungen (1987–1993),Palästinensische Unabhängigkeitserklärung von 1988 und Anerkennung Israels durch die PLO
DET-468,DET-433,hist008,Langfristige Bedeutung (1993 bis heute),"Das Scheitern des Oslo-Prozesses führte zur Zweiten Intifada (2000–2005), die weitaus gewalttätiger war."
DET-469,DET-434,hist008,Rechenschaftspflicht und Gerechtigkeit,✓ Die internationale Gemeinschaft hat die nationalen Rechte der Palästinenser anerkannt.
DET-470,DET-435,hist008,Unmittelbare Auswirkungen (1987–1993),Madrider Konferenz (1991): erste direkte israelisch-palästinensische Verhandlungen
DET-471,DET-436,hist008,Langfristige Bedeutung (1993 bis heute),Der israelische Siedlungsbau beschleunigte sich nach Oslo – mittlerweile gibt es mehr als 700.000 Siedler.
DET-472,DET-437,hist008,Rechenschaftspflicht und Gerechtigkeit,✓ UN-Resolutionen verurteilten die israelischen Praktiken (wurden aber nicht durchgesetzt)
DET-473,DET-438,hist008,Unmittelbare Auswirkungen (1987–1993),Oslo-Abkommen (1993): Gründung der Palästinensischen Autonomiebehörde und Rahmen für einen künftigen palästinensischen Staat
DET-474,DET-439,hist008,Langfristige Bedeutung (1993 bis heute),"Die Intifada hat gezeigt, dass der palästinensische Widerstand nicht auf Dauer unterdrückt werden kann."
DET-475,DET-440,hist008,Rechenschaftspflicht und Gerechtigkeit,"✓ Die Intifada zwang Israel zu Verhandlungen, was zum Oslo-Prozess führte"
DET-476,DET-441,hist008,Langfristige Bedeutung (1993 bis heute),Etabliertes Muster: Palästinensischer Aufstand → internationale Aufmerksamkeit → Verhandlungen → Scheitern → erneute Gewalt
DET-477,DET-442,hist008,Rechenschaftspflicht und Gerechtigkeit,✗ Oslo-Versprechen unerfüllt; Besetzung dauert über 30 Jahre später an
DET-478,DET-443,hist008,Viertes Genfer Übereinkommen – Verstöße,"Artikel 33: „Keine geschützte Person darf für eine Straftat bestraft werden, die sie nicht persönlich begangen hat. Kollektivstrafen sind verboten.“ Hauszerstörungen und kollektive Ausgangssperren verstießen gegen diese Bestimmung."
DET-479,DET-444,hist008,Internationaler Pakt über bürgerliche und politische Rechte,Artikel 6 (Recht auf Leben): Der Einsatz tödlicher Gewalt gegen größtenteils unbewaffnete Demonstranten verletzte das Recht auf Leben. Die angewandte Gewalt war weder zwingend notwendig noch verhältnismäßig.
DET-480,DET-445,hist008,Resolutionen des UN-Sicherheitsrates,"Die Resolutionen 607 (1988) und 608 (1988) verurteilten Israels Deportationen palästinensischer Zivilisten und forderten Israel auf, die Deportationen einzustellen und den Deportierten die Rückkehr zu gestatten. Israel lehnte die Resolutionen ab."
DET-481,DET-446,hist008,Internationale Kritik und Verurteilung,UN-Menschenrechtsrat: Mehrere Untersuchungskommissionen dokumentierten Verstöße. Berichte des Sonderberichterstatters legten systematische Menschenrechtsverletzungen dar.
DET-482,DET-447,hist008,Viertes Genfer Übereinkommen – Verstöße,<strong>Artikel 49:</strong> „Zwangsüberführungen einzelner Personen oder Massenüberführungen sind verboten.“ 481 Abschiebungen verstießen unmittelbar gegen diesen Schutz.
DET-483,DET-448,hist008,Internationaler Pakt über bürgerliche und politische Rechte,"<strong>Artikel 7 (Verbot der Folter):</strong> Systematische Schläge, die Praxis des Knochenbrechens und Folter in den Haftanstalten verstoßen gegen das absolute Verbot von Folter und grausamer, unmenschlicher Behandlung."
DET-484,DET-449,hist008,Resolutionen des UN-Sicherheitsrates,"Mehrere Resolutionen: Der Sicherheitsrat verabschiedete zahlreiche Resolutionen, in denen er die israelischen Praktiken während der Intifada verurteilte, darunter den übermäßigen Einsatz von Gewalt, Kollektivstrafen und die Verletzung palästinensischer Rechte."
DET-485,DET-450,hist008,Internationale Kritik und Verurteilung,US-Außenministerium: Selbst die US-Regierung (Israels engster Verbündeter) verurteilte unter der Reagan-Administration die „harten Sicherheitsmaßnahmen und den übermäßigen Einsatz von scharfer Munition“.
DET-486,DET-451,hist008,Viertes Genfer Übereinkommen – Verstöße,"Artikel 147 (Schwere Verstöße): „Vorsätzliche Tötung, Folter oder unmenschliche Behandlung, umfangreiche Zerstörung, die nicht durch militärische Notwendigkeit gerechtfertigt ist“, stellen Kriegsverbrechen dar. Knochenbrechende Maßnahmen und übermäßige Gewaltanwendung gelten als schwere Verstöße."
DET-487,DET-452,hist008,Internationaler Pakt über bürgerliche und politische Rechte,<strong>Artikel 9 (Freiheit und Sicherheit):</strong> Massenhafte willkürliche Inhaftierungen und Verwaltungshaft ohne Anklage verletzen das Recht auf Freiheit und Schutz vor willkürlicher Verhaftung.
DET-488,DET-453,hist008,Internationale Kritik und Verurteilung,"Amnesty International und Human Rights Watch: Beide Organisationen veröffentlichten Berichte, in denen Folter, willkürliche Inhaftierung, übermäßige Gewaltanwendung und andere Menschenrechtsverletzungen dokumentiert wurden."
DET-489,DET-454,hist008,Internationale Kritik und Verurteilung,Internationales Komitee vom Roten Kreuz: Hat wiederholt Bedenken hinsichtlich der Behandlung von Gefangenen und des Einsatzes von Gewalt gegen Zivilisten geäußert.
DET-490,DET-455,hist008,Ereignistyp,
DET-491,DET-456,hist008,Auslösen,
DET-492,DET-457,hist008,Israelische Reaktion,
DET-493,DET-458,hist008,Überprüfung,
DET-494,DET-459,hist008,Ergebnis,
DET-495,DET-460,hist008,Jitzchak Rabin,"Er erteilte seinen Soldaten berüchtigte Befehle: „An erster Stelle steht Gewalt, Stärke und Prügel.“ Später befahl er Offizieren: „Brecht ihnen die Knochen.“ In einem Interview räumte er seine Vorgehensweise ein: „Ich befahl der Armee, mit Gewalt vorzugehen und die Demonstranten zu verprügeln.“ Als Premierminister (1992–1995) verfolgte er später die Friedensverhandlungen, die aus der Intifada hervorgegangen waren."
DET-496,DET-461,hist008,Mahmoud Darwish,Verfasste die palästinensische Unabhängigkeitserklärung von 1988. Schreibte: „Aufgrund der Intifada und ihres revolutionären und unumkehrbaren Impulses ist die Geschichte Palästinas an einem entscheidenden Wendepunkt angelangt.“ Beschrieb die Intifada als einen transformativen Moment für die palästinensische Nationalbewegung.
DET-497,DET-462,hist008,Vereinte Nationen,"Der Sicherheitsrat verurteilte das Vorgehen Israels mehrfach. Die Resolutionen 607 und 608 (1988) verurteilten Deportationen. Menschenrechtsermittler dokumentierten: „Die israelische Militärreaktion war durch exzessive und wahllos angewandte Gewalt gegen palästinensische Zivilisten, darunter Kinder, gekennzeichnet.“"
DET-498,DET-463,hist008,Amnesty International,"Dokumentierte systematische Folter in israelischen Haftanstalten. Im Bericht heißt es: „Während der Intifada inhaftierte Palästinenser wurden systematisch und in großem Umfang gefoltert und misshandelt.“ Schläge, Zwangshaltungen, Schlafentzug und Drohungen wurden als Routine beschrieben."
DET-499,DET-464,hist008,B'Tselem (israelische Menschenrechtsorganisation),"Gegründet während der Intifada (1989) zur Dokumentation von Menschenrechtsverletzungen. Umfassende Statistiken: 1.087 getötete Palästinenser (darunter 241 Kinder), über 120.000 Verletzte, 2.532 zerstörte Häuser, 481 Deportierte. Feststellung: „Die israelischen Streitkräfte haben während der Intifada systematisch gegen das humanitäre Völkerrecht verstoßen.“"
DET-500,DET-465,hist008,Palästinensischer Jugendaktivist,"In einem Interview für eine Al-Jazeera-Dokumentation sagte er: „Wir weigerten uns, Israel Geld für den Aufbau einer stärkeren Armee zur Unterdrückung der Palästinenser zu geben. Die israelische Armee belagerte unsere Stadt 40 Tage lang. Sie durchsuchten oder zerstörten Häuser von Steuerhinterziehern. Wir sahen neue Arten von Verletzungen – zuerst durch Tränengas und Gummigeschosse, dann durch Schläge und scharfe Munition.“"
DET-501,DET-466,hist008,Jimmy Carter,"Rückblickend auf die Intifada: „Der gewaltlose Widerstand der Palästinenser während der Ersten Intifada war ein bemerkenswerter Beweis von Mut. Die gewaltsame israelische Reaktion schockierte viele Amerikaner und veränderte die Wahrnehmung des israelisch-palästinensischen Konflikts.“ Es wurde festgestellt, dass die Intifada zur internationalen Anerkennung der Rechte der Palästinenser führte."
DET-502,DET-467,hist008,Auslöser: Verkehrsunfall in Gaza,"Ein israelischer Armeelastwagen kollidierte am Kontrollpunkt Erez mit zivilen Fahrzeugen und tötete vier palästinensische Arbeiter aus dem Flüchtlingslager Jabalia (Gaza). Die Palästinenser vermuten, dass es sich um eine gezielte Vergeltungsaktion für einen israelischen Messerangriff zwei Tage zuvor handelte. Gerüchte und Wut verbreiteten sich rasch."
DET-503,DET-468,hist008,Beginn der Intifada: Aufstand von Jabalia,"Im Flüchtlingslager Jabalia brachen Massenproteste aus. Der 17-jährige Hatem al-Sisi wurde von einem israelischen Soldaten erschossen, nachdem er einen Molotowcocktail auf eine Armeepatrouille geworfen hatte. Sein Tod wurde zum Symbol. Innerhalb weniger Stunden breiteten sich die Proteste im gesamten Gazastreifen aus."
DET-504,DET-469,hist008,Der Aufstand breitet sich ins Westjordanland und nach Jerusalem aus.,"Die Proteste weiteten sich auf Ostjerusalem, Ramallah, Nablus, Hebron und weitere Städte und Flüchtlingslager im Westjordanland aus. Steinwürfe, brennende Reifen und Straßenblockaden gehören zum Alltag. In der ersten Woche wurden sechs Palästinenser getötet und 30 verletzt."
DET-505,DET-470,hist008,Rabins „Eiserne Faust“-Politik angekündigt,"Verteidigungsminister Jitzchak Rabin verkündet eine Politik der „Gewalt, Stärke und Prügel“. Er befiehlt Soldaten, Steinewerfern die Knochen zu brechen. Israelische Streitkräfte beginnen mit systematischen Schlägen mit Knüppeln und Gewehrkolben. Mindestens 300 Palästinenser werden im ersten Jahr getötet."
DET-506,DET-471,hist008,Bildung der Vereinten Nationalen Führung (UNLU),"Es bilden sich Untergrund-Koordinierungskomitees, bestehend aus PLO-Fraktionen und lokalen Anführern. Sie beginnen, Kommuniqués (Bayanat) zu veröffentlichen, in denen sie zu Streiks, Boykotten und Demonstrationen aufrufen. Parallel dazu werden Institutionen aufgebaut: Volkskomitees, alternative Bildungseinrichtungen und medizinische Hilfsorganisationen."
DET-507,DET-472,hist008,Erstes Jahr: Höhepunkt der Gewalt,"Im ersten Jahr wurden mindestens 300 Palästinenser getötet und Zehntausende verletzt. Über 18.000 Menschen wurden festgenommen. Israelische Streitkräfte schlossen Schulen und Universitäten, verhängten Ausgangssperren und zerstörten Häuser. Mehr als 3.600 Angriffe mit Molotowcocktails und 100 Angriffe mit Handgranaten wurden gemeldet."
DET-508,DET-473,hist008,Palästinensische Unabhängigkeitserklärung,"Der Palästinensische Nationalrat in Algier erklärt die palästinensische Staatlichkeit. Die PLO erkennt Israels Existenzrecht an, akzeptiert die UN-Resolutionen 242 und 338 und befürwortet die Zwei-Staaten-Lösung. Verfasst von Mahmoud Darwish. Ein bedeutender politischer Wandel, ausgelöst durch die Dynamik der Intifada."
DET-509,DET-474,hist008,Massaker auf dem Tempelberg,Bei einem Gebet auf dem Gelände der Al-Aqsa-Moschee in Jerusalem tötete die israelische Polizei 22 Palästinenser. Hunderte wurden verletzt. Der Vorfall markiert eine Eskalation der palästinensischen Taktik hin zu tödlicheren Methoden. Zwei Wochen später wurden drei Israelis und ein Soldat der israelischen Verteidigungsstreitkräfte in Jerusalem und im Gazastreifen erstochen.
DET-510,DET-475,hist008,Die Gewalt eskaliert; die „Intrapada“ beginnt,"Die bewaffneten Angriffe der Palästinenser nehmen zu. Die Hamas stellt die Führung der PLO in Frage. „Intrafada“: Palästinenser töten andere Palästinenser, die der Kollaboration mit Israel beschuldigt werden. Bis 1991 übersteigt die Zahl der Opfer palästinensischer Todesschwadronen zeitweise die Zahl der Opfer israelischer Streitkräfte."
DET-511,DET-476,hist008,Madrider Friedenskonferenz,Erste direkte israelisch-palästinensische Verhandlungen. Die Palästinenser wurden durch eine Delegation aus den besetzten Gebieten vertreten (nicht formell der PLO). Aktivisten und weibliche Führungskräfte waren in der Delegation prominent vertreten. Die Konferenz markiert die internationale Anerkennung der Rechte der Palästinenser.
DET-512,DET-477,hist008,Geheime Oslo-Verhandlungen,"Während die Madrider Gespräche ins Stocken geraten, beginnen in Oslo, Norwegen, geheime Verhandlungen zwischen Israel und der PLO. Im Gegensatz zu Madrid sind Basisaktivisten und Frauen vom Osloer Prozess ausgeschlossen. Die Verhandlungen führen zu einem Rahmen für die palästinensische Selbstverwaltung."
DET-513,DET-478,hist008,Oslo-Abkommen unterzeichnet; Intifada beendet,"Israel und die PLO unterzeichnen auf dem Rasen des Weißen Hauses eine Grundsatzerklärung. Das Abkommen schafft den Rahmen für die palästinensische Selbstverwaltung, den israelischen Rückzug aus einigen Gebieten und die Gründung der Palästinensischen Autonomiebehörde. Die Intifada endet nach fast sechs Jahren offiziell. Endgültige Opferzahl: 1.087–1.284 getötete Palästinenser, 160–200 getötete Israelis."
DET-514,DET-479,hist009,Übermäßiger Einsatz tödlicher Gewalt,"Israelische Streitkräfte setzten routinemäßig scharfe Munition gegen Demonstranten ein, die Steine ​​warfen, und töteten dabei über 1.000 Palästinenser. Die UN kritisierte Israels Vorgehensweise, gezielt zu töten. Viele Opfer wurden in Oberkörper oder Kopf getroffen, was auf Tötungsabsicht hindeutet. Der Gewalteinsatz war unverhältnismäßig zur Bedrohung durch die größtenteils unbewaffneten Demonstranten."
DET-515,DET-480,hist009,Systematische Prügel- und Knochenbruchpolitik,"Verteidigungsminister Rabin gab den ausdrücklichen Befehl, Demonstranten die Knochen zu brechen. Soldaten schlugen systematisch mit Knüppeln und Gewehrkolben auf Palästinenser ein. Mindestens 17 Palästinenser starben allein an den Folgen der Misshandlungen. Tausende erlitten Knochenbrüche und bleibende Verletzungen. Diese Vorgehensweise stellte Folter und grausame, unmenschliche Behandlung dar, die nach internationalem Recht verboten ist."
DET-516,DET-481,hist009,Strafhafte Hausabrisse,2.532 palästinensische Häuser wurden während der Intifada als Kollektivstrafe abgerissen – Häuser von Familien mutmaßlicher Angreifer oder Aktivisten wurden ohne Gerichtsverfahren zerstört. Dies verstößt gegen Artikel 33 der Vierten Genfer Konvention: „Kollektivstrafen … sind verboten.“ Tausende wurden obdachlos.
DET-517,DET-482,hist009,Massenhafte willkürliche Inhaftierung und Folter,Etwa 120.000 Palästinenser wurden innerhalb von sechs Jahren verhaftet – rund 20 % der erwachsenen männlichen Bevölkerung. Viele wurden ohne Anklage oder Gerichtsverfahren in Verwaltungshaft gehalten. Menschenrechtsorganisationen dokumentierten weit verbreitete Folter. Die Haftanstalten wurden als Foltereinrichtungen beschrieben.
DET-518,DET-483,hist009,Kollektivbestrafung,"Wochenlange, ausgedehnte Ausgangssperren, die ganze Städte und Flüchtlingslager betreffen. Monate- oder jahrelange Schließung von Schulen und Universitäten, wodurch einer ganzen Generation Bildung verwehrt wird. Abriegelung ganzer Gebiete. All dies stellt eine Kollektivstrafe dar, die gemäß Artikel 33 der Genfer Konvention verboten ist."
DET-519,DET-484,hist009,Illegale Abschiebungen,481 Palästinenser wurden aus besetzten Gebieten in den Libanon und anderswohin deportiert – ein direkter Verstoß gegen Artikel 49 der Vierten Genfer Konvention: „Einzelne oder massenhafte Zwangsverlegungen … aus besetzten Gebieten … sind verboten.“ Die Resolutionen 607 und 608 des UN-Sicherheitsrates verurteilten die Deportationen.
DET-520,DET-485,hist009,Tötung von Kindern,"241–332 palästinensische Kinder (Minderjährige unter 18 Jahren) wurden während der Intifada von israelischen Streitkräften getötet. Viele wurden erschossen, als sie Steine ​​warfen oder an Protesten teilnahmen. Internationale Empörung über Bilder von Soldaten, die auf Kinder schießen. Die Tötung von Kindern war unverhältnismäßig und verstieß gegen die Grundsätze der Unterscheidung und Verhältnismäßigkeit."
DET-521,DET-486,hist009,In Moschee getötet,Aufgenommen von Baruch Goldstein während des Fajr-Gebets in der Ibrahimi-Moschee
DET-522,DET-487,hist009,Von israelischen Streitkräften getötet,"Erschossen während Protesten, Beerdigungen und Unruhen nach dem Massaker (25. Februar - 18. März)"
DET-523,DET-488,hist009,Verwundet in Moschee,Von Goldstein angeschossen und verwundet; viele mit dauerhaften Behinderungen
DET-524,DET-489,hist009,Bei Protesten verletzt,Während dreiwöchiger Proteste und Zusammenstöße von israelischen Streitkräften verletzt.
DET-525,DET-490,hist009,Geschlossene Geschäfte,Von israelischem Militär zur Schließung angeordnet; die meisten wurden nie wieder geöffnet.
DET-526,DET-491,hist009,Geschäfte geschlossen,Die Geschäfte der Altstadt wurden auf Militärbefehl versiegelt; das wirtschaftliche Herz wurde zerstört.
DET-527,DET-492,hist009,Baruch Goldstein (geboren als Benjamin Carl Goldstein),"In den USA geborener israelischer Siedler, Arzt, Reserveoffizier der israelischen Streitkräfte und Mitglied der Kach-Bewegung. Er ermordete 29 palästinensische Gläubige während des Ramadan-Gebets. Sein Handeln zielte darauf ab, den Oslo-Friedensprozess zu sabotieren. Er wird von rechtsextremen Gruppen als Märtyrer verehrt; sein Grab in Kiryat Arba ist zu einer Pilgerstätte geworden."
DET-528,DET-493,hist009,Meir Kahane,"Der in den USA geborene extremistische Rabbiner gründete die Jewish Defense League (JDL) und die Kach-Partei. Er befürwortete die Vertreibung aller Araber aus Israel/Palästina und die jüdische Vorherrschaft. Goldstein war einer seiner Anhänger. Kahane wurde 1990 ermordet, doch seine Ideologie lebt in seinen Anhängern und den heutigen israelischen Rechtsextremistenparteien fort."
DET-529,DET-494,hist009,Jitzchak Rabin,"Goldsteins Tat wurde zwar rhetorisch verurteilt, doch die Regierung verhängte Kollektivstrafen gegen palästinensische Opfer. Er leitete den Osloer Friedensprozess, den Goldstein zu torpedieren suchte. 1995 wurde er von einem israelischen Extremisten ermordet."
DET-530,DET-495,hist009,Meir Shamgar,"Der ehemalige Präsident des israelischen Obersten Gerichtshofs leitete die Kommission zur Untersuchung des Massakers. Der Bericht kam zu dem Schluss, dass Goldstein allein gehandelt hatte (und leugnete eine militärische Mittäterschaft) und empfahl Maßnahmen, die allesamt die Palästinenser belasteten. Der Bericht wurde als Vertuschung kritisiert."
DET-531,DET-496,hist009,Itamar Ben-Gvir,"Ein ehemaliger Kach-Aktivist, der ein Porträt von Goldstein in seinem Haus hängen hatte, ist heute israelischer Minister für Nationale Sicherheit. Er verkörpert die Fortführung von Goldsteins Ideologie in der israelischen Politik. Er besuchte Goldsteins Grab und lobte ihn."
DET-532,DET-497,hist009,Sofortige Auswirkungen (1994),29 Palästinenser während des Gebets massakriert; über 125 verletzt; über 25 von israelischen Streitkräften bei Protesten getötet
DET-533,DET-498,hist009,Langfristige Transformation von Hebron (1994-heute),"Aufteilung der Ibrahimi-Moschee: 60 % jüdisch, 40 % muslimisch (Juden 0,003 % der Bevölkerung)"
DET-534,DET-499,hist009,Ideologisches Erbe: Der Kahanismus in der israelischen Politik,Goldstein in Kiryat Arba begraben; Grab wurde zum Schrein für Extremisten
DET-535,DET-500,hist009,Rechenschaftspflicht und Gerechtigkeit,✗ Kein israelischer Beamter wurde wegen Beihilfe zum Massaker oder Missachtung von Warnungen strafrechtlich verfolgt.
DET-536,DET-501,hist009,Sofortige Auswirkungen (1994),Der UN-Sicherheitsrat verurteilte das Massaker (Resolution 904); Israel hat sich der Resolution nie angeschlossen.
DET-537,DET-502,hist009,Langfristige Transformation von Hebron (1994-heute),520 Betriebe und 1.800 Geschäfte geschlossen; Wirtschaft der Altstadt zerstört
DET-538,DET-503,hist009,Ideologisches Erbe: Der Kahanismus in der israelischen Politik,"Jährliche Gedenkveranstaltungen von Kahanisten-Anhängern, die Goldstein als „Helden“ preisen."
DET-539,DET-504,hist009,Rechenschaftspflicht und Gerechtigkeit,✗ Keine Rechenschaftspflicht für die verdächtige Abwesenheit des Militärs oder das Einschließen von Überlebenden
DET-540,DET-505,hist009,Sofortige Auswirkungen (1994),Israel hat die Kach-Bewegung verboten und sie als Terrororganisation eingestuft.
DET-541,DET-506,hist009,Langfristige Transformation von Hebron (1994-heute),Die Shuhada-Straße (Hauptgeschäftsstraße) wurde für Palästinenser gesperrt – eine Geisterstadt entstand.
DET-542,DET-507,hist009,Ideologisches Erbe: Der Kahanismus in der israelischen Politik,Die Kach-Ideologie wurde nie ausgerottet – ihre Anhänger schlossen sich anderen Siedlergruppen an.
DET-543,DET-508,hist009,Rechenschaftspflicht und Gerechtigkeit,✗ Keine israelischen Soldaten wurden wegen der Tötung von mehr als 25 Palästinensern während Protesten angeklagt.
DET-544,DET-509,hist009,Sofortige Auswirkungen (1994),"Der Osloer Friedensprozess wurde fortgesetzt, aber schwer beschädigt – das Vertrauen der Palästinenser ist zerstört."
DET-545,DET-510,hist009,Langfristige Transformation von Hebron (1994-heute),"Das Hebron-Protokoll von 1997 teilte die Stadt: H2 (20 %, Altstadt) unter vollständige israelische Militärkontrolle"
DET-546,DET-511,hist009,Ideologisches Erbe: Der Kahanismus in der israelischen Politik,2022 bis heute: Kahanisten gelangten über Parteien wie Otzma Yehudit (Jüdische Macht) in die israelische Regierung.
DET-547,DET-512,hist009,Rechenschaftspflicht und Gerechtigkeit,✗ Die Kollektivbestrafung palästinensischer Opfer wurde nie rückgängig gemacht
DET-548,DET-513,hist009,Sofortige Auswirkungen (1994),Hamas und Islamischer Dschihad starteten Vergeltungsangriffe; Beginn einer Selbstmordattentatskampagne
DET-549,DET-514,hist009,Langfristige Transformation von Hebron (1994-heute),"In H2 leben etwa 40.000 Palästinenser unter Militärverwaltung, um etwa 400-800 extremistische Siedler zu schützen."
DET-550,DET-515,hist009,Ideologisches Erbe: Der Kahanismus in der israelischen Politik,"Itamar Ben-Gvir (Minister für Nationale Sicherheit), ehemaliger Kach-Aktivist, der Goldsteins Porträt in seinem Haus aufhängte"
DET-551,DET-516,hist009,Rechenschaftspflicht und Gerechtigkeit,✗ Die Resolution 904 des UN-Sicherheitsrates wurde nie umgesetzt
DET-552,DET-517,hist009,Sofortige Auswirkungen (1994),Internationale Aufmerksamkeit auf Hebron und die Gewalt der Siedler
DET-553,DET-518,hist009,Langfristige Transformation von Hebron (1994-heute),"Ein Netz aus Kontrollpunkten, Absperrungen und Einschränkungen erstickt das Leben der Palästinenser."
DET-554,DET-519,hist009,Ideologisches Erbe: Der Kahanismus in der israelischen Politik,"Bezalel Smotrich (Finanzminister) befürwortet Annexions- und Vertreibungspolitiken, die an Kahanes Politik erinnern."
DET-555,DET-520,hist009,Rechenschaftspflicht und Gerechtigkeit,✗ Goldstein wird von Teilen der israelischen Gesellschaft als Held/Märtyrer verehrt.
DET-556,DET-521,hist009,Sofortige Auswirkungen (1994),"Erste Anwendung der Strategie der „kollektiven Bestrafung der Opfer“, die zum Vorbild wurde"
DET-557,DET-522,hist009,Langfristige Transformation von Hebron (1994-heute),Massenhafte Vertreibung aus der Altstadt; Bevölkerungsrückgang von 35.000 auf ca. 7.000
DET-558,DET-523,hist009,Ideologisches Erbe: Der Kahanismus in der israelischen Politik,Goldsteins Ziel – den Friedensprozess zu sabotieren und einen palästinensischen Staat zu verhindern – wurde weitgehend erreicht.
DET-559,DET-524,hist009,Rechenschaftspflicht und Gerechtigkeit,Seine ideologischen Nachfolger regieren nun Israel.
DET-560,DET-525,hist009,Langfristige Transformation von Hebron (1994-heute),Hebron wurde zum Symbol für die repressivste Seite der Besatzung.
DET-561,DET-526,hist009,Ideologisches Erbe: Der Kahanismus in der israelischen Politik,Die Siedlerbevölkerung wuchs von etwa 100.000 (1994) auf über 700.000 (2024).
DET-562,DET-527,hist009,Rechenschaftspflicht und Gerechtigkeit,"✓ Kach wurde kurzzeitig verboten (1994), seine Ideologie besteht jedoch fort."
DET-563,DET-528,hist009,Rechenschaftspflicht und Gerechtigkeit,✓ Internationale Verurteilung dokumentiert
DET-564,DET-529,hist009,Rechenschaftspflicht und Gerechtigkeit,✗ Die Geschäfte in der Altstadt wurden nie wiedereröffnet; die Palästinenser wurden nie entschädigt.
DET-565,DET-530,hist009,Rechenschaftspflicht und Gerechtigkeit,✗ Die Teilung der Ibrahimi-Moschee besteht weiterhin; Palästinenser sind am Ort ihrer Viktimisierung eingeschränkt
DET-566,DET-531,hist009,Viertes Genfer Übereinkommen – Verstöße,"Artikel 27: „Geschützte Personen sind jederzeit human zu behandeln und insbesondere vor allen Gewalttaten und Gewaltdrohungen zu schützen.“ Israel hat es versäumt, die Palästinenser vor der Gewalt der Siedler zu schützen und den Angriff durch militärische Abwesenheit begünstigt."
DET-567,DET-532,hist009,Internationales Menschenrechtsrecht,"Recht auf Leben (IPBPR Artikel 6): Israel hat seine Pflicht zum Schutz des Lebens verletzt, indem es Warnungen vor Goldstein ignorierte; das Vorgehen der Soldaten während und nach dem Massaker begünstigte Todesfälle; übermäßige Gewalt gegen Demonstranten verletzte das Recht auf Leben."
DET-568,DET-533,hist009,Resolution 904 (1994) des UN-Sicherheitsrates,Verurteilung: Der Sicherheitsrat „verurteilt das Massaker aufs Schärfste… und nennt es abscheulich“.
DET-569,DET-534,hist009,Terrorismus und internationales Strafrecht,Terrorakt: Das Massaker erfüllt alle Definitionen von Terrorismus – ein vorsätzlicher Angriff auf Zivilisten zur Erreichung eines politischen Ziels (Störung des Friedensprozesses).
DET-570,DET-535,hist009,Viertes Genfer Übereinkommen – Verstöße,"Artikel 33: „Keine geschützte Person darf für eine Straftat bestraft werden, die sie nicht persönlich begangen hat. Kollektivstrafen sind verboten.“ Sechsmonatige Schließung, Geschäftsschließungen, Moscheeteilung und die Abriegelung der Shuhada-Straße stellten allesamt Kollektivstrafen dar."
DET-571,DET-536,hist009,Internationales Menschenrechtsrecht,Religionsfreiheit (IPBPR Artikel 18): Die Teilung der Ibrahimi-Moschee und die Einschränkungen der muslimischen Religionsausübung verletzen das Recht auf Religions- und Ausübungsfreiheit.
DET-572,DET-537,hist009,Resolution 904 (1994) des UN-Sicherheitsrates,"Schutzmaßnahmen: Es wurde gefordert, „Maßnahmen zu ergreifen, um die Sicherheit und den Schutz der palästinensischen Zivilbevölkerung im gesamten besetzten Gebiet zu gewährleisten, einschließlich unter anderem einer vorübergehenden internationalen oder ausländischen Präsenz“. Israel hat diese Forderung nie umgesetzt."
DET-573,DET-538,hist009,Terrorismus und internationales Strafrecht,Verbrechen gegen die Menschlichkeit: Teil eines umfassenden Angriffs auf die palästinensische Zivilbevölkerung; systematische Verfolgung.
DET-574,DET-539,hist009,Viertes Genfer Übereinkommen – Verstöße,"Artikel 53: „Jegliche Zerstörung von Eigentum ist verboten, außer wenn sie durch militärische Operationen unbedingt erforderlich ist.“ Die wirtschaftliche Strangulierung der Altstadt war militärisch nicht notwendig."
DET-575,DET-540,hist009,Internationales Menschenrechtsrecht,"Recht auf Nichtdiskriminierung: Grob ungleiche Behandlung – Palästinenser kollektiv bestraft, während die Siedlerbevölkerung geschützt und vergrößert wurde."
DET-576,DET-541,hist009,Resolution 904 (1994) des UN-Sicherheitsrates,Abrüstung: Implizit wurde die Entwaffnung der Siedler gefordert. Israel ignorierte dies; die Siedler bewaffneten sich und expandierten.
DET-577,DET-542,hist009,Terrorismus und internationales Strafrecht,"Staatliche Verantwortung: Israels Versäumnis, den Angriff trotz Warnungen zu verhindern, die Beihilfe durch militärische Abwesenheit, die Kollektivbestrafung der Opfer und die Nichtumsetzung der Resolution 904 des UN-Sicherheitsrates stellen die staatliche Verantwortung für Verstöße dar."
DET-578,DET-543,hist009,Resolution 904 (1994) des UN-Sicherheitsrates,Umsetzung: Israel hat keine einzige Bestimmung der Resolution 904 eingehalten.
DET-579,DET-544,hist009,Ereignistyp,
DET-580,DET-545,hist009,Täter,
DET-581,DET-546,hist009,Zugehörigkeit,
DET-582,DET-547,hist009,Waffe,
DET-583,DET-548,hist009,Überprüfung,
DET-584,DET-549,hist009,Israelische Reaktion,
DET-585,DET-550,hist009,Hazem Abu Sneineh,"In einem Interview mit Al Jazeera 22 Jahre später: „Als wir uns zur Niederwerfung niederbeugten, hörte ich heftiges Gewehrfeuer und wurde ins Bein getroffen. Ich konnte nicht aufstehen, und unter und um mich herum war eine große Blutlache. Es gab viele Verwundete, die überall verstreut lagen … Kinder waren zerfetzt, Märtyrer hatten ihre Köpfe verloren, ihre Bäuche waren aufgerissen, und überall lagen Leichenteile herum.“"
DET-586,DET-551,hist009,Mohammed Abdelkader,"Mohammed war elf Jahre alt, als Goldstein ihn während des Fajr-Gebets erschoss. Er betete neben seinem Vater. Seine Geschichte steht stellvertretend für die Dutzenden Kinder, die bei dem Massaker anwesend waren und von denen viele starben oder verletzt wurden."
DET-587,DET-552,hist009,Zeugenaussage eines Überlebenden,"Im Gespräch mit der Anadolu-Agentur sagte er: „Was wir in der Halle sahen, glich einem Schlachthaus. Überall lagen Leichenteile herum, Blut bedeckte Boden und Wände. Die israelischen Soldaten, die uns eigentlich beschützen sollten, schlossen die Türen hinter uns und sperrten uns mit den Toten und Verwundeten ein. Sie hinderten lange Zeit daran, dass Krankenwagen uns erreichten.“"
DET-588,DET-553,hist009,Khalil Muhsen Jabari,"Imam Jabari leitete gerade das Fajr-Gebet, als Goldstein das Feuer eröffnete. Er überlebte. Später berichtete er über das Grauen: „Wir befanden uns in der Niederwerfung, als die Schießerei begann. Die Menschen konnten nicht fliehen, weil wir so dicht gedrängt standen. Die Schießerei dauerte Minuten, die sich wie Stunden anfühlten. Als wir ihn schließlich überwältigten, stellten wir fest, dass er mehrmals nachgeladen hatte.“"
DET-589,DET-554,hist009,UN-Sicherheitsrat,"Resolution 904 (18. März 1994): „Verurteilt aufs Schärfste das Massaker in Hebron und seine Folgen, bei dem mehr als 50 palästinensische Zivilisten getötet und mehrere hundert weitere verletzt wurden“ und bezeichnet das Massaker als „abscheuliche Tat“. Es wurden Maßnahmen zum Schutz der palästinensischen Zivilbevölkerung gefordert. Israel kam dieser Forderung nie nach."
DET-590,DET-555,hist009,Jitzchak Rabin,"Verurteiltes Massaker: „Ihr gehört nicht zur israelischen Gemeinschaft … Ihr seid keine Partner im zionistischen Projekt. Ihr seid eine Schande für den Zionismus und eine Blamage für das Judentum.“ Doch anstatt die palästinensischen Opfer zu schützen oder Siedler zu vertreiben, verhängte seine Regierung anschließend Kollektivstrafen gegen sie."
DET-591,DET-556,hist009,Israelischer Soldat (am Tatort anwesend),"Anonyme Aussage vor der Shamgar-Kommission: „Wir hörten Schüsse, aber der Offizier befahl uns, draußen auf unseren Posten zu bleiben. Als wir schließlich hineingingen, herrschte Chaos. Wir schlossen die Tore, um zu verhindern, dass noch mehr Menschen hineinkamen.“ Die Palästinenser argumentieren, diese Aussage belege die Mittäterschaft des Militärs – Soldaten seien anwesend gewesen, hätten das Massaker aber nicht verhindert."
DET-592,DET-557,hist009,Erklärungen der Kach-Bewegung,"Nach dem Massaker priesen Kach-Führer Goldstein als Helden und Märtyrer. Sie verteilten Flugblätter, die den Anschlag rechtfertigten. Die Erklärung lautete: „Goldstein handelte, um jüdische Leben zu retten.“ Diese Aussagen veranlassten die israelische Regierung, Kach zu verbieten und die Organisation als Terrororganisation einzustufen. Die Ideologie ist jedoch in der heutigen israelischen extremen Rechten durch Parteien wie Otzma Yehudit weiterhin präsent."
DET-593,DET-558,hist009,Warnzeichen: Goldstein greift Moschee an,Baruch Goldstein übergoss die Teppiche einer Moschee mit Säure und hinterließ große Löcher. Sechs Gläubige wurden angegriffen. Die Wächter des Heiligtums identifizierten Goldstein als Täter. Die palästinensischen Behörden wandten sich in einem Brief an Premierminister Jitzchak Rabin und warnten vor der von Goldstein ausgehenden Gefahr. Sie forderten ihn zum Handeln auf. Es wurden keine Maßnahmen ergriffen.
DET-594,DET-559,hist009,Vorabend des Massakers: Spannungen in der Moschee,"In der Ibrahimi-Moschee kam es zu Auseinandersetzungen, als eine große Gruppe jüdischer Gläubiger während des muslimischen Gebets zum Purimfest (einem jüdischen Fest, das mit dem Ramadan zusammenfällt) die Moschee betreten wollte. Es kam zu Zusammenstößen zwischen Palästinensern und Siedlern. Die Spannungen verschärften sich."
DET-595,DET-560,hist009,Verdächtige Abwesenheit israelischer Soldaten,"Gläubige bemerkten, dass israelische Soldaten trotz der Spannungen am Vorabend nicht wie üblich um die Moschee postiert waren. Überlebende sagten später aus, dies sei höchst ungewöhnlich gewesen und vermuteten eine Komplizenschaft des israelischen Militärs oder gar Vorwissen über den Angriff."
DET-596,DET-561,hist009,MASSENMORD: Goldstein eröffnet das Feuer während des Fajr-Gebets,"Baruch Goldstein, in israelischer Militäruniform, betritt die Isaak-Halle der Ibrahimi-Moschee, wo etwa 800 Palästinenser das Morgengebet (Fajr) verrichten. Er positioniert sich hinter einer Säule im hinteren Bereich. Als die Gläubigen sich niederwerfen (Sujud), eröffnet er mit einem Galil-Sturmgewehr das Feuer. Er schießt systematisch auf die wehrlosen Gläubigen und lud mehrmals nach. Das Geschehen dauert etwa 10 Minuten. 29 Menschen sterben, über 125 werden verwundet. Schließlich wird er von Überlebenden überwältigt und zu Tode geprügelt."
DET-597,DET-562,hist009,Israelische Soldaten sperren Überlebende ein,"Israelische Soldaten schlossen die Tore der Moschee und schlossen Überlebende mit Toten und Verwundeten ein. Sie hinderten die Gläubigen am Verlassen des Gebäudes und medizinische Hilfe am Betreten. Überlebende berichteten von Blut überall, verstreuten Leichenteilen, toten Kindern und verwundeten, die um Hilfe schrien. Die Soldaten verzögerten die Hilfeleistung über einen längeren Zeitraum."
DET-598,DET-563,hist009,Proteste brechen aus; israelische Streitkräfte töten weitere Palästinenser,"Die Nachricht vom Massaker verbreitet sich. Palästinenser strömen voller Trauer und Wut auf die Straßen. Proteste finden vor der Moschee, dem Ahli-Krankenhaus und dem Friedhof statt, wo die Opfer beerdigt werden. Israelische Streitkräfte eröffnen das Feuer auf die Demonstranten und töten am selben Tag des Massakers mindestens vier weitere Palästinenser."
DET-599,DET-564,hist009,Drei Wochen Proteste; Zahl der Todesopfer steigt auf 50-60,"Im gesamten Westjordanland kam es zu Unruhen und Zusammenstößen. Israelische Streitkräfte töteten bei Protesten mindestens 25 weitere Palästinenser (einigen Quellen zufolge bis zu 31), womit die Gesamtzahl der Todesopfer auf 50 bis 60 stieg. Fünf israelische Zivilisten wurden bei Vergeltungsangriffen getötet."
DET-600,DET-565,hist009,Israel schließt Hebron für sechs Monate,Das israelische Militär verhängt unter dem Vorwand von „Ermittlungen“ eine sechsmonatige Vollsperrung der Ibrahimi-Moschee und der Altstadt von Hebron. 120.000 Palästinenser stehen unter Ausgangssperre; 400 jüdische Siedler können sich frei bewegen. Kollektive Bestrafung der Opfer.
DET-601,DET-566,hist009,Resolution 904 des UN-Sicherheitsrates,"Der Sicherheitsrat verurteilt das Massaker und nennt es „abscheulich“. Er fordert Maßnahmen zum Schutz der palästinensischen Zivilbevölkerung, darunter die Entwaffnung der Siedler. Israel ignoriert die Resolution und setzt die Maßnahmen nicht um."
DET-602,DET-567,hist009,Die Kach-Partei wurde von Israel verboten.,"Die israelische Regierung verbot die Kach-Bewegung und stufte sie nach Äußerungen, in denen Goldsteins Anschlag gelobt wurde, als terroristische Organisation ein. Viele Kach-Mitglieder und ihre Ideologie sind jedoch weiterhin in der Siedlerbewegung präsent und tauchen später in Parteien wie Jüdische Macht (Otzma Yehudit) wieder auf."
DET-603,DET-568,hist009,Bericht der Shamgar-Kommission veröffentlicht,"Eine von Israel eingesetzte Kommission kommt zu dem Schluss, dass Goldstein allein handelte und bestreitet jegliche militärische Beteiligung. Sie empfiehlt Sicherheitsmaßnahmen – die gesamte Last soll jedoch den Palästinensern und nicht den Siedlern aufgebürdet werden. Der Bericht wird als Vertuschung kritisiert. Er empfiehlt die Aufteilung der Moschee, um Siedlern Platz zu bieten, und die Kollektivbestrafung der palästinensischen Gemeinde."
DET-604,DET-569,hist009,Ibrahimi-Moschee geteilt; Altstadt erdrosselt,"Auf Empfehlung Schamgars teilte Israel die Ibrahimi-Moschee: 60 % für jüdische, 40 % für muslimische Gebetsräume – obwohl Juden nur 0,003 % der Bevölkerung Hebrons ausmachten. 520 Betriebe und 1.800 Geschäfte in der Altstadt wurden geschlossen. Die Shuhada-Straße (die wichtigste Geschäftsstraße) wurde abgeriegelt. Ein Netz von Kontrollpunkten wurde errichtet. Die Altstadt Hebrons verwandelte sich in eine Geisterstadt."
DET-605,DET-570,hist009,Hebron-Protokoll teilt die Stadt (H1/H2),"Das Hebron-Protokoll teilte die Stadt: H1 (80 % der Stadt) unter palästinensischer Autonomiebehörde; H2 (20 %, einschließlich der Altstadt) unter vollständiger israelischer Kontrolle. In H2 lebten etwa 40.000 Palästinenser und etwa 400–800 Siedler. Die Siedlungen wurden ausgebaut, die Einschränkungen verschärft. Das Erbe des Massakers wurde institutionalisiert."
DET-606,DET-571,hist009,Goldsteins Grab wird zum Schrein für Extremisten,"Baruch Goldstein ist in Kiryat Arba begraben. Sein Grab wurde zu einem Wallfahrtsort für rechtsextreme jüdische Aktivisten, die ihn als Märtyrer und Helden verehren. Die Grabinschrift bezeichnete seine Taten als „reine Seele“. Die israelische Regierung erzwang später die Entfernung des lobenden Textes, doch der Ort ist weiterhin eine Gedenkstätte. Jährlich finden Gedenkveranstaltungen der Kahanisten statt."
DET-607,DET-572,hist010,Massenmord / Terroranschlag,"Baruch Goldstein verübte einen vorsätzlichen Terroranschlag, bei dem 29 unbewaffnete palästinensische Gläubige während des Gebets ermordet wurden. Es handelte sich um einen geplanten Massenmord an Zivilisten in einem Gotteshaus. Goldstein war Mitglied der als terroristisch eingestuften Organisation Kach. Der Anschlag zielte darauf ab, den Oslo-Friedensprozess durch eine Provokation palästinensischer Vergeltungsmaßnahmen zu torpedieren."
DET-608,DET-573,hist010,Unterstützung und Mittäterschaft des israelischen Militärs,"Auffällig war die Abwesenheit israelischer Soldaten an ihren üblichen Positionen trotz der Spannungen am Vorabend. Soldaten, die während des Massakers anwesend waren, schlossen die Tore und schlossen Überlebende mit Toten und Verwundeten ein, wodurch medizinische Hilfe verhindert wurde. Viele Palästinenser glauben, dass das israelische Militär von dem Angriff wusste und ihn ermöglichte. Die Schamgar-Kommission vertuschte diese Vorfälle."
DET-609,DET-574,hist010,Kollektive Bestrafung der Opfer,"Anstatt die Palästinenser zu schützen oder Siedler nach dem Massaker umzusiedeln, ging Israel wie folgt vor: Es schloss Hebron für sechs Monate; teilte die Ibrahimi-Moschee zugunsten von Siedlern (60 % für Juden); schloss 520 Betriebe und 1.800 Geschäfte; riegelte die Shuhada-Straße ab; errichtete ein Netz von Kontrollpunkten. Damit verstieß Israel gegen Artikel 33 der Genfer Konvention: Kollektivstrafen sind verboten."
DET-610,DET-575,hist010,Tötung palästinensischer Demonstranten,"Israelische Streitkräfte töteten bei Protesten nach dem Massaker mindestens 25 Palästinenser – sie wurden erschossen, als sie ihre Trauer und Wut über den Angriff zum Ausdruck brachten. Der Einsatz tödlicher Gewalt gegen die Demonstranten war grob unverhältnismäßig und übertrieben. Viele wurden bei den Beerdigungen der Opfer getötet."
DET-611,DET-576,hist010,"Versäumnis, die Zivilbevölkerung zu schützen","Die israelischen Behörden ignorierten Monate vor dem Massaker Warnungen vor Goldsteins gefährlichem Verhalten. Goldstein hatte zuvor bereits eine Moschee angegriffen (Säure auf Teppichen), doch es wurden keine Präventivmaßnahmen ergriffen. Nach dem Massaker setzte Israel die Resolution 904 des UN-Sicherheitsrates, die den Schutz palästinensischer Zivilisten und die Entwaffnung der Siedler forderte, nicht um."
DET-612,DET-577,hist010,Aneignung religiöser Stätten,"Nach dem Massaker an muslimischen Gläubigen teilte Israel die Ibrahimi-Moschee auf und übertrug 60 % dem jüdischen Gottesdienst, obwohl Juden nur 0,003 % der Bevölkerung Hebrons ausmachten. Die Aneignung einer heiligen islamischen Stätte erfolgte als Kollektivstrafe. An bestimmten jüdischen Feiertagen blieb die gesamte Moschee für Muslime geschlossen – genau an dem Ort, an dem sie Opfer geworden waren."
DET-613,DET-578,hist010,Wirtschaftliche Strangulierung der palästinensischen Gemeinschaft,Die Schließung von 520 Betrieben und 1.800 Geschäften zerstörte die Wirtschaft der Altstadt von Hebron. Die Versiegelung der Shuhada-Straße – einst ein blühendes Handelszentrum – verwandelte die Stadt in eine Geisterstadt. Massenarbeitslosigkeit und Vertreibung führten zu einem wirtschaftlichen Krieg als kollektive Strafe für die Opfer des Massakers.
DET-614,DET-579,hist010,Getötete Palästinenser (Zählung von B'Tselem),"Darunter mehr als 700 Kinder; 47 % davon wurden als Zivilisten eingestuft, die nicht an den Kampfhandlungen teilnahmen."
DET-615,DET-580,hist010,Getötete Palästinenser (palästinensische Quellen),Höhere Zahlen vom Palästinensischen Roten Halbmond und anderen palästinensischen Dokumenten
DET-616,DET-581,hist010,Palästinensische Kinder getötet,"Minderjährige unter 18 Jahren, die während der Zweiten Intifada von israelischen Streitkräften getötet wurden"
DET-617,DET-582,hist010,Israelis getötet,Darunter 301 Kinder und Soldaten; 64 % waren Zivilisten. Die meisten Opfer waren Selbstmordattentate.
DET-618,DET-583,hist010,Verwundete Palästinenser,Von israelischen Streitkräften verletzt; Tausende mit dauerhaften Behinderungen
DET-619,DET-584,hist010,Israelis verwundet,Bei palästinensischen Angriffen verletzt; viele bei Selbstmordattentaten
DET-620,DET-585,hist010,Palästinenser verhaftet,Während der Zweiten Intifada verhaftet; Tausende in Verwaltungshaft
DET-621,DET-586,hist010,Palästinensische Häuser abgerissen,"Häuser, die als Strafe oder im Zuge militärischer Operationen abgerissen wurden"
DET-622,DET-587,hist010,Ariel Sharon,"Sein provokanter Besuch auf dem Tempelberg löste die Zweite Intifada aus. Als Premierminister setzte er die Operation Schutzschild um, die gezielte Attentate, den Bau der Trennmauer und den Rückzug aus dem Gazastreifen umfasste. Er gilt als eine der Schlüsselfiguren im Zusammenhang mit dem Massaker von Sabra/Shatila (1982)."
DET-623,DET-588,hist010,Jassir Arafat,"Er führte die Palästinenser während der Zweiten Intifada an. Israel warf ihm vor, Gewalt angeordnet zu haben; die Palästinenser sahen ihn als belagert an. Seine letzten zwei Jahre verbrachte er im Muqata'a-Komplex. Sein Tod im Jahr 2004 markierte das Ende einer Ära. Sein Vermächtnis ist umstritten."
DET-624,DET-589,hist010,Mahmoud Abbas (Abu Mazen),"Wurde nach Arafats Tod Präsident der Palästinensischen Autonomiebehörde. Verhandelte im Februar 2005 mit Sharon einen Waffenstillstand in Scharm el-Scheich, der die Zweite Intifada inoffiziell beendete. Er ist weiterhin Präsident der Palästinensischen Autonomiebehörde, obwohl seit 2006 keine Wahlen mehr stattgefunden haben."
DET-625,DET-590,hist010,Scheich Ahmed Yassin,Der querschnittsgelähmte spirituelle Führer der Hamas. Die Organisation verübte während der Zweiten Intifada zahlreiche Selbstmordattentate. Er wurde am 22. März 2004 nach Verlassen einer Moschee durch einen israelischen Hubschrauberangriff getötet. Sein Tod radikalisierte die Hamas-Anhänger weiter.
DET-626,DET-591,hist010,Ehud Barak,Premierminister zu Beginn der Zweiten Intifada. Führte den Vorsitz bei den gescheiterten Camp-David-Gesprächen (Juli 2000). War für die erste militärische Reaktion Israels auf den Aufstand verantwortlich. Verlor die Wahl gegen Sharon (Februar 2001) aufgrund der Gewalt der Intifada.
DET-627,DET-592,hist010,Unmittelbare Auswirkungen (2000-2005),Mehr als 3.200 Palästinenser und mehr als 1.000 Israelis wurden getötet; Zehntausende wurden auf beiden Seiten verletzt.
DET-628,DET-593,hist010,Langfristige Transformation (2005-heute),"Die Hamas gewann die palästinensischen Wahlen 2006; Israel weigerte sich, die Regierung anzuerkennen."
DET-629,DET-594,hist010,Rechenschaftspflicht und Gerechtigkeit,✗ Während der Zweiten Intifada wurden keine israelischen Beamten wegen Kriegsverbrechen angeklagt.
DET-630,DET-595,hist010,Unmittelbare Auswirkungen (2000-2005),Palästinensische Selbstmordattentate terrorisierten die israelische Gesellschaft; 138 Angriffe töteten 515 Zivilisten.
DET-631,DET-596,hist010,Langfristige Transformation (2005-heute),"Der Bürgerkrieg zwischen Hamas und Fatah im Jahr 2007 spaltete die palästinensischen Gebiete: Hamas im Gazastreifen, Fatah im Westjordanland."
DET-632,DET-597,hist010,Rechenschaftspflicht und Gerechtigkeit,✗ Kein palästinensischer Anführer wurde für Selbstmordattentate zur Rechenschaft gezogen
DET-633,DET-598,hist010,Unmittelbare Auswirkungen (2000-2005),"Israelische Militäroperationen haben die palästinensische Infrastruktur, Wirtschaft und Institutionen zerstört."
DET-634,DET-599,hist010,Langfristige Transformation (2005-heute),"Gaza-Blockade (2007-heute) – über 17 Jahre Belagerung, „Freiluftgefängnis“"
DET-635,DET-600,hist010,Rechenschaftspflicht und Gerechtigkeit,✗ Urteil des Internationalen Gerichtshofs zur von Israel ignorierten Barriere
DET-636,DET-601,hist010,Unmittelbare Auswirkungen (2000-2005),Der Osloer Friedensprozess ist vollständig gescheitert – eine ausgehandelte Zwei-Staaten-Lösung gilt als unmöglich.
DET-637,DET-602,hist010,Langfristige Transformation (2005-heute),"Die Trennmauer wurde fertiggestellt, wodurch Tausende Hektar Land im Westjordanland beschlagnahmt wurden."
DET-638,DET-603,hist010,Rechenschaftspflicht und Gerechtigkeit,"✗ Keine Entschädigung für die Familien von Zivilisten, die von beiden Seiten getötet wurden"
DET-639,DET-604,hist010,Unmittelbare Auswirkungen (2000-2005),Der Internationale Gerichtshof erklärte die Trennmauer im Jahr 2004 für illegal; Israel ignorierte das Urteil.
DET-640,DET-605,hist010,Langfristige Transformation (2005-heute),Die Siedlungserweiterung beschleunigte sich – mittlerweile leben über 700.000 Siedler im Westjordanland und in Ostjerusalem.
DET-641,DET-606,hist010,Rechenschaftspflicht und Gerechtigkeit,✗ Mehr als 4.000 abgerissene palästinensische Häuser wurden nie wieder aufgebaut; die Familien wurden nie entschädigt.
DET-642,DET-607,hist010,Unmittelbare Auswirkungen (2000-2005),"Die Hamas gewann als Widerstandsbewegung an Popularität, während die Palästinensische Autonomiebehörde geschwächt und diskreditiert wurde."
DET-643,DET-608,hist010,Langfristige Transformation (2005-heute),Aufstieg der israelischen Rechten: Die Zweite Intifada überzeugte viele Israelis von der Unmöglichkeit des Friedens.
DET-644,DET-609,hist010,Rechenschaftspflicht und Gerechtigkeit,✗ Die Politik der gezielten Tötungen wurde trotz ziviler Opfer nie untersucht
DET-645,DET-610,hist010,Unmittelbare Auswirkungen (2000-2005),"Israels Rückzug aus dem Gazastreifen im Jahr 2005 beendete zwar den Siedlungsbau dort, verschärfte aber die Kontrolle in anderen Teilen des Landes."
DET-646,DET-611,hist010,Langfristige Transformation (2005-heute),Die Palästinensische Autonomiebehörde wurde zum Subunternehmer der israelischen Besatzungsmacht degradiert
DET-647,DET-612,hist010,Rechenschaftspflicht und Gerechtigkeit,✗ Israel blockiert Jenin-Ermittlungen; keine Rechenschaftspflicht für mögliche Kriegsverbrechen
DET-648,DET-613,hist010,Unmittelbare Auswirkungen (2000-2005),"Die Belagerung von Jenin, gezielte Attentate und massenhafte Hauszerstörungen haben ein anhaltendes Trauma verursacht."
DET-649,DET-614,hist010,Langfristige Transformation (2005-heute),"Gewaltkreislauf etabliert: Gaza-Kriege (2008-09, 2012, 2014, 2021, 2023-24)"
DET-650,DET-615,hist010,Rechenschaftspflicht und Gerechtigkeit,✗ Eine Kultur der Straflosigkeit hat sich etabliert – Verstöße bleiben folgenlos.
DET-651,DET-616,hist010,Unmittelbare Auswirkungen (2000-2005),Die zweite Intifada war weitaus gewalttätiger als die erste – sie etablierte den „bewaffneten Widerstand“ als dominantes Paradigma.
DET-652,DET-617,hist010,Langfristige Transformation (2005-heute),Eine Zwei-Staaten-Lösung wird aufgrund der Siedlungsausweitung zunehmend undurchführbar.
DET-653,DET-618,hist010,Rechenschaftspflicht und Gerechtigkeit,"✓ Menschenrechtsorganisationen (B'Tselem, HRW, Amnesty International) dokumentierten Verstöße umfassend"
DET-654,DET-619,hist010,Langfristige Transformation (2005-heute),Der Hamas-Angriff vom 7. Oktober 2023 und der darauffolgende Gaza-Krieg wurzeln in der ungelösten Dynamik der Zweiten Intifada.
DET-655,DET-620,hist010,Rechenschaftspflicht und Gerechtigkeit,✓ Durch das Urteil des IGH zur Mauer wurde ein internationaler Rechtspräzedenzfall geschaffen (auch wenn dieser nicht vollstreckt wird)
DET-656,DET-621,hist010,Rechenschaftspflicht und Gerechtigkeit,✗ Die Trennwand bleibt trotz ihrer Illegalität bestehen und wird weiter ausgebaut.
DET-657,DET-622,hist010,Genfer Konventionen – Verstöße beider Seiten,Gemeinsamer Artikel 3: Beide Seiten haben das Verbot von Gewalt gegen Leben und Person sowie von Angriffen auf die persönliche Würde verletzt. Palästinensische Selbstmordattentate töteten gezielt Zivilisten. Israelische Streitkräfte töteten unverhältnismäßig viele Zivilisten.
DET-658,DET-623,hist010,Internationaler Gerichtshof – Gutachten zur Mauer (2004),"Barriere für illegal erklärt: Der Internationale Gerichtshof urteilte, dass die Trennmauer gegen internationales Recht verstößt, da sie auf besetztem palästinensischem Gebiet errichtet wurde. Dies stellt eine faktische Annexion dar."
DET-659,DET-624,hist010,Prinzip der Unterscheidung und Verhältnismäßigkeit,Palästinensische Verstöße: Selbstmordattentate richteten sich gezielt gegen Zivilisten – ein klarer Verstoß gegen den Grundsatz der Unterscheidung zwischen Kombattanten und Zivilisten.
DET-660,DET-625,hist010,Internationales humanitäres Recht – Besatzungsverpflichtungen,"Schutzpflicht gegenüber der Zivilbevölkerung: Als Besatzungsmacht war Israel verpflichtet, die palästinensische Zivilbevölkerung zu schützen. Längere Ausgangssperren, die den Zugang zu Nahrungsmitteln und Medikamenten verhinderten, verletzten diese Pflicht."
DET-661,DET-626,hist010,Genfer Konventionen – Verstöße beider Seiten,"Artikel 33 (Kollektivstrafe): Die Hauszerstörungen, die verlängerten Ausgangssperren, die Schließungen und die Belagerungsbedingungen Israels stellten eine Kollektivstrafe dar, die nach dem Vierten Genfer Übereinkommen verboten ist."
DET-662,DET-627,hist010,Internationaler Gerichtshof – Gutachten zur Mauer (2004),Die Barriere muss abgerissen werden: Ein Gericht ordnete den Abriss an und forderte die Zahlung einer Entschädigung. Israel wies das Urteil zurück und setzte den Bau fort.
DET-663,DET-628,hist010,Prinzip der Unterscheidung und Verhältnismäßigkeit,Israelische Verstöße: F-16-Angriffe und Hubschrauberraketen in dicht besiedelten Gebieten mit hohen zivilen Opferzahlen verstießen gegen den Grundsatz der Verhältnismäßigkeit. Der militärische Vorteil rechtfertigte nicht die zivilen Todesopfer.
DET-664,DET-629,hist010,Internationales humanitäres Recht – Besatzungsverpflichtungen,"Verbot der Kollektivbestrafung: Hauszerstörungen, Gebietsabsperrungen und die Bestrafung ganzer Gemeinschaften für die Taten Einzelner verstießen gegen das absolute Verbot."
DET-665,DET-630,hist010,Genfer Konventionen – Verstöße beider Seiten,Artikel 147 (Schwerwiegende Verstöße): Beide Seiten begingen schwerwiegende Verstöße. Die gezielte Tötung von Zivilisten durch Palästinenser und die „umfangreiche Zerstörung … die nicht durch militärische Notwendigkeit gerechtfertigt ist“ durch Israel stellen Kriegsverbrechen dar.
DET-666,DET-631,hist010,Internationaler Gerichtshof – Gutachten zur Mauer (2004),"Die Vierte Genfer Konvention findet Anwendung: Der IGH hat bestätigt, dass die Vierte Genfer Konvention auch für die besetzten palästinensischen Gebiete gilt und Israel sie einhalten muss."
DET-667,DET-632,hist010,Internationales humanitäres Recht – Besatzungsverpflichtungen,Schutz des medizinischen Personals: Beide Seiten verletzten die Schutzbestimmungen für medizinisches Personal und Krankenwagen. Israelische Streitkräfte beschossen Krankenwagen; palästinensische Krankenwagen wurden zum Transport von Kämpfern eingesetzt.
DET-668,DET-633,hist010,Ereignistyp,
DET-669,DET-634,hist010,Auslösen,
DET-670,DET-635,hist010,Palästinensische Taktiken,
DET-671,DET-636,hist010,Israelische Reaktion,
DET-672,DET-637,hist010,Überprüfung,
DET-673,DET-638,hist010,Ergebnis,
DET-674,DET-639,hist010,Jamal al-Durrah,"Jamal und sein 12-jähriger Sohn Muhammad gerieten am 30. September 2000 an der Netzarim-Kreuzung in Gaza in ein Kreuzfeuer. Jamal sagte aus: „Wir duckten uns hinter das Gewehrrohr. Ich versuchte, meinen Sohn mit meinem Körper zu schützen. Die Schießerei dauerte 45 Minuten. Muhammad schrie: ‚Vater, sie bringen mich um!‘ Dann wurde er getroffen und starb in meinen Armen.“ Ihr Martyrium wurde gefilmt. Jamal wurde schwer verletzt; Muhammad getötet."
DET-675,DET-640,hist010,"Anonymer Überlebender, Flüchtlingslager Jenin","Gegenüber Human Rights Watch sagte sie aus: „Die Bulldozer rissen Häuser mit Menschen darin ab. Wir konnten Schreie hören. Israelische Soldaten ließen uns nicht helfen. Das gesamte Viertel wurde innerhalb weniger Stunden zerstört. Leichen lagen tagelang unter den Trümmern begraben, bevor wir sie bergen konnten.“"
DET-676,DET-641,hist010,Giora Beka,"Er überlebte den Anschlag auf das Park Hotel (27. März 2002), bei dem 30 Menschen ums Leben kamen. Er sagte aus: „Wir feierten gerade den Pessach-Seder mit unseren Familien. Plötzlich gab es eine gewaltige Explosion. Überall lagen Leichen. Kinder waren getötet worden. Es war die Hölle. Das war kein Krieg – das war der vorsätzliche Mord an Zivilisten, die ein Fest feierten.“"
DET-677,DET-642,hist010,Dr. Ahmed Shabaan,"Ich arbeitete während der Belagerung von Ramallah (2002). Vor der UNO sagte ich aus: „Die israelischen Streitkräfte verhängten wochenlang eine totale Ausgangssperre. Sie hinderten Krankenwagen daran, Patienten zu erreichen. Schwangere Frauen in den Wehen konnten nicht ins Krankenhaus gebracht werden. Menschen starben an behandelbaren Krankheiten, weil sie keine medizinische Versorgung erhielten. Die ganze Stadt war ein Gefängnis.“"
DET-678,DET-643,hist010,Anonymer israelischer Soldat,"Aussage gegenüber Breaking the Silence: „Wir erhielten den Befehl, Häuser abzureißen, ohne zu überprüfen, ob sich Menschen darin befanden. Mit Bulldozern wurden breite Zufahrtswege für Panzer geschaffen – ganze Straßenzüge wurden zerstört. Die Offiziere sagten, es diene unserem Schutz, aber die Zerstörung ging weit über die militärische Notwendigkeit hinaus. Ganze Familien verloren alles.“"
DET-679,DET-644,hist010,Menschenrechtsbeobachtung,"Bericht über Jenin (Mai 2002): „Die israelischen Streitkräfte begingen schwere Verstöße gegen das humanitäre Völkerrecht, von denen einige dem Anschein nach Kriegsverbrechen darstellen… Die israelischen Streitkräfte setzten gepanzerte Bulldozer ein, um Gebäude zu zerstören, in einigen Fällen mit Zivilisten darin. Israels Weigerung, eine unparteiische Untersuchung zuzulassen, nährt die Besorgnis darüber, was das Land zu verbergen versucht.“"
DET-680,DET-645,hist010,Internationaler Gerichtshof,"Gutachten zur Mauer (9. Juli 2004): „Der Gerichtshof stellt fest, dass der Bau der Mauer … und das damit verbundene Regime gegen internationales Recht verstoßen.“ Er entschied, dass die Barriere abgerissen werden muss. Die Vierte Genfer Konvention sei anwendbar. Israel wies das Urteil zurück; die USA legten gegen die Resolution des Sicherheitsrates, die es umsetzte, ihr Veto ein."
DET-681,DET-646,hist010,Kofi Annan,"Erklärung zur Zweiten Intifada (Oktober 2000): „Ich verurteile den exzessiven Einsatz von Gewalt durch die israelischen Behörden. Der Einsatz von scharfer Munition gegen unbewaffnete Demonstranten ist völlig ungerechtfertigt.“ Später (2004) zur Trennmauer: „Ich habe stets gesagt, dass die Mauer nach internationalem Recht illegal ist.“"
DET-682,DET-647,hist010,Die Friedensgespräche von Camp David sind gescheitert,US-Präsident Clinton empfängt den israelischen Ministerpräsidenten Ehud Barak und den palästinensischen Präsidenten Jassir Arafat in Camp David. Die Gespräche scheitern. Israel gibt Arafat die Schuld; die Palästinenser bemängeln unzureichende israelische Angebote. Das Scheitern löst unter den Palästinensern Verzweiflung und Wut aus.
DET-683,DET-648,hist010,Auslöser: Besuch des Tempelbergs in Sharon,"Der israelische Oppositionsführer Ariel Sharon besuchte mit 1.000 Polizisten den Tempelberg/Haram al-Sharif. Die Palästinenser werteten dies als bewusste Provokation an der heiligen Stätte durch eine Person, die mit vergangenen Gräueltaten in Verbindung gebracht wird. Unmittelbar darauf brachen Zusammenstöße aus; israelische Streitkräfte töteten an diesem Tag vier Palästinenser und verletzten Dutzende."
DET-684,DET-649,hist010,"Massaker beim Freitagsgebet: 7 Tote, über 300 Verletzte","Einen Tag nach Sharons Besuch verlassen palästinensische Gläubige nach dem Freitagsgebet die Al-Aqsa-Moschee und protestieren. Die israelische Polizei eröffnet das Feuer mit scharfer Munition. Sieben Palästinenser werden getötet, über 300 verletzt. Die Gewalt breitet sich in den besetzten Gebieten aus. Die Zweite Intifada hat begonnen."
DET-685,DET-650,hist010,Muhammad al-Durrah wurde vor laufender Kamera getötet,"Der zwölfjährige Muhammad al-Durrah wurde erschossen, als er sich mit seinem Vater hinter einem Betonfass an der Netzarim-Kreuzung im Gazastreifen in Sicherheit gebracht hatte. Der Tod wurde von einem Kameramann von France 2 gefilmt und ging als Ikone der Zweiten Intifada in die Geschichte ein. Die israelischen Ermittlungen gaben später an, die Herkunft der tödlichen Kugeln sei unklar, doch die Aufnahmen belegen anhaltendes israelisches Feuer auf die beiden."
DET-686,DET-651,hist010,Dreizehn palästinensische Staatsbürger Israels getötet,"Palästinensische Staatsbürger Israels protestierten (innerhalb Israels) aus Solidarität mit den besetzten Gebieten. Die israelische Polizei eröffnete das Feuer auf die Demonstranten und tötete 13 palästinensische Staatsbürger Israels. Die Palästinensische Untersuchungskommission stellte später fest, dass die Polizei unverhältnismäßige Gewalt angewendet hatte. Das Ereignis traumatisierte die palästinensische Gemeinschaft in Israel."
DET-687,DET-652,hist010,Lynchmord an zwei israelischen Reservisten in Ramallah,Zwei israelische Reservisten betreten versehentlich Ramallah und werden von der Palästinensischen Autonomiebehörde festgenommen. Ein Mob stürmt die Polizeistation und lyncht die beiden Soldaten. Die brutalen Morde werden gefilmt und ausgestrahlt. Dies liefert Israel die Rechtfertigung für Angriffe auf Einrichtungen der Palästinensischen Autonomiebehörde. Für die israelische Öffentlichkeit ist dies ein zutiefst traumatisches Ereignis.
DET-688,DET-653,hist010,Erstes gezieltes Attentat in Israel,"Israel ermordet Hussein Abayat, den Anführer der Fatah Tanzim, mit einem Hubschrauber-Raketenangriff in Bethlehem. Die Politik gezielter Tötungen beginnt – Israel wird während der Zweiten Intifada 232 Palästinenser bei gezielten Angriffen töten, viele davon auch unbeteiligte Zivilisten."
DET-689,DET-654,hist010,Massaker zu Pessach: 30 Tote in Hotel in Netanja,"Ein Selbstmordattentäter der Hamas greift den Pessach-Seder im Park Hotel in Netanya an. 30 Israelis sterben, 140 werden verletzt. Es ist der verheerendste Einzelanschlag der Zweiten Intifada. Israel reagiert mit einer massiven Militäraktion: der Operation Schutzschild."
DET-690,DET-655,hist010,Operation Schutzschild: größte Operation im Westjordanland seit 1967,"Israel startet eine massive Militäroperation im gesamten Westjordanland. Panzer, Hubschrauber und F-16-Kampfjets werden eingesetzt. Palästinensische Städte unter Kontrolle der Palästinensischen Autonomiebehörde werden zurückerobert. Die Belagerung des Flüchtlingslagers Jenin nimmt besonders verheerende Ausmaße an: 52 Palästinenser werden getötet (darunter 23 Zivilisten), über 140 Gebäude zerstört. Ramallah wird belagert; Arafats Anwesen (Muqata'a) wird umzingelt und teilweise zerstört."
DET-691,DET-656,hist010,Belagerung des Flüchtlingslagers Jenin,"Israelische Streitkräfte belagern das Flüchtlingslager Jenin. Es kommt zu Häuserkämpfen. Israel setzt gepanzerte Bulldozer ein, um Häuser mit Bewohnern darin zu zerstören. 52 Palästinenser (23 Zivilisten) und 23 israelische Soldaten werden getötet. Über 140 Gebäude werden zerstört. Eine UN-Untersuchungskommission wird von Israel blockiert. Internationale Anschuldigungen wegen Kriegsverbrechen."
DET-692,DET-657,hist010,Höhepunkt der Selbstmordattentatskampagne,"Hamas, Islamischer Dschihad und die Al-Aqsa-Märtyrerbrigaden starten eine anhaltende Selbstmordattentatskampagne. Angriffe auf Busse, Märkte, Restaurants und Nachtclubs in ganz Israel. Hunderte israelische Zivilisten werden getötet. Es entsteht eine Atmosphäre der Angst in der israelischen Gesellschaft. Israel reagiert mit verstärkten Militäroperationen, gezielten Tötungen und der Abriegelung öffentlicher Einrichtungen."
DET-693,DET-658,hist010,Der Bau der Trennbarriere beginnt,"Israel beginnt mit dem Bau einer Sperranlage – 85 % davon innerhalb des Westjordanlandes (nicht entlang der Grünen Linie). Offiziell soll die Verhinderung von Selbstmordattentaten befürchtet werden. Tatsächlich annektiert Israel Land, spaltet palästinensische Siedlungen und schränkt die Bewegungsfreiheit ein. Der Internationale Gerichtshof erklärt die Sperranlage 2004 für illegal. Israel setzt den Bau fort und erreicht schließlich eine Länge von über 700 km."
DET-694,DET-659,hist010,Bei einem israelischen F-16-Angriff werden Salah Shehadeh und 14 Zivilisten getötet.,"Israel wirft eine Tonne Bombe auf ein Wohnhaus in Gaza-Stadt, um den Hamas-Militärführer Salah Shehadeh zu töten. Shehadeh und 14 Zivilisten, darunter neun Kinder, sterben. Die Aktion löst weltweite Verurteilung aus. Sie gilt als Beispiel für die „Kollateralschäden“ gezielter Tötungen."
DET-695,DET-660,hist010,Israel ermordet Scheich Ahmed Yassin,"Bei einem israelischen Hubschrauberangriff wird der Hamas-Gründer Scheich Ahmed Yassin, ein querschnittsgelähmter spiritueller Führer, getötet, als er nach dem Morgengebet die Moschee verlässt. Sieben weitere Menschen sterben. Die palästinensische Bevölkerung ist zutiefst empört. Einen Monat später (am 17. April) ermordet Israel Yassins Nachfolger Abdel Aziz al-Rantisi. Die Hamas schwört Rache."
DET-696,DET-661,hist010,Jassir Arafat stirbt,"PLO-Chef und Präsident der Palästinensischen Autonomiebehörde, Jassir Arafat, stirbt unter mysteriösen Umständen in einem Pariser Krankenhaus. Er war zwei Jahre lang im Muqata'a-Komplex von Israel belagert worden. Mahmud Abbas folgt ihm nach. Arafats Tod markiert das Ende einer Ära; die Zweite Intifada klingt allmählich aus."
DET-697,DET-662,hist010,Israels einseitiger Rückzug aus Gaza,"Israel zieht 8.500 Siedler und Militärangehörige aus dem Gazastreifen ab. Offiziell wird dies als Zugeständnis dargestellt, doch Israel behält die Kontrolle über Grenzen, Luftraum und Hoheitsgewässer. Der Rückzug stärkt Israels Position im Westjordanland – der Siedlungsbau dort beschleunigt sich. Gaza wird zu einem „Freiluftgefängnis“. Die Hamas gewinnt Monate später (Januar 2006) die palästinensischen Wahlen."
DET-698,DET-663,hist010,Gipfeltreffen in Sharm el-Sheikh: Inoffizielles Ende der Intifada,"Der israelische Premierminister Ariel Sharon und der Präsident der Palästinensischen Autonomiebehörde, Mahmud Abbas, treffen sich in Ägypten. Sie vereinbaren einen gegenseitigen Waffenstillstand. Die Gewalt nimmt deutlich ab. Dies gilt allgemein als inoffizielles Ende der Zweiten Intifada, obwohl keine formelle Erklärung vorliegt. Die endgültige Opferzahl: über 3.200 Palästinenser und über 1.000 Israelis wurden innerhalb von fünf Jahren getötet."
DET-699,DET-664,hist010,Palästinensische Selbstmordattentate (Kriegsverbrechen),"Palästinensische bewaffnete Gruppen (Hamas, Islamischer Dschihad, Al-Aqsa-Märtyrerbrigaden) verübten gezielte Angriffe auf israelische Zivilisten in Bussen, Restaurants, auf Märkten und in Nachtclubs. Bei 138 Selbstmordattentaten während der Zweiten Intifada starben 515 israelische Zivilisten. Die gezielte Tötung von Zivilisten stellt ein Kriegsverbrechen nach dem humanitären Völkerrecht dar."
DET-700,DET-665,hist011,Gezielte Tötungen und unverhältnismäßige Gewalt,"Während der Zweiten Intifada verübte Israel 232 gezielte Tötungen. Hubschrauberraketen und F-16-Bomben, die auf dicht besiedelte Gebiete abgeworfen wurden, töteten Hunderte von Unbeteiligten. Bei der Ermordung von Salah Schehadeh im Juli 2002 starben 14 Zivilisten, darunter 9 Kinder. Ein Angriff auf einen Hamas-Kämpfer im Gazastreifen im Februar 2003 tötete 11 Zivilisten, darunter 8 Kinder. Die unverhältnismäßige Gewaltanwendung verstieß gegen das humanitäre Völkerrecht."
DET-701,DET-666,hist011,Exzessive Zerstörung im Flüchtlingslager Jenin,"Während der Belagerung von Jenin im April 2002 zerstörten israelische Streitkräfte über 140 Gebäude, viele davon mit Menschen darin. Gepanzerte Bulldozer verwüsteten ganze Stadtviertel. Israel blockierte eine UN-Untersuchungsmission. Human Rights Watch dokumentierte 52 palästinensische Todesopfer (23 Zivilisten). Internationale Anschuldigungen wegen Kriegsverbrechen folgten."
DET-702,DET-667,hist011,Massenhafte Hausabrisse,"Während der Zweiten Intifada zerstörte Israel über 4.000 palästinensische Häuser – angeblich als Strafe, aus „militärischer Notwendigkeit“ oder um Schusszonen zu räumen. Auch die Häuser von Familien mutmaßlicher Angreifer wurden ohne Gerichtsverfahren dem Erdboden gleichgemacht. Kollektivstrafen sind nach Artikel 33 der Genfer Konvention verboten. Zehntausende wurden obdachlos."
DET-703,DET-668,hist011,Tötung von Kindern,"Während der Zweiten Intifada wurden 709 palästinensische und 301 israelische Kinder getötet. Muhammad al-Durrah (12) wurde zum Symbol des Massakers – er starb, als er sich mit seinem Vater unter israelischem Beschuss in Sicherheit brachte. Viele palästinensische Kinder fielen in Wohngebieten Scharfschützenfeuer, Hubschrauberangriffen oder Panzergranaten zum Opfer. Der fehlende Schutz der Kinder und die Missachtung der Unterscheidung zwischen Kombattanten und Zivilisten verstießen gegen das humanitäre Völkerrecht."
DET-704,DET-669,hist011,willkürliche Masseninhaftierung,"Während der Zweiten Intifada wurden 40.000 bis 50.000 Palästinenser verhaftet. Tausende wurden ohne Anklage oder Gerichtsverfahren in Verwaltungshaft gehalten. Menschenrechtsorganisationen dokumentierten weitverbreitete Folter. Massenverhaftungen, nächtliche Razzien in Wohnungen und die Inhaftierung von Minderjährigen gehörten zu den Ereignissen. Das Recht auf Freiheit, ein faires Verfahren und das Folterverbot wurden verletzt."
DET-705,DET-670,hist011,Kollektivbestrafung und Schließung,"Israel verhängte über Monate hinweg Ausgangssperren über ganze palästinensische Städte (Nablus unter Ausgangssperre). Die Belagerung von Ramallah, Bethlehem und anderen Städten schnitt die Versorgung mit Lebensmitteln, Medikamenten und Strom ab. Das Abriegelungssystem zersplitterte das Westjordanland in isolierte Kantone. Kollektivstrafen sind gemäß Artikel 33 der Genfer Konvention verboten."
DET-706,DET-671,hist011,Trennwand (nach internationalem Recht illegal),"Israel errichtete die Sperranlage zu 85 % innerhalb des Westjordanlandes (nicht entlang der Grünen Linie). Der Internationale Gerichtshof urteilte 2004, die Sperranlage sei illegal, stelle eine Annexion palästinensischen Landes dar und müsse abgebaut werden. Israel ignorierte das Urteil. Die Sperranlage zerschneidet palästinensische Gemeinden, beschlagnahmt landwirtschaftliche Flächen und schränkt die Bewegungsfreiheit ein."
DET-707,DET-672,hist011,Palästinenser getötet,"22 Zivilisten (darunter Kinder, ältere Menschen und Menschen mit Behinderungen); 27 Kombattanten; 3 Personen mit unklarem Status"
DET-708,DET-673,hist011,Getötete palästinensische Zivilisten,"Darunter der 14-jährige Muhammad Hawashin; der 57-jährige, im Rollstuhl sitzende Kamal Zghair; ältere Frauen"
DET-709,DET-674,hist011,Israelische Soldaten getötet,"Darunter waren 13 Tote bei einem einzigen Hinterhalt am 9. April, als ein Gebäude über ihnen einstürzte."
DET-710,DET-675,hist011,Abgerissene Gebäude,Etwa 10 % des gesamten Flüchtlingslagers wurden durch D-9-Bulldozer zerstört; viele Gebäude wurden mit Menschen darin dem Erdboden gleichgemacht.
DET-711,DET-676,hist011,Palästinenser obdachlos geworden,"Familien, deren Häuser während der Operation abgerissen wurden; viele gezwungen, in Zelten oder bei Verwandten zu leben."
DET-712,DET-677,hist011,Verwundete Palästinenser,Viele konnten aufgrund der elftägigen Blockade von Krankenwagen keine medizinische Behandlung erhalten.
DET-713,DET-678,hist011,Ariel Sharon,"Die Operation „Schutzschild“ und die Operation Jenin wurden autorisiert. Es wurde die politische Entscheidung getroffen, eine massive militärische Reaktion auf Selbstmordattentate einzuleiten. Die UN-Untersuchungsmission wurde blockiert. Die Operation wurde als militärisch notwendig verteidigt."
DET-714,DET-679,hist011,Shaul Mofaz,"Der Militärkommandeur, der die Operation „Defensiver Schild“ leitete, traf taktische Entscheidungen bezüglich der Operation Jenin. Er verteidigte den Einsatz von D-9-Bulldozern als Maßnahme zum Schutz von Soldatenleben. Er wurde für mögliche Kriegsverbrechen nicht zur Rechenschaft gezogen."
DET-715,DET-680,hist011,Eyal Shlein,"Brigadegeneral, der die Operation im Lager Jenin befehligte. Traf taktische Entscheidungen, darunter den Einsatz von Bulldozern nach dem Hinterhalt vom 9. April. Verteidigte das Vorgehen als militärisch notwendig."
DET-716,DET-681,hist011,Kofi Annan,"Es wurde versucht, gemäß Resolution 1405 des Sicherheitsrates eine UN-Untersuchungsmission einzuleiten. Die Mission wurde von Israel blockiert. Es wurde ein eingeschränkter Bericht ohne eigene Untersuchung veröffentlicht, der von Menschenrechtsorganisationen kritisiert wurde."
DET-717,DET-682,hist011,Peter Bouckaert,"Ich leitete das HRW-Ermittlungsteam in Jenin. Ich führte Interviews, sammelte Beweise und dokumentierte Verstöße. Ich war Mitautor eines umfassenden Berichts, der zu dem Schluss kam, dass „prima facie Kriegsverbrechen“ vorlagen."
DET-718,DET-683,hist011,Unmittelbare Auswirkungen (April-Mai 2002),"52 Palästinenser getötet (22 Zivilisten, darunter Kinder); 23 israelische Soldaten getötet"
DET-719,DET-684,hist011,Medien- und Narrativkriege,"Anfängliche palästinensische Behauptungen über ein „Massaker“ mit Hunderten von Toten – später erwiesen sich als falsch (52 Tote, nicht Hunderte)."
DET-720,DET-685,hist011,Langfristiges Erbe (2002-heute),"Das Flüchtlingslager Jenin wurde mit internationaler Hilfe wiederaufgebaut, bleibt aber ein Brennpunkt israelisch-palästinensischer Gewalt."
DET-721,DET-686,hist011,Rechenschaftspflicht und Gerechtigkeit,✗ Trotz der Feststellung von Kriegsverbrechen durch Human Rights Watch wurden keine israelischen Soldaten oder Kommandeure strafrechtlich verfolgt.
DET-722,DET-687,hist011,Unmittelbare Auswirkungen (April-Mai 2002),Über 140 Gebäude abgerissen – etwa 10 % des gesamten Flüchtlingslagers zerstört
DET-723,DET-688,hist011,Medien- und Narrativkriege,"Die israelische Regierung wird der Vertuschung beschuldigt, da sie die UN-Untersuchung trotz fehlenden Massakers blockiert."
DET-724,DET-689,hist011,Langfristiges Erbe (2002-heute),Häufige israelische Militäreinsätze in Jenin dauern an – im Lager kommt es regelmäßig zu Zusammenstößen.
DET-725,DET-690,hist011,Rechenschaftspflicht und Gerechtigkeit,✗ Es wird keine Entschädigung an die Familien von rechtswidrig getöteten Zivilisten gezahlt
DET-726,DET-691,hist011,Unmittelbare Auswirkungen (April-Mai 2002),4.000 Palästinenser obdachlos geworden; Lagerinfrastruktur zerstört
DET-727,DET-692,hist011,Medien- und Narrativkriege,Beide Seiten betrieben Propaganda: Die Palästinenser übertrieben die Opferzahlen; Israel spielte die Verstöße herunter.
DET-728,DET-693,hist011,Langfristiges Erbe (2002-heute),"Juli 2023: Erneut große israelische Operation in Jenin, 12 Palästinenser bei zweitägiger Operation getötet"
DET-729,DET-694,hist011,Rechenschaftspflicht und Gerechtigkeit,"✗ Keine Entschädigung für 4.000 Menschen, deren Häuser abgerissen wurden"
DET-730,DET-695,hist011,Unmittelbare Auswirkungen (April-Mai 2002),"Internationale Empörung und Anschuldigungen wegen eines „Massakers“ (die sich später als übertrieben herausstellten, aber es hatten sich schwerwiegende Verstöße ereignet)"
DET-731,DET-696,hist011,Medien- und Narrativkriege,"Der Bericht von Human Rights Watch lieferte die glaubwürdigste Darstellung, erhielt aber weniger Aufmerksamkeit als die frühen, aufsehenerregenden Behauptungen."
DET-732,DET-697,hist011,Langfristiges Erbe (2002-heute),September 2023: Ein israelischer Drohnenangriff in Jenin tötet drei Menschen und markiert eine Eskalation der Taktik.
DET-733,DET-698,hist011,Rechenschaftspflicht und Gerechtigkeit,✗ UN-Untersuchungsmission blockiert; keine unabhängige internationale Untersuchung durchgeführt
DET-734,DET-699,hist011,Unmittelbare Auswirkungen (April-Mai 2002),Israel blockierte die UN-Untersuchungsmission und verhinderte so eine unabhängige Untersuchung.
DET-735,DET-700,hist011,Medien- und Narrativkriege,"Jenin wurde zum Symbol, das von beiden Seiten genutzt wurde: Palästinenser als Opfer und Israel im Kampf gegen den Terrorismus."
DET-736,DET-701,hist011,Langfristiges Erbe (2002-heute),Das Urteil von Jenin 2002 schuf einen Präzedenzfall für den Einsatz massiver militärischer Gewalt in dicht besiedelten Gebieten.
DET-737,DET-702,hist011,Rechenschaftspflicht und Gerechtigkeit,✗ Israelische interne Untersuchungen (sofern vorhanden) wurden nie veröffentlicht; keine Rechenschaftspflicht
DET-738,DET-703,hist011,Unmittelbare Auswirkungen (April-Mai 2002),"Human Rights Watch dokumentierte „offensichtliche Kriegsverbrechen“, aber es folgten keine Anklagen."
DET-739,DET-704,hist011,Medien- und Narrativkriege,"Der in Israel verbotene Dokumentarfilm „Jenin, Jenin“ (2002) von Mohammed Bakri sorgte für Aufsehen"
DET-740,DET-705,hist011,Langfristiges Erbe (2002-heute),Die D-9-Bulldozer wurden zu einer ikonischen Waffe der Besatzungszeit – später wurden sie in großem Umfang in den Gaza-Kriegen eingesetzt.
DET-741,DET-706,hist011,Rechenschaftspflicht und Gerechtigkeit,"✗ Palästinensische Kämpfer, die Sprengfallen einsetzten und Zivilisten gefährdeten, wurden nie zur Rechenschaft gezogen."
DET-742,DET-707,hist011,Unmittelbare Auswirkungen (April-Mai 2002),Palästinensische Darstellungen von Jenin als heroischem Widerstand versus israelische Darstellungen der Zerschlagung der Terrorinfrastruktur
DET-743,DET-708,hist011,Langfristiges Erbe (2002-heute),Eine Kultur der Straflosigkeit wurde etabliert: Trotz der Feststellung von Kriegsverbrechen wird keine der beiden Seiten zur Rechenschaft gezogen.
DET-744,DET-709,hist011,Rechenschaftspflicht und Gerechtigkeit,✓ Human Rights Watch führte gründliche Untersuchungen durch und dokumentierte Verstöße.
DET-745,DET-710,hist011,Unmittelbare Auswirkungen (April-Mai 2002),Vertiefter israelisch-palästinensischer Hass und Trauma während der Zweiten Intifada
DET-746,DET-711,hist011,Langfristiges Erbe (2002-heute),"Die Blockierung der UN-Untersuchung schuf einen Präzedenzfall, dem Israel wiederholt folgte."
DET-747,DET-712,hist011,Rechenschaftspflicht und Gerechtigkeit,✓ Amnesty International und andere Organisationen dokumentierten Missstände
DET-748,DET-713,hist011,Langfristiges Erbe (2002-heute),"Die Operation Jenin demonstrierte die Bereitschaft Israels, hohe zivile Opferzahlen in Kauf zu nehmen, um die Verluste der Soldaten zu minimieren."
DET-749,DET-714,hist011,Rechenschaftspflicht und Gerechtigkeit,✗ Der Internationale Strafgerichtshof war zu diesem Zeitpunkt nicht zuständig (Palästina war noch kein Mitglied).
DET-750,DET-715,hist011,Rechenschaftspflicht und Gerechtigkeit,✗ Die Kultur der Straflosigkeit besteht fort: Israelische Operationen mit zivilen Opfern finden regelmäßig ohne Rechenschaftspflicht statt
DET-751,DET-716,hist011,Genfer Konventionen – Israelische Verstöße,"Artikel 27 (Schutz der Zivilbevölkerung): „Schutzberechtigte Personen … sind insbesondere vor allen Gewalttaten zu schützen.“ Die vorsätzliche Tötung von Zivilpersonen (14-Jähriger, rollstuhlgebundener älterer Mann, ältere Frau) verletzte den Grundschutz."
DET-752,DET-717,hist011,Zusatzprotokoll I - Unterscheidungsprinzip,"Artikel 48 (Grundregel): Die Parteien müssen „zwischen Zivilbevölkerung und Kombattanten unterscheiden“. Hubschrauberangriffe auf Häuser, in denen sich ausschließlich Zivilisten und keine Kämpfer befanden, verstießen gegen den Grundsatz der Unterscheidung."
DET-753,DET-718,hist011,Zugang für medizinisches Personal und humanitäre Hilfe,"Genfer Konvention I, Artikel 19: Medizinische Einrichtungen und mobile medizinische Einheiten dürfen nicht angegriffen werden. Das Beschießen von Krankenwagen verstößt gegen diesen Schutz."
DET-754,DET-719,hist011,Berufspflichten,"Viertes Genfer Abkommen, Artikel 55-56: Die Besatzungsmacht muss die Versorgung mit Nahrungsmitteln und Medikamenten sowie mit medizinischen Einrichtungen und Dienstleistungen gewährleisten. Das Abschalten der Wasser- und Stromversorgung und die Blockierung des Zugangs zu medizinischen Einrichtungen verstießen gegen diese Pflichten."
DET-755,DET-720,hist011,Verstöße der Palästinenser gegen das humanitäre Völkerrecht,"Unterscheidungsprinzip: Palästinensische Kämpfer operierten aus dicht besiedelten Wohngebieten, wodurch es schwierig war, zwischen militärischen Zielen und zivilem Eigentum zu unterscheiden. Die Pflicht zur Trennung militärischer Operationen von zivilen Angelegenheiten wurde verletzt."
DET-756,DET-721,hist011,Genfer Konventionen – Israelische Verstöße,"Artikel 28 (Menschliche Schutzschilde): „Die Anwesenheit einer geschützten Person darf nicht dazu benutzt werden, bestimmte Punkte oder Gebiete von militärischen Operationen zu verschonen.“ Der Einsatz von Palästinensern als menschliche Schutzschilde durch die israelischen Streitkräfte verstieß gegen dieses absolute Verbot."
DET-757,DET-722,hist011,Zusatzprotokoll I - Unterscheidungsprinzip,"Artikel 51 (Schutz der Zivilbevölkerung): „Wahllose Angriffe sind verboten.“ Anhaltender Raketenbeschuss von Hubschraubern auf Wohnhäuser, wie von HRW dokumentiert, stellt einen wahllosen Angriff dar."
DET-758,DET-723,hist011,Zugang für medizinisches Personal und humanitäre Hilfe,"Zusatzprotokoll I, Artikel 15: Medizinisches Personal „ist zu achten und zu schützen“. Die Tötung der uniformierten Krankenschwester Farwa Jammal bei der Behandlung von Verwundeten war ein Kriegsverbrechen."
DET-759,DET-724,hist011,Berufspflichten,"Haager Landkriegsordnung, Artikel 43: Die Besatzungsmacht muss „für öffentliche Ordnung und Sicherheit sorgen“. Die vollständige Belagerung, die den humanitären Zugang verhindert, verstößt gegen diese Verpflichtung."
DET-760,DET-725,hist011,Verstöße der Palästinenser gegen das humanitäre Völkerrecht,"Undifferenzierte Waffen: Der weitverbreitete Einsatz von Sprengfallen und Sprengkörpern in Privathäusern – Vorrichtungen, die nicht zwischen Kombattanten und Zivilisten unterscheiden können – verstößt gegen das Verbot wahlloser Waffen."
DET-761,DET-726,hist011,Genfer Konventionen – Israelische Verstöße,"Artikel 147 (Schwere Verstöße/Kriegsverbrechen): „Vorsätzliches Töten … das Verursachen großen Leids … umfangreiche Zerstörung … die nicht durch militärische Notwendigkeit gerechtfertigt ist“ stellt einen schweren Verstoß dar. Der Abriss von über 140 Gebäuden, in denen sich oft Menschen befanden, erfüllt die Definition eines Kriegsverbrechens."
DET-762,DET-727,hist011,Zusatzprotokoll I - Unterscheidungsprinzip,"Artikel 57 (Vorsichtsmaßnahmen bei einem Angriff): „Es ist ständig darauf zu achten, die Zivilbevölkerung zu schonen.“ Das Zerstören von Gebäuden ohne Überprüfung, ob sich Zivilisten darin befinden, verstößt gegen die Pflicht zur Vorsichtsmaßnahmen."
DET-763,DET-728,hist011,Zugang für medizinisches Personal und humanitäre Hilfe,"Gemeinsamer Artikel 3: Verwundete und Kranke „sollen aufgenommen und versorgt werden“. Die elftägige Blockierung des Zugangs für Krankenwagen, die zum Tod verletzter Zivilisten führte, verstieß gegen eine grundlegende humanitäre Verpflichtung."
DET-764,DET-729,hist011,Berufspflichten,"Artikel 53: Zerstörung von Eigentum verboten, „außer wenn eine solche Zerstörung durch militärische Operationen unbedingt erforderlich ist“. Massenzerstörungen gingen über die militärische Notwendigkeit hinaus."
DET-765,DET-730,hist011,Verstöße der Palästinenser gegen das humanitäre Völkerrecht,"Vortäuschung eines Schutzstatus: Einige (umstrittene) Berichte über palästinensische Kämpfer, die Zivilkleidung trugen oder Krankenwagen benutzten, verstießen gegen das Verbot des Verrats, obwohl die Beweislage begrenzt war."
DET-766,DET-731,hist011,Ereignistyp,
DET-767,DET-732,hist011,Israelische Operation,
DET-768,DET-733,hist011,Auslösen,
DET-769,DET-734,hist011,Abgerissene Gebäude,
DET-770,DET-735,hist011,Überprüfung,
DET-771,DET-736,hist011,Feststellung von Kriegsverbrechen,
DET-772,DET-737,hist011,Afaf Mohammed,"Gegenüber Human Rights Watch sagte sie aus: „Am 10. April kamen die Bulldozer in unsere Straße. Sie begannen, die Häuser eins nach dem anderen abzureißen. Wir konnten unsere Nachbarn in ihren Häusern schreien hören, während die Bulldozer sie zerstörten. Die Soldaten ließen uns nicht zu ihnen gehen und ihnen helfen. Wir hörten die Schreie und dann Stille. Tage später sah ich, wie Leichen aus den Trümmern geborgen wurden.“"
DET-773,DET-738,hist011,Fayez Hawashin,"Sein Sohn Muhammad wurde am 3. April erschossen, als er mit einer Gruppe von Frauen und Kindern in Richtung Krankenhaus ging. Fayez sagte aus: „Mein Sohn war mit Frauen und Kindern unterwegs. Sie wollten in Richtung Krankenhaus. Israelische Soldaten schossen ihm zweimal ins Gesicht. Er war 14 Jahre alt. Es waren keine Kämpfer bei ihnen. Nur Zivilisten, die Schutz suchten.“"
DET-774,DET-739,hist011,Jamal Zghair,"Er sagte über den Tod seines Vaters am 10. April aus: „Mein Vater war 57 Jahre alt und saß im Rollstuhl. Er wollte nach Hause. Er trug eine weiße Flagge. Israelische Panzer beschossen ihn und überrollten ihn dann. Wir fanden seinen zerquetschten Körper. Es waren keine Kämpfer in seiner Nähe. Er war nur ein alter, behinderter Mann, der nach Hause wollte.“"
DET-775,DET-740,hist011,Dr. Abu Salouh,"Er sagte aus, dass der Zugang zu medizinischer Versorgung blockiert wurde: „Elf Tage lang konnten wir die Verwundeten nicht erreichen. Krankenwagen wurden beschossen. Wir hatten Verletzte im Lager, die dringend medizinische Hilfe benötigten. Die Israelis ließen uns nicht hinein. Einige Menschen starben, weil sie keine medizinische Versorgung erhielten. Das ist ein Kriegsverbrechen – Ärzte daran zu hindern, die Verwundeten zu behandeln.“"
DET-776,DET-741,hist011,Ermittler von Human Rights Watch,"Nach neuntägigen Ermittlungen mit über 100 Zeugenbefragungen: „Die israelischen Streitkräfte begingen schwere Verstöße gegen das humanitäre Völkerrecht, von denen einige dem Anschein nach Kriegsverbrechen darstellen… Die israelischen Streitkräfte setzten gepanzerte Bulldozer ein, um Gebäude zu zerstören, in einigen Fällen mit Zivilisten darin… Wir dokumentierten direkte Angriffe auf medizinisches Personal und die anhaltende Verweigerung des Zugangs zu medizinischer Versorgung.“"
DET-777,DET-742,hist011,Kofi Annan,"Nachdem Israel die UN-Untersuchungskommission blockiert hatte: „Ich bedauere zutiefst, dass es nicht möglich war, das Team in die Region zu entsenden… Ohne die volle Kooperation der israelischen Regierung kann das Team seine Arbeit nicht erfüllen.“ Die UN-Untersuchung fand aufgrund der israelischen Blockade nicht statt."
DET-778,DET-743,hist011,Ariel Sharon,Verteidigte die Operation: „Dies war ein Terroristennest. Es war eine notwendige Operation.“ Leugnete Kriegsverbrechen: „Die israelische Armee ist die moralischste Armee der Welt.“ Auf die Frage nach zivilen Opfern erklärte er: „Krieg ist Krieg.“ Blockierte UN-Untersuchung.
DET-779,DET-744,hist011,Israelischer Soldat (anonym),"Aussage gegenüber Breaking the Silence (Jahre später): „Uns wurde gesagt, wir sollten das Leben der Soldaten nicht gefährden. Also setzten wir die Bulldozer ein. Wir wussten, dass sich in einigen Gebäuden Menschen befanden. Aber der Befehl lautete, sie abzureißen. Die Offiziere sagten, es sei besser, Gebäude abzureißen, als Soldaten in Häuserkämpfen zu riskieren. Ich höre die Schreie noch immer.“"
DET-780,DET-745,hist011,Amnesty International,"Bericht über Jenin (November 2002): „Amnesty International ist zutiefst besorgt darüber, dass einige der Tötungen von Palästinensern durch die israelischen Streitkräfte in Jenin rechtswidrige Tötungen gewesen sein könnten… Die israelischen Behörden haben es wiederholt versäumt, gründliche, unabhängige und unparteiische Untersuchungen zu mutmaßlichen Menschenrechtsverletzungen durchzuführen.“"
DET-781,DET-746,hist011,Massaker beim Passahfest löst Operation Verteidigungsschild aus,"Ein Selbstmordattentäter der Hamas griff den Pessach-Seder im Park Hotel in Netanya an und tötete 30 Israelis, 140 wurden verletzt. Es war der tödlichste Einzelanschlag der Zweiten Intifada. Die israelische Regierung genehmigte die Operation Schutzschild – eine massive Militäroperation im gesamten Westjordanland zur „Zerschlagung der palästinensischen Terrorinfrastruktur“."
DET-782,DET-747,hist011,Operation Verteidigungsschild beginnt; andere Städte werden zuerst angegriffen,"Die israelischen Streitkräfte (IDF) starteten am 29. März die Operation „Schutzschild“ mit einem Einmarsch in Ramallah und der Einnahme von Arafats Anwesen. Es folgten Operationen in Tulkarm (1. April), Qalqilya (1. April) und Bethlehem (2. April). Bis zum 3. April befanden sich sechs größere Städte im Westjordanland unter israelischer Militärbesatzung."
DET-783,DET-748,hist011,Operation Jenin beginnt: 200 Panzer umzingeln Lager,"Die israelischen Streitkräfte (IDF) starteten eine Großoffensive im Flüchtlingslager Jenin mit rund 200 Panzern, Apache-Hubschraubern und F-16-Kampfjets. Im Lager lebten 14.000 Zivilisten; schätzungsweise 80 bis 100 bewaffnete palästinensische Kämpfer waren dort anwesend. Israel erklärte das Gebiet zur militärischen Sperrzone und unterbrach die Strom- und Wasserversorgung des Lagers."
DET-784,DET-749,hist011,Hauskämpfe beginnen; medizinische Versorgung wird blockiert,"Die israelischen Streitkräfte (IDF) beginnen mit einem langsamen Vormarsch durch das Lager und setzen dabei Infanterie für Hausdurchsuchungen ein. Palästinensische Kämpfer leisten erbitterten Widerstand mit Sprengfallen, Sprengstoff und Hinterhalten. Die IDF hindert Krankenwagen und medizinisches Personal am Betreten des Lagers. Die Belagerung des Lagers beginnt – elf Tage lang darf niemand hinein oder hinaus."
DET-785,DET-750,hist011,Zivilisten wurden bei der Flucht aus brennendem Haus getötet,"Eine Panzergranate und zwei von einem Hubschrauber abgefeuerte TOW-Panzerabwehrraketen trafen das Haus von Kamal Tawalba (Vater von 14 Kindern). Es befanden sich keine Kämpfer im Haus. Als Tawalba und seine Familie aus dem brennenden Haus zu fliehen versuchten, eröffneten israelische Soldaten das Feuer auf sie. Ein Beispiel für willkürliche Gewaltanwendung, dokumentiert von Human Rights Watch."
DET-786,DET-751,hist011,Verheerender Hinterhalt: 13 israelische Soldaten getötet,"Palästinensische Kämpfer lockten eine IDF-Einheit in eine enge Gasse im Viertel Hawashin. Dort detonierten massive Sprengsätze, die Gebäude über den Soldaten zum Einsturz brachten. 13 israelische Soldaten starben – der verlustreichste Einzelvorfall für die IDF während der gesamten Zweiten Intifada. Nach dieser katastrophalen Niederlage änderte sich die israelische Militärtaktik grundlegend."
DET-787,DET-752,hist011,Massenzerstörungen beginnen; Rollstuhlfahrer getötet,"Nach dem Hinterhalt vom 9. April setzt die israelische Armee (IDF) massenhaft gepanzerte D-9-Bulldozer ein. Die systematische Zerstörung von Gebäuden beginnt, um breite Wege zu schaffen und die Hinterhaltspositionen zu eliminieren. Kamal Zghair (57, im Rollstuhl) wird von IDF-Panzern erschossen und überfahren, als er mit einer weißen Flagge in der Hand nach Hause fährt. Die Massenvernichtung nimmt rasant zu."
DET-788,DET-753,hist011,Bulldozer reißen über 140 Gebäude ab; viele davon mit Menschen darin.,"D-9-Bulldozer zerstörten über 140 Gebäude im Flüchtlingslager Jenin – etwa 10 % des gesamten Lagers. Augenzeugen berichteten, dass Familien in den zerstörten Gebäuden eingeschlossen waren. Einige wurden lebendig unter den Trümmern begraben. Anwohner schilderten Schreie, als die Bulldozer ihre Häuser zerstörten. Die israelischen Streitkräfte verhinderten Rettungsversuche."
DET-789,DET-754,hist011,Krankenschwester bei der Behandlung Verwundeter getötet; Frau stirbt nach 36-stündiger Verzögerung,"Farwa Jammal (27), eine uniformierte Krankenschwester, wurde bei der Behandlung eines verletzten Zivilisten von israelischen Streitkräften erschossen. Mariam Wishahi (58) wurde in ihrem Haus, nur wenige hundert Meter vom Krankenhaus entfernt, durch Granatsplitter verletzt. Die israelischen Streitkräfte hinderten 36 Stunden lang wiederholt Krankenwagen daran, sie zu erreichen. Sie starb ohne medizinische Versorgung."
DET-790,DET-755,hist011,Die Kampfhandlungen enden; die Belagerung dauert an.,"Die Hauptkämpfe enden nach neun Tagen. Die israelischen Streitkräfte belagern das Lager jedoch weiterhin vollständig und verhindern den Zutritt für alle – darunter humanitäre Helfer, Journalisten und UN-Beobachter. Die Belagerung dauert tagelang an, während Israel versucht, die öffentliche Meinung zu kontrollieren und die Dokumentation der Zerstörung zu unterbinden."
DET-791,DET-756,hist011,Medizinische Versorgung nach 11-tägiger Blockade endlich wieder möglich,Nach elf Tagen (4.–15. April) gestattete die israelische Armee schließlich eingeschränkten Krankenwagen den Zugang zum Lager Jenin. Während der Blockade hatten verletzte Kämpfer und Zivilisten keinen Zugang zu medizinischer Notfallversorgung. Kranke konnten keine Hilfe erhalten. Direkte Angriffe auf medizinisches Personal und die Verweigerung medizinischer Versorgung stellen schwere Kriegsverbrechen dar.
DET-792,DET-757,hist011,Resolution 1405 des UN-Sicherheitsrats: Untersuchungsmission,"Der Sicherheitsrat fordert eine UN-Untersuchungskommission zur Aufklärung des Vorfalls in Jenin. UN-Generalsekretär Kofi Annan stellt ein Team zusammen. Israel stimmt zunächst zu, blockiert die Mission dann aber aus formalen Gründen. Nach wochenlanger Blockade wird die Kommission aufgelöst, ohne Jenin je besucht zu haben. Eine Untersuchung findet nie statt."
DET-793,DET-758,hist011,Ermittler von Human Rights Watch erhalten Zugang zum Lager,"Ein dreiköpfiges Forscherteam von Human Rights Watch verbrachte neun Tage (19.–28. April) in Jenin, um über 100 Lagerbewohner zu befragen. Sie sammelten detaillierte Berichte von Opfern und Zeugen, überprüften die Aussagen, dokumentierten die umfangreichen Zerstörungen und sammelten Beweise für Kriegsverbrechen. Abschließend erstellten sie einen umfassenden, 52-seitigen Bericht."
DET-794,DET-759,hist011,Bericht von Human Rights Watch veröffentlicht,"Human Rights Watch veröffentlicht einen umfassenden Bericht: „Bei ihrem Einmarsch in das Flüchtlingslager Jenin begingen israelische Streitkräfte schwere Verstöße gegen das humanitäre Völkerrecht, von denen einige dem Anschein nach Kriegsverbrechen darstellen.“ Der Bericht dokumentiert 52 getötete Palästinenser (22 Zivilisten), wahlloses Vorgehen, den Einsatz von Menschen als Schutzschilde und Angriffe auf medizinisches Personal."
DET-795,DET-760,hist011,UN veröffentlicht eingeschränkten Bericht; HRW kritisiert,"Nachdem Israel eine Untersuchungskommission blockiert hatte, erstellte die UNO einen Bericht ohne Informationen aus erster Hand. Human Rights Watch kritisierte: „Dieser verwässerte Bericht bringt uns der Wahrheitsfindung nicht näher.“ Der UNO-Bericht enthält trotz der von anderen dokumentierten schweren Verbrechen kaum Schlussfolgerungen zu Verstößen oder Verantwortlichkeit."
DET-796,DET-761,hist012,Massenzerstörungen mit Menschen im Inneren (Kriegsverbrechen),"D-9-Bulldozer zerstörten über 140 Gebäude, in denen sich oft Familien befanden. Augenzeugen berichteten von Schreien, als die Bulldozer Häuser dem Erdboden gleichmachten. Einige Bewohner wurden erdrückt, andere lebendig unter den Trümmern begraben. Diese massive Zerstörung, die nicht durch militärische Notwendigkeit gerechtfertigt ist, stellt ein Kriegsverbrechen gemäß Artikel 147 der Genfer Konvention dar."
DET-797,DET-762,hist012,Vorsätzliche Tötungen von Zivilisten,"Der 14-jährige Muhammad Hawashin wurde am 3. April auf dem Weg ins Krankenhaus mit zwei Schüssen ins Gesicht getötet, als er mit Frauen und Kindern unterwegs war. Kamal Zghair (57, im Rollstuhl) wurde am 10. April mit einer weißen Flagge in der Hand von Panzern erschossen und überfahren. Eine 60-jährige Frau wurde in ihrer Wohnung, in der sich keine bewaffneten Palästinenser befanden, durch einen Hubschrauberangriff getötet. Human Rights Watch dokumentierte zahlreiche vorsätzliche oder rechtswidrige Tötungen von Zivilisten."
DET-798,DET-763,hist012,Angriffe auf medizinisches Personal und Verweigerung medizinischer Versorgung,"Die israelischen Streitkräfte blockierten elf Tage lang (4.–15. April) Krankenwagen. Sie beschossen wiederholt Krankenwagen des Roten Halbmonds. Die uniformierte Krankenschwester Farwa Jammal (27) wurde bei der Versorgung von Verwundeten getötet. Mariam Wishahi (58) starb nach 36 Stunden Verzögerung, da Soldaten ihr die Zufahrt mit einem Krankenwagen verwehrten, obwohl sie sich „nur wenige hundert Meter vom Krankenhaus entfernt“ befand. Direkte Angriffe auf medizinisches Personal und die Verweigerung medizinischer Versorgung sind Kriegsverbrechen."
DET-799,DET-764,hist012,Einsatz palästinensischer Zivilisten als menschliche Schutzschilde,"HRW dokumentierte, wie die israelischen Streitkräfte palästinensische Zivilisten als „menschliche Schutzschilde“ einsetzten – indem sie Zivilisten zwangen, Gebäude vor den Soldaten zu betreten, Wohnhäuser als Militärstellungen nutzten und die Bewohner in ihren Zimmern einsperrten sowie Zivilisten zu militärischen Aufgaben zwangen. Der Einsatz von schutzbedürftigen Personen zum Schutz militärischer Operationen verstößt gegen Artikel 28 der Genfer Konvention."
DET-800,DET-765,hist012,Willkürliche und unverhältnismäßige Anwendung von Gewalt,"Von den USA gelieferte Hubschrauber beschossen das Lager mit Panzerabwehrraketen, wobei sie „unzureichende Anstrengungen unternahmen, legitime militärische Ziele zu identifizieren und zivile Wohnhäuser zu meiden“. Zahlreiche Häuser, die ausschließlich von Zivilisten bewohnt wurden und in denen sich keine Kämpfer aufhielten, wurden getroffen. Panzergranaten und Hubschrauberraketen trafen das Haus von Kamal Tawalba (Vater von 14 Kindern), in dem sich keine Kämpfer befanden; Soldaten eröffneten daraufhin das Feuer auf die Familie, die aus dem brennenden Haus flüchtete. Diese wahllos angewandte Gewalt verstieß gegen das Kriegsrecht."
DET-801,DET-766,hist012,Behinderung unabhängiger Ermittlungen,"Nachdem die Resolution 1405 des UN-Sicherheitsrats die Einsetzung einer Untersuchungskommission forderte, stimmte Israel zunächst zu, blockierte die Ermittlungen dann aber systematisch durch Verfahrenseinwände. Die Kommission wurde aufgelöst, ohne Jenin besucht zu haben. Die Behinderung der Ermittlungen zu Kriegsverbrechen deutet auf ein Schuldbewusstsein hin. Sie verhinderte die Rechenschaftspflicht und etablierte eine Kultur der Straflosigkeit."
DET-802,DET-767,hist012,Palästinensische Verstöße: Sprengfallen gefährden Zivilisten,"Palästinensische Kämpfer platzierten im gesamten Lager zahlreiche Sprengsätze in Wasserleitungen, Küchenschränken und Türrahmen – Sprengsätze, die sowohl Zivilisten als auch israelische Soldaten gefährdeten. Das Vorgehen in dicht besiedelten Wohngebieten und der Einsatz von Sprengfallen, die nicht zwischen Kämpfern und Zivilisten unterschieden, verstießen gegen das humanitäre Völkerrecht."
DET-803,DET-768,hist012,Palästinenser getötet,PCHR: 1.419 (1.167 Zivilisten); B'Tselem: 1.385 (762 Nichtkombattanten); UN OCHA: 1.383 (773 Zivilisten)
DET-804,DET-769,hist012,Todesfälle bei Kindern,UN OCHA dokumentierte 333 getötete Kinder und 114 getötete Frauen.
DET-805,DET-770,hist012,Verwundete Palästinenser,Mehr als 5.300 Menschen wurden verletzt; etwa 30 % erlitten langfristige Beeinträchtigungen oder dauerhafte Behinderungen.
DET-806,DET-771,hist012,Häuser vollständig zerstört,Weitere 2.870 Häuser wurden schwer beschädigt; über 20.000 Menschen wurden obdachlos.
DET-807,DET-772,hist012,Zerstörte Privatunternehmen,432 weitere Unternehmen wurden geschädigt; wirtschaftliche Verluste von über 139 Millionen Dollar.
DET-808,DET-773,hist012,Israelische Todesopfer,10 Soldaten (4 durch Eigenbeschuss); 3 Zivilisten durch Raketenbeschuss getötet
DET-809,DET-774,hist012,Ehud Olmert,"Er genehmigte die Operation Gegossenes Blei und traf während der Offensive wichtige strategische Entscheidungen. Später erklärte er, die Operation sei notwendig gewesen, bedauerte aber die zivilen Opfer. 2015 wurde er in einem anderen Fall wegen Korruption verurteilt."
DET-810,DET-775,hist012,Ehud Barak,Ich überwachte die Planung und Durchführung militärischer Operationen. Ich verteidigte die Operation als verhältnismäßige Reaktion auf Raketenbeschuss.
DET-811,DET-776,hist012,Gabi Ashkenazi,"Oberster Militärkommandeur während der Operation. Verantwortlich für die operative Planung und Durchführung. Stellte sicher, dass die Operation im Einklang mit dem Völkerrecht durchgeführt wurde."
DET-812,DET-777,hist012,Ismail Haniyeh,Der politische Führer der Hamas während der Operation autorisierte weiterhin Raketenangriffe auf Israel. Er lehnte während der Operation Waffenstillstandsangebote ab.
DET-813,DET-778,hist012,Richter Richard Goldstone,Leitete die UN-Untersuchung zur Operation Gegossenes Blei. Ehemaliger Verfassungsrichter von Südafrika und Chefankläger der Internationalen Strafgerichtshöfe.
DET-814,DET-779,hist012,Unmittelbare Auswirkungen (2009–2011),"1.383–1.419 getötete Palästinenser, darunter 333 Kinder; 13 getötete Israelis (10 Soldaten, 3 Zivilisten)"
DET-815,DET-780,hist012,Langfristige Folgen (2011–heute),"Das etablierte Muster israelischer Militäroperationen im Gazastreifen wiederholte sich in den Jahren 2012, 2014, 2021 und 2023-2024."
DET-816,DET-781,hist012,Rechenschaftsstatus,Kein hochrangiger israelischer Beamter wurde für die Planung oder Durchführung der Operation zur Rechenschaft gezogen.
DET-817,DET-782,hist012,Unmittelbare Auswirkungen (2009–2011),Mehr als 5.300 Palästinenser wurden verletzt; etwa 30 % von ihnen tragen dauerhafte Behinderungen davon.
DET-818,DET-783,hist012,Langfristige Folgen (2011–heute),Nahezu vollständige Straflosigkeit: Nur 4 israelische Verurteilungen bei 510 eingereichten Anzeigen im Zusammenhang mit Vorfällen mit Gegossenem Blei.
DET-819,DET-784,hist012,Rechenschaftsstatus,Keine Strafverfolgung für das Massaker von Samouni (21 getötete Zivilisten)
DET-820,DET-785,hist012,Unmittelbare Auswirkungen (2009–2011),3.540 Häuser vollständig zerstört; 2.870 schwer beschädigt; über 20.000 Menschen obdachlos
DET-821,DET-786,hist012,Langfristige Folgen (2011–heute),Der Wiederaufbau des Gazastreifens wird durch die anhaltende Blockade stark behindert; viele Gebiete wurden nie vollständig wiederaufgebaut.
DET-822,DET-787,hist012,Rechenschaftsstatus,Keine Strafverfolgung nach dem Angriff auf die Familie Al-Daya (22 getötete Zivilisten)
DET-823,DET-788,hist012,Unmittelbare Auswirkungen (2009–2011),Der UN-Goldstone-Bericht (September 2009) fand Beweise für Kriegsverbrechen und mögliche Verbrechen gegen die Menschlichkeit durch beide Seiten.
DET-824,DET-789,hist012,Langfristige Folgen (2011–heute),"Das Völkerrecht wird weitgehend nicht durchgesetzt; die IStGH-Ermittlungen laufen, aber es gibt keine Anklagen wegen der Verbrechen im Zusammenhang mit dem Gussblei-Skandal."
DET-825,DET-790,hist012,Rechenschaftsstatus,Keine Strafverfolgung wegen der Tötungen unter weißer Flagge (11 getötete Zivilisten).
DET-826,DET-791,hist012,Unmittelbare Auswirkungen (2009–2011),Internationale Forderungen nach Rechenschaftspflicht; UN-Menschenrechtsrat billigte Bericht (Abstimmung 25-6-11)
DET-827,DET-792,hist012,Langfristige Folgen (2011–heute),Goldstone selbst widerrief 2011 in einem Gastbeitrag in der Washington Post Teile seiner Erkenntnisse (andere Mitglieder der Mission lehnten den Widerruf ab).
DET-828,DET-793,hist012,Rechenschaftsstatus,"Militärische Ermittlungen in Israel: 510 Beschwerden eingereicht, 152 untersucht, 4 Verurteilungen (geringfügige Vergehen)"
DET-829,DET-794,hist012,Unmittelbare Auswirkungen (2009–2011),Die internationale Kritik an den israelischen Militäroperationen und der Blockade des Gazastreifens hat sich verschärft.
DET-830,DET-795,hist012,Langfristige Folgen (2011–heute),Die Operation wurde zur Vorlage für die Doktrin des „Grasmähens“ – periodische Militäroperationen zur Schwächung der Fähigkeiten
DET-831,DET-796,hist012,Rechenschaftsstatus,Bewaffnete palästinensische Gruppen: Keine bekannten Ermittlungen oder Strafverfolgungen wegen wahlloser Raketenangriffe
DET-832,DET-797,hist012,Unmittelbare Auswirkungen (2009–2011),"Weitverbreitete psychische Traumata in der Bevölkerung des Gazastreifens, insbesondere bei Kindern"
DET-833,DET-798,hist012,Rechenschaftsstatus,Der UN-Goldstone-Bericht dokumentierte Verstöße beider Seiten
DET-834,DET-799,hist012,Rechenschaftsstatus,"Der Internationale Strafgerichtshof (IStGH) leitete 2021 eine Untersuchung zur Lage in Palästina ein, bisher wurden jedoch keine Anklagen wegen gegossenen Bleis erhoben."
DET-835,DET-800,hist012,Vierte Genfer Konvention – Israelische Streitkräfte,"Artikel 27 (Geschützte Personen): Das Massaker von Samouni, die Tötungen unter weißer Flagge und andere vorsätzliche Angriffe auf Zivilisten verstießen gegen grundlegende Schutzbestimmungen."
DET-836,DET-801,hist012,Gewohnheitsmäßige Verstöße gegen das humanitäre Völkerrecht,Unterscheidung: Die Angriffe auf die Familien Samouni und Al-Daya sowie auf die Träger der weißen Fahnen verstießen gegen den Grundsatz der Unterscheidung zwischen Zivilisten und Kombattanten.
DET-837,DET-802,hist012,Ergebnisse des UN-Goldstone-Berichts (September 2009),"Kriegsverbrechen: Der Bericht fand Beweise dafür, dass israelische Streitkräfte Handlungen begangen haben, die Kriegsverbrechen gleichkommen, darunter vorsätzliche Tötung und umfangreiche Zerstörung von Eigentum, die nicht durch militärische Notwendigkeit gerechtfertigt war."
DET-838,DET-803,hist012,Menschenrechtsverletzungen,Recht auf Leben (IPBPR Artikel 6): Die vorsätzliche Tötung von Zivilisten verstößt gegen das Recht auf Leben. Im Fall Al-Daya wurde insbesondere ein Verstoß gegen Artikel 6 festgestellt.
DET-839,DET-804,hist012,Vierte Genfer Konvention – Israelische Streitkräfte,"Artikel 33 (Kollektivstrafen): Die UN-Mission stellte fest, dass die Operation darauf abzielte, die Zivilbevölkerung des Gazastreifens zu bestrafen, zu demütigen und zu terrorisieren – eine Kollektivstrafe wie aus dem Lehrbuch."
DET-840,DET-805,hist012,Gewohnheitsmäßige Verstöße gegen das humanitäre Völkerrecht,"Verhältnismäßigkeit: Die UN-Mission stellte fest, dass während der gesamten Operation bewusst unverhältnismäßige Gewalt angewendet wurde."
DET-841,DET-806,hist012,Ergebnisse des UN-Goldstone-Berichts (September 2009),"Verbrechen gegen die Menschlichkeit: Der Bericht kommt zu dem Schluss, dass die israelischen Aktionen möglicherweise Verbrechen gegen die Menschlichkeit darstellen – ein vorsätzlich unverhältnismäßiger Angriff, der darauf abzielt, die Zivilbevölkerung zu bestrafen, zu demütigen und zu terrorisieren."
DET-842,DET-807,hist012,Menschenrechtsverletzungen,"Recht auf angemessenes Wohnen: Die Zerstörung von 3.540 Wohnungen, wodurch mehr als 20.000 Menschen obdachlos wurden, verstieß gegen das Recht auf angemessenes Wohnen gemäß dem Internationalen Pakt über wirtschaftliche, soziale und kulturelle Rechte (ICESCR)."
DET-843,DET-808,hist012,Vierte Genfer Konvention – Israelische Streitkräfte,"Artikel 53 (Zerstörung von Eigentum): Die Zerstörung von Getreidemühlen, Wasserversorgungssystemen und mehr als 3.540 Wohnhäusern war militärisch nicht notwendig."
DET-844,DET-809,hist012,Gewohnheitsmäßige Verstöße gegen das humanitäre Völkerrecht,Vorsichtsmaßnahmen bei Angriffen: Die Angriffe auf das UNRWA-Gelände und Krankenhäuser wurden auch nach der Benachrichtigung fortgesetzt und verstießen gegen die Vorsichtsmaßnahmen.
DET-845,DET-810,hist012,Ergebnisse des UN-Goldstone-Berichts (September 2009),"Palästinensische Kriegsverbrechen: Der Bericht stellte außerdem fest, dass palästinensische bewaffnete Gruppen Kriegsverbrechen durch wahllose Raketenangriffe auf israelische Zivilisten begangen haben."
DET-846,DET-811,hist012,Menschenrechtsverletzungen,Recht auf Gesundheit: Angriffe auf Krankenhäuser und medizinische Einrichtungen sowie die Zerstörung der Gesundheitsinfrastruktur verletzen das Recht auf Gesundheit.
DET-847,DET-812,hist012,Vierte Genfer Konvention – Israelische Streitkräfte,"Artikel 147 (Schwerwiegende Verstöße): Vorsätzliche Tötung, umfangreiche Zerstörung, die nicht durch militärische Notwendigkeit gerechtfertigt ist. Mehrere dokumentierte Vorfälle erfüllen diese Schwelle."
DET-848,DET-813,hist012,Gewohnheitsmäßige Verstöße gegen das humanitäre Völkerrecht,Geschützte Objekte: Direkte Angriffe auf das Al-Quds-Krankenhaus und das UNRWA-Gelände verletzten deren Schutzstatus.
DET-849,DET-814,hist012,Ergebnisse des UN-Goldstone-Berichts (September 2009),"Rechenschaftspflicht: Es wird empfohlen, dass beide Parteien innerhalb von 6 Monaten Untersuchungen in gutem Glauben durchführen; andernfalls sollte der Sicherheitsrat die Situation dem Internationalen Strafgerichtshof melden."
DET-850,DET-815,hist012,Menschenrechtsverletzungen,Kinderrechte: 333 getötete Kinder; Angriffe auf Schulen; Angriffe auf zivile Gebiete verletzten die UN-Kinderrechtskonvention.
DET-851,DET-816,hist012,Ereignistyp,
DET-852,DET-817,hist012,Täter,
DET-853,DET-818,hist012,Überprüfung,
DET-854,DET-819,hist012,Reaktion der Vereinten Nationen,
DET-855,DET-820,hist012,Richter Richard Goldstone,"Die Mission stellte fest, dass die Operationen in allen Phasen sorgfältig geplant waren – was in gut drei Wochen Ende 2008 und Anfang 2009 geschah, war ein bewusst unverhältnismäßiger Angriff, der darauf abzielte, die Zivilbevölkerung zu bestrafen, zu demütigen und zu terrorisieren."
DET-856,DET-821,hist012,Ateya al-Samouni,"Ich sagte vor der UN-Mission aus: Soldaten zwangen uns alle, etwa 100 Personen, hauptsächlich Frauen und Kinder, in ein Haus zu treiben. Sie hielten uns dort Tag und Nacht fest. Am nächsten Morgen begannen sie, das Haus zu beschießen. Meine Mutter war sofort tot. Wir waren drei Tage lang mit den Toten und Sterbenden eingeschlossen, bis Krankenwagen uns erreichten. Ich verlor 21 Familienmitglieder."
DET-857,DET-822,hist012,Dr. Khalid Eshkuntana,"In seiner Aussage zur Behandlung von Verletzungen durch weißen Phosphor hieß es: „Wir sahen Verbrennungen, die wir noch nie zuvor gesehen hatten. Der Phosphor brennt selbst im Körperinneren weiter. Wir hatten keinerlei Erfahrung mit der Behandlung solcher Waffen. Viele Patienten starben an diesen Verbrennungen.“"
DET-858,DET-823,hist012,John Dugard,"In einer Erklärung vor der UNO heißt es: Israels Vorgehen im Gazastreifen stellt einen groben und systematischen Verstoß gegen die Vierte Genfer Konvention dar. Der Angriff war nicht einfach nur ein Kriegsakt, sondern ein anhaltender und brutaler Übergriff auf die Zivilbevölkerung, die seit 18 Monaten unter Belagerung lebte."
DET-859,DET-824,hist012,Das Schweigen brechen,"Anonyme Soldatenaussage: Die Kommandeure machten unmissverständlich klar: Unser Leben hat Vorrang, erst danach kommen moralische Erwägungen. Uns wurde befohlen, auf jeden zu schießen, der uns bedroht fühlt, selbst wenn er unschuldig erscheint. Die Zerstörung war unvorstellbar. Wir zerstörten unzählige Häuser, die keinerlei militärischen Zwecken dienten."
DET-860,DET-825,hist012,Internationales Komitee vom Roten Kreuz,Das IKRK übte in seltener Weise öffentliche Kritik: Das israelische Militär habe seine völkerrechtliche Verpflichtung zur Versorgung und Evakuierung der Verwundeten nicht erfüllt. Das IKRK hält die Verzögerung beim Zugang für Rettungskräfte für inakzeptabel. (Betrifft den Vorfall mit der Familie Samouni)
DET-861,DET-826,hist012,Amnesty International,"Im detaillierten Bericht heißt es: Israelische Streitkräfte führten direkte Angriffe gegen Zivilisten und zivile Objekte im Gazastreifen durch. Diese Angriffe waren unverhältnismäßig und wahllos, da sie nicht zwischen legitimen militärischen Zielen und zivilen Objekten unterschieden. Bei vielen Angriffen kamen weißer Phosphor und andere von den USA gelieferte Waffen zum Einsatz."
DET-862,DET-827,hist012,Menschenrechtsbeobachtung,"Dokumentierte Tötungen durch das Schwenken weißer Flaggen: In sieben von Human Rights Watch dokumentierten Fällen griffen israelische Streitkräfte im Gazastreifen Gruppen von Menschen an, die durch das Schwenken weißer Flaggen ihren zivilen Status zum Ausdruck bringen wollten. Bei den Angriffen wurden elf Zivilisten getötet."
DET-863,DET-828,hist012,Israelischer Angriff bricht Waffenstillstand,"Israel startete einen Grenzangriff im Gazastreifen, um einen Tunnel zu zerstören. Mehrere Quellen berichten, dass damit die sechsmonatige Waffenruhe gebrochen wurde. Die Hamas reagierte mit Raketenbeschuss und beendete damit den Waffenstillstand."
DET-864,DET-829,hist012,Eskalierende Gewalt,Zunehmender Raketenbeschuss aus Gaza und israelische Angriffe. Über 100 Raketen wurden innerhalb von 24 Stunden vor Beginn der Operation abgefeuert. Mehrere Eskalationen und gescheiterte Waffenstillstandsversuche.
DET-865,DET-830,hist012,Operation beginnt – massive Luftangriffe,Israelische F-16-Kampfjets und Apache-Hubschrauber griffen in 220 Sekunden über 100 Ziele an. Das Polizeipräsidium wurde während einer Abschlussfeier getroffen; 99 Polizisten und 9 Zivilisten starben. Bis zum Ende des ersten Tages waren 230 Palästinenser getötet worden.
DET-866,DET-831,hist012,Woche der Luftbombardierung,"Kontinuierliche Luftangriffe trafen Regierungsgebäude, Polizeistationen, Moscheen, Wohnhäuser und die Infrastruktur. Die israelische Marine beschoss Schiffe von der Küste aus. Weißer Phosphor wurde in besiedelten Gebieten eingesetzt. Hunderte Menschen starben."
DET-867,DET-832,hist012,Bodeninvasion beginnt,Israelische Bodentruppen rücken von Norden und Osten in den Gazastreifen ein. Panzer und Infanterie erreichen Beit Lahiya und Beit Hanoun. Der Gazastreifen ist damit faktisch geteilt. Zehntausende fliehen aus ihren Häusern.
DET-868,DET-833,hist012,Massaker an der Familie Samouni,"Israelische Soldaten zwangen etwa 100 Mitglieder der Familie Samouni, sich in einem Gebäude im Stadtteil Zaytoun einzuschließen. Am 5. Januar starben bei einem Beschuss 21 Zivilisten. Überlebende waren tagelang mit den Toten eingeschlossen. Das Rote Kreuz verweigerte den Zugang."
DET-869,DET-834,hist012,Massaker an der Familie Al-Daya,"Eine israelische F-16 feuerte eine Rakete auf das Haus der Familie Al-Daya im Stadtteil Zaytoun ab. 22 Familienmitglieder, hauptsächlich Frauen und Kinder, wurden getötet. Das israelische Militär räumte später ein, das Haus versehentlich getroffen zu haben."
DET-870,DET-835,hist012,Tötungen unter weißer Flagge dokumentiert,"Es kam zu mehreren Vorfällen, bei denen israelische Soldaten palästinensische Flüchtlinge mit weißen Fahnen erschossen. Majda und Rayya Hajjaj (37 und 65 Jahre alt) wurden auf der Flucht erschossen. Die UN-Mission dokumentierte sieben solcher Vorfälle."
DET-871,DET-836,hist012,UNRWA-Gelände angegriffen,"Das UN-Hilfswerk für Palästina-Flüchtlinge im Gazastreifen wurde mit Sprengstoff und weißem Phosphor beschossen. 600 bis 700 Zivilisten suchten dort Schutz. Der Angriff dauerte stundenlang an, obwohl die israelischen Streitkräfte vor den Gefahren gewarnt worden waren."
DET-872,DET-837,hist012,Angriff auf das Al-Quds-Krankenhaus,Israelische Streitkräfte griffen das Al-Quds-Krankenhaus in Gaza-Stadt und das angrenzende Ambulanzdepot direkt an. Dabei wurde weißer Phosphor eingesetzt. Während der gesamten Operation wurden wiederholt Angriffe auf medizinische Einrichtungen dokumentiert.
DET-873,DET-838,hist012,Waffenstillstand erklärt,Unter enormem internationalem Druck erklärte Israel einen einseitigen Waffenstillstand und zog seine Truppen ab. Palästinensische bewaffnete Gruppen folgten mit einem separaten Waffenstillstand. Es wurde keine formelle Vereinbarung erzielt.
DET-874,DET-839,hist012,UN-Untersuchungsmission eingerichtet,"Der UN-Menschenrechtsrat setzt eine von Richter Richard Goldstone geleitete Untersuchungskommission ein, um mögliche Verstöße aller Konfliktparteien gegen das Völkerrecht zu untersuchen."
DET-875,DET-840,hist012,Goldstone-Bericht veröffentlicht,"Die UN-Mission veröffentlichte einen 575-seitigen Bericht, der mutmaßliche Kriegsverbrechen des israelischen Militärs und palästinensischer bewaffneter Gruppen dokumentiert. Der Bericht belegt vorsätzliche und unverhältnismäßige Angriffe auf Zivilisten."
DET-876,DET-841,hist012,Der UN-Menschenrechtsrat billigt den Bericht,"Der UN-Menschenrechtsrat billigt den Goldstone-Bericht mit 25 Ja-Stimmen, 6 Nein-Stimmen und 11 Enthaltungen. Er empfiehlt die Überweisung an den Sicherheitsrat und gegebenenfalls an den Internationalen Strafgerichtshof."
DET-877,DET-842,hist012,Massaker an der Familie Samouni,"Israelische Soldaten zwangen etwa 100 Mitglieder der Familie Samouni in ein Gebäude im Stadtteil Zaytoun, hielten sie 24 Stunden lang fest und beschossen dann das Gebäude, wobei 21 Zivilisten getötet wurden. Überlebende waren tagelang mit den Toten eingeschlossen; Krankenwagen konnten das Gebiet nicht erreichen."
DET-878,DET-843,hist014,Luftangriff auf die Familie Al-Daya,"Bei einem F-16-Raketenangriff auf ein Haus in Al-Daya wurden 22 Zivilisten, hauptsächlich Frauen und Kinder, getötet. Das israelische Militär räumte später ein, das Haus versehentlich getroffen zu haben. Die UN-Mission stellte ein „erhebliches Versagen der Sorgfaltspflicht“ fest."
DET-879,DET-844,hist014,Tötungen unter weißer Flagge,"Israelische Soldaten töteten mindestens elf palästinensische Zivilisten, die mit weißen Fahnen flohen. Zu den dokumentierten Fällen gehört die Tötung zweier Frauen (Majda und Rayya Hajjaj, 37 und 65 Jahre alt)."
DET-880,DET-845,hist014,Weißer Phosphor in besiedelten Gebieten,"Die israelischen Streitkräfte setzten weißen Phosphor – dessen Verwendung in besiedelten Gebieten illegal ist – bei Angriffen auf zwei Krankenhäuser (Al-Quds, Al-Wafa), das UN-Gelände in Gaza-Stadt und dicht besiedelte Wohngebiete ein."
DET-881,DET-846,hist014,Angriffe auf medizinische Einrichtungen und UN-Einrichtungen,"Direkte Angriffe auf geschützte Einrichtungen, darunter das Al-Quds-Krankenhaus, das Al-Wafa-Krankenhaus und das UNRWA-Gelände mit 600 bis 700 Zivilisten, wurden verübt. Die Angriffe dauerten trotz deutlicher Kennzeichnung und Benachrichtigung der israelischen Streitkräfte an."
DET-882,DET-847,hist014,Zerstörung ziviler Infrastruktur,"Systematische Zerstörung von Getreidemühlen, Wasserversorgungsanlagen und Kläranlagen ohne militärische Rechtfertigung. Die El-Bader-Getreidemühle – die einzige funktionierende Mühle im Gazastreifen – wurde zerstört. 268 Betriebe wurden vollständig vernichtet."
DET-883,DET-848,hist014,Vorsätzliche unverhältnismäßige Gewalt,"Die UN-Mission kam zu dem Schluss, dass die Operationen in allen Phasen sorgfältig geplant waren und Muster auf eine gezielte Tötung von Zivilisten hindeuteten. Es handelte sich um einen bewusst unverhältnismäßigen Angriff, der darauf abzielte, die Zivilbevölkerung zu bestrafen, zu demütigen und zu terrorisieren."
DET-884,DET-849,hist014,Palästinensische Raketenangriffe (Kriegsverbrechen),"Palästinensische bewaffnete Gruppen feuerten während der Operation über 900 Raketen und Mörsergranaten auf Israel ab und töteten dabei drei israelische Zivilisten. Der Goldstone-Bericht kam zu dem Schluss, dass es sich um wahllose Angriffe handelte, die Kriegsverbrechen darstellten."
DET-885,DET-850,hist014,Palästinenser getötet,"UN-Kommission: 1.462 Zivilisten, 551 Kämpfer, 238 Status unklar. B’Tselem: 2.202 Tote, 1.391 Zivilisten."
DET-886,DET-851,hist014,Todesfälle bei Kindern,"Die UN dokumentierte 551 getötete Kinder und 299 getötete Frauen. 20,2 % der zivilen Opfer waren Frauen – ein höherer Anteil als bei früheren Operationen."
DET-887,DET-852,hist014,Ganze Familien getötet,"B’Tselem dokumentierte 72 Vorfälle, bei denen ganze Familien in ihren Häusern getötet wurden. Familie Al-Batsh: 18 Tote; Familie Abu Jame: 17 Tote; Familie Al-Najjar: 26 Tote"
DET-888,DET-853,hist014,Verwundete Palästinenser,Darunter 3.436 Kinder. Etwa 1.000 Kinder behielten dauerhafte Behinderungen; 1.500 Kinder wurden zu Waisen.
DET-889,DET-854,hist014,Häuser vollständig zerstört,"Weitere 89.000 Häuser beschädigt (10.000 schwer). Ganze Stadtviertel dem Erdboden gleichgemacht: Shuja'iya, Beit Hanoun, Khuza'a"
DET-890,DET-855,hist014,Beschädigte oder zerstörte Schulen,"Drei öffentliche Schulen wurden vollständig zerstört, 23 weitere schwer beschädigt. Mehrere UN-Schulen, in denen Vertriebene untergebracht waren, wurden angegriffen."
DET-891,DET-856,hist014,Medizinische Einrichtungen angegriffen,"Krankenhäuser, Kliniken und Krankenwagen wurden zerstört oder beschädigt. Beim Angriff auf das Al-Aqsa-Krankenhaus kamen fünf Menschen ums Leben. Amnesty International fand „zunehmende Beweise“ für gezielte Angriffe."
DET-892,DET-857,hist014,Gazas einziges Kraftwerk zerstört,"Amnesty International wird als „Kollektivstrafe“ verurteilt. HRW: „Rechtswidriger, unverhältnismäßiger Angriff, der der Zivilbevölkerung weit größeren Schaden zufügt als dem Militär Nutzen bringt.“"
DET-893,DET-858,hist014,Israelis getötet,"67 Soldaten, 6 Zivilisten (darunter 1 Kind). 4 Tote durch Eigenbeschuss."
DET-894,DET-859,hist014,Israelis verwundet,"Darunter 270 Kinder. Verletzt durch Raketen, Mörsergranaten und Splitter von 4.881 abgefeuerten Geschossen."
DET-895,DET-860,hist014,Israelische Luftangriffe,"Die israelischen Streitkräfte feuerten innerhalb von 51 Tagen 5.000 Tonnen Munition, 14.500 Panzergranaten und 35.000 Artilleriegranaten ab."
DET-896,DET-861,hist014,Raketen/Mörser aus Gaza abgefeuert,Bewaffnete palästinensische Gruppen feuerten 4.881 Geschosse auf Israel ab; viele wurden vom Raketenabwehrsystem Iron Dome abgefangen.
DET-897,DET-862,hist014,Benjamin Netanjahu,"Die Operation Protective Edge wurde genehmigt. Es wurden wichtige politische Entscheidungen getroffen, darunter die Fortsetzung trotz internationaler Proteste. Die Operation wurde als verhältnismäßig und notwendig verteidigt. Die Feststellungen der UN-Kommission wurden zurückgewiesen."
DET-898,DET-863,hist014,Moshe Ya'alon,"Er überwachte die militärische Planung und Durchführung. Er verteidigte die Aktionen der israelischen Streitkräfte, darunter die Zerstörung eines Kraftwerks. Später äußerte er zwar Bedauern über die zivilen Opfer, beharrte aber darauf, dass die Operation gerechtfertigt gewesen sei."
DET-899,DET-864,hist014,Benny Gantz,"Oberster Militärkommandeur während der Operation. Verantwortlich für operative Entscheidungen, darunter den Artillerieeinsatz in Shuja'iya und den Angriff auf Rafah. Prahlte später damit, Gaza „in die Steinzeit zurückversetzt“ zu haben. Wurde 2020 Verteidigungsminister."
DET-900,DET-865,hist014,Ismail Haniyeh,Politischer Führer der Hamas während der Operation. Autorisierte fortgesetzte Raketenangriffe während der gesamten Operation. Lehnte Waffenstillstandsangebote ab. Steht derzeit dem Politbüro der Hamas vor.
DET-901,DET-866,hist014,Mohammad Deif,"Kommandeur des militärischen Arms der Hamas. Leitete Raketenangriffe und Tunneloperationen. Überlebte mehrere israelische Attentatsversuche, unter anderem während dieser Operation. Ehefrau und Kinder wurden am 19. August 2014 bei einem Luftangriff getötet."
DET-902,DET-867,hist014,Mary McGowan Davis,Leitete die UN-Untersuchung zur Operation Protective Edge. Ehemaliger US-Bundesrichter. Die Kommission dokumentierte Verstöße beider Seiten und fand Beweise für Kriegsverbrechen.
DET-903,DET-868,hist014,Unmittelbare Auswirkungen (2014–2016),"Tödlichster Gaza-Konflikt: 2.251 getötete Palästinenser (1.462 Zivilisten, 551 Kinder); 73 getötete Israelis (67 Soldaten, 6 Zivilisten)"
DET-904,DET-869,hist014,Langfristige Folgen (2016 bis heute),Wiederaufbau stark behindert: Vier Jahre später sind 75 % der zerstörten Häuser aufgrund der Blockade immer noch nicht wieder aufgebaut.
DET-905,DET-870,hist014,Rechenschaftsstatus,✗ Keine israelischen Beamten oder Soldaten wurden wegen dokumentierter Verstöße strafrechtlich verfolgt.
DET-906,DET-871,hist014,Unmittelbare Auswirkungen (2014–2016),"Beispiellose Zerstörung: 18.000 Häuser zerstört, 89.000 beschädigt; 500.000 Menschen vertrieben (1/3 der Bevölkerung)"
DET-907,DET-872,hist014,Langfristige Folgen (2016 bis heute),"Die humanitäre Krise im Gazastreifen hat sich katastrophal verschärft; die UN warnte, Gaza könne bis 2020 „unbewohnbar“ sein."
DET-908,DET-873,hist014,Rechenschaftsstatus,✗ Keine Rechenschaftspflicht für den Angriff auf Shuja'iya (mehr als 100 getötete Zivilisten)
DET-909,DET-874,hist014,Unmittelbare Auswirkungen (2014–2016),"Zerstörung der Infrastruktur: Kraftwerk, 262 Schulen, 73 medizinische Einrichtungen, Wasser- und Abwassersysteme zerstört"
DET-910,DET-875,hist014,Langfristige Folgen (2016 bis heute),Völlige Straflosigkeit: Keine israelischen Strafverfolgungen für dokumentierte Verstöße; keine Durchsetzung von Rechenschaftsmechanismen.
DET-911,DET-876,hist014,Rechenschaftsstatus,✗ Keine Rechenschaftspflicht für den Schwarzen Freitag in Rafah (130-150 getötete Zivilisten)
DET-912,DET-877,hist014,Unmittelbare Auswirkungen (2014–2016),Wirtschaftlicher Zusammenbruch: Schäden in Höhe von 6 Milliarden US-Dollar; BIP des Gazastreifens um 15 % gesunken
DET-913,DET-878,hist014,Langfristige Folgen (2016 bis heute),Muster etabliert: Die Operation wurde zum Vorbild für die Eskalationen 2021 und 2023–2024 mit ähnlichen Taktiken
DET-914,DET-879,hist014,Rechenschaftsstatus,✗ Keine Rechenschaftspflicht für Angriffe auf Wohngebäude (72 Familien ausgelöscht)
DET-915,DET-880,hist014,Unmittelbare Auswirkungen (2014–2016),Die UN-Kommission fand Beweise für Kriegsverbrechen sowohl israelischer Streitkräfte als auch palästinensischer bewaffneter Gruppen.
DET-916,DET-881,hist014,Langfristige Folgen (2016 bis heute),Aushöhlung des Völkerrechts: UN-Befunde werden ignoriert; Präzedenzfall für die Ablehnung internationaler Rechenschaftspflicht geschaffen
DET-917,DET-882,hist014,Rechenschaftsstatus,✗ Keine Rechenschaftspflicht für den Tod von vier Jungen am Strand oder die Zerstörung des Kraftwerks
DET-918,DET-883,hist014,Unmittelbare Auswirkungen (2014–2016),"Israels Weigerung, mit den UN-Ermittlungen zu kooperieren, schuf einen Präzedenzfall für die Ablehnung internationaler Rechenschaftspflicht."
DET-919,DET-884,hist014,Langfristige Folgen (2016 bis heute),"Die ICC-Untersuchung wurde 2015 eingeleitet (Palästina erkannte die Gerichtsbarkeit an), doch Jahre später wurde im Zusammenhang mit Protective Edge keine Anklage erhoben."
DET-920,DET-885,hist014,Rechenschaftsstatus,✗ Keine Rechenschaftspflicht für Angriffe auf UN-Schulen und medizinische Einrichtungen
DET-921,DET-886,hist014,Unmittelbare Auswirkungen (2014–2016),Mehr als 1000 Kinder mit dauerhaften Behinderungen; massives psychisches Trauma in der Bevölkerung des Gazastreifens
DET-922,DET-887,hist014,Langfristige Folgen (2016 bis heute),Politische Verankerung: Netanjahus Sicherheitsrhetorik wurde gestärkt; die Hamas blieb trotz Verwüstung an der Macht.
DET-923,DET-888,hist014,Rechenschaftsstatus,"✗ Israelische Militäruntersuchungen: Hunderte von Beschwerden, eine Handvoll geringfügiger Verurteilungen ohne Bezug zu größeren Vorfällen"
DET-924,DET-889,hist014,Langfristige Folgen (2016 bis heute),"Generationentrauma: UNICEF berichtete von über 400.000 Kindern, die psychologische Unterstützung benötigen."
DET-925,DET-890,hist014,Rechenschaftsstatus,✗ Bewaffnete palästinensische Gruppen: Keine bekannten Ermittlungen oder Strafverfolgungen wegen wahlloser Raketenangriffe oder Hinrichtungen
DET-926,DET-891,hist014,Rechenschaftsstatus,✓ Die UN-Kommission dokumentierte Verstöße und forderte Rechenschaftspflicht
DET-927,DET-892,hist014,Rechenschaftsstatus,✓ Der IStGH ist zuständig und führt laufende Ermittlungen durch (2021-heute).
DET-928,DET-893,hist014,Rechenschaftsstatus,✓ Internationaler Konsens: Beide Seiten haben Verstöße begangen; die Verstöße Israels sind jedoch in Ausmaß und Schwere weitaus gravierender.
DET-929,DET-894,hist014,Verstöße gegen die Vierte Genfer Konvention – Israelische Streitkräfte,"Artikel 27 (Geschützte Personen): „Geschützte Personen … sind human zu behandeln … und vor allen Gewalttaten zu schützen.“ Angriffe auf Wohngebäude, bei denen ganze Familien getötet wurden, Morde am Strand und der Angriff auf Shuja'iya verstießen gegen diesen Schutz."
DET-930,DET-895,hist014,Verstöße gegen das humanitäre Völkergewohnheitsrecht,"Unterscheidung: Bei Angriffen muss zwischen Zivilisten und Kombattanten unterschieden werden. Der Einsatz von Artillerie in Shuja'iya (92.000 Zivilisten/6 km²), Angriffe auf Wohngebäude und Tötungen am Strand verstießen gegen dieses Unterscheidungsprinzip."
DET-931,DET-896,hist014,Ergebnisse der Untersuchungskommission der Vereinten Nationen (Juni 2015),"Kriegsverbrechen – Israelische Streitkräfte: Die Kommission stellte fest, dass „Beweise für schwere Verstöße gegen das humanitäre Völkerrecht vorliegen, die Kriegsverbrechen darstellen“. Konkrete Feststellungen: Angriffe auf Wohngebäude ohne militärische Rechtfertigung, unverhältnismäßige Angriffe, wahlloser Einsatz von Artillerie in bewohnten Gebieten."
DET-932,DET-897,hist014,Spezifische Vorfalluntersuchungen,"15 Angriffe auf Wohnhäuser: Die UN untersuchte 15 Angriffe auf Wohnhäuser, bei denen 216 Menschen (115 Kinder, 50 Frauen) getötet wurden. In vielen Fällen fanden sich keine Hinweise auf ein militärisches Ziel oder die Angriffe waren grob unverhältnismäßig."
DET-933,DET-898,hist014,Schutzpersonen und -gegenstände,Medizinische Einrichtungen: Artikel 18 der Vierten Genfer Konvention schreibt den Schutz von Krankenhäusern vor. 73 medizinische Einrichtungen wurden angegriffen. Amnesty International fand zunehmend Beweise für gezielte Angriffe – ein schwerwiegender Verstoß.
DET-934,DET-899,hist014,Verstöße gegen die Vierte Genfer Konvention – Israelische Streitkräfte,"Artikel 33 (Kollektivstrafen): „Kollektivstrafen sind verboten.“ Die Zerstörung eines Kraftwerks, die zum Ausfall der Wasser-, Abwasser- und medizinischen Versorgung der gesamten Bevölkerung führt, stellt eine Kollektivstrafe dar."
DET-935,DET-900,hist014,Verstöße gegen das humanitäre Völkergewohnheitsrecht,Verhältnismäßigkeit: Der Schaden für die Zivilbevölkerung darf im Verhältnis zum militärischen Vorteil nicht übermäßig sein. Die UN-Kommission befand mehrere Angriffe als „grob unverhältnismäßig“. Der Angriff auf Rafah und die Zerstörung des Kraftwerks waren eindeutig unverhältnismäßig.
DET-936,DET-901,hist014,Ergebnisse der Untersuchungskommission der Vereinten Nationen (Juni 2015),"Mögliche Verbrechen gegen die Menschlichkeit: Die Kommission stellte fest, dass Muster und Ausmaß der Angriffe auf Zivilisten Verbrechen gegen die Menschlichkeit darstellen könnten, verzichtete jedoch auf eine endgültige Schlussfolgerung bis zum Abschluss der vollständigen Untersuchung."
DET-937,DET-902,hist014,Spezifische Vorfalluntersuchungen,"Schudscha'ija: Die Kommission stellte fest, dass der wahllos eingesetzte Artilleriebeschuss in einem Gebiet mit dreimal so hoher Zivilbevölkerung wie Tel Aviv gegen das Kriegsrecht verstieß. Über 100 Tote innerhalb von 24 Stunden."
DET-938,DET-903,hist014,Schutzpersonen und -gegenstände,"Schulen und Kulturgüter: 262 Schulen beschädigt/zerstört. Das Haager Übereinkommen schützt Kulturgüter; Angriffe müssen militärisch notwendig sein. Es gibt Hinweise darauf, dass viele Angriffe nicht notwendig waren."
DET-939,DET-904,hist014,Verstöße gegen die Vierte Genfer Konvention – Israelische Streitkräfte,"Artikel 53 (Zerstörung von Eigentum): „Jegliche Zerstörung ist verboten, außer wenn sie durch militärische Operationen unbedingt erforderlich ist.“ Die Zerstörung von 18.000 Häusern, eines Kraftwerks, medizinischer Einrichtungen und Schulen ging weit über die militärische Notwendigkeit hinaus."
DET-940,DET-905,hist014,Verstöße gegen das humanitäre Völkergewohnheitsrecht,"Vorsichtsmaßnahmen bei Angriffen: Die Konfliktparteien müssen geeignete Vorkehrungen treffen, um zivile Opfer so gering wie möglich zu halten. Trotz des Klopfens an Dächern und Warnungen deuten 551 getötete Kinder auf unzureichende Vorkehrungen hin. Angriffe auf gekennzeichnete UN-Schulen verstießen gegen diese Vorkehrungen."
DET-941,DET-906,hist014,Ergebnisse der Untersuchungskommission der Vereinten Nationen (Juni 2015),"Kriegsverbrechen – Palästinensische bewaffnete Gruppen: Die Kommission stellte fest, dass wahllos Raketenangriffe und außergerichtliche Hinrichtungen Kriegsverbrechen gemäß Artikel 3 der Gemeinsamen Konvention und dem humanitären Gewohnheitsrecht darstellen."
DET-942,DET-907,hist014,Spezifische Vorfalluntersuchungen,"Rafah Schwarzer Freitag: Über 1000 Granaten in 3 Stunden töteten 130-150 Menschen (meist Zivilisten) – ein Vorgehen, das als „extrem unverhältnismäßig“ und bezeichnend für Verstöße eingestuft wurde."
DET-943,DET-908,hist014,Schutzpersonen und -gegenstände,UN-Einrichtungen: Einrichtungen mit UN-Kennzeichnung genießen besonderen Schutzstatus. Mehrere Angriffe auf UNRWA-Schulen trotz Koordinierung verletzten diesen Schutz.
DET-944,DET-909,hist014,Verstöße gegen die Vierte Genfer Konvention – Israelische Streitkräfte,"Artikel 147 (Schwerwiegende Verstöße): „Vorsätzliches Töten, Foltern, vorsätzliches Verursachen großen Leids, umfangreiche Zerstörung, die nicht durch militärische Notwendigkeit gerechtfertigt ist“, stellen schwere Verstöße dar. Mehrere dokumentierte Vorfälle erfüllen diese Schwelle."
DET-945,DET-910,hist014,Verstöße gegen das humanitäre Völkergewohnheitsrecht,"Willkürliche Angriffe verboten: Der Einsatz unpräziser Artillerie in dicht besiedelten Gebieten (Shuja'iya, Rafah) stellt einen willkürlichen Angriff dar. Auch palästinensische Raketenangriffe sind willkürlich."
DET-946,DET-911,hist014,Ergebnisse der Untersuchungskommission der Vereinten Nationen (Juni 2015),"Versagen bei der Rechenschaftspflicht: Die Kommission befand, dass die israelischen Untersuchungen „nicht mit internationalen Standards vereinbar“ seien und wahrscheinlich keine wirkliche Rechenschaftspflicht zur Folge hätten. Von den palästinensischen Behörden sind keine Untersuchungen bekannt."
DET-947,DET-912,hist014,Spezifische Vorfalluntersuchungen,"Gaza Beach Boys: Eine Untersuchung von Human Rights Watch ergab, dass die Tötung von vier Jungen an einem Strand ohne militärisches Ziel in der Nähe ein Indiz für ein Kriegsverbrechen ist."
DET-948,DET-913,hist014,Schutzpersonen und -gegenstände,"Wichtige zivile Infrastruktur: Zusatzprotokoll I, Artikel 54, verbietet Angriffe auf Objekte, die für das Überleben der Zivilbevölkerung unerlässlich sind. Die Zerstörung des Kraftwerks verstieß gegen diese Bestimmung."
DET-949,DET-914,hist014,Spezifische Vorfalluntersuchungen,"UN-Einrichtungen: Angriffe auf deutlich gekennzeichnete UN-Schulen, in denen Vertriebene untergebracht sind, entbehren einer militärischen Rechtfertigung; einige Angriffe könnten Kriegsverbrechen darstellen."
DET-950,DET-915,hist014,Ereignistyp,
DET-951,DET-916,hist014,Täter,
DET-952,DET-917,hist014,Überprüfung,
DET-953,DET-918,hist014,Reaktion der Vereinten Nationen,
DET-954,DET-919,hist014,Maher Mahdouqa,"In dem dem UN-Menschenrechtsrat im Juni 2015 vorgelegten Bericht hieß es: „Unsere Untersuchungsergebnisse deuten darauf hin, dass erhebliche Verstöße gegen das humanitäre Völkerrecht stattgefunden haben… Es gibt Beweise für schwere Verstöße, die Kriegsverbrechen gleichkommen. Besonders besorgniserregend sind die Angriffe auf Wohngebäude, bei denen ganze Familien getötet wurden.“"
DET-955,DET-920,hist014,Überlebender von Shuja'iya,"Vor der UN-Kommission sagte er aus: „Der Beschuss war allgegenwärtig, unaufhörlich, furchterregend. Wir versuchten zu fliehen, aber sie schossen auf alle, sogar auf Menschen mit weißen Fahnen. Ich sah ganze Familien, die bei dem Versuch zu fliehen getötet wurden. Überall lagen Leichen. Das Viertel war zerstört – nichts blieb übrig als Schutt und Blut.“"
DET-956,DET-921,hist014,Ban Ki-moon,"Zum „Schwarzen Freitag“ in Rafah am 1. August: „Der Beschuss von Zivilisten in Rafah ist eine moralische Schande und ein krimineller Akt. Der Generalsekretär verurteilt diese Aktion aufs Schärfste.“ Zu den Angriffen auf UN-Schulen: „Nichts ist schändlicher, als schlafende Kinder anzugreifen.“"
DET-957,DET-922,hist014,Pierre Krähenbühl,"Nach den Angriffen auf UN-Schulen: „Heute steht die Welt beschämt da… In den Kellern unserer Schulen lagern keine Hamas-Raketen; dort befinden sich nur verängstigte Zivilisten, die vor den Kämpfen fliehen. Dies ist bereits das dritte Mal, dass eine unserer Schulen getroffen wurde… Der genaue Standort der Schule wurde dem israelischen Militär 17 Mal mitgeteilt.“"
DET-958,DET-923,hist014,Amnesty International,"In einem umfassenden Bericht heißt es: „Immer mehr Beweise deuten darauf hin, dass israelische Streitkräfte wahllos und unverhältnismäßige Angriffe durchgeführt haben, bei denen Hunderte von Zivilisten im Gazastreifen getötet wurden, darunter Angriffe auf medizinische Einrichtungen, was gegen das Kriegsrecht verstößt… Die Zerstörung des Kraftwerks im Gazastreifen verursachte massiven und vorhersehbaren Schaden für die Zivilbevölkerung, was mit einer Kollektivstrafe vereinbar ist.“"
DET-959,DET-924,hist014,Menschenrechtsbeobachtung,"Zum Tod von vier Jungen am Strand: „Unsere Untersuchung des Angriffs ergab keine Hinweise auf ein militärisches Ziel in dem Gebiet zum Tatzeitpunkt … Dies deutet offenbar auf ein Kriegsverbrechen hin.“ Zum Kraftwerk: „Ein rechtswidriger, unverhältnismäßiger Angriff … mit weitaus größerem Schaden für die Zivilbevölkerung als jeglichem militärischen Gewinn.“"
DET-960,DET-925,hist014,Das Schweigen brechen (Israelische Soldaten),"Aussage 42: „Wenn man diese [F-16-]Angriffe im Fernsehen sieht, ein kleines Puff hier, ein kleines Puff dort – man versteht nicht, was wirklich passiert. Ein ganzes Viertel wird ausgelöscht, Familien vernichtet.“ Aussage 56: „Die Feuerkraft war wahnsinnig. Wir feuerten und feuerten. Ganze Viertel wurden dem Erdboden gleichgemacht. Sie sagten uns, lieber ein palästinensisches Kind als eines von uns.“"
DET-961,DET-926,hist014,Dr. Rania Abu Anza,"Aussage gegenüber Menschenrechtsermittlern: „Ich habe noch nie solche Verletzungen gesehen – Kinder mit abgerissenen Gliedmaßen, Verbrennungen durch weißen Phosphor, Granatsplitter in ihren kleinen Körpern. Wir arbeiteten wochenlang ununterbrochen ohne Strom, ohne Nachschub. Das Krankenhaus selbst wurde mehrfach getroffen. Das war kein Krieg – das war ein Gemetzel.“"
DET-962,DET-927,hist014,Drei israelische Teenager entführt,"Drei israelische Teenager (Eyal Yifrach, Gilad Shaer, Naftali Frenkel) wurden im Westjordanland entführt. Israel startete eine großangelegte Suchaktion. Später stellte sich heraus, dass die israelischen Behörden bereits innerhalb weniger Stunden vom Tod der Jugendlichen wussten, diese Information aber zurückhielten. Die Leichen wurden am 30. Juni gefunden."
DET-963,DET-928,hist014,Vorgehen gegen Westjordanland; Spannungen eskalieren,Israel führte eine großangelegte Razzia im Westjordanland durch und nahm Hunderte von Palästinensern fest. Fünf Palästinenser wurden getötet. Der Raketenbeschuss aus dem Gazastreifen nahm zu. Der palästinensische Teenager Muhammad Abu Khdeir wurde am 2. Juli von israelischen Extremisten entführt und bei lebendigem Leibe verbrannt – ein Racheakt.
DET-964,DET-929,hist014,Operation Protective Edge beginnt,"Israel startet die Operation Protective Edge mit massiven Luftangriffen im Gazastreifen. Offizielles Ziel: Raketenangriffe stoppen und die militärischen Kapazitäten der Hamas zerstören. Über 50 Angriffe in den ersten Stunden trafen Regierungsgebäude, Polizeistationen und die Infrastruktur der Hamas."
DET-965,DET-930,hist014,Vier Jungen am Strand von Gaza getötet,"Ein israelisches Marineschiff beschoss vier Jungen (9–11 Jahre alt) der Familie Bakr, die am Strand von Gaza-Stadt spielten. Alle vier starben. Der Vorfall wurde von mehreren internationalen Journalisten beobachtet. Die Untersuchung von Human Rights Watch ergab keine Hinweise auf ein militärisches Ziel – ein Indiz für ein Kriegsverbrechen."
DET-966,DET-931,hist014,Massaker an der Familie Al-Batsh,"Bei einem israelischen Luftangriff auf das Haus der Familie Al-Batsh in Gaza-Stadt wurden 18 Familienmitglieder getötet, darunter sechs Kinder und drei Frauen (eine davon schwanger). Mindestens 45 weitere Personen wurden verletzt. Eine UN-Kommission untersuchte den Vorfall und fand keine Hinweise auf ein legitimes militärisches Ziel. Zeugen berichteten, dass keine Warnung erfolgt war."
DET-967,DET-932,hist014,Bodeninvasion beginnt,"Israelische Bodentruppen dringen von mehreren Seiten in Gaza ein. Offizielles Ziel: Aufspüren und Zerstören der Grenztunnel. Massiver Einsatz von Panzern, Artillerie und Infanterie. Die Kämpfe verschärfen sich dramatisch. Die Zahl der zivilen Opfer steigt sprunghaft an."
DET-968,DET-933,hist014,Massaker von Shuja'iya,"Israelische Streitkräfte starteten einen Großangriff auf das Viertel Shuja'iya im Osten von Gaza-Stadt. Über 100 Palästinenser wurden innerhalb von etwa 24 Stunden getötet. Tausende Artilleriegranaten wurden in das dicht besiedelte Gebiet (92.000 Menschen auf 6 km²) abgefeuert. Es gab mehrere Berichte über Zivilisten, die auf der Flucht mit weißen Fahnen erschossen wurden. Das gesamte Viertel wurde weitgehend zerstört."
DET-969,DET-934,hist014,Massaker an mehreren Familien,Familie Abu Jame: 17 Tote bei einem Luftangriff auf ein Haus in Khan Yunis. Familie Al-Najjar: 26 Tote (hauptsächlich Frauen und Kinder) bei Raketenangriffen auf vier Häuser. Mehrere weitere Familien wurden am selben Tag ausgelöscht. Einer der blutigsten Tage des Einsatzes.
DET-970,DET-935,hist014,Der UN-Menschenrechtsrat setzt eine Kommission ein,Der UN-Menschenrechtsrat verabschiedet die Resolution S-21/1 zur Einsetzung einer unabhängigen Untersuchungskommission zur Aufklärung von Verstößen gegen das Völkerrecht. Israel lehnt die Zusammenarbeit umgehend ab.
DET-971,DET-936,hist014,Kraftwerk in Gaza zerstört,"Israelische Angriffe zerstören Gazas einziges Kraftwerk. Wasseraufbereitungsanlagen und Abwassersysteme fallen aus. Amnesty International verurteilt dies als „Kollektivstrafe“. Human Rights Watch (HRW) spricht von einem „rechtswidrigen und unverhältnismäßigen Angriff“, der der Zivilbevölkerung weit mehr Schaden zufügt als jeder militärische Gewinn."
DET-972,DET-937,hist014,„Schwarzer Freitag“ – Massaker von Rafah,"Nach der mutmaßlichen Gefangennahme eines israelischen Soldaten beruft sich Israel auf die Hannibal-Direktive. Innerhalb von drei Stunden feuern israelische Streitkräfte über 1.000 Artilleriegranaten auf Rafah ab. Zwischen 130 und 150 Palästinenser werden getötet, die überwiegende Mehrheit davon Zivilisten. UN-Generalsekretär Ban Ki-moon nennt dies eine „moralische Empörung und einen kriminellen Akt“. Das US-Außenministerium bezeichnet es als „entsetzlich“ und „schändlich“."
DET-973,DET-938,hist014,UN-Schulunterkünfte angegriffen,"Während des gesamten Einsatzes wurden mehrere Angriffe auf UN-Schulen dokumentiert, in denen vertriebene Palästinenser Zuflucht fanden. UNRWA-Schulen in Beit Hanoun, Jabalya und Rafah wurden trotz deutlicher Kennzeichnung und Abstimmung mit dem israelischen Militär angegriffen. Laut UN-Untersuchung wurden 44 Palästinenser in UN-Einrichtungen getötet und 227 verletzt."
DET-974,DET-939,hist014,Hamas exekutiert 21 mutmaßliche „Kollaborateure“,"Die Hamas hat 21 mutmaßliche israelische Kollaborateure durch ein Erschießungskommando hingerichtet. 16 von ihnen stammten aus dem Al-Katiba-Gefängnis, wo sie sich in der Obhut der Behörden des Gazastreifens befanden. Die Hinrichtungen erfolgten ohne ordnungsgemäßes Gerichtsverfahren. Die UN-Kommission stellte fest, dass die Hinrichtungen ein Kriegsverbrechen gemäß Artikel 3 der Genfer Konventionen darstellen."
DET-975,DET-940,hist014,Der Waffenstillstand tritt in Kraft,"Nach ägyptischer Vermittlung wurde ein bedingungsloser Waffenstillstand vereinbart. Die Operation endete nach 51 Tagen. Beide Seiten beanspruchten den Sieg, doch keine erreichte ihre erklärten Ziele. Gaza war verwüstet: 18.000 Häuser wurden zerstört, 500.000 Menschen vertrieben, die Infrastruktur lag in Trümmern."
DET-976,DET-941,hist014,UN-Kommission veröffentlicht Bericht,"Nach eingehender Untersuchung (Israel verweigerte die Zusammenarbeit) veröffentlichte die UN-Kommission einen umfassenden Bericht, der Verstöße beider Seiten dokumentiert. Sie kommt zu dem Schluss, dass Beweise für schwere Verstöße gegen das humanitäre Völkerrecht vorliegen, die Kriegsverbrechen durch israelische Streitkräfte darstellen. Auch palästinensische bewaffnete Gruppen wurden Kriegsverbrechen zur Kenntnis genommen."
DET-977,DET-942,hist014,Systematische Angriffe auf Wohngebäude,"Eine UN-Kommission untersuchte 15 Angriffe auf Wohnhäuser, bei denen 216 Menschen, darunter 115 Kinder und 50 Frauen, getötet wurden. In vielen Fällen fanden sich keine Hinweise auf ein militärisches Ziel oder die Angriffe waren grob unverhältnismäßig. B’Tselem dokumentierte 606 Angriffe auf Wohnhäuser, bei denen 1.447 Zivilisten getötet wurden. Ganze Familien wurden ausgelöscht: Al-Batsh (18 Tote), Abu Jame (17 Tote), Al-Najjar (26 Tote)."
DET-978,DET-943,hist014,Massaker von Shuja'iya – Wahlloser Artilleriebeschuss,"19.–20. Juli: Israelische Streitkräfte beschossen Schudschaija, eines der am dichtesten besiedelten Gebiete im Gazastreifen (92.000 Einwohner auf 6 km² – dreimal so dicht besiedelt wie Tel Aviv), mit Tausenden von Artilleriegranaten. Innerhalb von etwa 24 Stunden wurden über 100 Palästinenser getötet. Der Einsatz unpräziser Artillerie in einem dicht besiedelten Gebiet stellt einen wahllosen Angriff und ein Kriegsverbrechen dar."
DET-979,DET-944,hist015,Rafah „Schwarzer Freitag“ – Hannibal-Direktive,"1. August: Nach der mutmaßlichen Gefangennahme eines Soldaten feuerten israelische Streitkräfte innerhalb von drei Stunden über 1.000 Artilleriegranaten auf Rafah ab und töteten dabei 130 bis 150 Palästinenser, überwiegend Zivilisten. Die Hannibal-Direktive fordert ausdrücklich den Einsatz „überwältigender Gewalt ohne Rücksicht auf“ gefährdete Soldaten oder anwesende Zivilisten. Die UN spricht von einer „moralischen Empörung und einem kriminellen Akt“."
DET-980,DET-945,hist015,Angriffe auf medizinische Einrichtungen und Personal,"73 medizinische Einrichtungen und Krankenwagen wurden zerstört oder beschädigt. Beim Angriff auf das Al-Aqsa-Krankenhaus kamen fünf Menschen ums Leben. Mehrere Krankenhäuser, darunter auch Einrichtungen für gelähmte und ältere Patienten, wurden angegriffen. Amnesty International spricht von „zunehmenden Beweisen“ für gezielte Angriffe. Angriffe auf medizinische Einheiten gelten als Kriegsverbrechen, es sei denn, diese begehen Handlungen, die dem Feind schaden."
DET-981,DET-946,hist015,"Angriffe auf UN-Schulen, die Vertriebene beherbergen","Mehrere deutlich gekennzeichnete UN-Schulen, die Binnenvertriebene beherbergten, wurden angegriffen. UNRWA-Schulen in Beit Hanoun, Jabalya und Rafah wurden trotz Abstimmung mit dem israelischen Militär attackiert. Eine UN-Untersuchung ergab, dass Israel für 44 palästinensische Todesfälle und 227 Verletzte in UN-Einrichtungen verantwortlich ist. Die Einrichtungen standen unter dem Schutz des humanitären Völkerrechts."
DET-982,DET-947,hist015,Zerstörung ziviler Infrastruktur – Kraftwerk,"Die vorsätzliche Zerstörung des einzigen Kraftwerks im Gazastreifen führte zum Ausfall der Wasseraufbereitungsanlagen, der Abwasserentsorgung und der Krankenhäuser. Amnesty International spricht von einer „Kollektivbestrafung“ der gesamten Bevölkerung. Human Rights Watch (HRW) bezeichnet den Angriff als „rechtswidrig und unverhältnismäßig“ und sieht darin „weit größeren zivilen Schaden als militärischen Gewinn“. Die massive Zerstörung von Eigentum ist militärisch nicht zu rechtfertigen."
DET-983,DET-948,hist015,Gaza City Beach – Tötung von vier Jungen,"9. Juli: Ein israelisches Marineschiff beschoss vier Jungen (9–11 Jahre) der Familie Bakr, die am Strand von Gaza-Stadt Fußball spielten. Alle vier starben. Mehrere internationale Journalisten waren Zeugen des Vorfalls. Die Untersuchung von Human Rights Watch ergab keine Hinweise auf ein militärisches Ziel in der Nähe – ein Indiz für ein Kriegsverbrechen."
DET-984,DET-949,hist015,Palästinensische wahllose Raketenangriffe (Kriegsverbrechen),"Bewaffnete palästinensische Gruppen feuerten 4.881 Raketen und Mörsergranaten auf israelische Wohngebiete ab. Die UN-Kommission kam zu dem Schluss, dass diese Angriffe wahllos erfolgten, darauf abzielten, Terror unter der Zivilbevölkerung zu verbreiten, und Kriegsverbrechen darstellten. Sechs israelische Zivilisten wurden getötet."
DET-985,DET-950,hist015,Außergerichtliche Hinrichtungen durch die Hamas (Kriegsverbrechen),"Die Hamas exekutierte während einer Operation 21 mutmaßliche israelische Kollaborateure ohne ordnungsgemäßes Gerichtsverfahren durch ein Erschießungskommando. Die UN-Kommission stellte fest, dass die Hinrichtungen gegen Artikel 3 der Genfer Konventionen verstoßen und ein Kriegsverbrechen darstellen. 16 der Hingerichteten wurden aus dem Al-Katiba-Gefängnis in der Obhut der Behörden des Gazastreifens genommen."
DET-986,DET-951,hist015,Palästinenser getötet,"UN-Kommission: 189 Tote von März bis Dezember 2018; Gesamtzahl der B'Tselem-Mitglieder bis einschließlich 2019: 223, darunter 41 Kinder, 3 Sanitäter und 2 Journalisten"
DET-987,DET-952,hist015,Todesfälle bei Kindern,"Im Alter von 8 bis 17 Jahren. Jüngstes Opfer: Leila al-Ghandour (8 Monate, Tränengasexposition); Ältestes Kind: 17 Jahre"
DET-988,DET-953,hist015,Medizinisches Personal getötet,"Razan al-Najjar (21, Sanitäterin, 1. Juni 2018); Musa Jaber Abu Hassanein (36, 14. Mai); Abdullah al-Qutati (20., 20. Juli)"
DET-989,DET-954,hist015,Journalisten getötet,"Yaser Murtaja (30, erschossen am 6. April 2018, trug eine PRESS-Weste); Ahmad Abu Hussein (25, erschossen am 13. April, gestorben am 25. April)"
DET-990,DET-955,hist015,Gesamtzahl der verletzten Palästinenser,6.106 durch scharfe Munition; 3.098 durch Geschossfragmente; Gummigeschosse und Tränengasgranaten für den Rest.
DET-991,DET-956,hist015,Tödlichster Tag – 14. Mai 2018,"Am Tag der Eröffnung der US-Botschaft in Jerusalem wurden 60 Palästinenser getötet, über 1.100 weitere durch Schüsse mit scharfer Munition verletzt. Die UN sprach von einem „Blutbad“."
DET-992,DET-957,hist015,Erforderliche Gliedmaßenamputationen,Mindestens 122 Palästinenser mussten aufgrund schwerer Verletzungen der unteren Extremitäten Amputationen erleiden. 20 von ihnen waren Kinder. Viele weitere sind gefährdet.
DET-993,DET-958,hist015,Rechtswidrige Tötungen (UN-Feststellung),"Die UN-Kommission stellte fest, dass „hinreichende Gründe für die Annahme“ bestehen, dass 187 der 189 untersuchten Tötungen gegen das Völkerrecht verstoßen."
DET-994,DET-959,hist015,Verwundetes medizinisches Personal,Darunter 3 Tote; trotz eindeutiger Kennzeichnung durch weiße Westen mit rotem Halbmond/Kreuz gezielt angegriffen.
DET-995,DET-960,hist015,Verletzte Journalisten,Darunter zwei Tote. Viele trugen zum Zeitpunkt der Schüsse deutlich sichtbar einen Presseausweis.
DET-996,DET-961,hist015,Israelische Opfer,Während des gesamten 21-monatigen Zeitraums wurden keine israelischen Soldaten oder Zivilisten von Demonstranten getötet oder verletzt.
DET-997,DET-962,hist015,Benjamin Netanjahu,"Die militärische Reaktion auf Proteste wurde gebilligt, einschließlich Einsatzregeln, die den Einsatz tödlicher Gewalt erlauben. Tötungen wurden verteidigt: „Die Hamas schickt Tausende, um die Grenze zu durchbrechen und Israelis zu ermorden. Wir werden unsere Grenze verteidigen.“ Die Ergebnisse der UN-Kommission wurden zurückgewiesen."
DET-998,DET-963,hist015,Avigdor Lieberman,"Leitete Militäroperationen während der Proteste. Er erklärte im April 2018: „Es gibt keine Unschuldigen in Gaza.“ Billigte die Einsatzregeln. Lobte die Soldaten: „Jeder, der erschossen wurde, wurde erschossen, weil er es verdient hatte.“ Trat im November 2018 wegen des Waffenstillstands mit der Hamas zurück."
DET-999,DET-964,hist015,Gadi Eisenkot,"Oberster Militärkommandeur während der Proteste. Verantwortlich für operative Entscheidungen und Einsatzregeln. Verteidigte den Einsatz von scharfer Munition. Gab später in einer Aussage zu, dass einige Soldaten möglicherweise gegen die Regeln verstoßen hatten, hielt aber die Gesamtreaktion für angemessen."
DET-1000,DET-965,hist015,Ismail Haniyeh,"Der politische Führer der Hamas unterstützte die Proteste, organisierte sie aber zunächst nicht. Später übernahm die Hamas eine aktivere organisatorische Rolle. Er rief trotz der Opfer zu weiteren Protesten auf und wies die Kritik zurück, die Hamas missbrauche Zivilisten als Schutzschilde."
DET-1001,DET-966,hist015,Ahmed Abu Artema,"Ein unabhängiger palästinensischer Journalist, der den Großen Rückkehrmarsch konzipierte und mitorganisierte. Er setzte sich für einen gewaltlosen Ansatz ein. Seine Vision war ein friedlicher Protest, um auf die Blockade und das Rückkehrrecht aufmerksam zu machen. Er erklärte, die Proteste hätten trotz tragischer Opfer erfolgreich das Bewusstsein geschärft."
DET-1002,DET-967,hist015,Razan al-Najjar,"Eine 21-jährige freiwillige Rettungssanitäterin wurde am 1. Juni 2018 bei der Versorgung Verwundeter getötet. Sie wurde zum Symbol für die gezielten Angriffe Israels auf medizinisches Personal. Ihre Tötung wurde auf Video dokumentiert; sie war eindeutig als Sanitäterin gekennzeichnet, da sie beim Schuss die Hände erhoben hatte."
DET-1003,DET-968,hist015,Unmittelbare Auswirkungen (2018-2019),"223 Palästinenser getötet, 28.939 verletzt in 21 Monaten weitgehend friedlicher Proteste"
DET-1004,DET-969,hist015,Langfristige Folgen (2019 bis heute),Völlige Straflosigkeit: Keine nennenswerten Strafverfolgungen trotz UN-Feststellungen systematischer Verstöße.
DET-1005,DET-970,hist015,Rechenschaftsstatus,✗ Trotz UN-Feststellungen wurden keine israelischen Beamten oder Soldaten wegen Tötungen angeklagt.
DET-1006,DET-971,hist015,Unmittelbare Auswirkungen (2018-2019),"Keine israelischen Opfer – ein deutlicher Beweis dafür, dass von den Demonstranten keine wirkliche Bedrohung ausging."
DET-1007,DET-972,hist015,Langfristige Folgen (2019 bis heute),Etablierter Präzedenzfall: Israel könnte Demonstranten ungestraft töten; die internationale Gemeinschaft würde nichts unternehmen.
DET-1008,DET-973,hist015,Rechenschaftsstatus,✗ Keine Rechenschaftspflicht für das Massaker vom 14. Mai (60 Tote an einem einzigen Tag)
DET-1009,DET-974,hist015,Unmittelbare Auswirkungen (2018-2019),Die UN-Kommission befand 187 von 189 untersuchten Tötungen für rechtswidrig; die Verstöße könnten Kriegsverbrechen oder Verbrechen gegen die Menschlichkeit darstellen.
DET-1010,DET-975,hist015,Langfristige Folgen (2019 bis heute),"Die ICC-Untersuchung (eingeleitet 2021) umfasst den Großen Rückkehrmarsch, aber bis 2025 wurden keine Anklagen erhoben."
DET-1011,DET-976,hist015,Rechenschaftsstatus,✗ Keine Rechenschaftspflicht für die Tötung von Razan al-Najjar und zwei weiteren Sanitätern
DET-1012,DET-977,hist015,Unmittelbare Auswirkungen (2018-2019),"Die internationale Aufmerksamkeit richtete sich auf die humanitäre Krise und die Blockade im Gazastreifen, doch es führten sich keine politischen Änderungen."
DET-1013,DET-978,hist015,Langfristige Folgen (2019 bis heute),"Die Opfer leiden weiterhin: Hunderte mit dauerhaften Behinderungen, psychischen Traumata und verlorenen Lebensgrundlagen."
DET-1014,DET-979,hist015,Rechenschaftsstatus,✗ Keine Rechenschaftspflicht für die Tötung von Yaser Murtaja und Ahmad Abu Hussein (Journalisten)
DET-1015,DET-980,hist015,Unmittelbare Auswirkungen (2018-2019),"Mehr als 122 Palästinenser mussten Gliedmaßen amputiert werden; 20 davon waren Kinder – eine Generation, die für immer verstümmelt ist."
DET-1016,DET-981,hist015,Langfristige Folgen (2019 bis heute),Die Gaza-Blockade wurde unvermindert fortgesetzt; keines der erklärten Ziele der Proteste wurde erreicht.
DET-1017,DET-982,hist015,Rechenschaftsstatus,✗ Keine Rechenschaftspflicht für 41 getötete Kinder
DET-1018,DET-983,hist015,Unmittelbare Auswirkungen (2018-2019),Razan al-Najjar wurde zum internationalen Symbol für die israelischen Angriffe auf medizinisches Personal.
DET-1019,DET-984,hist015,Langfristige Folgen (2019 bis heute),Die Glaubwürdigkeit des Völkerrechts wurde beschädigt: UN-Befunde wurden von Israel vollständig ignoriert und nicht umgesetzt.
DET-1020,DET-985,hist015,Rechenschaftsstatus,"✗ Israelische Militärermittlungen: Hunderte Fälle wurden eröffnet, die überwiegende Mehrheit ohne Anklageerhebung eingestellt"
DET-1021,DET-986,hist015,Unmittelbare Auswirkungen (2018-2019),"Die Proteste demonstrierten die Entschlossenheit der Palästinenser, trotz tödlicher Reaktionen ihre Rechte zu verfolgen."
DET-1022,DET-987,hist015,Langfristige Folgen (2019 bis heute),"Die Proteste gingen zusammen mit Nakba, Naksa und Intifadas als Symbol des Widerstands in das kollektive Gedächtnis der Palästinenser ein."
DET-1023,DET-988,hist015,Rechenschaftsstatus,"✗ Nur in wenigen Fällen kam es zu geringfügigen Anklagen, die nicht mit Tötungsdelikten in Zusammenhang standen."
DET-1024,DET-989,hist015,Langfristige Folgen (2019 bis heute),Die medizinische Gemeinschaft ist entsetzt über die gezielten Angriffe auf deutlich gekennzeichnete Gesundheitspersonal – ein in modernen Konflikten beispielloser Vorfall.
DET-1025,DET-990,hist015,Rechenschaftsstatus,✓ Die UN-Kommission hat Verstöße umfassend dokumentiert
DET-1026,DET-991,hist015,Rechenschaftsstatus,✓ Der UN-Menschenrechtsrat billigte die Ergebnisse der Kommission (Abstimmung 23-8-16)
DET-1027,DET-992,hist015,Rechenschaftsstatus,"✓ Der IStGH ist zuständig; die Ermittlungen laufen, verlaufen aber schleppend."
DET-1028,DET-993,hist015,Rechenschaftsstatus,✓ Palästinensische Anwälte haben dem IStGH umfangreiches Beweismaterial vorgelegt.
DET-1029,DET-994,hist015,Rechenschaftsstatus,"✓ Internationale Menschenrechtsorganisationen (HRW, Amnesty International, PHR) setzen sich weiterhin für Rechenschaftspflicht ein"
DET-1030,DET-995,hist015,Anwendung von Gewalt – Internationales Menschenrechtsrecht,"Recht auf Leben (IPBPR Artikel 6): Der vorsätzliche Einsatz tödlicher Gewalt ist nur zulässig, wenn er zum Schutz eines Lebens vor unmittelbarer Bedrohung „unbedingt erforderlich“ ist. Die UN stellte in 187 von 189 Fällen fest, dass von den Opfern keine solche Bedrohung ausging – ein Verstoß gegen das Recht auf Leben."
DET-1031,DET-996,hist015,Internationales humanitäres Recht – Vierte Genfer Konvention,"<strong>Artikel 27 (Schutzpersonen):</strong> Zivilpersonen „sind human zu behandeln … und vor allen Gewalttaten zu schützen.“ Das Erschießen von Zivilpersonen, von denen keine unmittelbare Bedrohung ausgeht, verstößt gegen diesen grundlegenden Schutz."
DET-1032,DET-997,hist015,Ergebnisse der Untersuchungskommission der Vereinten Nationen (Februar 2019),Rechtswidrige Tötungen: 187 von 189 untersuchten Tötungsdelikten wurden als rechtswidrig eingestuft. Die Opfer waren weder direkt an den Kampfhandlungen beteiligt noch stellten sie eine unmittelbare Gefahr für Leib und Leben dar.
DET-1033,DET-998,hist015,Spezifische Schutzmaßnahmen verletzt,<strong>Medizinisches Personal:</strong> Die Haager Konvention IV (1907) und die Genfer Konventionen schreiben den Schutz von medizinischem Personal vor. Das Erschießen von drei deutlich gekennzeichneten Sanitätern und die Verletzung von 441 medizinischen Fachkräften verstoßen gegen diesen absoluten Schutz.
DET-1034,DET-999,hist015,Anwendung von Gewalt – Internationales Menschenrechtsrecht,"<strong>Grundprinzipien für den Einsatz von Gewalt (UN 1990):</strong> „Der vorsätzliche Einsatz tödlicher Gewalt durch Schusswaffen ist nur dann zulässig, wenn er zum Schutz von Leben absolut unvermeidbar ist.“ Die Kommission stellte fest, dass der Einsatz von Gewalt nicht unvermeidbar war; das Fehlen israelischer Opfer beweist, dass keine Bedrohung bestand."
DET-1035,DET-1000,hist015,Internationales humanitäres Recht – Vierte Genfer Konvention,"Artikel 147 (Schwerwiegende Verstöße): „Vorsätzliche Tötung, Folter und vorsätzliche Verursachung großen Leids oder schwerer Verletzungen“ stellen schwere Verstöße dar. 223 Tötungen, 28.939 Verletzungen und mehr als 122 Amputationen erfüllen diese Schwelle."
DET-1036,DET-1001,hist015,Ergebnisse der Untersuchungskommission der Vereinten Nationen (Februar 2019),"<strong>Kriegsverbrechen:</strong> Die Kommission stellte fest, dass „hinreichende Gründe für die Annahme“ bestehen, dass israelische Streitkräfte Verstöße begangen haben, die Kriegsverbrechen gleichkommen, darunter vorsätzliche Tötung und Folter/grausame Behandlung."
DET-1037,DET-1002,hist015,Spezifische Schutzmaßnahmen verletzt,<strong>Journalisten:</strong> Artikel 79 des Zusatzprotokolls I gewährt Journalisten den gleichen Schutz wie Zivilpersonen. Die gezielte Tötung von zwei deutlich gekennzeichneten Journalisten stellt ein Kriegsverbrechen dar.
DET-1038,DET-1003,hist015,Anwendung von Gewalt – Internationales Menschenrechtsrecht,Willkürliche Tötung: Vorsätzliche Tötungen ohne rechtliche Rechtfertigung stellen eine willkürliche Tötung dar. UN-Menschenrechtsausschuss: Staaten müssen alle Tötungen durch Sicherheitskräfte untersuchen.
DET-1039,DET-1004,hist015,Internationales humanitäres Recht – Vierte Genfer Konvention,Geschützte Kategorien: Die Genfer Konventionen schützen medizinisches Personal (Artikel 20) und Journalisten als Zivilpersonen. Die Tötung von drei Sanitätern und zwei Journalisten stellt einen schweren Verstoß dar.
DET-1040,DET-1005,hist015,Ergebnisse der Untersuchungskommission der Vereinten Nationen (Februar 2019),"<strong>Verbrechen gegen die Menschlichkeit:</strong> Angesichts der weit verbreiteten und systematischen Natur der Angriffe auf die Zivilbevölkerung kam die Kommission zu dem Schluss, dass die Verstöße Verbrechen gegen die Menschlichkeit darstellen könnten."
DET-1041,DET-1006,hist015,Spezifische Schutzmaßnahmen verletzt,"<strong>Unterscheidungsprinzip:</strong> Ein grundlegendes Prinzip des humanitären Völkerrechts erfordert die Unterscheidung zwischen Kombattanten und Zivilisten. Das Erschießen unbewaffneter Zivilisten, Kinder, Sanitäter und Journalisten verstößt gegen dieses Grundprinzip."
DET-1042,DET-1007,hist015,Anwendung von Gewalt – Internationales Menschenrechtsrecht,"<strong>Verbot der Folter:</strong> Das absichtliche Schießen mit dem Ziel, schwere Gliedmaßenverletzungen (Amputationen von mehr als 122 cm) zu verursachen, kann eine Folter oder grausame, unmenschliche Behandlung darstellen, die gemäß Artikel 7 des Internationalen Pakts über bürgerliche und politische Rechte (IPBPR) und dem Übereinkommen gegen Folter verboten ist."
DET-1043,DET-1008,hist015,Internationales humanitäres Recht – Vierte Genfer Konvention,Kinder: Artikel 24 des Vierten Genfer Abkommens und Artikel 77 des Zusatzprotokolls I gewähren Kindern besonderen Schutz. Die Tötung von 41 Kindern verstößt gegen diesen Schutz.
DET-1044,DET-1009,hist015,Ergebnisse der Untersuchungskommission der Vereinten Nationen (Februar 2019),<strong>Befehlsverantwortung:</strong> Verstöße resultierten aus politischen Entscheidungen auf höchster Ebene. Von der militärischen und politischen Führung genehmigte Einsatzregeln können die Befehlsverantwortung für Kriegsverbrechen begründen.
DET-1045,DET-1010,hist015,Spezifische Schutzmaßnahmen verletzt,"Verhältnismäßigkeit: Selbst wenn einige Personen eine Bedrohung darstellten, zeigt die Tötung von 60 Menschen an einem einzigen Tag (14. Mai) ohne israelische Opfer eine grob unverhältnismäßige Reaktion."
DET-1046,DET-1011,hist015,Ereignistyp,
DET-1047,DET-1012,hist015,Täter,
DET-1048,DET-1013,hist015,Überprüfung,
DET-1049,DET-1014,hist015,UN-Feststellung,
DET-1050,DET-1015,hist015,Santiago Kanton,"In ihrem Abschlussbericht vom Februar 2019 heißt es: „Die Kommission fand hinreichende Gründe für die Annahme, dass israelische Scharfschützen auf Journalisten, Gesundheitspersonal, Kinder und Menschen mit Behinderungen schossen, obwohl sie wussten, dass diese eindeutig als solche erkennbar waren… Israelische Soldaten töteten und verletzten Zivilisten schwer, die weder direkt an den Kampfhandlungen teilnahmen noch eine unmittelbare Bedrohung darstellten… Einige dieser Verstöße könnten Kriegsverbrechen oder Verbrechen gegen die Menschlichkeit darstellen.“"
DET-1051,DET-1016,hist015,Sara Hossain,"Erklärung des Kommissars: „Es gibt keine Rechtfertigung für die Tötung und Verstümmelung von eindeutig identifizierbaren Journalisten, Sanitätern und Personen, die eindeutig keine unmittelbare Gefahr für Leib und Leben darstellten. Die Kommission stellte fest, dass israelische Sicherheitskräfte Demonstranten töteten und schwer verletzten, die zum Zeitpunkt des Schusswechsels keine unmittelbare Gefahr für Leib und Leben anderer darstellten.“"
DET-1052,DET-1017,hist015,Rawan al-Najjar (Razans Mutter),"Nachdem Tochter Razan am 1. Juni 2018 erschossen wurde: „Sie tat ihre Arbeit, rettete Leben. Sie hatte die Hände erhoben und zeigte damit, dass sie Sanitäterin war. Trotzdem wurde sie erschossen. Meine Tochter starb, als sie anderen half. Wie können sie behaupten, sie sei eine Bedrohung gewesen? Sie trug Weiß, sie hatte das medizinische Symbol, jeder konnte sehen, dass sie Sanitäterin war.“ Razans letzte Worte: „Ich werde sterben.“"
DET-1053,DET-1018,hist015,Dr. Tarek Loubani,"Ein Arzt, der bei der Behandlung von Verwundeten in die Beine geschossen wurde und eine deutlich gekennzeichnete Sanitätsweste trug, sagte: „Ich habe in Konfliktgebieten auf der ganzen Welt gearbeitet. Ich habe noch nie erlebt, dass medizinisches Personal so gezielt angegriffen wurde. Wir waren deutlich gekennzeichnet, jeder konnte sehen, dass wir Ärzte und Sanitäter waren. Trotzdem haben sie auf uns geschossen. Die Verletzungen, die ich gesehen habe – zerfetzte Beine, zertrümmerte Knochen – waren darauf ausgelegt, lebenslange Verstümmelungen zu verursachen.“"
DET-1054,DET-1019,hist015,Yaser Murtaja (vor seinem Tod),"In einem Interview wenige Tage vor seiner Ermordung sagte er: „Ich filme die Proteste, um der Welt zu zeigen, was hier passiert. Wir tragen Pressewesten, damit die israelischen Soldaten wissen, dass wir Journalisten sind. Wir sind keine Kämpfer, wir dokumentieren.“ Er wurde in den Bauch geschossen, obwohl er eine deutlich gekennzeichnete Presseweste trug. Er erlag seinen Verletzungen. Ein Video zeigt, dass er zum Zeitpunkt des Schusses eindeutig als Pressevertreter zu erkennen war."
DET-1055,DET-1020,hist015,Ban Ki-moon,"Erklärung vom Mai 2018: „Die Szenen aus Gaza sind herzzerreißend. Der Einsatz von scharfer Munition gegen unbewaffnete Demonstranten ist inakzeptabel… Israel hat die Verantwortung, größtmögliche Zurückhaltung zu üben und den Schutz der Zivilbevölkerung zu gewährleisten. Die Tötung und Verletzung Tausender palästinensischer Demonstranten muss dringend untersucht werden.“"
DET-1056,DET-1021,hist015,Zeid Ra'ad Al Hussein,"Erklärung vom 30. März 2018 nach dem ersten Tag: „Der eklatante Unterschied bei den Opferzahlen auf beiden Seiten deutet auf eine völlig unverhältnismäßige Reaktion hin. Allein die Annäherung an oder das Überqueren eines Grenzzauns stellt keine Bedrohung für Leib und Leben oder schwere Verletzungen dar, die den Einsatz von scharfer Munition rechtfertigen würde… Der Einsatz von scharfer Munition gegen friedliche Demonstranten verstößt eindeutig gegen internationales Menschenrechtsrecht.“"
DET-1057,DET-1022,hist015,Weltgesundheitsorganisation,"Sonderbericht über Gliedmaßenverletzungen: „Die Verletzungen der Patienten sind von einem bisher unbekannten Schweregrad… Knochen und Weichteile werden zertrümmert, wodurch massive Wunden entstehen… Viele Patienten müssen sich mehreren Operationen unterziehen, einige benötigen Amputationen. Dieses Verletzungsmuster ist beispiellos und äußerst besorgniserregend und deutet auf eine systematische Fokussierung auf die unteren Extremitäten hin.“"
DET-1058,DET-1023,hist015,Ärzte für Menschenrechte - Israel,Nach der Untersuchung: „Der Einsatz von scharfer Munition gegen medizinisches Personal stellt eine schwere Verletzung des humanitären Völkerrechts dar. Medizinisches Personal genießt Schutz nach den Genfer Konventionen. Die Aktionen des israelischen Militärs gefährden die medizinischen Teams und entziehen den Verwundeten lebensrettende Behandlungen. Wir fordern ein sofortiges Ende der Angriffe auf medizinisches Personal.“
DET-1059,DET-1024,hist015,Das Schweigen brechen (Israelische Soldaten),"Anonyme Aussage eines Soldaten über die Befehle: „Uns wurde gesagt, jeder, der sich dem Zaun nähert, sei ein Ziel. Es spielte keine Rolle, ob sie bewaffnet waren oder nicht, ob es Kinder, Sanitäter oder Pressevertreter waren. Die Befehle waren eindeutig: Schießen, um zu verletzen, auf die Beine zielen. Sie wollten ein Exempel statuieren. Wir erschossen Tausende von Menschen, die keine Bedrohung für uns darstellten. Einige meiner Kameraden feierten ihre Abschüsse.“"
DET-1060,DET-1025,hist015,Planung und Organisation,"Unabhängige palästinensische Aktivisten, darunter der Journalist Ahmed Abu Artema, organisieren Proteste, um das Rückkehrrecht und die Aufhebung der Blockade zu fordern. Die Proteste sind vom 30. März (Tag des Bodens) bis zum 15. Mai (Tag der Nakba) geplant. Fünf Orte entlang des Sperrzauns wurden als Protestorte ausgewählt."
DET-1061,DET-1026,hist015,Erster Protest – Tag des palästinensischen Bodens,Rund 30.000 Palästinenser versammelten sich an fünf Orten zur Eröffnung des Großen Marsches der Rückkehr. Israelische Streitkräfte töteten am ersten Tag 18 Palästinenser und beschossen über 700 mit scharfer Munition. Der UN-Hochkommissar für Menschenrechte äußerte sich „zutiefst besorgt“ über den Einsatz scharfer Munition.
DET-1062,DET-1027,hist015,Wöchentliche Proteste dauern an; Journalisten getötet,"Jeden Freitag finden Proteste statt. 6. April: Der Journalist Yaser Murtaja wurde erschossen, als er in einer Presseweste Proteste filmte. 13. April: Der Journalist Ahmad Abu Hussein wurde erschossen (er starb am 25. April). Beide waren deutlich als Pressevertreter gekennzeichnet. Über 40 Tote im April. Der israelische Verteidigungsminister Avigdor Lieberman: „Es gibt keine Unschuldigen in Gaza.“"
DET-1063,DET-1028,hist015,Der UN-Menschenrechtsrat setzt eine Kommission ein,Nach internationaler Empörung über das Massaker vom 14. Mai verabschiedete der UN-Menschenrechtsrat die Resolution S-28/1 zur Einsetzung einer unabhängigen Untersuchungskommission. Israel lehnte die Zusammenarbeit umgehend ab. Die USA stimmten gegen die Resolution.
DET-1064,DET-1029,hist015,Tödlichster Tag – 60 Tote bei der Eröffnung der US-Botschaft in Jerusalem,"Am Tag der offiziellen Eröffnung der US-Botschaft in Jerusalem versammelten sich über 40.000 Demonstranten am Grenzzaun. Israelische Scharfschützen töteten 60 Palästinenser und schossen auf über 1.100 mit scharfer Munition – der blutigste Tag der Proteste. Acht der Getöteten waren Kinder. Der UN-Generalsekretär forderte eine unabhängige Untersuchung. Der israelische Premierminister Netanjahu lobte die Soldaten: „Jedes Land hat das Recht, seine Grenzen zu verteidigen.“"
DET-1065,DET-1030,hist015,Razan al-Najjar getötet,"Razan al-Najjar, eine 21-jährige Sanitäterin, wurde in der Nähe von Khan Yunis von einem israelischen Scharfschützen erschossen, als sie Verwundete versorgte. Sie trug eine deutlich gekennzeichnete weiße Sanitätsweste mit rotem Halbmond. Videoaufnahmen zeigen, wie sie kurz vor dem Schuss die Hände erhoben hat. Das israelische Militär behauptete zunächst, sie sei als menschlicher Schutzschild missbraucht worden; spätere Untersuchungen ergaben jedoch keine Beweise für diese Behauptung."
DET-1066,DET-1031,hist015,Die Kommission beginnt mit der Felduntersuchung,"Eine UN-Kommission besucht Gaza und die umliegende Region (nicht Israel – Zugang verweigert). Sie führt Hunderte von Interviews mit Opfern, Zeugen und medizinischem Personal. Sie wertet Videomaterial, Krankenakten und ballistische Gutachten aus. An offiziellen Protesttagen dokumentiert sie jeden einzelnen Mord."
DET-1067,DET-1032,hist015,Dritter Sanitäter getötet; Amputationen nehmen zu,"20. Juli: Abdullah al-Qutati (20), Rettungssanitäter, getötet. Dritter medizinischer Helfer durch Schüsse getötet. Die WHO berichtet von einer beispiellosen Zahl an Gliedmaßenverletzungen, die Amputationen erfordern – Kugeln verursachen extreme Knochen- und Gewebeschäden. Über 100 Amputationen wurden durchgeführt; viele weitere sind nötig."
DET-1068,DET-1033,hist015,Trotz Opfern dauern die Proteste an,"Die wöchentlichen Proteste dauern an. Bis September wurden über 180 Palästinenser getötet, mehr als 5.500 durch Schüsse mit scharfer Munition verletzt. Das internationale Interesse lässt nach. Das israelische Militär hält an den unveränderten Einsatzregeln fest. Während der gesamten Protestperiode wurden keine israelischen Opfer gemeldet."
DET-1069,DET-1034,hist015,UN-Kommission veröffentlicht Bericht,"Die Kommission veröffentlicht einen umfassenden, 289-seitigen Bericht. Wichtigstes Ergebnis: Es bestehen hinreichende Gründe für die Annahme, dass in 187 von 189 untersuchten Fällen der Einsatz von scharfer Munition rechtswidrig war. Von den Opfern ging keine unmittelbare Gefahr aus. Die Verstöße könnten Kriegsverbrechen oder Verbrechen gegen die Menschlichkeit darstellen. Die Kommission empfiehlt strafrechtliche Ermittlungen und die Anzeige beim Internationalen Strafgerichtshof."
DET-1070,DET-1035,hist015,Der UN-Menschenrechtsrat billigt den Bericht,"Der UN-Menschenrechtsrat billigt den Kommissionsbericht mit Abstimmung am 23. August 2016. Er fordert Israel zur Umsetzung der Empfehlungen auf. Israel weist alle Ergebnisse zurück. Die USA, Australien und Österreich stimmen dagegen. Zahlreiche europäische Länder enthalten sich der Stimme."
DET-1071,DET-1036,hist015,Die Hamas verkündet das Ende der Proteste.,"Nach 21 Monaten wöchentlicher Demonstrationen verkündet die Hamas die Aussetzung des Großen Rückkehrmarsches. Insgesamt wurden 223 Palästinenser getötet und 28.939 verletzt. Es gab keine israelischen Opfer. Die Proteste endeten, ohne dass eines ihrer erklärten Ziele erreicht wurde: keine Lockerung der Blockade, keine Fortschritte beim Rückkehrrecht."
DET-1072,DET-1037,hist015,Die Bemühungen um Rechenschaftspflicht werden fortgesetzt,Das israelische Militär stellt die meisten Ermittlungen ohne Anklageerhebung ein. Nur in wenigen Fällen werden geringfügige Anklagen erhoben. Die 2021 eingeleitete Untersuchung des Internationalen Strafgerichtshofs (IStGH) umfasst auch den Großen Rückkehrmarsch. Palästinensische Anwälte reichen beim IStGH Beweismaterial ein. Die Opfer suchen weiterhin Gerechtigkeit über internationale Mechanismen.
DET-1073,DET-1038,hist015,Rechtswidrige Tötungen – 187 von 189 Fällen,"Die UN-Kommission untersuchte alle Tötungen an den dafür vorgesehenen Protestorten während der offiziellen Protesttage (30. März bis 31. Dezember 2018). Sie kam zu dem Schluss, dass 187 von 189 Tötungen völkerrechtswidrig waren und daher „hinreichende Gründe für die Annahme“ bestanden. Die Opfer hatten zum Zeitpunkt der Tötungen „weder direkt an Kampfhandlungen teilgenommen noch eine unmittelbare Lebensgefahr dargestellt“. Der vorsätzliche Einsatz tödlicher Gewalt gegen Zivilisten, die keine unmittelbare Gefahr darstellten, gilt als vorsätzliche Tötung – ein Kriegsverbrechen gemäß den Genfer Konventionen."
DET-1074,DET-1039,hist016,Gefährdung von medizinischem Personal,"Drei Sanitäter (Razan al-Najjar, Musa Abu Hassanein, Abdullah al-Qutati) wurden getötet, 441 weitere verletzt, obwohl sie deutlich an ihren weißen, mit rotem Halbmond und Kreuz gekennzeichneten Westen zu erkennen waren. Alle leisteten medizinische Hilfe und stellten keine Bedrohung dar. Vorsätzliche Angriffe auf medizinisches Personal sind schwere Verstöße gegen die Genfer Konventionen. Die UN erklärt: „Es gibt keine Rechtfertigung für diese Tötungen.“"
DET-1075,DET-1040,hist016,Tötung und Verletzung von Journalisten,"Zwei Journalisten wurden getötet (Yaser Murtaja, Ahmad Abu Hussein), 144 verletzt. Beide Getöteten trugen deutlich sichtbare Presseausweise. Das Komitee zum Schutz von Journalisten erklärte: „Die gezielte Tötung von Journalisten ist ein Kriegsverbrechen.“ Angriffe auf eindeutig gekennzeichnete Journalisten verstoßen gegen das humanitäre Völkerrecht, das Zivilpersonen schützt, die nicht an Kampfhandlungen teilnehmen."
DET-1076,DET-1041,hist016,Tötung von 41 Kindern,"41 Kinder (im Alter von 8 Monaten bis 17 Jahren) wurden getötet. Die UN-Kommission stellte fest, dass die Kinder in den meisten Fällen keine unmittelbare Gefahr darstellten, als sie erschossen wurden. Leila al-Ghandour (8 Monate) starb an den Folgen von Tränengas. Andere wurden mit scharfer Munition erschossen. Die vorsätzliche Tötung von schutzbedürftigen Personen (Kindern) stellt einen schweren Verstoß gegen die Vierte Genfer Konvention dar."
DET-1077,DET-1042,hist016,Gezielte Angriffe auf die unteren Extremitäten,"Ein Muster gezielter Schüsse auf die unteren Extremitäten wurde dokumentiert – 6.106 Menschen wurden mit scharfer Munition beschossen, die meisten in die Beine. Die WHO dokumentierte beispiellose Gliedmaßenverletzungen, die über 122 Amputationen (darunter 20 Kinder) erforderlich machten. Ärzte für Menschenrechte: Die Kugeln seien darauf ausgelegt, maximalen Gewebe- und Knochenschaden zu verursachen. Die vorsätzliche Verursachung schwerer Verletzungen, die Folter oder grausamer Behandlung gleichkommt, stellt ein potenzielles Kriegsverbrechen dar."
DET-1078,DET-1043,hist016,Übermäßiger und willkürlicher Einsatz von Gewalt,"14. Mai 2018: 60 Tote, über 1.100 Verletzte an einem einzigen Tag. Dass es während des gesamten 21-monatigen Zeitraums keine israelischen Opfer gab, beweist, dass der Einsatz von Gewalt nicht auf eine unmittelbare Bedrohung zurückzuführen war. UN: Der Einsatz tödlicher Gewalt war „unverhältnismäßig“ und „nicht unbedingt notwendig“. Das wahllose Schießen in Menschenmengen verstößt gegen grundlegende Prinzipien des humanitären Völkerrechts."
DET-1079,DET-1044,hist016,Rechtswidrige Einsatzregeln,"Die Einsatzregeln des israelischen Militärs ermächtigten Scharfschützen, scharfe Munition gegen Demonstranten einzusetzen, von denen keine unmittelbare Bedrohung ausging. Die Regeln erlaubten es, auf Personen zu schießen, die sich einem Zaun näherten, diesen beschädigten oder Reifen in Brand setzten – all dies stellte keine unmittelbare Lebensgefahr dar. Einsatzregeln, die rechtswidrige Tötungen genehmigen, können als Befehle von Vorgesetzten zur Begehung von Kriegsverbrechen gelten."
DET-1080,DET-1045,hist016,Mögliche Verbrechen gegen die Menschlichkeit,"UN-Kommission: Angesichts des Musters, des Ausmaßes und der systematischen Natur der Verstöße – 223 Tote, 28.939 Verletzte innerhalb von 21 Monaten – könnten diese Verstöße Verbrechen gegen die Menschlichkeit darstellen. Zu den Tatbestandsmerkmalen gehören: weitverbreitete oder systematische Angriffe auf die Zivilbevölkerung, Kenntnis der Angriffe und zugrundeliegende Handlungen (Mord, Folter). Die Kommission empfahl eine Untersuchung durch den Internationalen Strafgerichtshof."
DET-1081,DET-1046,hist016,Palästinenser getötet,"UN/HRW: 129 Zivilisten; Gesundheitsministerium Gaza: 248 (66 Kinder, 39 Frauen); Israel gibt an, 200 Kämpfer getötet zu haben"
DET-1082,DET-1047,hist016,Todesfälle bei Kindern,"Darunter 18 Kinder, die beim Einsturz der al-Wahda-Straße getötet wurden; 8 Kinder bei einem Bombenanschlag auf das Lager Shati."
DET-1083,DET-1048,hist016,Massaker in der Al-Wahda-Straße – 16. Mai,Schwerster Einzelvorfall: Drei Wohnhäuser stürzten nach vierminütigem Angriff ein; 18 Kinder unter den Toten
DET-1084,DET-1049,hist016,Familie Al-Masri – 10. Mai,"Erster größerer Vorfall: Eine Familie, die gerade Gerste verpackte, wurde getroffen. Israel behauptete, eine palästinensische Rakete habe ihr Ziel verfehlt; Human Rights Watch fand eine Lenkrakete, aber kein militärisches Ziel."
DET-1085,DET-1050,hist016,Flüchtlingslager Shati – 15. Mai,"Gebäude zerstört, 8 Kinder und 2 Frauen getötet. Israel: Hamas-Funktionäre verstecken sich dort. HRW: Keine Hinweise auf ein militärisches Ziel."
DET-1086,DET-1051,hist016,Verwundete Palästinenser,"Zahlen des Gesundheitsministeriums von Gaza: Viele mit schweren Verletzungen, die Langzeitpflege benötigen."
DET-1087,DET-1052,hist016,Israelis getötet,"12 Zivilisten (darunter ein Kind, 2 thailändische Arbeiter, 2 israelische Araber); 1 Soldat durch Panzerabwehrrakete getötet"
DET-1088,DET-1053,hist016,Israelis verwundet,Hunderte wurden durch Raketen und Granatsplitter verletzt und suchten Schutz in Bunkern; viele Menschen griffen an Panikattacken.
DET-1089,DET-1054,hist016,Israelische Luftangriffe,"Die israelischen Streitkräfte griffen über 1.500 Ziele an, darunter Wohngebäude, mutmaßliche Tunnel und Regierungseinrichtungen."
DET-1090,DET-1055,hist016,Raketen/Mörser aus Gaza abgefeuert,3.573 Raketen fielen in Israel nieder; etwa 680 Raketen zündeten nicht und gingen im Gazastreifen nieder; das Raketenabwehrsystem Iron Dome fing etwa 90 % der auf bewohnte Gebiete gerichteten Raketen ab.
DET-1091,DET-1056,hist016,Fehlgefeuerte palästinensische Raketen,"Rund 680 Raketen verfehlten ihr Ziel, landeten im Gazastreifen und verursachten palästinensische Opfer."
DET-1092,DET-1057,hist016,Benjamin Netanjahu,Die Operation „Wächter der Mauern“ wurde inmitten der Räumungskrise in Sheikh Jarrah autorisiert. Sie wurde als notwendige Reaktion auf die Raketenangriffe der Hamas verteidigt. Im Juni 2021 verlor die Regierung nach der Operation die Macht und wurde durch die Regierung Bennett-Lapid ersetzt.
DET-1093,DET-1058,hist016,Benny Gantz,Leitete die Militäroperationen während der Operation Guardian of the Walls. Ehemaliger Generalstabschef der israelischen Streitkräfte während der Operation Protective Edge 2014. Verteidigte die Angriffe als gezielte Aktionen gegen die Infrastruktur der Hamas. Weist die Vorwürfe von Kriegsverbrechen zurück.
DET-1094,DET-1059,hist016,Aviv Kochavi,"Oberster Militärkommandeur während der Operation. Traf operative Entscheidungen, darunter die Zielauswahl. Gab später an, die israelischen Streitkräfte hätten über 1.500 Ziele, darunter das U-Bahn-Tunnelsystem, angegriffen. Er betonte, die Streitkräfte hätten im Einklang mit dem Völkerrecht gehandelt."
DET-1095,DET-1060,hist016,Yahya Sinwar,Der Hamas-Führer im Gazastreifen traf nach den Angriffen auf die Al-Aqsa-Moschee die Entscheidung zum Raketenbeschuss Jerusalems. Er koordinierte die anhaltende Raketenkampagne mit dem Islamischen Dschihad und präsentierte die Operation als Verteidigung Jerusalems und der Al-Aqsa-Moschee.
DET-1096,DET-1061,hist016,Ismail Haniyeh,Der politische Führer der Hamas. Unterstützte Raketenangriffe. Beteiligte sich an der Vermittlung im ägyptischen Waffenstillstandsstreit. Verteidigte Angriffe als Widerstand gegen die Besatzung und zur Verteidigung Jerusalems.
DET-1097,DET-1062,hist016,Mohammad Deif,Kommandeur des militärischen Arms der Hamas. Leitete Raketenangriffe und Tunnelverteidigungsaktionen. Benannte die Operation „Seif al-Quds“ (Schwert von Jerusalem) und betonte damit den Bezug zu Jerusalem.
DET-1098,DET-1063,hist016,Sofortige Auswirkungen (Mai-Juni 2021),"260 Palästinenser getötet (129 Zivilisten, 66 Kinder); 13 Israelis getötet (12 Zivilisten)"
DET-1099,DET-1064,hist016,Langfristige Folgen (2021-heute),Etabliertes Muster: Spannungen in Jerusalem lösen direkt Eskalationen im Gazastreifen aus – Wiederholung in den Jahren 2023–2024
DET-1100,DET-1065,hist016,Rechenschaftsstatus,✗ Keine israelischen Beamten oder Soldaten wurden wegen dokumentierter Verstöße strafrechtlich verfolgt.
DET-1101,DET-1066,hist016,Sofortige Auswirkungen (Mai-Juni 2021),"Die Operation entstand aus den Spannungen in Jerusalem: Räumungen des Scheich-Jarrah-Platzes, Razzien in der Al-Aqsa-Moschee während des Ramadan."
DET-1102,DET-1067,hist016,Langfristige Folgen (2021-heute),Ab 2025 wird es von beiden Seiten keine Verantwortlichkeit mehr für dokumentierte Verstöße geben.
DET-1103,DET-1068,hist016,Rechenschaftsstatus,✗ Keine Rechenschaftspflicht für den Angriff in der al-Wahda-Straße (44 getötete Zivilisten)
DET-1104,DET-1069,hist016,Sofortige Auswirkungen (Mai-Juni 2021),"Erste größere Eskalation, bei der die Hamas direkt auf die Ereignisse in Jerusalem reagierte – veränderte die Haltung der Hamas als Verteidigerin der Al-Aqsa-Moschee."
DET-1105,DET-1070,hist016,Langfristige Folgen (2021-heute),Die HRW-Entscheidung zur Apartheid vom April 2021 lieferte einen Rahmen zum Verständnis des systematischen Charakters der Verstöße.
DET-1106,DET-1071,hist016,Rechenschaftsstatus,✗ Keine Rechenschaftspflicht für den Angriff auf die Familie al-Masri (6 getötete Kinder)
DET-1107,DET-1072,hist016,Sofortige Auswirkungen (Mai-Juni 2021),Human Rights Watch dokumentierte in einem Bericht vom Juli 2021 mutmaßliche Kriegsverbrechen beider Seiten.
DET-1108,DET-1073,hist016,Langfristige Folgen (2021-heute),"Die ICC-Untersuchung umfasst auch Guardian of the Walls, aber bis 2025 wurde keine Anklage erhoben."
DET-1109,DET-1074,hist016,Rechenschaftsstatus,✗ Keine Rechenschaftspflicht für den Bombenanschlag auf das Shati-Camp (8 getötete Kinder)
DET-1110,DET-1075,hist016,Sofortige Auswirkungen (Mai-Juni 2021),Dies löste beispiellose interkommunale Gewalt innerhalb Israels zwischen jüdischen und arabischen Bürgern aus.
DET-1111,DET-1076,hist016,Langfristige Folgen (2021-heute),"Der Einsatz demonstrierte die Effektivität von Iron Dome (90 % Abfangrate), aber auch dessen Anfälligkeit für Überlastungsangriffe"
DET-1112,DET-1077,hist016,Rechenschaftsstatus,✗ Israelische Militäruntersuchungen: Standardmuster der Fallschließung ohne sinnvolle Rechenschaftspflicht
DET-1113,DET-1078,hist016,Sofortige Auswirkungen (Mai-Juni 2021),Die Regierung Netanjahu stürzte im Juni 2021 unter anderem aufgrund der politischen Folgen der Operation.
DET-1114,DET-1079,hist016,Langfristige Folgen (2021-heute),Die Hamas gewann unter den Palästinensern politisches Kapital als Verteidiger Jerusalems/Al-Aqsa.
DET-1115,DET-1080,hist016,Rechenschaftsstatus,✗ Bewaffnete palästinensische Gruppen: Keine bekannten Ermittlungen oder Strafverfolgungen wegen wahlloser Raketenangriffe
DET-1116,DET-1081,hist016,Sofortige Auswirkungen (Mai-Juni 2021),Verschärfte die humanitäre Katastrophe im Gazastreifen inmitten der andauernden 14-jährigen Blockade
DET-1117,DET-1082,hist016,Langfristige Folgen (2021-heute),"Das Versäumnis der internationalen Gemeinschaft, die eigentlichen Ursachen (Besatzung, Blockade, Apartheid) anzugehen, sicherte zukünftige Eskalationen."
DET-1118,DET-1083,hist016,Rechenschaftsstatus,✓ Human Rights Watch hat die Verstöße beider Seiten umfassend dokumentiert.
DET-1119,DET-1084,hist016,Langfristige Folgen (2021-heute),Die interkommunale Gewalt innerhalb Israels legte tiefere Spaltungen in der israelischen Gesellschaft offen.
DET-1120,DET-1085,hist016,Rechenschaftsstatus,✓ HRW forderte eine Untersuchung durch den IStGH und gezielte Sanktionen
DET-1121,DET-1086,hist016,Rechenschaftsstatus,"✓ Der IStGH ist zuständig; die Ermittlungen laufen, kommen aber nur langsam voran."
DET-1122,DET-1087,hist016,Rechenschaftsstatus,✓ Die Apartheid-Entscheidung von HRW (April 2021) schuf einen entscheidenden rechtlichen Rahmen.
DET-1123,DET-1088,hist016,Rechenschaftsstatus,✓ Die internationale Menschenrechtsgemeinschaft verurteilte einhellig die Verstöße beider Seiten.
DET-1124,DET-1089,hist016,Verstöße gegen das humanitäre Völkerrecht – Israelische Streitkräfte,"<strong>Unterscheidung:</strong> Ein grundlegendes Prinzip erfordert die Unterscheidung militärischer Ziele von zivilen Zielen. HRW stellte fest, dass Angriffe, bei denen 62 Zivilisten getötet wurden, „keine erkennbaren militärischen Ziele in der Nähe“ aufwiesen – ein Verstoß gegen dieses Unterscheidungsprinzip."
DET-1125,DET-1090,hist016,Palästinensische bewaffnete Gruppen – Kriegsverbrechen,"<strong>Wahllose Angriffe verboten:</strong> 4.360 ungelenkte Raketen und Mörsergranaten wurden auf israelische Siedlungsgebiete abgefeuert. HRW: Diese Angriffe „verstießen gegen das Verbot von Angriffen, die nicht auf spezifische militärische Ziele gerichtet sind.“"
DET-1126,DET-1091,hist016,Kontext: Apartheid und Verfolgung (HRW-Bericht vom April 2021),"<strong>Verbrechen gegen die Menschlichkeit:</strong> Einen Monat vor der Operation kam HRW in einem 213-seitigen Bericht zu dem Schluss, dass „die israelischen Behörden Verbrechen gegen die Menschlichkeit begehen, indem sie Apartheid betreiben und Millionen von Palästinensern verfolgen“."
DET-1127,DET-1092,hist016,Rechenschaftspflicht und Untersuchungen,"<strong>Israelische Untersuchungen:</strong> HRW: „Die anhaltende Weigerung der israelischen Behörden, mutmaßliche Kriegsverbrechen ernsthaft zu untersuchen, verschärft die Verstöße und unterstreicht die Notwendigkeit einer Untersuchung durch den IStGH.“"
DET-1128,DET-1093,hist016,Verstöße gegen das humanitäre Völkerrecht – Israelische Streitkräfte,"Verhältnismäßigkeit: Selbst wenn militärische Ziele vorliegen, darf der Schaden für die Zivilbevölkerung nicht im Verhältnis zum militärischen Vorteil unverhältnismäßig sein. Der Einsturz von drei Wohnhäusern mit 44 Toten (darunter 18 Kinder) ist grob unverhältnismäßig."
DET-1129,DET-1094,hist016,Palästinensische bewaffnete Gruppen – Kriegsverbrechen,"<strong>Angriffe auf Zivilisten:</strong> Raketen werden gezielt auf zivile Gebiete, darunter Wohngebiete und Städte, abgefeuert. Jeder Angriff auf ein ziviles Gebiet stellt ein Kriegsverbrechen dar."
DET-1130,DET-1095,hist016,Kontext: Apartheid und Verfolgung (HRW-Bericht vom April 2021),"Systematische Diskriminierung:</strong> Basierend auf der „übergreifenden israelischen Regierungspolitik zur Aufrechterhaltung der Vorherrschaft jüdischer Israelis über die Palästinenser in Israel und den besetzten palästinensischen Gebieten, unterstützt durch systematische Unterdrückung“."
DET-1131,DET-1096,hist016,Rechenschaftspflicht und Untersuchungen,<strong>IStGH-Zuständigkeit:</strong> Der Internationale Strafgerichtshof hat 2021 Ermittlungen zur Lage in Palästina aufgenommen. Die Organisation „Guardian of the Walls“ fällt in seine weltliche Zuständigkeit.
DET-1132,DET-1097,hist016,Verstöße gegen das humanitäre Völkerrecht – Israelische Streitkräfte,"<strong>Vorsichtsmaßnahmen bei Angriffen:</strong> Die Konfliktparteien müssen geeignete Vorkehrungen treffen, um zivile Schäden zu minimieren. Trotz Warnungen in einigen Fällen deuten die Todeszahlen auf unzureichende Vorkehrungen hin."
DET-1133,DET-1098,hist016,Palästinensische bewaffnete Gruppen – Kriegsverbrechen,"<strong>Waffen, die nicht unterscheiden können:</strong> Ungelenkte Raketen können naturgemäß nicht zwischen militärischen und zivilen Objekten unterscheiden, wenn sie auf bewohnte Gebiete abgefeuert werden – sie sind von Natur aus wahllos."
DET-1134,DET-1099,hist016,Kontext: Apartheid und Verfolgung (HRW-Bericht vom April 2021),"<strong>Unmenschliche Handlungen:</strong> Die Blockade des Gazastreifens (14 Jahre im Jahr 2021), Einschränkungen der Bewegungsfreiheit, Landenteignungen und Hauszerstörungen stellen unmenschliche Handlungen dar, die integraler Bestandteil der Aufrechterhaltung der Herrschaft sind."
DET-1135,DET-1100,hist016,Rechenschaftspflicht und Untersuchungen,<strong>Universelle Gerichtsbarkeit:</strong> Staaten mit Gesetzen zur universellen Gerichtsbarkeit können Täter schwerer Verstöße unabhängig von ihrer Nationalität oder dem Ort der Straftat verfolgen.
DET-1136,DET-1101,hist016,Verstöße gegen das humanitäre Völkerrecht – Israelische Streitkräfte,"<strong>Verbot wahlloser Angriffe:</strong> Angriffe, die nicht auf ein bestimmtes militärisches Ziel gerichtet sind, sind verboten. Angriffe auf die al-Wahda-Straße, die Familie al-Masri oder das Shati-Lager ohne erkennbare Ziele können als wahllose Angriffe gelten."
DET-1137,DET-1102,hist016,Palästinensische bewaffnete Gruppen – Kriegsverbrechen,"<strong>Todesfälle unter israelischen Zivilisten:</strong> 12 israelische Zivilisten, darunter ein Kind, wurden durch Raketen getötet. Dies zeugt von einer vorhersehbaren und rücksichtslosen Missachtung des zivilen Lebens."
DET-1138,DET-1103,hist016,Kontext: Apartheid und Verfolgung (HRW-Bericht vom April 2021),<strong>Operationskontext:</strong> Die Operation Guardian of the Walls muss im breiteren Kontext des Apartheidregimes und der systematischen Menschenrechtsverletzungen an der palästinensischen Bevölkerung verstanden werden.
DET-1139,DET-1104,hist016,Rechenschaftspflicht und Untersuchungen,"<strong>Pflicht zur Untersuchung:</strong> Die Genfer Konventionen verpflichten die Hohen Vertragsparteien, mutmaßliche Täter schwerwiegender Verstöße zu ermitteln und strafrechtlich zu verfolgen. Israel ist dieser Verpflichtung nicht nachgekommen."
DET-1140,DET-1105,hist016,Ereignistyp,
DET-1141,DET-1106,hist016,Auslöserkontext,
DET-1142,DET-1107,hist016,Überprüfung,
DET-1143,DET-1108,hist016,HRW-Ergebnis,
DET-1144,DET-1109,hist016,Gerry Simpson,"In ihrem HRW-Bericht vom Juli 2021 heißt es: „In allen drei von uns eingehend untersuchten Fällen führten israelische Streitkräfte Angriffe durch, bei denen 62 palästinensische Zivilisten getötet wurden, und wir fanden keine offensichtlichen militärischen Ziele in der Nähe… Alle diese Vorfälle sollten als mutmaßliche Kriegsverbrechen untersucht werden. Das anhaltende Versäumnis der israelischen Streitkräfte, mutmaßliche Kriegsverbrechen ernsthaft zu untersuchen, unterstreicht die Notwendigkeit einer Untersuchung durch den Internationalen Strafgerichtshof.“"
DET-1145,DET-1110,hist016,Omar Abu el-Ouf,"Gegenüber Human Rights Watch sagte er aus: „Ich spürte, wie der Boden unter uns verschwand, als die Rakete einschlug. Das Gebäude stürzte in sich zusammen – drei Stockwerke wurden zu einem. Mein Bruder Izzideen wurde getötet. Seine Frau und seine vier Kinder. Mein Cousin Wael und seine Frau und seine drei Kinder. Auch das Nachbargebäude stürzte ein. Stundenlang hörten wir Menschen in den Trümmern um Hilfe schreien. 44 Menschen aus unserer Straße starben. Hier waren keine Kämpfer, kein militärisches Ziel.“"
DET-1146,DET-1111,hist016,Youssef al-Masri,"Er beschreibt den Angriff vom 10. Mai, bei dem seine Kinder getötet wurden: „Meine Kinder packten Gerste für die Tiere. Ich habe es mit eigenen Augen gesehen – die Rakete kam aus dem Osten [aus Israel]. Meine Kinder waren überall verstreut, in Stücke gerissen. Israel behauptet, es sei eine palästinensische Rakete gewesen, aber ich weiß, was ich gesehen habe. Sie waren nur Kinder, die arbeiteten, keine Kämpfer.“ Er verlor Rahaf (10), Yazan (13), Marwan (12), Ibrahim (7) und zwei weitere Kinder."
DET-1147,DET-1112,hist016,António Guterres,"Erklärung während des Konflikts: „Die Kämpfe müssen aufhören. Sie müssen sofort aufhören. Raketen- und Mörserbeschuss auf der einen Seite und Luft- und Artillerieangriffe auf der anderen Seite müssen aufhören… Ich appelliere an alle Parteien, größtmögliche Zurückhaltung zu üben, die Zivilbevölkerung zu schützen und die Vermittlungsbemühungen zu intensivieren und zum Erfolg zu führen.“ Die Vertreibungen in Sheikh Jarrah wurden zudem als Verstöße gegen das Völkerrecht verurteilt."
DET-1148,DET-1113,hist016,Amnesty International,"In einer Erklärung während des Konflikts hieß es: „Alle Konfliktparteien sind uneingeschränkt verpflichtet, das humanitäre Völkerrecht einzuhalten. Sie müssen alle möglichen Vorkehrungen treffen, um die Zivilbevölkerung zu schützen. Die israelischen Streitkräfte haben diese Verpflichtungen wiederholt verletzt… Auch palästinensische bewaffnete Gruppen haben das humanitäre Völkerrecht eklatant missachtet, indem sie wahllos Raketen auf zivile Gebiete in Israel abgefeuert haben.“"
DET-1149,DET-1114,hist016,Iyad al-Mughrabi,"Augenzeuge des Bombenanschlags vom 15. Mai, bei dem acht Kinder getötet wurden: „Es war gegen 1:30 Uhr morgens. Die Explosion war gewaltig – das ganze Gebäude stürzte ein. Wir rannten los, um zu helfen. Wir fanden Kinder unter den Trümmern begraben. Acht Kinder starben, alle aus der Familie Abu Hatab. Israel behauptet, die Hamas sei vor Ort gewesen, aber wir haben nie Kämpfer gesehen. Nur Familien, die dort lebten.“"
DET-1150,DET-1115,hist016,Human Rights Watch (institutionell),"Schlussfolgerung des Berichts vom April 2021: „Diejenigen, die sich für einen israelisch-palästinensischen Frieden einsetzen, sei es eine Ein- oder Zwei-Staaten-Lösung oder eine Konföderation, sollten in der Zwischenzeit diese Realität als solche anerkennen und die Instrumente der Menschenrechte einsetzen, die zu ihrer Beendigung beitragen können. Dazu gehört auch, Staaten aufzufordern, Waffenlieferungen und Sicherheitsunterstützung an Israel an konkrete und überprüfbare Schritte zur Beendigung dieser Verbrechen zu knüpfen.“"
DET-1151,DET-1116,hist016,Das Schweigen brechen (Israelische Soldaten),"Anonyme Aussage aus Gaza-Einsätzen: „Die Einsatzregeln waren sehr lax. Wenn der Geheimdienst meldete, dass sich dort etwas befand, griffen wir es an. Wir wussten nicht immer, was wir da angriffen. Manchmal stürzten ganze Gebäude ein, und wir erfuhren später, dass sich Familien darin befanden. Die Devise war: Die Hamas ist dafür verantwortlich, dort zu sein, nicht wir.“"
DET-1152,DET-1117,hist016,Die Spannungen während des Ramadan eskalieren,"Die israelische Polizei errichtet Barrikaden am Damaskustor, um traditionelle Ramadan-Versammlungen zu verhindern. Es kommt zu Gewalt, als die Polizei palästinensische Gläubige angreift. Rechtsextreme israelische Gruppen marschieren durch Jerusalem und skandieren „Tod den Arabern“. Das Räumungsverfahren in Sheikh Jarrah schreitet vor israelischen Gerichten voran."
DET-1153,DET-1118,hist016,Israelische Polizei stürmt Al-Aqsa,"Die israelische Polizei stürmte die Al-Aqsa-Moschee während des Abendgebets und setzte Gummigeschosse, Blendgranaten und Tränengas im Inneren ein. Hunderte Palästinenser wurden verletzt. Bilder der Gewalt während des Ramadan lösten international Empörung und Wut in den palästinensischen Gebieten aus."
DET-1154,DET-1119,hist016,Zweiter Al-Aqsa-Überfall – Lailat al-Qadr,"In der heiligsten Nacht des Ramadan stürmte die israelische Polizei erneut die Al-Aqsa-Moschee. Über 300 Palästinenser wurden verletzt. Die Hamas stellte ein Ultimatum: Die Palästinenser müssen sich bis 18 Uhr von der Al-Aqsa-Moschee und dem Scheich-Jarrah-Platz zurückziehen, andernfalls drohen Konsequenzen."
DET-1155,DET-1120,hist016,Hamas feuert Raketen ab; Operation beginnt,"Nachdem Israel das Ultimatum ignoriert hatte, feuerten Hamas und der Islamische Dschihad Raketen auf Jerusalem ab. Israel startete die Operation „Wächter der Mauern“ mit massiven Luftangriffen im Gazastreifen. In den ersten Stunden wurden über 130 Ziele angegriffen."
DET-1156,DET-1121,hist016,Streik der Al-Masri-Familie,"Raketenangriffe nahe vier Häusern der Großfamilie al-Masri in Beit Hanoun. Acht Menschen getötet, darunter sechs Kinder, die Gerste für Tierfutter verpackten. Israel behauptet, eine palästinensische Rakete sei fehlgeleitet gewesen; eine Untersuchung von Human Rights Watch (HRW) findet Beweise für eine Lenkrakete ohne militärisches Ziel – ein mutmaßliches Kriegsverbrechen."
DET-1157,DET-1122,hist016,Die Eskalation verschärft sich,"Hamas und der Islamische Dschihad feuern Hunderte von Raketen auf Aschdod und Aschkelon ab, wobei zwei Israelis getötet und über 90 weitere verletzt werden. Eine dritte israelische Frau wird in Rischon LeZion getötet. Die israelischen Luftangriffe im Gazastreifen intensivieren sich. Beide Seiten bekräftigen ihre Absichten für anhaltende Operationen."
DET-1158,DET-1123,hist016,Aufsehenerregende gezielte Tötungen,"Israel tötet Bassem Issa (Kommandeur der Gaza-Brigade), Jomaa Talha und mehrere hochrangige Hamas-Funktionäre und -Ingenieure. Die Hamas reagiert mit verstärktem Raketenbeschuss. In israelischen Städten mit gemischter Bevölkerung, darunter Lod, Akko und Haifa, brechen interkommunale Auseinandersetzungen aus."
DET-1159,DET-1124,hist016,Bombardierung des Flüchtlingslagers Shati,"Bei einem israelischen Luftangriff wurde ein dreistöckiges Gebäude im Flüchtlingslager Shati zerstört, wobei zehn Menschen getötet wurden: acht Kinder und zwei Frauen. Israel behauptet, hochrangige Hamas-Funktionäre hätten sich in dem Gebäude versteckt gehalten. Die Untersuchung von Human Rights Watch (HRW) ergab keine Hinweise auf ein militärisches Ziel in oder in der Nähe des Ortes – offenbar ein Kriegsverbrechen."
DET-1160,DET-1125,hist016,Massaker in der Al-Wahda-Straße,"Schwerster Vorfall: Das israelische Militär greift vier Minuten lang die al-Wahda-Straße im Zentrum von Gaza-Stadt an. Drei mehrstöckige Wohnhäuser stürzen ein, nachdem Raketen die Straße und den Gehweg neben den Gebäuden getroffen haben. 44 Zivilisten, darunter 18 Kinder, werden getötet. HRW: Keine erkennbaren militärischen Ziele – offensichtlich ein Kriegsverbrechen."
DET-1161,DET-1126,hist016,Fehlalarm: IDF-Bodeninvasion,"Die israelischen Streitkräfte (IDF) verkündeten den Einsatz von Boden- und Luftstreitkräften gegen Gaza und täuschten damit die internationalen Medien, die von einer Bodeninvasion berichteten. Später ruderte die IDF zurück und entschuldigte sich für ein „internes Kommunikationsproblem“. Wie sich später herausstellte, handelte es sich um eine bewusste Täuschung, um Hamas-Kämpfer in Tunnel zu locken und dort Luftangriffe zu starten."
DET-1162,DET-1127,hist016,Anhaltende Bombardierungen; intensivere Diplomatie,"Der heftige Wortwechsel dauert an. Die USA blockieren zunächst die Waffenstillstandserklärung des UN-Sicherheitsrats, geben aber später unter innenpolitischem Druck nach. Ägypten führt die Vermittlungsbemühungen an. Außenminister Blinken spricht mehrmals mit Netanjahu."
DET-1163,DET-1128,hist016,Der Waffenstillstand tritt in Kraft,Nach elf Tagen tritt ein von Ägypten vermittelter bedingungsloser Waffenstillstand in Kraft. Beide Seiten beschießen sich bis kurz vor Ablauf der Frist. Die Gesamtzahl der Opfer: 260 Palästinenser (davon 129 Zivilisten) und 13 Israelis. Über 4.360 Raketen werden aus dem Gazastreifen abgefeuert; über 1.500 israelische Luftangriffe. Keine der beiden Seiten erreicht ihre strategischen Ziele.
DET-1164,DET-1129,hist017,Human Rights Watch veröffentlicht Bericht,"Human Rights Watch (HRW) veröffentlicht eine umfassende Untersuchung, die mutmaßliche Kriegsverbrechen beider Seiten aufdeckt. Untersucht wurden drei israelische Angriffe, bei denen 62 Zivilisten getötet wurden, obwohl sich „keine erkennbaren militärischen Ziele in der Nähe befanden“. Auch palästinensische Raketenangriffe werden als Kriegsverbrechen dokumentiert. HRW fordert eine Untersuchung durch den Internationalen Strafgerichtshof (IStGH)."
DET-1165,DET-1130,hist017,Anschlag in der Al-Wahda-Straße – 44 Zivilisten getötet,"16. Mai, 1 Uhr: Ein vierminütiger Angriff ließ drei Wohnhäuser im Zentrum von Gaza-Stadt einstürzen und tötete 44 Zivilisten, darunter 18 Kinder. Human Rights Watch (HRW) stellte fest, dass die Gebäude einstürzten, nachdem Raketen die Straße bzw. den Gehweg neben den Gebäuden getroffen hatten. Es gab keine erkennbaren militärischen Ziele. HRW: „Offensichtlich ein Kriegsverbrechen.“ Der Überlebende Omar Abu el-Ouf beschrieb, wie der Boden unter seiner Familie verschwand, als die Raketen einschlugen."
DET-1166,DET-1131,hist017,Angriff der Familie Al-Masri – 6 Kinder getötet,"10. Mai, 18 Uhr: Eine Rakete tötete acht Mitglieder der Familie al-Masri (sechs Kinder), die in Beit Hanoun Gerste verpackten. Israel behauptete, eine fehlgeleitete palästinensische Rakete aus westlicher Richtung abgefeuert zu haben. Die Analyse von Munitionsresten und Zeugenaussagen durch Human Rights Watch ergab, dass es sich um eine Lenkrakete handelte. Es gab kein militärisches Ziel am oder in der Nähe des Absturzortes. Vater Youssef al-Masri: „Ich habe es mit eigenen Augen gesehen … die Kinder wurden auseinandergerissen, in Stücke gerissen.“"
DET-1167,DET-1132,hist017,Bombenanschlag im Flüchtlingslager Shati – 8 Kinder getötet,"15. Mai: Ein israelischer Luftangriff zerstörte ein dreistöckiges Gebäude im Flüchtlingslager Shati und tötete zehn Menschen (acht Kinder, zwei Frauen). Israel behauptete, hochrangige Hamas-Funktionäre hätten sich in dem Gebäude versteckt gehalten. Eine Untersuchung von Human Rights Watch (HRW) ergab, dass das Gebäude von einer in den USA hergestellten Lenkrakete getroffen wurde und dass es keine Hinweise auf ein militärisches Ziel am oder in der Nähe des Einschlagorts gab. HRW forderte eine Untersuchung, ob es ein legitimes militärisches Ziel gab."
DET-1168,DET-1133,hist017,Wahllose Raketenangriffe (Palästinensisches Kriegsverbrechen),"Hamas und der Islamische Dschihad (PIJ) feuerten innerhalb von elf Tagen 4.360 ungelenkte Raketen und Mörsergranaten auf israelische Siedlungsgebiete ab und töteten dabei zwölf israelische Zivilisten. Human Rights Watch (HRW): Die Raketenangriffe sind wahllos und verstoßen gegen das Verbot von Angriffen, die nicht gegen spezifische militärische Ziele gerichtet sind. Jeder Raketenangriff auf zivile Gebiete stellt ein Kriegsverbrechen dar. „Bewaffnete palästinensische Gruppen haben völkerrechtswidrige Angriffe begangen.“"
DET-1169,DET-1134,hist017,Zerstörung von Hochhäusern,"Israel zerstörte mehrere Hochhäuser im Gazastreifen, in denen sich Wohnungen, Geschäfte und Medienbüros befanden. Der Al-Jalaa-Turm (mit Sitz von AP und Al Jazeera) wurde am 15. Mai zerstört. Israel hatte zuvor Warnungen ausgesprochen, doch Human Rights Watch untersucht, ob die militärischen Ziele die Zerstörung rechtfertigen. Es handelt sich um systematische Angriffe auf Infrastruktur."
DET-1170,DET-1135,hist017,Angriffsmuster ohne erkennbare militärische Ziele,"Human Rights Watch (HRW) untersuchte drei Angriffe, bei denen insgesamt 62 Zivilisten getötet wurden. In allen drei Fällen: „Keine erkennbaren militärischen Ziele in der Nähe“. Das Muster deutet auf systematisches Versagen bei der Zielauswahl, unzureichende Sicherheitsvorkehrungen oder gezielte Angriffe auf Zivilisten hin. HRW: „Die anhaltende Weigerung der israelischen Behörden, mutmaßliche Kriegsverbrechen ernsthaft zu untersuchen, verschärft die Verstöße.“"
DET-1171,DET-1136,hist017,Im Jahr 2022 getötete Palästinenser,"Darunter 48 Kinder und 7 Frauen/Mädchen. 167 Tote im Westjordanland/Ostjerusalem, 53 im Gazastreifen. Das tödlichste Jahr seit 2006."
DET-1172,DET-1137,hist017,Im Jahr 2023 getötete Palästinenser,Darunter 127 Kinder (der Gaza-Krieg von Oktober bis Dezember erklärt den deutlichen Anstieg). Das blutigste Jahr in der Geschichte.
DET-1173,DET-1138,hist017,Unbewaffnete Passanten/Demonstranten getötet (2022),Erschossen bei Razzien oder Demonstrationen. Die Mehrheit der Opfer im Jahr 2022 war zum Zeitpunkt ihres Todes wahrscheinlich unbewaffnet.
DET-1174,DET-1139,hist017,Todesfälle von Kindern (2022-2023),"48 im Jahr 2022, 30+ im Jahr 2023 vor dem Gaza-Krieg. Beinhaltet Jana Zakarneh (15), Mahmoud Samoudi (12), Fulla al-Masalma (15)"
DET-1175,DET-1140,hist017,Journalistin getötet: Shireen Abu Akleh,Al-Jazeera-Korrespondent am 11. Mai 2022 in Jenin erschossen. UN-Kommission: vorsätzlich oder fahrlässig von israelischen Streitkräften getötet.
DET-1176,DET-1141,hist017,Palästinenser im Jahr 2022 verletzt,Laut UN wurden im Jahr 2022 über 9.000 Menschen durch israelische Streitkräfte im Westjordanland verletzt.
DET-1177,DET-1142,hist017,Januar 2023 Jenin-Überfall,"26. Januar: Zehn Palästinenser getötet, darunter eine ältere Frau, die in den Hals geschossen wurde, und ein 16-Jähriger, der von einem Militärfahrzeug überfahren wurde."
DET-1178,DET-1143,hist017,Nablus-Raid im Februar 2023,"22. Februar: 11 Tote, 102 Verletzte (82 durch scharfe Munition). Video zeigt zwei Männer, die auf der Flucht in den Rücken geschossen wurden."
DET-1179,DET-1144,hist017,Jenin-Einfall Juli 2023,"3.–4. Juli: Größte Operation im Westjordanland seit 20 Jahren. Drohnen, Hubschrauber, über 500 Soldaten. 12 Tote, 100 Verletzte, 500 Familien auf der Flucht."
DET-1180,DET-1145,hist017,Getötete Israelis (Frühjahr 2022),"Bei Angriffen zwischen März und Mai 2022, die die Operation „Break the Wave“ auslösten, wurden 19 Israelis getötet. Im Westjordanland wurden 4 Soldaten und 8 Siedler angegriffen."
DET-1181,DET-1146,hist017,Angriffe von Siedlern auf Palästinenser,Die UN verzeichnete zwischen Oktober 2023 und Mai 2024 über 800 Angriffe von Siedlern. Diese ereigneten sich häufig während oder nach Razzien der israelischen Streitkräfte mit deren Duldung.
DET-1182,DET-1147,hist017,Benjamin Netanjahu,Im Dezember 2022 kehrte die Regierung mit einer rechtsextremen Koalition an die Macht zurück. Sie autorisierte die Operation „Welle durchbrechen“ und die darauffolgenden Eskalationen. Die Tötungen wurden als Maßnahmen zur Terrorismusbekämpfung verteidigt. Die Regierung wies jegliche internationale Kritik und die Erkenntnisse der Vereinten Nationen zurück.
DET-1183,DET-1148,hist017,Yoav Gallant,"Leitete die Militäroperationen im Westjordanland in den Jahren 2022–2023. Genehmigte größere Operationen in Jenin, darunter den Einmarsch mit Luftangriffen im Juli 2023. Verteidigte den Einsatz von Gewalt als verhältnismäßig."
DET-1184,DET-1149,hist017,Itamar Ben-Gvir,"Ein rechtsextremer Minister, der die Polizei, einschließlich der Grenzpolizei, bei Razzien beaufsichtigte, befürwortete aggressive Taktiken und verteilte Waffen an Siedler. Er war bereits wegen Volksverhetzung und Unterstützung von Terrorismus verurteilt worden."
DET-1185,DET-1150,hist017,Herzi Halevi,"Oberster Militärkommandeur ab Januar 2023. Verantwortlich für die Großoperationen in Jenin und Nablus. Traf operative Entscheidungen, darunter den Einsatz von Drohnen und Hubschraubern im Westjordanland – eine beispiellose Eskalation der Taktiken."
DET-1186,DET-1151,hist017,Shireen Abu Akleh,"Die langjährige Al-Jazeera-Korrespondentin berichtete zwei Jahrzehnte lang über den israelisch-palästinensischen Konflikt. Sie wurde am 11. Mai 2022 von israelischen Streitkräften getötet, als sie eine deutlich gekennzeichnete Presseweste trug. Sie wurde zum Symbol für die gezielte Verfolgung von Journalisten. Die UN stellte fest, dass ihre Tötung ihr Recht auf Leben verletzte."
DET-1187,DET-1152,hist017,Navi Pillay,"Ehemaliger UN-Hochkommissar für Menschenrechte. Leitete die Untersuchung der UN-Kommission zu Menschenrechtsverletzungen. Der Bericht vom Oktober 2023 dokumentierte systematische israelische Verstöße, darunter rechtswidrige Tötungen und die missbräuchliche Anwendung des Rechtsrahmens."
DET-1188,DET-1153,hist017,Sofortige Auswirkungen (2022-2023),Mehr als 500 Palästinenser getötet – die blutigste Periode seit der Zweiten Intifada (2000–2005)
DET-1189,DET-1154,hist017,Langfristige Folgen (2023-heute),Völlige Straflosigkeit: Keine nennenswerten israelischen Ermittlungen trotz UN-Feststellungen systematischer Verstöße.
DET-1190,DET-1155,hist017,Rechenschaftsstatus,✗ Kein israelischer Beamter oder Soldat wurde für einen der über 500 Tötungen strafrechtlich verfolgt.
DET-1191,DET-1156,hist017,Sofortige Auswirkungen (2022-2023),2022: 220 Tote (48 Kinder); 2023: 507 Tote (127 Kinder) – das tödlichste Jahr in der Geschichte.
DET-1192,DET-1157,hist017,Langfristige Folgen (2023-heute),"Die UN-Kommission dokumentierte die systematische Fehlinterpretation des Rechtsrahmens, die rechtswidrige Tötungen ermöglichte."
DET-1193,DET-1158,hist017,Rechenschaftsstatus,✗ Trotz UN-Erkenntnissen keine Rechenschaftspflicht für den Mord an Shireen Abu Akleh
DET-1194,DET-1159,hist017,Sofortige Auswirkungen (2022-2023),Die Tötung von Shireen Abu Akleh (Mai 2022) löste internationale Empörung aus; die UN erklärte ihre Tötung für rechtswidrig.
DET-1195,DET-1160,hist017,Langfristige Folgen (2023-heute),"Muster etabliert: Kampftaktiken (Drohnen, Hubschrauber, massiver Einsatz) im Kontext der Strafverfolgung normalisiert"
DET-1196,DET-1161,hist017,Rechenschaftsstatus,✗ Keine Rechenschaftspflicht für mehr als 78 getötete Kinder
DET-1197,DET-1162,hist017,Sofortige Auswirkungen (2022-2023),"Entstehung neuer bewaffneter Widerstandsgruppen: Jenin-Brigaden, Löwenhöhle, Balata-Brigaden"
DET-1198,DET-1163,hist017,Langfristige Folgen (2023-heute),"Die Glaubwürdigkeit des Völkerrechts wurde beschädigt: UN-Befunde wurden ignoriert, Durchsetzungsmechanismen wurden nicht aktiviert."
DET-1199,DET-1164,hist017,Rechenschaftsstatus,✗ Keine Rechenschaftspflicht für den perfiden Krankenhausangriff (Kriegsverbrechen)
DET-1200,DET-1165,hist017,Sofortige Auswirkungen (2022-2023),Operation „Welle durchbrechen“: Fast nächtliche Razzien in Jenin und Nablus wurden zur Routine.
DET-1201,DET-1166,hist017,Langfristige Folgen (2023-heute),Der Gaza-Krieg (Okt. 2023 bis heute) hat die Gewalt im Westjordanland auf ein beispielloses Ausmaß verschärft.
DET-1202,DET-1167,hist017,Rechenschaftsstatus,"✗ Keine Rechenschaftspflicht für Behinderung der medizinischen Versorgung, Angriffe auf Krankenwagen"
DET-1203,DET-1168,hist017,Sofortige Auswirkungen (2022-2023),Erster umfassender Einsatz von Luftangriffen im Westjordanland seit der Zweiten Intifada (Juli 2023)
DET-1204,DET-1169,hist017,Langfristige Folgen (2023-heute),"Die ICC-Ermittlungen umfassen auch das Westjordanland, aber bis 2025 wurden keine Anklagen erhoben."
DET-1205,DET-1170,hist017,Rechenschaftsstatus,✗ Israelische Militäruntersuchungen: Standardmuster der Fallschließung ohne Anklageerhebung
DET-1206,DET-1171,hist017,Sofortige Auswirkungen (2022-2023),Allein im Jahr 2022 wurden über 9.000 Palästinenser verletzt; im Jahr 2023 kommen Tausende weitere hinzu.
DET-1207,DET-1172,hist017,Langfristige Folgen (2023-heute),Die Legitimität der Palästinensischen Autonomiebehörde wird zunehmend untergraben; die Sicherheitskoordination wurde mehrfach ausgesetzt.
DET-1208,DET-1173,hist017,Rechenschaftsstatus,✗ Keine Rechenschaftspflicht für Siedlergewalt trotz über 800 dokumentierter Angriffe
DET-1209,DET-1174,hist017,Sofortige Auswirkungen (2022-2023),"Über 800 Angriffe von Siedlern wurden zwischen Oktober 2023 und Mai 2024 dokumentiert, oft mit Duldung durch das Militär."
DET-1210,DET-1175,hist017,Langfristige Folgen (2023-heute),Der bewaffnete Widerstand unter palästinensischen Jugendlichen normalisiert sich; der Gewaltkreislauf verfestigt sich
DET-1211,DET-1176,hist017,Rechenschaftsstatus,✓ Die UN-Kommission hat Verstöße umfassend dokumentiert (Bericht vom Oktober 2023)
DET-1212,DET-1177,hist017,Langfristige Folgen (2023-heute),Heimtückische Krankenhausrazzia (Januar 2024) schafft gefährlichen Präzedenzfall für Verstöße gegen die medizinische Neutralität
DET-1213,DET-1178,hist017,Rechenschaftsstatus,✓ Die UN stellte systematischen Missbrauch des Rechtsrahmens und rechtswidrige Tötungen fest
DET-1214,DET-1179,hist017,Rechenschaftsstatus,"✓ Der IStGH ist zuständig; die Ermittlungen laufen, verlaufen aber schleppend."
DET-1215,DET-1180,hist017,Rechenschaftsstatus,"✓ Internationale Menschenrechtsorganisationen (HRW, Amnesty International, B’Tselem, MSF) dokumentierten Verstöße"
DET-1216,DET-1181,hist017,Rechenschaftsstatus,✓ Der Fall Shireen Abu Akleh rückt das Thema der gezielten Angriffe auf Journalisten wieder in den internationalen Fokus.
DET-1217,DET-1182,hist017,Fehlinterpretation des Rechtsrahmens – Kernverstoß,"Strafverfolgung vs. Kriegsführung: Die UN-Kommission stellte fest, dass Israel die Regeln des humanitären Völkerrechts zur Kriegsführung unrechtmäßig auf die Strafverfolgung im Westjordanland anwendet. Der korrekte Rahmen ist das internationale Menschenrechtsrecht, das den Einsatz tödlicher Gewalt streng beschränkt."
DET-1218,DET-1183,hist017,Verstöße gegen das humanitäre Völkerrecht,Artikel 27 der Vierten Genfer Konvention: Schutzberechtigte Personen „sind human zu behandeln … und vor allen Gewalttaten zu schützen“. Die Tötung von mehr als 78 Kindern und Journalisten sowie die Behinderung medizinischer Versorgung verstoßen gegen diesen Kernschutz.
DET-1219,DET-1184,hist017,Ergebnisse der UN-Kommission (Oktober 2023),"Shireen Abu Akleh: Die Kommission stellte fest, dass die israelischen Streitkräfte „aufgrund hinreichender Gründe tödliche Gewalt ohne Rechtfertigung angewendet und Abu Aklehs Recht auf Leben vorsätzlich oder fahrlässig verletzt haben“."
DET-1220,DET-1185,hist017,Verstöße gegen den Schutz bestimmter Personen,"Kinder: Artikel 24 der UN-Kinderrechtskonvention und des Vierten Genfer Abkommens gewähren besonderen Schutz. Die Tötung von mehr als 78 Kindern, viele davon unbewaffnet, verstößt gegen diesen Schutz."
DET-1221,DET-1186,hist017,Rechenschaftspflichten,"Untersuchungspflicht: Die Genfer Konventionen verpflichten die Staaten zur Untersuchung schwerwiegender Verstöße. Israel hat es systematisch versäumt, aussagekräftige Untersuchungen durchzuführen."
DET-1222,DET-1187,hist017,Fehlinterpretation des Rechtsrahmens – Kernverstoß,"Recht auf Leben (IPBPR Artikel 6): Tödliche Gewalt ist nur zulässig, wenn sie zum Schutz vor einer unmittelbaren Lebensgefahr „unbedingt erforderlich“ ist. Die UN stellte fest, dass israelische Streitkräfte Zivilisten töteten, von denen keine solche Bedrohung ausging – ein Verstoß gegen das Recht auf Leben."
DET-1223,DET-1188,hist017,Verstöße gegen das humanitäre Völkerrecht,"Artikel 147 (Schwerwiegende Verstöße): „Vorsätzliches Töten, vorsätzliches Verursachen großen Leids, umfangreiche Zerstörung, die nicht durch militärische Notwendigkeit gerechtfertigt ist“, stellen schwere Verstöße dar. Mehr als 500 Tötungen und Sachbeschädigungen erfüllen diese Schwelle."
DET-1224,DET-1189,hist017,Ergebnisse der UN-Kommission (Oktober 2023),Operationen in Jenin: Bei mehreren Operationen im Jahr 2023 wurde offenbar unnötige und unverhältnismäßige Gewalt angewendet. Der Einsatz von Drohnen und Hubschraubern in dicht besiedelten Gebieten verstößt gegen den Grundsatz der Verhältnismäßigkeit.
DET-1225,DET-1190,hist017,Verstöße gegen den Schutz bestimmter Personen,"Medizinisches Personal: Die Genfer Konventionen fordern den Schutz von medizinischem Personal. Das Beschießen von Krankenwagen, die Behinderung der Behandlung und der Einsatz von Tränengas gegen Krankenhäuser verstoßen gegen diesen absoluten Schutz."
DET-1226,DET-1191,hist017,Rechenschaftspflichten,"Befehlsverantwortung: Höhere militärische und politische Beamte, die von Verstößen wussten oder hätten wissen müssen und es versäumt haben, diese zu verhindern/zu bestrafen, können strafrechtlich verantwortlich gemacht werden."
DET-1227,DET-1192,hist017,Fehlinterpretation des Rechtsrahmens – Kernverstoß,"Grundprinzipien für den Einsatz von Gewalt und Schusswaffen (1990): „Der vorsätzliche tödliche Einsatz von Schusswaffen ist nur dann zulässig, wenn er zum Schutz von Leben absolut unvermeidbar ist.“ Die Mehrheit der Tötungen im Westjordanland erfüllt diesen Standard nicht."
DET-1228,DET-1193,hist017,Verstöße gegen das humanitäre Völkerrecht,"Schutz von Journalisten: Zusatzprotokoll I, Artikel 79, schützt Journalisten als Zivilpersonen. Die Tötung von Shireen Abu Akleh – eindeutig als Pressevertreterin gekennzeichnet – stellt einen schweren Verstoß dar."
DET-1229,DET-1194,hist017,Ergebnisse der UN-Kommission (Oktober 2023),"Verstoßmuster: „Israel wendet den für die Durchführung von Feindseligkeiten geltenden Rahmen auf Strafverfolgungsmaßnahmen im Westjordanland entgegen dem Völkerrecht an, was zur Tötung und Verletzung von Zivilisten führt.“"
DET-1230,DET-1195,hist017,Verstöße gegen den Schutz bestimmter Personen,"Verwundete: Selbst verwundete Kämpfer wurden geschützt, sobald sie kampfunfähig waren. Die Tötungen von Verwundeten in Krankenhäusern im Januar 2024 verstoßen gegen Artikel 3 des Gemeinsamen Übereinkommens."
DET-1231,DET-1196,hist017,Rechenschaftspflichten,Zuständigkeit des IStGH: Der Internationale Strafgerichtshof ist für die Situation in Palästina zuständig. Die Morde im Westjordanland fallen in seinen Untersuchungsrahmen.
DET-1232,DET-1197,hist017,Fehlinterpretation des Rechtsrahmens – Kernverstoß,"Systematische Politik: Die fehlerhafte Anwendung des Rechtsrahmens ist eine bewusste politische Entscheidung der israelischen Regierung, kein Fehler. Sie ermöglicht systematische rechtswidrige Tötungen im gesamten Staatsgebiet."
DET-1233,DET-1198,hist017,Verstöße gegen das humanitäre Völkerrecht,"Verbot der Heimtücke: Zusatzprotokoll I, Artikel 37, verbietet das Vortäuschen eines Schutzstatus zum Zweck des Tötens. Der Krankenhausangriff im Januar 2024 durch als medizinisches Personal verkleidete Kommandos stellt Heimtücke – ein Kriegsverbrechen – dar."
DET-1234,DET-1199,hist017,Ergebnisse der UN-Kommission (Oktober 2023),"Gewalt durch Siedler: Die Kommission dokumentierte einen Anstieg der Angriffe von Siedlern auf Palästinenser, oft mit Duldung oder Beteiligung des israelischen Militärs – Staatliche Verantwortung für Verstöße."
DET-1235,DET-1200,hist017,Verstöße gegen den Schutz bestimmter Personen,Frauen und Familien: Majida Obaid (61) wurde beim Zuschauen aus dem Fenster in den Hals geschossen; Fulla al-Masalma (15) wurde einen Tag vor ihrem Geburtstag getötet – dies verdeutlicht die wahllos angewandte Gewalt.
DET-1236,DET-1201,hist017,Rechenschaftspflichten,"Staatliche Verantwortung: Israel trägt die staatliche Verantwortung für Verstöße seiner Streitkräfte und für die Gewalt von Siedlern, die es nicht verhindert."
DET-1237,DET-1202,hist017,Ereignistyp,
DET-1238,DET-1203,hist017,Operationsname,
DET-1239,DET-1204,hist017,Überprüfung,
DET-1240,DET-1205,hist017,UN-Feststellung,
DET-1241,DET-1206,hist017,Navi Pillay,"In ihrem Bericht vom Oktober 2023 heißt es: „Israel wendet den Rahmen für die Führung von Kampfhandlungen entgegen dem Völkerrecht auf Strafverfolgungsmaßnahmen im Westjordanland an, was zu getöteten und verletzten Zivilisten führt. Die Kommission hat alarmierende Tendenzen beim Einsatz von Gewalt durch israelische Sicherheitskräfte dokumentiert… Die Operationen in Jenin im Jahr 2023 scheinen den Einsatz unnötiger und unverhältnismäßiger Gewalt beinhaltet zu haben.“"
DET-1242,DET-1207,hist017,Shatha Zakarneh,"Sie beschreibt den Tod ihrer Tochter: „Jana spielte mit ihrer Katze auf unserem Dach. Sie protestierte nicht, sie war nicht in der Nähe von Kämpfen. Ein israelischer Scharfschütze schoss ihr zweimal ins Gesicht. Meine Tochter war nur ein Kind, das mit seinem Haustier spielte. Wie können sie behaupten, sie sei eine Bedrohung gewesen? Sie haben sie ohne jeden Grund getötet, außer dass sie Palästinenserin war.“ Jana starb im Januar 2023."
DET-1243,DET-1208,hist017,Al Jazeera (institutionell),"Erklärung nach dem Tod von Shireen Abu Akleh: „Wir machen die israelische Regierung und die israelischen Besatzungstruppen für den Tod von Shireen verantwortlich. Wir fordern die internationale Gemeinschaft auf, die israelischen Besatzungstruppen für die gezielte Tötung unserer Kollegin zu verurteilen und zur Rechenschaft zu ziehen.“ Es wurde betont, dass sie deutlich als Pressevertreterin gekennzeichnet war."
DET-1244,DET-1209,hist017,António Guterres,"Nach dem Einsatz in Jenin im Januar 2023: „Ich bin zutiefst besorgt über die gefährliche Entwicklung der Gewalt im besetzten Westjordanland… Das Ausmaß der Gewalt ist schockierend. Israelische Sicherheitsoperationen und palästinensische Angriffe nehmen zu. Ich appelliere an alle, eine weitere Eskalation zu vermeiden.“ Später: „Wir beobachten weiterhin, dass israelische Streitkräfte unnötigerweise tödliche Gewalt anwenden.“"
DET-1245,DET-1210,hist017,Ärzte ohne Grenzen (Médecins Sans Frontières),"Erklärung vom Dezember 2023: „2023 war das tödlichste Jahr für Palästinenser im Westjordanland in der Geschichte… Die Gewalt hat die Gemeinden zutiefst traumatisiert. Unsere Teams behandeln fast täglich Patienten mit Schussverletzungen. Israelische Streitkräfte behindern wiederholt die medizinische Versorgung, schießen in der Nähe von Krankenwagen und schaffen ein Umfeld, in dem die Gesundheitsversorgung zunehmend gefährlich wird.“"
DET-1246,DET-1211,hist017,Wafa Obaid,"Sie beschreibt den Tod ihrer Mutter: „Meine Mutter saß in ihrem Schlafzimmer und beobachtete während der Razzia aus dem Fenster, was auf der Straße geschah. Ein israelischer Scharfschütze schoss ihr in den Hals. Sie war 61 Jahre alt, keine Kämpferin, keine Bedrohung. Nur eine Großmutter, die aus dem Fenster schaute. Sie wurde in ihrem eigenen Zuhause getötet.“ Majida starb im Januar 2023 bei der Razzia in Jenin."
DET-1247,DET-1212,hist017,B'Tselem (israelische Menschenrechtsorganisation),"Erklärung zur Gewalt im Jahr 2022: „Die Zahl der Todesopfer im Westjordanland und im Gazastreifen ist die höchste seit 2006… Israels Politik des offenen Feuers im Westjordanland erlaubt es den Sicherheitskräften, potenziell tödliche Gewalt anzuwenden, selbst wenn ihr eigenes Leben nicht in Gefahr ist. Diese Politik macht jede militärische Aktion und jede palästinensische Demonstration zu einer lebensbedrohlichen Situation für die Palästinenser.“"
DET-1248,DET-1213,hist017,UN-Sonderberichterstatter für Palästina,"Nach dem Krankenhausangriff im Januar 2024: „Militärkräfte als medizinisches Personal und muslimische Frauen zu tarnen, um Palästinenser in einem Krankenhaus zu exekutieren, könnte ein Kriegsverbrechen darstellen. Nach dem humanitären Völkerrecht ist die Tötung Verwundeter verboten. Tötung durch Verrat ist ein Kriegsverbrechen. Die internationale Gemeinschaft muss handeln.“"
DET-1249,DET-1214,hist017,Palästinenserpräsident Mahmud Abbas,"Nach dem Angriff auf Nablus im Februar 2023: „Was in Nablus geschah, war ein Massaker. Wir machen die israelische Besatzungsregierung vollumfänglich dafür verantwortlich. Wir haben beschlossen, die Sicherheitskooperation mit der israelischen Seite auszusetzen. Die israelische Regierung trägt die Verantwortung für die gefährliche Eskalation und ihre Folgen.“"
DET-1250,DET-1215,hist017,Palästinensische Angriffe innerhalb Israels,"Bei einer Reihe von Angriffen palästinensischer Täter wurden 19 Israelis getötet, darunter vier Tote durch Messerangriffe in Be’er Scheva, fünf Tote durch Schüsse in Bnei Brak, drei Tote durch Axtangriffe in Elad und drei Tote durch Schüsse in Tel Aviv. Die Angreifer stammten aus dem Westjordanland oder Israel. Dies löste die israelische Operation „Wellenbrecher“ aus."
DET-1251,DET-1216,hist017,Operation Break the Wave beginnt,"Israel startet eine Militärkampagne mit fast nächtlichen Razzien in Städten des Westjordanlandes, insbesondere in Jenin und Nablus. Ziel ist die Zerschlagung bewaffneter Widerstandsgruppen. Es kommt zu einer massiven Eskalation des Gewalteinsatzes, zahlreicher Verhaftungen und Hauszerstörungen."
DET-1252,DET-1217,hist017,Shireen Abu Akleh getötet,"Die langjährige palästinensische Korrespondentin von Al Jazeera wurde bei der Berichterstattung über einen israelischen Militäreinsatz in Jenin in den Kopf geschossen. Sie trug eine deutlich gekennzeichnete Presseweste und stand mit anderen Journalisten zusammen. Eine UN-Kommission kam später zu dem Schluss, dass israelische Streitkräfte sie vorsätzlich oder fahrlässig getötet und damit das Recht auf Leben verletzt hatten. Ihr Tod löste international Empörung aus."
DET-1253,DET-1218,hist017,Tödlichstes Jahr seit 2006,"Bis Jahresende wurden 220 Palästinenser in den besetzten Gebieten getötet (167 im Westjordanland/Ostjerusalem, 53 im Gazastreifen). Unter den Toten waren 48 Kinder. Über 9.000 Menschen wurden verletzt. Die UN erklärte das Jahr zum blutigsten seit der Zweiten Intifada. Im Fokus standen Jenin (45 Tote) und Nablus (45 Tote)."
DET-1254,DET-1219,hist017,Jenin-Überfall – 10 Tote,Bei einem massiven israelischen Angriff auf Jenin wurden zehn Palästinenser getötet. Majida Obaid (61) wurde beim Beobachten aus dem Schlafzimmerfenster in den Hals geschossen. Wasim Abu Jaes (16) wurde von einem Militärfahrzeug überfahren und getötet. Israelische Streitkräfte beschossen Krankenwagen und setzten Tränengas auf der Kinderstation eines Krankenhauses ein. Die UN warnte vor einer „gefährlichen Eskalation der Gewalt“.
DET-1255,DET-1220,hist017,"Nablus-Überfall – 11 Tote, 102 Verletzte","Bei einem Großangriff auf Nablus wurden elf Menschen getötet und 102 verletzt (82 davon durch scharfe Munition). Amateuraufnahmen zeigen, wie zwei Männer auf der Flucht in den Rücken geschossen werden. Die Palästinensische Autonomiebehörde setzte daraufhin die Sicherheitskooperation mit Israel aus und bezeichnete den Angriff als „Massaker“. Bis heute wurden im Jahr 2023 61 Palästinenser getötet – doppelt so viele wie im Vorjahr."
DET-1256,DET-1221,hist017,Dschenin-Einfall – Luftangriff,"Größte Militäroperation im Westjordanland seit 20 Jahren. Israel setzte Drohnen, Hubschrauber und über 500 Soldaten bei einem 14-stündigen Angriff auf das Flüchtlingslager Jenin ein. Zwölf Palästinenser wurden getötet, 100 verletzt und 500 Familien zur Flucht gezwungen. Erster großangelegter Luftangriff im Westjordanland seit der Zweiten Intifada. Ein israelischer Soldat wurde durch Eigenbeschuss getötet."
DET-1257,DET-1222,hist017,Das Muster rechtswidriger Tötungen setzt sich fort,"UN OCHA dokumentiert mehrere Razzien. 22. Mai: Bei einer Razzia im Flüchtlingslager Balata sterben drei Menschen; ein Video zeigt, wie einer auf der Flucht in den Rücken geschossen wird. 29. Mai: Bei einer Razzia in Jenin stirbt ein Mensch. Bis zum 29. Mai wurden 2023 bereits 112 Palästinenser getötet – mehr als doppelt so viele wie 2022. Medizinisches Personal wurde wiederholt behindert."
DET-1258,DET-1223,hist017,Gaza-Krieg löst massive Eskalation im Westjordanland aus,Nach dem Hamas-Angriff vom 7. Oktober intensivierten sich die israelischen Operationen im Westjordanland dramatisch. Bis Dezember 2023: 507 getötete Palästinenser (darunter 127 Kinder). Erster Einsatz von Luftangriffen auf Moscheen (22. Oktober). Der Einsatz von Drohnen wurde zur Routine. Über 10.000 Palästinenser wurden verhaftet. Mehr als 800 Angriffe von Siedlern wurden dokumentiert. Ärzte ohne Grenzen: „Das tödlichste Jahr in der Geschichte.“
DET-1259,DET-1224,hist017,UN-Kommission veröffentlicht Bericht,"Die unabhängige UN-Untersuchungskommission veröffentlichte ihren Bericht (für den Zeitraum Mai 2021 bis August 2023). Wichtigste Feststellung: „Israel wendet den völkerrechtlichen Rahmen für die Führung von Kampfhandlungen auf Polizeieinsätze im Westjordanland an, was gegen das Völkerrecht verstößt und zum Tod und zur Verletzung von Zivilisten führt.“ Die Operationen in Jenin 2023 „scheinen den Einsatz unnötiger und unverhältnismäßiger Gewalt beinhaltet zu haben.“"
DET-1260,DET-1225,hist017,Krankenhausüberfall – Kommandos als medizinisches Personal verkleidet,"Israelische Kommandos, verkleidet als medizinisches Personal und muslimische Frauen, drangen in ein Krankenhaus in Jenin ein und erschossen drei Palästinenser. UN-Experten: Dies könnte ein Kriegsverbrechen darstellen. Es gilt als Kriegsverbrechen, sich als medizinisches Personal auszugeben und Verwundete zu töten, selbst wenn es sich um Kämpfer handelt."
DET-1261,DET-1226,hist017,Rechtswidrige Tötung der Journalistin Shireen Abu Akleh,"11. Mai 2022: Ein Al-Jazeera-Korrespondent wurde bei der Berichterstattung über die Razzia in Jenin in den Kopf geschossen. Er trug eine deutlich gekennzeichnete Presseweste und stand in Begleitung von Journalisten. Die UN-Kommission kam zu dem Schluss, dass israelische Streitkräfte „aufgrund hinreichender Gründe tödliche Gewalt ohne Rechtfertigung nach internationalem Menschenrechtsrecht angewendet und Abu Aklehs Recht auf Leben vorsätzlich oder fahrlässig verletzt haben“. Die Duvdevan-Einheit wurde als wahrscheinlich verantwortlich identifiziert. Die vorsätzliche oder fahrlässige Tötung eines deutlich gekennzeichneten Journalisten stellt ein Kriegsverbrechen dar."
DET-1262,DET-1227,hist013,Außergerichtliche Hinrichtungen,"Die Palästinenser werfen den israelischen Streitkräften eine gezielte Tötungspolitik gegen Anführer bewaffneter Gruppen vor. In drei Vorfällen im Jahr 2022 erschossen israelische Streitkräfte neun palästinensische Kämpfer in Fahrzeugen – von den Palästinensern als „Exekutionen auf freiem Feld“ bezeichnet. Es zeichnet sich ein Muster gezielter Tötungen ohne Festnahmeversuche ab. Ein Video aus Nablus vom Februar 2023 zeigt zwei Männer, die auf der Flucht in den Rücken geschossen wurden – ein Indiz für vorsätzliche Tötung."
DET-1263,DET-1228,hist013,Unnötige und unverhältnismäßige Gewalt,"Die UN-Kommission kam zu dem Schluss, dass mehrere Operationen in Jenin im Jahr 2023 „offenbar den Einsatz unnötiger und unverhältnismäßiger Gewalt durch israelische Sicherheitskräfte beinhalteten“. Dazu gehören der Einsatz von Drohnen, Hubschraubern und Hunderten von Soldaten in dicht besiedelten Flüchtlingslagern. Der Einsatz von Artillerie im Kontext der Strafverfolgung verstößt gegen internationales Menschenrechtsrecht."
DET-1264,DET-1229,hist013,Tötung von mehr als 78 Kindern,"Mindestens 78 Kinder wurden in den Jahren 2022 und 2023 getötet, darunter viele unbewaffnete Passanten. Jana Zakarneh (15) wurde zweimal ins Gesicht geschossen, als sie auf einem Dach mit einer Katze spielte. Mahmoud Samoudi (12) wurde bei einer Razzia erschossen. Zaid Ghonaim (15) wurde erschossen, als er sich in einer Tiefgarage versteckte. Wasim Abu Jaes (16) wurde von einem Militärfahrzeug überfahren. Die vorsätzliche Tötung von Kindern verstößt gegen Artikel 147 der Vierten Genfer Konvention."
DET-1265,DET-1230,hist013,Behinderung der medizinischen Versorgung,"Systematisches Vorgehen israelischer Streitkräfte gegen Krankenwagen, wodurch medizinisches Personal daran gehindert wird, Verwundete zu erreichen und Evakuierungen verzögert werden. Januar 2023, Jenin: Beschuss von Krankenwagen, Einsatz von Tränengas auf der Kinderstation eines Krankenhauses. Mai 2023: Medizinische Quellen berichten, dass die Streitkräfte die Zufahrt für Krankenwagen eingeschränkt haben. Die Verweigerung medizinischer Versorgung von Verwundeten verstößt gegen die Genfer Konventionen."
DET-1266,DET-1231,hist013,Heimtückischer Krankenhausüberfall (Kriegsverbrechen),"Januar 2024: Israelische Kommandos, verkleidet als medizinisches Personal und muslimische Frauen, drangen in ein Krankenhaus in Jenin ein und erschossen drei Palästinenser. UN-Experten: Dies könnte ein Kriegsverbrechen darstellen. Treulosigkeit (die Vortäuschung eines Schutzstatus zum Zweck der Tötung) ist gemäß Artikel 37 des Zusatzprotokolls I der Genfer Konventionen ausdrücklich verboten. Auch die Tötung Verwundeter, selbst wenn es sich um Kämpfer handelt, verstößt gegen das humanitäre Völkerrecht."
DET-1267,DET-1232,hist013,Fehlinterpretation des Rechtsrahmens,"Feststellung der UN-Kommission: Israel wendet im Westjordanland entgegen dem Völkerrecht Kampfregeln (gemäß dem humanitären Völkerrecht) auf Einsätze zur Strafverfolgung an. Dies führt zum Einsatz tödlicher Gewalt, der nach den für die Strafverfolgung geltenden Menschenrechtsnormen nicht gerechtfertigt ist. Es handelt sich um eine systematische politische Entscheidung, die rechtswidrige Tötungen ermöglicht."
DET-1268,DET-1233,hist013,Zerstörung von zivilem Eigentum,"Systematischer Einsatz von Bulldozern zur Zerstörung von Straßen, Infrastruktur und Häusern bei Razzien. Juli 2023, Jenin: Massive Zerstörung der Infrastruktur von Flüchtlingslagern. Das Ausmaß der Zerstörung geht weit über die militärische Notwendigkeit hinaus. Diese umfangreiche Zerstörung, die nicht durch militärische Operationen gerechtfertigt ist, stellt einen schweren Verstoß gegen Artikel 147 der Vierten Genfer Konvention dar."
DET-1269,DET-1234,hist013,Ereignistyp,
DET-1270,DET-1235,hist013,Täter,
DET-1271,DET-1236,hist013,Überprüfung,
DET-1272,DET-1237,hist013,Rechtsrahmen,
DET-1273,DET-1238,hist013,Palästinensische Zivilisten (nahmen nicht an den Kampfhandlungen teil),"52 % der Gesamtzahl; darunter 32 Kinder, mehrere Frauen und ältere Menschen. 80 % starben in den letzten 4 Tagen."
DET-1274,DET-1239,hist013,Palästinensische Kinder (in der Zivilbevölkerungszählung enthalten),Minderjährige unter 18 Jahren; darunter 87 zivile Todesopfer (siehe oben)
DET-1275,DET-1240,hist013,Palästinensische Kämpfer,"Personen, die an den Kampfhandlungen teilgenommen haben"
DET-1276,DET-1241,hist013,Attentatsziele,Zu den von der israelischen Armee gezielt ins Visier genommenen Personen gehörte Ahmed al-Jabari.
DET-1277,DET-1242,hist013,Status unbekannt,"B'Tselem konnte nicht feststellen, ob diese Personen an Kampfhandlungen teilgenommen hatten."
DET-1278,DET-1243,hist013,Israelische Todesfälle,Vier Zivilisten und zwei Sicherheitskräfte wurden durch palästinensischen Raketen-/Mörserbeschuss getötet.
DET-1279,DET-1244,hist013,Palästinenser verletzt,Beinhaltet 3.374 Kinder; Daten des Gesundheitsclusters
DET-1280,DET-1245,hist013,Israelischer Verletzter,Beinhaltet 270 Kinder; vor Raketen-/Mörserangriffen
DET-1281,DET-1246,hist013,Eskalation vor dem Einsatz,"Vier Eskalationswellen: Palästinensischer Raketenbeschuss auf Südisrael; israelische Angriffe und Luftangriffe im Gazastreifen. 23 Palästinenser getötet (7 Zivilisten, 3 Kinder); 93 Palästinenser verletzt (77 Zivilisten); 14 Israelis/Ausländer verletzt (8 Zivilisten). 10.–14. November: Über 120 Raketen aus dem Gazastreifen auf Israel abgefeuert."
DET-1282,DET-1247,hist013,Operation beginnt: Ermordung von Ahmed al-Jabari,"Ein Luftangriff der israelischen Luftwaffe in Gaza-Stadt tötete Ahmed al-Jabari (Chef des militärischen Arms der Hamas, der Al-Qassam-Brigaden) und seinen Beifahrer Muhammad al-Hams. Dies markierte den offiziellen Beginn der Operation „Säule der Verteidigung“. Israelische Offizielle begründeten den Angriff mit über 100 Raketen, die in den vorangegangenen 24 Stunden abgefeuert worden waren."
DET-1283,DET-1248,hist013,Muna a-Shawa,"Meine Tochter Yusra, 18, saß in unserem westlichen Zimmer und sah fern. Ich stand am Fenster des östlichen Zimmers neben Yusras Zimmer und wollte gerade meine Kinder rufen, damit sie hochkommen. Gegen 16:30 Uhr, bevor ich sie rufen konnte, hörte ich eine Explosion in meiner Wohnung. Staub und Trümmer flogen überall herum. Ich spürte einen stechenden Schmerz. Ich ging ein paar Schritte und ergriff Yusras Hand. Sie machte einen halben Schritt mit mir und stürzte dann zu Boden. Ich versuchte, sie zu finden, konnte sie aber wegen des ganzen Staubs und der Trümmer nicht sehen. Ich rief nach ihr, aber sie antwortete nicht. Mein Sohn Muhammad kam zur Tür, packte mich und zog mich auf die Straße. Ich sagte zu ihm: „Geh und such Yusra.“ Er sagte mir, sie sei getötet worden, aber ich wollte mit niemandem reden und sagte, ich wolle Yusra sehen. Ich wollte sie sehen und mich vergewissern, dass es ihr gut ging, aber ich spürte, dass etwas nicht stimmte."
DET-1284,DET-1249,hist013,Tamam al-'Asali,"Nach dem Mittagessen am Mittwoch, dem 21. November 2012, bat mich mein Mann Talal, Tee für alle zu kochen. Er ging hinaus in ein nahegelegenes Feld, das er bewirtschaftet, um Kräuter für seinen Tee zu pflücken. Zwei seiner Kinder, sein Sohn Ayman und seine Tochter Abir, begleiteten ihn. Ich begann gerade, alles für den Tee vorzubereiten, als ich plötzlich eine laute Explosion hinter dem Haus hörte. Ich rannte sofort hinaus und zu Talal und den Kindern. Noch bevor ich sie erreichte, sah ich Talal und Ayman blutüberströmt am Boden liegen. Mir wurde klar, dass mein Mann offenbar sofort tot war. Ayman bewegte sich noch ein wenig. Meine Tochter Abir war verschwunden. Mir wurde schwindelig und ich fühlte mich schwach. Dann verlor ich offenbar das Bewusstsein. [Später erfuhr ich,] dass auch Abir tot war. Ich schrie und weinte hysterisch. Drei Mitglieder meiner Familie mit einem Schlag getötet. Ich verlor sie alle in einem Augenblick, ohne jeden Grund."
DET-1285,DET-1250,hist013,Naji Qdeih,"Am 17. November 2012 gegen 21:30 Uhr beschloss ich, dass wir am besten zum Haus meiner ersten Frau Maha gehen sollten, da es besser geschützt war. Ich nahm meine kleine Tochter und ging zu Mahas Haus, das nur sieben Meter entfernt lag. Dann kehrte ich zurück, um Kleidung und eine Decke für Mayar zu holen. Ich bat Samaher, eine weitere Decke zu holen und mich zu begleiten. Samaher verließ die Wohnung mit der Decke. Plötzlich gab es eine gewaltige Explosion. Steinsplitter flogen überall herum. Weißer Rauch erfüllte den Hof. Ich fand meine Frau Samaher am Boden neben den Balkonstufen liegen. Ich hob sie auf und sah, dass ihr linkes Bein abgetrennt und ihre Kleidung zerrissen war. Blut sickerte aus ihrem Mund. Ich hob sie hoch und bat sie, das Schehadistengebet zu sprechen, da ich erkannte, dass sie schwer verletzt war und nicht überleben würde. [Samaher starb noch am Unglücksort.]"
DET-1286,DET-1251,hist013,Sarah Abu Khusah,"Gegen 8:00 Uhr morgens spielten drei meiner Enkelkinder vor dem Haus, auf dem Grundstück. Plötzlich hörten wir eine gewaltige Explosion in der Nähe. Wir rannten alle hinaus, um nachzusehen. Ich war wie gelähmt vor Schreck, als ich sah, dass der Einschlag direkt neben der Hausmauer war und diese völlig zerstört hatte. Mein Enkel Iyad lag tot am Boden. Er war von einem Granatsplitter getroffen worden. Ein anderer Enkel, Suhaib, lag neben ihm, bewegte sich aber noch. Auch Sarah lag am Boden. Ich rief sofort einen Krankenwagen und holte Iyad ab. [Iyad, 18 Monate alt, getötet; Suhaib (6) und Sarah (4) lebensgefährlich verletzt]"
DET-1287,DET-1252,hist013,B'Tselem (institutionell),"Schlussfolgerung des Berichts (Mai 2013): „Die Ergebnisse dieses Berichts nähren den Verdacht schwerwiegenden Fehlverhaltens. Die B’Tselem zur Verfügung stehenden Mittel reichen jedoch nicht aus, um festzustellen, ob das israelische Militär in den hier dargestellten Fällen rechtmäßig gehandelt hat. … Um dies zu klären, bedarf es weiterer Informationen des Militärs, deren Offenlegung es verweigert. Daher fordern wir die israelischen Behörden auf, eine unabhängige Untersuchung durchzuführen und die Ergebnisse öffentlich und transparent darzulegen.“"
DET-1288,DET-1253,hist013,Amnesty International,Erklärung vor dem UN-Menschenrechtsrat (Februar 2013): Die Untersuchungen der israelischen Behörden zu mutmaßlichen Verstößen gegen das humanitäre Völkerrecht während der Operation „Säule der Verteidigung“ folgen einem bekannten Muster: Es handelt sich eher um operative Nachbesprechungen als um unabhängige strafrechtliche Ermittlungen. Solche Untersuchungen entbehren der nach internationalem Recht erforderlichen Unabhängigkeit und Transparenz. Die Straflosigkeit für Verstöße während israelischer Militäroperationen im Gazastreifen muss ein Ende haben.
DET-1289,DET-1254,hist013,Unmittelbare Auswirkungen,"Eskalationsdynamik: Nach dem Fall Gegossenes Blei (2008-09) zeigte sich in der israelischen Militärdoktrin eine deutliche Verlagerung hin zu kürzeren, luftgestützten Operationen, jedoch mit weiterhin hohen zivilen Opferzahlen (52 % der Todesfälle)."
DET-1290,DET-1255,hist013,Unmittelbare Auswirkungen,"Regionale Spannungen: Arabische und türkische Außenminister besuchten Gaza während der Operation (20. November), was die regionalen Besorgnisse unterstrich und einen Vermittlungsversuch unternahm."
DET-1291,DET-1256,hist013,Unmittelbare Auswirkungen,Ägyptens Rolle: Präsident Mohamed Morsi vermittelte einen Waffenstillstand und markierte damit Ägyptens Engagement in der Gaza-Diplomatie nach dem Arabischen Frühling.
DET-1292,DET-1257,hist013,Unmittelbare Auswirkungen,"Taktische Umorientierung: Erster größerer Kampfeinsatz des Raketenabwehrsystems Iron Dome – 436 von 1.667 Raketen (26 %) wurden abgefangen, wodurch die israelischen Verluste im Verhältnis zum Raketenaufkommen reduziert wurden."
DET-1293,DET-1258,hist013,Unmittelbare Auswirkungen,"Verschärfung der Blockade: Die Operation verstärkte die Isolation des Gazastreifens; der Waffenstillstand löste die Blockade nicht, die weiterhin andauerte."
DET-1294,DET-1259,hist013,Langfristige Bedeutung,"Gewaltkreislauf: Das etablierte Muster wiederholte sich 2014 (Protective Edge – weitaus tödlicher), 2021 (Guardian of the Walls) und 2023–24 (anhaltende Verwüstung). Jede Operation folgte ähnlichen Eskalationsauslösern und Rechtfertigungen."
DET-1295,DET-1260,hist013,Langfristige Bedeutung,Straflosigkeit als Präzedenzfall: Das völlige Ausbleiben von Strafverfolgungen trotz der dokumentierten Beweise von B’Tselem schuf einen Präzedenzfall für zukünftige Operationen. Das Modell der „operativen Nachbesprechungen“ der MAG wurde fortgesetzt.
DET-1296,DET-1261,hist013,Langfristige Bedeutung,Humanitäres Monitoring: Die Operation mobilisierte die internationale Menschenrechtsgemeinschaft; der Bericht von B’Tselem vom Mai 2013 wurde zum Vorbild für die Methodik von Felduntersuchungen in Konfliktgebieten
DET-1297,DET-1262,hist013,Langfristige Bedeutung,Rechtsdiskurs: B’Tselems Kritik an „zu weit gefassten“ militärischen Zieldefinitionen und unzureichenden Warnungen beeinflusste die humanitäre Völkerrechtsbewegung und den akademischen Diskurs zur Verhältnismäßigkeit.
DET-1298,DET-1263,hist013,Langfristige Bedeutung,"Palästinensisches Trauma: Verschärft durch das bereits bestehende Trauma der Bevölkerung im Gazastreifen; Familien, die Monate später befragt wurden, befanden sich weiterhin in Schock und Trauer."
DET-1299,DET-1264,hist013,Rechenschaftspflicht,✘ Keine Anklagen gegen israelische Kommandeure oder Angehörige des Militärs trotz 87 ziviler Todesopfer
DET-1300,DET-1265,hist013,Rechenschaftspflicht,✘ MAG Corps eröffnete 70 Ermittlungen; Fälle wurden mit minimalen öffentlichen Informationen und der Feststellung „keine Straftat festgestellt“ abgeschlossen.
DET-1301,DET-1266,hist013,Rechenschaftspflicht,"✘ Amnesty International kritisierte die MAG-Untersuchungen als „operative Nachbesprechungen“, denen es an Unabhängigkeit mangele (Erklärung des UN-Menschenrechtsrats vom Februar 2013)."
DET-1302,DET-1267,hist013,Rechenschaftspflicht,"✘ Die neun Falluntersuchungen von B’Tselem, die den „schweren Verdacht“ von Verstößen gegen das humanitäre Völkerrecht aufkommen ließen, führten über vage MAG-Schreiben hinaus zu keinen substanziellen Antworten."
DET-1303,DET-1268,hist013,Rechenschaftspflicht,"✘ Fall Al-Dalu: Obwohl die israelischen Streitkräfte einen „wahrscheinlichen Fehler“ bei der Tötung von 12 Personen (5 Kinder, 5 Frauen) einräumten, schloss die Militärstaatsanwaltschaft den Fall mit der Begründung, man habe „Bemühungen zur Schadensminimierung“ unternommen – ohne zu erklären, warum diese Bemühungen scheiterten."
DET-1304,DET-1269,hist013,Rechenschaftspflicht,✘ Fall Iyad Abu Khusah: Die Militärjustiz leugnete den Streik trotz dokumentierter Todesfälle und Verletzungen – ein Beispiel für die Krise der Rechenschaftspflicht
DET-1305,DET-1270,hist013,Rechenschaftspflicht,✘ Keine Entschädigungszahlungen an Familien; Sachschäden werden über das israelische Entschädigungssystem mit Verzögerungen abgewickelt.
DET-1306,DET-1271,hist013,Rechenschaftspflicht,"✘ Muster etabliert: Das Militär ermittelt in eigener Sache, gibt nur minimale öffentliche Informationen preis, schließt Fälle ab, keine externe Aufsicht"
DET-1307,DET-1272,hist013,Dokumentation Legacy,"B'Tselem-Bericht (Mai 2013): Eine Felduntersuchung nach höchsten Standards, die neun Fälle mit detaillierten Zeugenaussagen, juristischer Analyse und Kontextdaten dokumentiert."
DET-1308,DET-1273,hist013,Dokumentation Legacy,"Die humanitären Beobachter von UN OCHA lieferten während und nach dem Einsatz Zahlen zu Opfern, Verletzungen und humanitären Folgenabschätzungen."
DET-1309,DET-1274,hist013,Dokumentation Legacy,Al Mezan Zentrum für Menschenrechte: Parallele Dokumentationsbemühungen der Palästinenser; Fälle wurden dem Ankläger des Internationalen Strafgerichtshofs vorgelegt (obwohl Palästina noch kein Mitgliedstaat ist).
DET-1310,DET-1275,hist013,Dokumentation Legacy,"Methodik: Das Untersuchungsmodell von B’Tselem – Feldforscher, benannte Zeugen (mit deren Einverständnis), Analyse des humanitären Völkerrechts, Einreichung beim Militärgerichtshof, Dokumentation der Antworten des Militärgerichtshofs – wurde zur Vorlage"
DET-1311,DET-1276,hist013,Benjamin Netanjahu,Rolle: Premierminister (1949–heute) | Verantwortung: Oberste politische Autorität; autorisierte die Operation und erklärte sie für erfolgreich. Erklärtes Ziel: Raketenangriffe stoppen und die operativen Fähigkeiten der Hamas zerstören. | Spätere Karriere: Amtierte von 2009 bis 2021 als Premierminister; kehrte 2022 zurück (Stand: Dokumentationsdatum). | Rechenschaftspflicht: Wurde nie wegen ziviler Opfer während der Operation untersucht. Erklärte die Operation trotz 87 von B’Tselem dokumentierten zivilen Todesopfern für erfolgreich.
DET-1312,DET-1277,hist013,Ehud Barak,"Rolle: Verteidigungsminister (1942–heute) | Verantwortung: Leitung der Operationen der israelischen Streitkräfte; verantwortlich für Militärstrategie und -durchführung. Das Ministerium erklärte, die Operation sei mit „höchster Professionalität“ und im Einklang mit dem humanitären Völkerrecht durchgeführt worden. | Spätere Karriere: 2013 Ausscheiden aus der Politik; Gründung eines Beratungsunternehmens | Rechenschaftspflicht: Es wurden keine Ermittlungen eingeleitet. Das Generalanwaltskorps der Streitkräfte (MAG) stellte die Ermittlungen ohne Anklageerhebung ein, da trotz Beweisen von B’Tselem für mögliche Verstöße gegen das humanitäre Völkerrecht „kein Verdacht auf eine Straftat“ vorlag."
DET-1313,DET-1278,hist013,Benny Gantz,"Rolle: Generalstabschef der israelischen Streitkräfte (1959–heute) | Verantwortung: Oberbefehlshaber der Streitkräfte während Operationen. Verantwortlich für Einsatzregeln, Zielprotokolle und das Verhalten der israelischen Streitkräfte. Unter seinem Kommando wurden über 1.500 Ziele angegriffen, wobei zivile Opfer dokumentiert wurden. | Spätere Karriere: Verteidigungsminister 2020–2022; Minister ohne Geschäftsbereich 2024–heute | Rechenschaftspflicht: Nie untersucht. Untersuchungen der Militärjustizbehörde (MAG) wurden eingeleitet, aber ohne substanzielle Erklärungen für zivile Opfer oder Zielfehler eingestellt."
DET-1314,DET-1279,hist013,Tal Russo,"Rolle: Kommandeur der israelischen Luftwaffe (1958–heute) | Verantwortung: Befehligte Luftoperationen, die den Großteil der Angriffe umfassten. Die israelische Luftwaffe führte Präzisionsangriffe durch, bei denen dennoch 87 Zivilisten getötet wurden, was Fragen zu Zielverfahren und Verhältnismäßigkeitsprüfungen aufwarf. | Spätere Karriere: Ruhestand 2015; verschiedene Positionen in der Rüstungsindustrie | Rechenschaftspflicht: Trotz der Dokumentation fragwürdiger Angriffe durch B’Tselem wurde nie wegen ziviler Opfer oder fragwürdiger Zielentscheidungen ermittelt."
DET-1315,DET-1280,hist013,Danny Efroni,Funktion: Generalanwalt der Streitkräfte (1961–heute) | Verantwortung: Einleitung von Untersuchungen zu 70 Fällen ziviler Todesopfer. Laut Amnesty International folgten die Untersuchungen eher einem Muster von „operativen Nachbesprechungen“ als unabhängigen strafrechtlichen Ermittlungen. | Spätere Laufbahn: Bis 2016 als Generalanwalt der Streitkräfte tätig | Rechenschaftspflicht: Abgeschlossene Untersuchungen ohne Anklageerhebung. B’Tselem kritisierte das Korps der Militäranwälte der Streitkräfte für „allgemeine und vage“ Antworten ohne substanzielle Erklärungen für die zivilen Opfer.
DET-1316,DET-1281,hist013,Ahmed al-Jabari,Rolle: Militärkommandeur der Hamas (1960–2012 (getötet am 14. November 2012)) | Verantwortung: Chef des militärischen Arms der Hamas (Izz-ad-Din-al-Qassam-Brigaden). Verantwortlich für Raketenoperationen und Militärstrategie. Seine Ermordung löste die Operation „Säule der Verteidigung“ aus. | Spätere Karriere: Nicht bekannt – getötet beim Eröffnungsschlag | Rechtfertigung: Gezielte Tötung als Eröffnungsschlag der Operation. Israel rechtfertigte den Angriff als Präventivmaßnahme gegen unmittelbar bevorstehende Angriffe.
DET-1317,DET-1282,hist013,"B’Tselem. „Menschenrechtsverletzungen während der Operation Säule der Verteidigung, 14.–21. November 2012“ (Mai 2013)","Umfassender 44-seitiger Bericht: 167 Todesfälle von Palästinensern untersucht (87 Zivilisten, 32 Kinder dokumentiert); neun detaillierte Falluntersuchungen mit namentlich genannten Zeugen; Analyse des humanitären Völkerrechts; Stellungnahmen der israelischen Streitkräfte/MAG beigefügt. Menschenrechtsdokumentation auf höchstem Niveau."
DET-1318,DET-1283,hist013,UN OCHA. „Humanitärer Monitor: Oktober-November 2012“,"Offizielle UN-Dokumentation zur Eskalation vor dem Einsatz und zu den Auswirkungen des Einsatzes: Opferzahlen, Daten zu Verletzungen (über 11.100 Palästinenser, darunter 3.374 Kinder), Probleme beim humanitären Zugang. Datenquelle: Schutzcluster."
DET-1326,DET-001,curr_001,Angriff auf medizinische Einrichtung,
DET-1327,DET-002,curr_001,Zielerfassung geschützter Standorte,
DET-1328,DET-003,curr_001,Zivile Todesopfer,
DET-1329,DET-004,curr_001,Angriff auf Vertriebene,
DET-1330,DET-005,curr_001,,Gesundheitsministerium des Gazastreifens
DET-1331,DET-006,curr_001,,Untersuchung von Human Rights Watch
DET-1332,DET-007,curr_001,,UN OCHA
DET-1333,DET-008,curr_001,,Mehrere Zeugenaussagen
DET-1334,DET-009,curr_002,Unverhältnismäßiger Angriff,
DET-1335,DET-010,curr_002,Angriffe auf Zivilisten,
DET-1336,DET-011,curr_002,Kollektivbestrafung,
DET-1337,DET-012,curr_002,Zerstörung von Wohnhäusern,
DET-1338,DET-013,curr_002,,UN OCHA
DET-1339,DET-014,curr_002,,Menschenrechtsbeobachtung
DET-1340,DET-015,curr_002,,Zivilschutz im Gazastreifen
DET-1341,DET-016,curr_002,,Mehrere Nachrichtenagenturen
DET-1342,DET-017,curr_003,Angriffe auf Zivilisten,
DET-1343,DET-018,curr_003,Schüsse auf Hilfsempfänger,
DET-1344,DET-019,curr_003,Hunger als Kriegswaffe,
DET-1345,DET-020,curr_003,Massenmorden,
DET-1346,DET-021,curr_003,,UN OCHA
DET-1347,DET-022,curr_003,,Gesundheitsministerium des Gazastreifens
DET-1348,DET-023,curr_003,,EuroMed Menschenrechtsmonitor
DET-1349,DET-024,curr_003,,Videobeweis
DET-1350,DET-025,curr_004,Angriffe auf UN-Einrichtungen,
DET-1351,DET-026,curr_004,Gefährdung von Schutzgebieten,
DET-1352,DET-027,curr_004,Angriffe auf Vertriebene,
DET-1353,DET-028,curr_004,Zivile Opfer,
DET-1354,DET-029,curr_004,,Offizielle Stellungnahmen des UNRWA
DET-1355,DET-030,curr_004,,Berichte des UN-Generalsekretärs
DET-1356,DET-031,curr_004,,Menschenrechtsbeobachtung
DET-1357,DET-032,curr_005,Außergerichtliche Hinrichtungen,
DET-1358,DET-033,curr_005,Schändung der Toten,
DET-1359,DET-034,curr_005,Verschwindenlassen,
DET-1360,DET-035,curr_005,Kriegsverbrechen,
DET-1361,DET-036,curr_005,,Zivilschutz im Gazastreifen
DET-1362,DET-037,curr_005,,UN OCHA
DET-1363,DET-038,curr_005,,Menschenrechtsbeobachtung
DET-1364,DET-039,curr_005,,EuroMed Menschenrechtsmonitor
DET-1365,DET-040,curr_006,Angriff auf medizinische Einrichtung,
DET-1366,DET-041,curr_006,Verweigerung der medizinischen Versorgung,
DET-1367,DET-042,curr_006,Ziel: Geschützte Website,
DET-1368,DET-043,curr_006,Zivile Todesopfer,
DET-1369,DET-044,curr_006,,WER
DET-1370,DET-045,curr_006,,UN OCHA
DET-1371,DET-046,curr_006,,Menschenrechtsbeobachtung
DET-1372,DET-047,curr_006,,Ärzte ohne Grenzen
DET-1373,DET-048,curr_007,Zielsetzung für Vertriebene,
DET-1374,DET-049,curr_007,Unverhältnismäßige Gewalt,
DET-1375,DET-050,curr_007,Zivile Todesopfer,
DET-1376,DET-051,curr_007,Einsatz von Brandwaffen,
DET-1377,DET-052,curr_007,,UN OCHA
DET-1378,DET-053,curr_007,,Gesundheitsministerium des Gazastreifens
DET-1379,DET-054,curr_007,,Menschenrechtsbeobachtung
DET-1380,DET-055,curr_007,,Videobeweis
DET-1381,DET-056,curr_008,Hilfsorganisationen ins Visier nehmen,
DET-1382,DET-057,curr_008,Zielerfassung deutlich gekennzeichneter Fahrzeuge,
DET-1383,DET-058,curr_008,Kriegsverbrechen,
DET-1384,DET-059,curr_008,Behinderung humanitärer Hilfe,
DET-1385,DET-060,curr_008,,Erklärung der Weltzentralen Küche
DET-1386,DET-061,curr_008,,UN-Sicherheitsrat
DET-1387,DET-062,curr_008,,Menschenrechtsbeobachtung
DET-1388,DET-063,curr_008,,Mehrere Regierungen
DET-1389,DET-064,curr_009,Kollektivbestrafung,
DET-1390,DET-065,curr_009,Zerstörung ziviler Infrastruktur,
DET-1391,DET-066,curr_009,erzwungene Verschiebung,
DET-1392,DET-067,curr_009,Kriegsverbrechen,
DET-1393,DET-068,curr_009,,UN OCHA
DET-1394,DET-069,curr_009,,Satellitenbildanalyse
DET-1395,DET-070,curr_009,,Menschenrechtsbeobachtung
DET-1396,DET-071,curr_009,,UN-Satellitenzentrum
DET-1397,DET-072,curr_010,Hunger als Kriegswaffe,
DET-1398,DET-073,curr_010,Völkermord,
DET-1399,DET-074,curr_010,Kollektivbestrafung,
DET-1400,DET-075,curr_010,Verbrechen gegen die Menschlichkeit,
DET-1401,DET-076,curr_010,Verweigerung humanitärer Hilfe,
DET-1402,DET-077,curr_010,,UN-Sonderberichterstatter
DET-1403,DET-078,curr_010,,Welternährungsprogramm
DET-1404,DET-079,curr_010,,Menschenrechtsbeobachtung
DET-1405,DET-080,curr_010,,Genozid-Watch
