incident_id,_anchor,facility_id,attack_type_de,result_de,description_de,full_discription_de
INC-000,Al Ahli Arab Hospital,FAC-009,Bombardierung,"Am 4. Dezember wurde die Umgebung des Al-Ahli-Krankenhauses in Gaza-Stadt bombardiert, wobei mehrere Todesopfer zu beklagen waren.",,
INC-001,Al-Shifa Medical Complex,FAC-000,105-mm-Artillerie-Leuchtgranate,"Ein Verletzter befand sich unter den Zivilisten, die auf dem Krankenhausgelände Schutz gesucht hatten.","In den frühen Morgenstunden der Trauer wurde ein Zivilist, der auf dem Krankenhausgelände Schutz gesucht hatte, durch ein Munitionsfragment verletzt.",
INC-002,Al-Shifa Medical Complex,FAC-000,120-mm-Sprengstoffpanzergranate,Es entstanden Schäden an der Krankenhauswand und ein Teil der Decke stürzte ein.,Die Überreste der Munition lassen auf ein Leitwerk einer 120-mm-Sprenggranate eines israelischen Panzers schließen; die Folgen des Angriffs zeigen zwei große Löcher in einer Wand des Krankenhauses und einen eingestürzten Teil der Decke.,
INC-003,Al-Shifa Medical Complex,FAC-000,Unbekannt,"ein durchlöchertes Blechdach eines Unterstands im Krankenhaus und verletzte Menschen, darunter auch Kinder.","Ein Video zeigt strukturelle Schäden am Dach eines Schutzraums im Krankenhaus sowie Menschen, darunter verletzte Kinder, die auf dem Boden liegen.",
INC-004,Al Ahli Arab Hospital,FAC-009,Raketenangriff,"Das Diagnostische Krebsbehandlungszentrum wurde von einer israelischen Rakete getroffen. Zwei obere Stockwerke des Zentrums, in denen sich die Ultraschall- und Mammographieabteilungen befinden, wurden schwer beschädigt. Vier medizinische Mitarbeiter wurden bei der Explosion verletzt.",Das Diagnostikzentrum ist das Kronjuwel des Ahli-Krankenhauses und bietet Krebsdiagnosen als Vorstufe zu verschiedenen Behandlungsoptionen sowohl im Ahli-Krankenhaus als auch in anderen Einrichtungen.,
INC-005,Al Ahli Arab Hospital,FAC-009,Bombardierung,471 Menschen wurden getötet und 342 verletzt.,"Eine verheerende Explosion, möglicherweise durch einen Luftangriff verursacht, erschütterte den Innenhof des Krankenhauses, setzte geparkte Fahrzeuge in Brand und tötete Hunderte von Menschen, die auf den umliegenden Rasenflächen kampierten. Das Gebiet war dicht mit Binnenvertriebenen besiedelt, die aufgrund der heftigen Bombardierungen in den Nachbargebieten geflohen waren.",
INC-006,Al Ahli Arab Hospital,FAC-009,Belagerung / Einkesselung,"Am 16. November begannen israelische Streitkräfte, darunter auch Panzer, das Krankenhaus zu belagern. Diese Belagerung dauerte bis zum 18. November unter schwerem Bombardement und Gewehrfeuer an.","Während der gesamten Belagerung war es den medizinischen Teams nicht möglich, nach draußen zu gelangen und die Verletzten sicher zu erreichen.",
INC-007,Al Ahli Arab Hospital,FAC-009,Luftangriff,Ein Luftangriff am 14. Dezember traf die Gegend und verursachte erhebliche Schäden an den Krankenhauseinrichtungen. Es wurden keine Opfer gemeldet.,,
INC-008,Al Ahli Arab Hospital,FAC-009,Zwangsevakuierung,Evakuiert aus Angst vor verstärkten militärischen Aktivitäten,"Am 8. Juli wurde das Al-Ahli-Baptistenkrankenhaus aus Angst vor verstärkten militärischen Aktivitäten, die es unzugänglich oder funktionsunfähig machen würden, evakuiert, und kritisch kranke Patienten wurden in andere Krankenhäuser verlegt.",
INC-009,Al Ahli Arab Hospital,FAC-009,Überlastung / Kapazitätskrise,Überwältigt von dem Massenunfall,"Rund 70 Leichen wurden ins Krankenhaus gebracht, einige konnten aufgrund der durch die Explosion verursachten Entstellungen nicht identifiziert werden. Das Krankenhaus war angesichts des Massenanfalls von Verletzten und eines akuten Mangels an Medikamenten, sauberem Wasser und Krankenhausbetten völlig überlastet.",
INC-010,Al Ahli Arab Hospital,FAC-009,Streik / Zwangsevakuierung,"Am 13. April wurde das Al-Ahli-Krankenhaus von zwei Angriffen getroffen, die das Notfallgebäude zerstörten. Die Aufnahme, das Labor und die Apotheke wurden ebenfalls zerstört, und die Kirche, in der viele Patienten untergebracht waren, wurde beschädigt. Das Labor ist das einzige in Gaza, das bestimmte Tests durchführt. Das Krankenhaus ist vorübergehend außer Betrieb.","Vor den Angriffen hatte das israelische Militär Berichten zufolge eine Evakuierungsanordnung erlassen, die medizinisches Personal und Patienten zur Evakuierung zwang. Obwohl zunächst keine Opfer gemeldet wurden, starb ein Kind Berichten zufolge aufgrund der Unterbrechung der medizinischen Versorgung während der Evakuierung. Laut dem Generaldirektor des Gesundheitsministeriums, Dr. Munir Al Bursh, wurden die Aufnahmeabteilung, das Labor und die Apotheke vollständig zerstört, während die Kirche, in der viele Patienten untergebracht waren, beschädigt wurde. Das Gesundheitsministerium erklärte, das Krankenhaus sei vorübergehend außer Betrieb und alle Leistungen seien auf drei andere Krankenhäuser, darunter ein Feldlazarett in Gaza-Stadt, verlegt worden.",
INC-011,Al Ahli Arab Hospital,FAC-009,Luftangriff,Bei einem Luftangriff auf den Hof des Al-Ahli-Arab-Krankenhauses wurden vier Journalisten getötet und drei weitere verletzt.,,
INC-012,Al Ahli Arab Hospital,FAC-009,Raketenangriff,"Am 8. September schlug eine Rakete im Innenhof des Al-Ahli-Arabischen Krankenhauses in Gaza-Stadt ein, wobei ein Mensch getötet und mehrere weitere verletzt wurden.",,
INC-013,Al Ahli Arab Hospital,FAC-009,Drohnenangriff,Berichten zufolge wurden sieben palästinensische Männer im Hof ​​des Al-Ahli-Krankenhauses getötet und weitere verletzt.,,
INC-014,Al Emirati Field Hospital,ID Not Found,Luftangriff (Umgebung),"Am 2. März wurden Zelte von Binnenvertriebenen und Menschen, die sich vor dem Feldlazarett Al Emirati versammelt hatten, bei israelischen Luftangriffen getroffen. Elf Menschen wurden getötet und etwa 50 weitere verletzt.",Unter den Todesopfern befanden sich eine Krankenschwester und ein Mitglied der Sanitätsmannschaft des Feldlazaretts.,
INC-015,Al Emirati Field Hospital,ID Not Found,Zugang beschränkt,Aufgrund erheblicher Zugangsprobleme bleibt es nur teilweise funktionsfähig.,,
INC-016,Al Helou International Hospital,FAC-023,Beschuss,Das Krankenhaus wurde direkt von Granaten getroffen.,"Am 1. November um 20:00 Uhr wurde das Al-Hilo-Krankenhaus, ebenfalls in Gaza-Stadt, Berichten zufolge von Granaten getroffen; das Krankenhaus hatte die Entbindungsstation des Shifa-Krankenhauses übernommen und ersetzt, die nun zur Behandlung der Verwundeten genutzt wird.",
INC-017,Al Helou International Hospital,FAC-023,schlagen,durch Einschläge in der Nähe entstandene Schäden,,
INC-018,Al Karama Specialized Hospital,FAC-015,Zwangsevakuierung,Das Krankenhaus musste evakuiert werden und ist nicht mehr in Betrieb.,"Laut WHO war es eines von vier Krankenhäusern im nördlichen Gazastreifen, die evakuiert werden mussten.",
INC-019,Al-Amal Hospital,FAC-005,Bombardierungsumgebung,Heftiger Bombenangriff 500 Meter vom Krankenhaus entfernt,"Ein Video zeigt heftigen Beschuss, der sich vor Stunden in Khan Younis südlich des Gazastreifens ereignete, nur 500 Meter vom Hauptquartier der Volksrepublik China und dem Al-Amal-Krankenhaus entfernt.",
INC-020,Al-Amal Hospital,FAC-005,Bombardierung,"Krankenhaus getroffen und beschädigt [OCHA Flash-Update Nr. 63], Fenster zersplittert und Türen durch Bombenangriff in der Gegend zerstört [Muslim Network TV]","Das Al-Amal-Krankenhaus und das angrenzende Hauptquartier der Volksrepublik China wurden bei Bombardierungen in der Region getroffen. Ein Haus in der Nähe des Krankenhauses wurde angegriffen, wodurch im Al-Amal-Krankenhaus Fensterscheiben zersplitterten und Türen beschädigt wurden. Zu diesem Zeitpunkt befanden sich 14.000 Binnenvertriebene im Gebäude, und der Vorfall löste Panik aus.",
INC-021,Al-Amal Hospital,FAC-005,Nicht spezifiziert,"Zuvor war das Krankenhaus von einem Stromausfall betroffen, woraufhin auch noch der einzige Generator ausfiel.","Am 14. November kam es im Al-Amal-Krankenhaus in Khan Younis im Süden zu einem Stromausfall, nachdem der einzige Generator ausgefallen war, wie der Philippinische Zivilschutzdienst (PRCS) mitteilte. Dadurch waren 90 Patienten gefährdet, 25 davon in kritischem Zustand. Zusätzlich suchen 9.000 Binnenvertriebene im Krankenhaus und auf dem Gelände des PRCS Zuflucht.",
INC-022,Al-Amal Hospital,FAC-005,Belagerung,Drei Tage hintereinander fiel der Hauptgenerator wegen Treibstoffmangels aus.,"Drei Tage in Folge fiel der Hauptgenerator des Al-Amal-Krankenhauses in Khan Younis aufgrund von Treibstoffmangel aus. Das Krankenhaus betreibt seitdem einen kleinen Generator, der den Kreißsaal und die Beleuchtung im Empfangsbereich mit Strom versorgt. Über 8.000 Binnenvertriebene suchen in dieser völlig überfüllten Einrichtung Schutz. Am 15. November versagte auch dieser einzige funktionierende Generator, wodurch die Kommunikation im Krankenhaus unterbrochen wurde und das Leben von 90 Patienten, darunter 25 Intensivpatienten, in Gefahr geriet.",
INC-023,Al-Amal Hospital,FAC-005,nicht identifizierte Umgebung,Bei einem Angriff im Bereich des Al-Amal-Krankenhauses und des Hauptquartiers der Volksrepublik China wurden 12 Personen verletzt (darunter auch Mitarbeiter der Volksrepublik China).,"Bei einem Angriff israelischer Kampfflugzeuge auf die Umgebung des Al-Amal-Krankenhauses und des Hauptquartiers der Volksrepublik China in Khan Younis, wo derzeit rund 14.000 Menschen Zuflucht finden, wurden 12 Angehörige der PRCS-Teams und Vertriebene verletzt. [PRCS on X]",
INC-024,Al-Amal Hospital,FAC-005,nicht identifizierte Umgebung,In der Nähe des Krankenhauses schlugen Splitter ein und versetzten die Patienten in Angst und Schrecken.,"Am 21. und 22. Dezember wurden die umliegenden Krankenhäuser Al-Amal und European in Khan Younis im Süden des Gazastreifens angegriffen. Beide Krankenhäuser sind wichtige medizinische Einrichtungen. Es wurden keine Opfer gemeldet, doch der pakistanische Militärrat (PRCS) gab bekannt, dass Granatsplitter in das Gebäude des Al-Amal-Krankenhauses eindrangen und bei Patienten und Binnenvertriebenen Angst und Panik auslösten.",
INC-025,Al-Amal Hospital,FAC-005,Drohnenangriff,"Der 13-jährige Amir Rami Ouda wurde durch einen Drohnenangriff getötet, während er und seine Familie im Hauptquartier von Al-Amal/PRCS Schutz suchten.","Amir und seine Familie glaubten, in der PRCS-Einrichtung in Sicherheit zu sein, doch tragischerweise irrten sie sich. Der 13-Jährige verlor heute im PRCS-Al-Amal-Krankenhaus in Khan Younis sein Leben, nachdem er von einer israelischen Drohne getroffen worden war [PRCS on X]. Amir und seiner Familie war geraten worden, in der PRCS-Einrichtung zu bleiben, da diese eine sichere Zone sei. Amir spielte gerade mit seinen Cousins, als er getötet wurde.",
INC-026,Al-Amal Hospital,FAC-005,Streiks-Umgebung,In der Nähe eines Krankenhauses kam es den zweiten Tag in Folge und zum fünften Mal in dieser Woche zu einem Anschlag [OCHA-Eilmeldung Nr. 79]. Bei dem jüngsten Anschlag wurden zehn Menschen getötet und 21 verletzt; am Vortag waren Berichten zufolge 31 Menschen getötet und 25 verletzt worden [WAFA].,"Am 28. Dezember wurde die Gegend um das Al-Amal-Krankenhaus laut Angaben des Palästinensischen Roten Halbmonds (PRCS) den zweiten Tag in Folge und den fünften Tag in dieser Woche angegriffen. Zehn Menschen kamen bei diesem Angriff ums Leben, am Vortag waren es 31. Bei beiden Angriffen wurden Dutzende verletzt. Schätzungsweise 14.000 Binnenvertriebene suchen im Krankenhaus und seiner Umgebung Schutz.",
INC-027,Al-Amal Hospital,FAC-005,Invasion,"Das israelische Militär stürmte zum dritten Mal den Innenhof, eröffnete das Feuer und traf fünf Fahrzeuge, darunter drei Krankenwagen.","Die schweren Kämpfe in der Nähe der Krankenhäuser Nasser und Al-Amal in Khan Younis dauern an und gefährden die Sicherheit des medizinischen Personals, der Verwundeten und Kranken sowie Tausender Binnenvertriebener, die in den Krankenhäusern Zuflucht suchen. Am 1. Februar berichtete der Palästinensische Rote Halbmond (PRCS), dass das israelische Militär zum dritten Mal die Höfe des Krankenhauses gestürmt und das Feuer eröffnet habe. Dabei wurden fünf Fahrzeuge, darunter drei Krankenwagen, getroffen.",
INC-028,Al-Amal Hospital,FAC-005,Beschussumgebung,"Bei einem Beschuss am Eingang von Al-Amal wurde eine Person getötet, und Israel erließ eine Evakuierungsanordnung für ein Gebiet, das auch Al-Amal umfasst.","Am 23. Januar wurde die Umgebung des Al-Amal-Krankenhauses in Khan Younis Berichten zufolge beschossen, während es rund um das Krankenhaus zu heftigen Kämpfen kam; ein Palästinenser soll am Eingang des Al-Amal-Krankenhauses getötet worden sein.",
INC-029,Al-Amal Hospital,FAC-005,schlagen,"Das Hauptquartier der Volksrepublik China in Al-Amal wurde angegriffen, wobei 3 Menschen getötet und mindestens 2 weitere verletzt wurden.","Am 24. Januar wurde der Eingang des Hauptquartiers der Palästinensischen Volkskongressorganisation (PRCS) Berichten zufolge angegriffen, wobei mindestens drei Palästinenser getötet und zwei weitere verletzt wurden. Die PRCS erklärte, sie sei gezwungen, Binnenvertriebene, die auf dem Gelände Schutz suchen, um Blutspenden zu bitten, da die Mitarbeiter keinen Zugang zu Blutbanken hätten.",
INC-030,Al-Amal Hospital,FAC-005,Bombardierungsumgebung,Schwere Bombardierungen in der Region gefährden die Sicherheit von Patienten und Krankenhauspersonal.,"Die Besatzungsmächte bombardieren weiterhin die Umgebung des Krankenhauses und eröffnen das Feuer, wodurch die Sicherheit des medizinischen Personals, der Verwundeten, der Patienten und von etwa 7000 Vertriebenen, die dort Zuflucht vor den israelischen Bombardierungen gesucht haben, gefährdet wird.",
INC-031,Al-Amal Hospital,FAC-005,"Granatsplitter, Evakuierung, Angriff",Granatsplitter trafen das Krankenhaus und töteten angeblich einen Menschen und verletzten neun weitere. Laut dem israelischen Militärrat (PRCS) wurde das Krankenhaus später gestürmt und die Menschen unter Waffengewalt zur Evakuierung gezwungen. Die israelischen Streitkräfte (IDF) dementieren dies. Zudem musste die chirurgische Station am 29. Januar aufgrund von Sauerstoffmangel den Betrieb einstellen. Die Kämpfe in der Region behindern den Zugang von Rettungskräften und medizinischem Personal zu den Verletzten.,"Am 30. Januar fielen Granatsplitter auf das Hauptquartier von Al-Amal und der Volksrepublik China, wobei ein Mensch getötet und neun weitere verletzt wurden. Die israelischen Streitkräfte (IDF) ordneten unter Waffengewalt die Evakuierung des Krankenhausgebäudes an (OCHA Flash Update #106). Später stürmten israelische Streitkräfte das Krankenhaus, zerstörten eine der Gebäudewände und setzten scharfe Munition sowie Rauchbomben ein. Schätzungsweise 7.000 Binnenvertriebene suchten zu diesem Zeitpunkt in der Einrichtung Schutz. WAFA berichtet, dass die Invasion zu einem Brand in den Zelten einiger Vertriebener führte.",
INC-032,Al-Amal Hospital,FAC-005,"Schüsse, Invasion","Der Krankenhaushof wurde von israelischen Streitkräften gestürmt. Zwei Krankenhausmitarbeiter wurden am Eingang durch israelisches Feuer getötet, und laut einem Bericht von Al Jazeera wurden mindestens zehn Menschen verletzt. Eine Frau und ein Säugling starben im Krankenhaus aufgrund von Sauerstoffmangel. Al Jazeera berichtete von zwölf Toten und sechs Verletzten, doch der von ihnen als Quelle angegebene Beitrag des PRCS ist nicht mehr verfügbar, und diese Zahlen tauchen in anderen Quellen nicht auf.","Am 31. Januar meldete der Palästinensische Rote Halbmond (PRCS), dass ein Mitarbeiter des Al-Amal-Krankenhauses in der Nähe des Krankenhaustors durch Schüsse getötet wurde. Am selben Tag starben laut PRCS eine ältere Frau und ein Säugling im Al-Amal-Krankenhaus an Sauerstoffmangel und wurden im Krankenhaushof beerdigt. Ebenfalls am 31. Januar berichtete der PRCS, dass der Innenhof des Al-Amal-Krankenhauses gestürmt und israelische Streitkräfte vor dem Außentor der Notaufnahme positioniert worden seien. Am 31. und 30. Januar wurden Angriffe in der Nähe des Al-Amal-Krankenhauses und des PRCS-Hauptsitzes in Khan Younis gemeldet. [OCHA 107]",
INC-033,Al-Amal Hospital,FAC-005,schlagen,"Fünf Tote und drei Verletzte, darunter ein Ersthelfer; erhebliche Sachschäden an der Anlage.","Das Al-Amal-Krankenhaus wurde angegriffen, wobei fünf Vertriebene, darunter ein fünf Tage altes Baby, ums Leben kamen und drei weitere verletzt wurden. Unter den Verletzten befand sich ein freiwilliger Ersthelfer. Der Angriff beschädigte das Krankenhausgebäude schwer, und viele der 14.000 dort Schutzsuchenden beschlossen, das Krankenhaus zu verlassen. Die im Krankenhaus verbliebenen Vertriebenen sorgen sich um ihre Sicherheit und erwägen ebenfalls, das Krankenhaus zu verlassen.",
INC-034,Al-Amal Hospital,FAC-005,Beschussumgebung,Das Gebäude wurde durch heftigen Beschuss in der Nähe des Krankenhauses beschädigt.,"Am 14. und 15. Februar meldete die PRCS, dass das Al-Amal-Krankenhausgebäude durch heftigen Beschuss in der Nähe des Krankenhauses beschädigt wurde.",
INC-035,Al-Amal Hospital,FAC-005,unbekannt,Im zweiten Stock traf ein Tankbrand zwei Krankenstationen,"Panzerabwehrpanzer haben soeben das zweite Stockwerk des Al-Amal-Krankenhauses in Khan Yunis angegriffen und dabei zwei Krankenzimmer schwer beschädigt. Glücklicherweise wurden weder Personal noch Patienten verletzt. Es ist anzumerken, dass die Panzerabwehrpanzer seit zwei Wochen die Krankenhaustore blockieren und so jegliche Hilfslieferungen und logistische Versorgung verhindern.",
INC-036,Al-Amal Hospital,FAC-005,Artilleriebeschuss,"Drittes Stockwerk durch Artilleriebeschuss beschädigt, zentraler Wartungsraum zerstört","Am 18. Februar meldete die PRCS, dass das dritte Stockwerk des Krankenhauses durch Artilleriebeschuss beschädigt und der zentrale Wartungsraum zerstört worden sei.",
INC-037,Al-Amal Hospital,FAC-005,Artilleriebeschuss,"Bombardierungen verursachten Schäden an Gebäuden, darunter auch an der Meerwasserentsalzungsanlage, die außer Betrieb gesetzt wurde, sodass nur noch Trinkwasser für drei Tage vorhanden war.","Am 19. Februar berichtete PRCS, dass die Meerwasserentsalzungsanlage der Einrichtung nach einem Angriff israelischer Streitkräfte außer Betrieb sei und das verfügbare Trinkwasser nur noch für drei Tage reiche. Die Einrichtung leidet bereits unter einem Mangel an Treibstoffreserven zur Stromversorgung von Risikopatienten und fast erschöpften Lebensmittelvorräten. Berichten zufolge wurde sie zudem durch jüngsten Artilleriebeschuss beschädigt.",
INC-038,Al-Amal Hospital,FAC-005,Bombardierung,Bei dem Angriff auf das dritte und vierte Stockwerk des Krankenhauses wurden vier Personen verletzt und zwei Zimmer in Brand gesetzt.,"Das Al-Amal-Krankenhaus ist derzeit mehreren Angriffen ausgesetzt. Israelische Streitkräfte haben das dritte Stockwerk des Krankenhauses direkt angegriffen und dabei zwei Räume in Brand gesetzt. Zusätzlich wurden die Wasserleitungen des Krankenhauses beschädigt. Außerdem wurde ein gegenüberliegendes Haus angegriffen, während sich ein Team des Palästinensischen Hilfswerks für Zivilisten (PRCS) und eine Delegation des UNRWA im Innenhof des Al-Amal-Krankenhauses aufhielten (PRCS auf Facebook). In einem Beitrag auf Facebook (X) gibt das PRCS an, dass drei Begleitpersonen von Patienten bei dem Angriff verletzt wurden. Der humanitäre Reaktionsbericht Nr. 3/2024 spricht hingegen von vier verletzten Mitarbeitern und Patienten. Aufgrund unklarer Angaben werden diese vier Verletzungen als zivile Verletzungen erfasst. Verschiedene Quellen berichten zudem, dass das dritte oder vierte Stockwerk des Krankenhauses angegriffen wurde.",
INC-039,Al-Amal Hospital,FAC-005,Umgebung bombardiert,Die Umgebung von Al-Amal und der Volksrepublik China wurde mehrfach bombardiert.,"Am 3. Januar wurde das Gebiet um das Al-Amal-Krankenhaus und das Hauptquartier des Palästinensischen Roten Halbmonds (PRCS) in Khan Younis im Laufe des Tages mehrfach bombardiert. Die Zahl der Opfer ist noch unbestätigt. Mehrere vertriebene Familien, die in dem Gebäude und im Hauptquartier des PRCS Schutz gesucht hatten, versuchten infolge der Bombardierungen vom 2. Januar zu evakuieren. Ein vom PRCS betriebenes Ausbildungszentrum innerhalb des Krankenhauskomplexes wurde schwer beschädigt. Vertreter des Büros für die Koordinierung der Koordinierungsstellen für humanitäre Angelegenheiten (OCHA) und der Weltgesundheitsorganisation (WHO) besuchten das Krankenhaus und stellten das Ausmaß der Zerstörung und die Vertreibung von Zivilisten fest. Schätzungsweise 14.000 Menschen suchten zum Zeitpunkt des Angriffs im Krankenhaus Schutz.",
INC-040,Al-Amal Hospital,FAC-005,Invasion / Bodenangriff,"Das israelische Militär hat das Krankenhauspersonal und verletzte Patienten gezwungen, das Al-Amal-Krankenhaus zu evakuieren und die Eingänge mit Erdbarrieren verschlossen; das Krankenhaus ist nicht mehr in Betrieb.","In Khan Younis zwang das israelische Militär inmitten intensiver Militäroperationen Krankenhauspersonal und verletzte Patienten mit Hilfe von Rauchbomben zur Evakuierung des Al-Amal-Krankenhauses. Laut dem Palästinensischen Roten Halbmond (PRCS) wurde zudem das Krankenhaustor geschlossen und die Zufahrtsstraßen mit Erdbarrieren blockiert. Ab der Nacht zum 24. März saßen Personal und Patienten 20 Stunden lang in Krankenwagen vor dem Krankenhaus fest, da die umliegenden Straßen beschädigt und von der israelischen Armee (IDF) errichtete Erdbarrieren errichtet worden waren. Als zwei Personen versuchten, Trümmer von der Straße zu räumen, wurden sie von IDF-Soldaten beschossen (PRCS am X). Am 25. März evakuierten der PRCS, das Internationale Komitee vom Roten Kreuz (IKRK) und OCHA sechs Patienten und eine Begleitperson sowie 27 Mitarbeiter und bargen die Leichen zweier im Krankenhaus getöteter Personen, darunter ein PRCS-Freiwilliger, der dem Notfallzentrum angehörte. Seit dem 26. März sind sowohl das Krankenhaus als auch die nahegelegene PRCS-Zentrale außer Betrieb. Am selben Tag veröffentlichte die IFRC eine Erklärung, in der sie betonte, dass die seit über 40 Tagen andauernden Kampfhandlungen im und um das Al-Amal-Krankenhaus die Teams und Patienten der Volksrepublik China in große Gefahr gebracht hätten und dass die „erzwungene Schließung des Al-Amal-Krankenhauses, einer der wenigen verbliebenen medizinischen Einrichtungen im Süden [und des zweiten geschlossenen Krankenhauses der Volksrepublik China], weitreichende Folgen hat und unzählige Menschenleben gefährdet.“ [OCHA Flash Update #147]",
INC-041,Al-Amal Hospital,FAC-005,Umgebung bombardiert,Dritter Tag in Folge Bombardierung des Gebiets um das Al-Amal-Krankenhaus mit zahlreichen Toten und Verletzten sowie Schäden an den Kommunikationsleitungen.,"Am 4. Januar wurde die Gegend um das Al-Amal-Krankenhaus und das Hauptquartier des Palästinensischen Roten Halbmonds (PRCS) in Khan Yunis den dritten Tag in Folge angegriffen. Der PRCS berichtete, dass sieben Binnenvertriebene, die in dem Gelände Schutz gesucht hatten, darunter ein fünf Tage altes Baby, getötet wurden (fünf Todesfälle, darunter der Tod des Babys, ereigneten sich am 2. Januar, zwei weitere am 3. oder 4. Januar). Elf weitere Personen wurden im Laufe der dreitägigen Bombardierungen verletzt (drei am 2. Januar, acht weitere am 3. oder 4. Januar). Der PRCS berichtete außerdem, dass Dutzende Wohnhäuser und Menschen, die sich am Eingang des Al-Amal-Krankenhauses versammelt hatten, getroffen wurden, was zu Dutzenden weiteren Toten und Verletzten führte (OCHA Flash Update #84). Darüber hinaus wurde durch den Beschuss die Sendestation der PRCS-VHF-Kommunikation zerstört. Dies war das einzige Kommunikationsmittel im PRCS-Hauptquartier in Khan Yunis, nachdem alle Kommunikationsmittel im Gouvernement Khan Yunis zerstört worden waren. Die Beschädigung des VHF-Kommunikationssystems stellt ein großes Hindernis für die Reaktion der Rettungswagenbesatzungen auf Verletzte, Kranke und humanitäre Notfälle dar [PRCS-Bericht vom 4. Januar 2024].",
INC-042,Al-Amal Hospital,FAC-005,Drohnenangriff,Zweiter Stock des Rehabilitationstraktes des Krankenhauses von israelischen Drohnen getroffen,"Heute wurde die Rehabilitationsabteilung im zweiten Stock des PRCS Al-Amal Krankenhauses direkt von israelischen Drohnen beschossen. Es ist wichtig zu erwähnen, dass sich Patienten zur Überwachung und Behandlung in der Abteilung befanden, aber weder Mitarbeiter noch Patienten verletzt wurden. [PRCS on X]",
INC-043,Al-Amal Hospital,FAC-005,unbekannt,"Auf der Facebook-Seite der PRCS wurden Aufnahmen veröffentlicht, die die Schäden am Al-Amal-Krankenhaus nach dem Abzug der israelischen Streitkräfte zeigen.","Die vorsätzliche Zerstörung des Al-Amal-Krankenhauses der Volksrepublik China (PRCS) in Khan Yunis durch israelische Besatzungstruppen hat massive Verwüstung angerichtet und das Krankenhaus unbrauchbar gemacht. Nach dem Eindringen setzten die Soldaten Gewalt, Schüsse und Rauchbomben ein, um die Anwesenden zur Evakuierung zu zwingen [PRCS auf Facebook].",
INC-044,Al-Amal Hospital,FAC-005,"Feindseligkeitsumfeld, eingeschränkter Zugang",Das Krankenhaus ist aufgrund der Feindseligkeiten in der Region praktisch außer Betrieb; neue Patienten können aufgrund der Zugangsbeschränkungen nicht aufgenommen werden.,"Der Zugang zum Krankenhaus ist versperrt, wodurch neue Patienten nicht behandelt werden können und es zu weiteren vermeidbaren Todesfällen kommt. Das Krankenhaus hat noch Patienten, die Hilfe benötigen, nimmt aber keine neuen mehr auf. Zwei Notfallteams – ein nationales und ein internationales – tun ihr Bestes, um die verbliebenen Patienten mit den begrenzten medizinischen Vorräten zu versorgen.",
INC-045,Al-Aqsa Martyrs Hospital,FAC-006,Unbekannt,Zelt im Innenhof des Al-Aqsa-Krankenhauses getroffen,"Während sich das WHO-Team in der medizinischen Einrichtung aufhielt, wurde im Außenbereich des Krankenhauses ein Zelt von Binnenvertriebenen getroffen, wobei vier Zivilisten getötet und mindestens 17 weitere, darunter acht Journalisten, verletzt wurden.",
INC-046,Al-Aqsa Martyrs Hospital,FAC-006,Luftangriff (Hubschrauber),"Berichten zufolge wurden fünf Palästinenser getötet und fünfzehn weitere verletzt, als Zelte von Binnenvertriebenen in der Nähe der Außenkliniken des Krankenhauses getroffen wurden.","Berichten zufolge wurden fünf Palästinenser getötet und 15 weitere, darunter Kinder, verletzt, als Zelte von Binnenvertriebenen in der Nähe der Außenkliniken des Krankenhauses von einem Hubschrauber der israelischen Verteidigungsstreitkräfte getroffen wurden. Der Angriff führte zur Zerstörung und Verbrennung vieler Zelte in dem Gebiet.",
INC-047,Al-Aqsa Martyrs Hospital,FAC-006,Luftangriff,"Die Zelte der Binnenvertriebenen wurden von israelischen Kampfflugzeugen beschossen, was zu zahlreichen Verletzten und Sachschäden führte.","Laut einer Erklärung des Medienbüros der Regierung von Gaza beschossen israelische Kampfflugzeuge Zelte, in denen vertriebene Palästinenser innerhalb der Mauern des Krankenhauses Schutz suchten, was zu einer Reihe von Verletzten und Sachschäden führte.",
INC-048,Al-Aqsa Martyrs Hospital,FAC-006,Streiks,"Das Dach des Verwaltungsgebäudes wurde getroffen, Wassertanks und Solarpaneele wurden beschädigt.","Laut Gesundheitsministerium wurde das Dach des Verwaltungsgebäudes getroffen. Der Sprecher des Krankenhauses erklärte, dass das Krankenhaus von drei Bomben getroffen wurde, wodurch Wassertanks und Solaranlagen beschädigt wurden. Der medizinische Betrieb im Krankenhaus laufe jedoch weiter.",
INC-049,Al-Aqsa Martyrs Hospital,FAC-006,Direkter Treffer (Umgebung),indirekter Schaden am Gebäude,"Zwischen dem 17. und 19. Mai wurden das Al-Aqsa-Krankenhaus in Deir al-Balah, das jordanische Feldlazarett in Khan Younis und das Kamal-Adwan-Krankenhaus im Nord-Gaza indirekt beschädigt, als nahegelegene israelische Angriffe ihre Gebäude oder die Umgebung trafen.",
INC-050,Al-Aqsa Martyrs Hospital,FAC-006,Direkter Schlag,"Der Innenhof wurde mit einem Bombenanschlag auf ein Zelt von Binnenflüchtlingen getroffen, wobei fünf Personen, darunter zwei Journalisten, verletzt wurden. Die internistische Abteilung des Krankenhauses und die Sauerstoffversorgungsleitung wurden beschädigt.","Am 30. Juni wurde ein Zelt, in dem Binnenvertriebene im Umfeld des Krankenhauses untergebracht waren, getroffen. Laut WHO wurden dabei fünf Menschen, darunter zwei Journalisten, verletzt. Die internistische Abteilung des Krankenhauses und die Sauerstoffversorgungsleitung wurden beschädigt.",
INC-051,Al-Awda Hospital,FAC-003,Bombardierung,"Ein Rettungssanitäter wurde verletzt, und zwei Krankenwagen scheinen beschädigt zu sein.","Ein Streifenwagen der Polizei wurde verletzt; Bilder zeigen zwei beschädigte Krankenwagen des Palästinensischen Roten Halbmonds in der Nähe des Krankenhauses. Ein weiteres Video zeigt Menschen, die inmitten heftigen Beschusses in einem Krankenwagen Schutz suchen.",
INC-052,Al-Awda Hospital,FAC-003,Bombardierung (Umgebung),Bombardierung der Umgebung. Einige Krankenwagen wurden außer Betrieb genommen.,Bei wiederholten Bombenangriffen der Besatzungstruppen in der Nähe des Krankenhauses wurden mehrere medizinische Mitarbeiter des Krankenhauses sowie einige Sanitäter des Palästinensischen Roten Halbmonds verletzt. Die Angriffe verursachten zudem schwere Schäden am Krankenhaus und an mehreren Krankenwagen.,
INC-053,Al-Awda Hospital,FAC-003,Angriff,"Bei dem Anschlag kamen drei Ärzte und ein Begleitperson eines Patienten ums Leben, viele Patienten wurden verletzt.","Das Al-Awda-Krankenhaus wurde bei einem Luftangriff bombardiert, wobei das dritte und vierte Stockwerk des Gebäudes direkt getroffen wurden. Dabei kamen drei medizinische Fachkräfte ums Leben: zwei Ärzte von Ärzte ohne Grenzen – Dr. Mahmoud Abu Nujaila und Dr. Ahmad Al Sahar – sowie ein Arzt des Gesundheitsministeriums, Dr. Ziad Al-Tatari, und ein Begleitperson eines Patienten. Weitere Mitarbeiter von Ärzte ohne Grenzen und Patienten wurden schwer verletzt.",
INC-054,Al-Awda Hospital,FAC-003,"Artilleriebeschuss, Scharfschützenfeuer",Durch israelischen Beschuss entstandene Schäden. Israelische Scharfschützen beschossen das Krankenhaus.,Das Al-Awda-Krankenhaus in Jabalia – eines von nur zwei noch betriebsbereiten Krankenhäusern im Norden – wurde von israelischen Streitkräften umstellt und durch israelischen Beschuss beschädigt. Auch von israelischem Scharfschützenfeuer auf das Krankenhaus wurde berichtet.,
INC-055,Al-Awda Hospital,FAC-003,Kampfumgebung,Das von israelischen Truppen umstellte Krankenhaus und zwei Gesundheitshelfer starben.,"Am 9. Dezember wurde das Al-Awda-Krankenhaus in Jabalia Berichten zufolge den dritten Tag in Folge von israelischen Truppen und Panzern umstellt, und in der Umgebung dauerten die Kämpfe an. Zwei Mitarbeiter des Gesundheitswesens wurden Berichten zufolge erschossen.",
INC-056,Al-Awda Hospital,FAC-003,Kampfumgebung,"Umzingelt von israelischen Truppen und Panzern, in dessen Nähe Kämpfe stattfanden. Berichten zufolge wurden zwei Sanitäter erschossen.","Umzingelt von israelischen Truppen und Panzern, und die Kämpfe dauern nun schon den dritten Tag in Folge an, wurden Berichten zufolge zwei Gesundheitshelfer im Al-Awda-Krankenhaus erschossen.",
INC-057,Al-Awda Hospital,FAC-003,Einkreisung,Die Überreste sind von israelischen Truppen und Panzern umzingelt.,"Das Al-Awda-Krankenhaus ist den achten Tag in Folge von israelischen Truppen und Panzern umstellt, und in der Nähe wird von Kämpfen mit bewaffneten palästinensischen Gruppen berichtet. Angeblich sind 250 Ärzte, Patienten und deren Angehörige im Krankenhaus eingeschlossen.",
INC-058,Al-Awda Hospital,FAC-003,Schlag,Fünf Menschen getötet,"Bei einem israelischen Luftangriff auf das Gelände des al-Awda-Krankenhauses im Flüchtlingslager Jabalia im nördlichen Gazastreifen wurden mindestens fünf Palästinenser getötet. Teile des Krankenhauses sind außer Betrieb, und mehrere Krankenwagen wurden beschädigt.",
INC-059,Al-Awda Hospital - Nusseirat,FAC-004,Drohnenangriff,"Das fünfte Stockwerk und das Dach des Verwaltungsgebäudes wurden von einem israelischen Drohnenangriff getroffen, wodurch die Solaranlage beschädigt wurde.","Das fünfte Stockwerk und das Dach des Verwaltungsgebäudes des Al-Awda-Krankenhauses wurden von einem israelischen Drohnenangriff getroffen, wodurch die Solaranlage der Einrichtung gestört und Wasser- und Treibstofftanks beschädigt wurden.",
INC-060,Al-Awda Hospital,FAC-003,belagert,Das Al-Awda-Krankenhaus wurde belagert und ist derzeit nicht zugänglich.,"Das Al-Awda-Krankenhaus im nördlichen Gazastreifen ist seit dem 19. Mai belagert; niemand darf das Gebäude verlassen oder betreten. 148 Krankenhausmitarbeiter, 22 Patienten und ihre Begleitpersonen sind weiterhin eingeschlossen. Das medizinische Personal berichtete von einem Angriff am 20. Mai, bei dem Scharfschützen das Gebäude beschossen und eine Artillerierakete in den fünften Stock einschlug, wo sich die Verwaltung befindet.",
INC-061,Al-Awda Hospital,FAC-003,Zwangsevakuierung,Ein Großteil des Personals und der Patienten ist zur Evakuierung gezwungen.,"Nach einer viertägigen Belagerung näherten sich israelische Panzer dem Krankenhaus, und die Truppen ordneten über Lautsprecher die Evakuierung aller Patienten und Mitarbeiter an. Zurück blieb eine kleine Gruppe von medizinischem Personal mit einer Handvoll schwerkranker Patienten, die nicht verlegt werden konnten, unter militärischer Aufsicht.",
INC-062,Al-Awda Hospital,FAC-003,Schlag,Das fünfte Stockwerk und der Innenhof wurden getroffen.,Das fünfte Stockwerk des Krankenhauses und der Innenhof wurden getroffen; es wurden keine Verletzten gemeldet.,
INC-063,Al-Awda Hospital,FAC-003,Schuss,"Eine freiwillige Krankenschwester, die beim Blick aus dem Fenster tödlich in die Brust geschossen wurde.","Das UN-Menschenrechtsbüro bestätigte mehrere Fälle von Menschen, die im Al-Awda-Krankenhaus in Jabalya erschossen wurden, darunter eine freiwillige Krankenschwester, die am 7. Dezember 2023 beim Blick aus dem Fenster tödlich in die Brust getroffen wurde.",
INC-064,Al-Awda Hospital,FAC-003,Panzerhülle,Militärpanzer griffen das dritte Stockwerk des Ostflügels an.,"Berichten zufolge griffen Panzer das dritte Stockwerk des Ostflügels des Al-Awda-Krankenhauses an und lösten Panik unter den 31 Patienten, ihren Angehörigen und den 65 medizinischen und administrativen Mitarbeitern im Gebäude aus. Bereits in den Tagen zuvor hatte das Al-Awda-Krankenhaus durch mehrere Luftangriffe in der Umgebung erhebliche Schäden erlitten. Teile des Gebäudes gerieten in Brand, und das Feuer griff auch auf nahegelegene Wohnhäuser über.",
INC-065,Al-Awda Hospital,FAC-003,Evakuierungsanordnung,Evakuierungsanordnung nach täglichen Angriffen in der Nähe oder auf dem Gelände,"Das Al-Awda-Krankenhaus, das letzte teilweise funktionsfähige Krankenhaus im Nordgaza, wurde von israelischen Streitkräften angewiesen, Patienten und Personal umgehend zu evakuieren. Obwohl das Al-Awda-Krankenhaus weiterhin in Betrieb ist, ist der Zugang zu der Einrichtung, in der sich noch 34 Patienten und 63 Mitarbeiter befinden, aufgrund der anhaltenden Kampfhandlungen in der Region stark eingeschränkt.",
INC-066,Al-Awda Hospital,FAC-003,"Luftangriffe, Umgebung von Luftangriffen","Begrenzte Fähigkeit des Krankenhauses, Gesundheitsdienstleistungen zu erbringen","Am 15., 18. und 19. Mai wurde das Al-Awda-Krankenhaus im Nord-Gaza durch Luftangriffe beschädigt, darunter ein direkter israelischer Angriff in der Nähe des Haupteingangs und mehrere Luftangriffe auf Gebiete in unmittelbarer Nähe.",
INC-067,Al-Awda Hospital,FAC-003,Schlag,Das Krankenhaus sah sich wiederholt mit der unmittelbaren Gefahr der Schließung konfrontiert.,"Zwischen dem 15. und 23. Mai wurde das Al-Awda-Krankenhaus in Nord-Gaza wiederholt angegriffen. Nachdem sowohl das indonesische als auch das Kamal-Adwan-Krankenhaus außer Betrieb gesetzt wurden, war Al-Awda das einzige Krankenhaus im Gouvernement, das – wenn auch unter extremen Bedingungen – noch teilweise funktionsfähig war.",
INC-068,Al-Awda Hospital,FAC-003,Panzerhülle,Israelische Panzer der IOF überfuhren verletztes medizinisches Personal und Freiwillige und brannten Abteilungen nieder.,"Israelische Panzer, die das al-‘Awda-Krankenhaus umstellt hatten, nahmen die Abteilung für Spezialchirurgie und das Medikamentenlager des Krankenhauses direkt ins Visier. Der Angriff löste im Lager ein Feuer aus, das die medizinischen Einsatzkräfte aufgrund des anhaltenden Beschusses der israelischen Streitkräfte nicht löschen konnten. Dabei wurden auch die Wasser- und Treibstofftanks des Krankenhauses zerstört und die Infrastruktur schwer beschädigt. Anschließend stürmten die israelischen Panzer die Krankenhaushöfe, setzten die Zelte der Ambulanz in Brand und verletzten mehrere medizinische Fachkräfte und Freiwillige.",
INC-069,Al-Awda Hospital,FAC-003,Luftangriffe,"Berichten zufolge wurden das dritte und vierte Stockwerk des Krankenhauses getroffen, wobei zwei Mitarbeiter des Gesundheitswesens verletzt wurden. Patientenzelte gerieten in Brand, wodurch auch sämtliche medizinischen Vorräte im Lagerhaus verbrannten und Fahrzeuge im Keller zerstört wurden.","Am 22. Mai wurden Berichten zufolge das dritte und vierte Stockwerk des Krankenhauses getroffen, wobei zwei Mitarbeiter des Gesundheitswesens verletzt wurden. Patientenzelte, darunter eines von der WHO bereitgestellte, gerieten in Brand. Das Feuer zerstörte sämtliche medizinischen Vorräte im Lager und Fahrzeuge im Keller. Laut WHO droht dem Al-Awda-Krankenhaus aufgrund der anhaltenden Unsicherheit und des eingeschränkten Zugangs die Schließung.",
INC-070,Al-Awda Hospital,FAC-003,evakuiert,wurde zwangsweise evakuiert und außer Betrieb genommen.,,
INC-071,Al-Awda Hospital,FAC-003,Evakuierung,Krankenhaus evakuiert und außer Betrieb genommen,"Am 29. Mai wurde das Al-Awda-Krankenhaus, das letzte noch funktionsfähige Krankenhaus im Nordgaza, zwangsevakuiert und außer Betrieb gesetzt. Laut Krankenhausdirektor Mohammad Salha teilten israelische Streitkräfte mit: „Entweder wir evakuieren das Krankenhaus sofort, oder sie werden es zwangsweise evakuieren.“ Dr. Salha erklärte, dass 82 medizinische Mitarbeiter und 13 Patienten unter extrem schwierigen Bedingungen evakuiert werden mussten. Da alle Zufahrtsstraßen zum Krankenhaus blockiert oder zerstört waren, konnten Krankenwagen das Krankenhaus nicht erreichen, und die Patienten mussten über 200 Meter getragen werden, bevor sie von Krankenwagen des Gesundheitsministeriums in das Al-Shifa-Krankenhaus in Gaza-Stadt gebracht wurden, fügte er hinzu. Zwischen dem 15. und 23. Mai wurde das Krankenhaus wiederholt angegriffen und litt unter akutem Medikamentenmangel. Am 24. und 27. Mai gelang es der Weltgesundheitsorganisation (WHO), die Einrichtung zu erreichen und schwerkranke Patienten in das Al-Shifa-Krankenhaus in Gaza-Stadt zu verlegen.",
INC-072,Al-Awda Hospital,FAC-003,Evakuierung,"Das letzte teilweise funktionsfähige Krankenhaus im Nordgaza wurde am 3. Januar von israelischen Streitkräften angewiesen, Patienten und Personal umgehend zu evakuieren. Der Treibstofftank und der letzte verbliebene Generator des Krankenhauses wurden kürzlich durch einen direkten Angriff zerstört.",,
INC-073,Al-Awda Hospital,FAC-003,Schlag,"Das Westtor wurde getroffen, wobei Krankenhausmitarbeiter verletzt wurden (die genaue Anzahl der Verletzten wurde nicht angegeben). Ein Sicherheitsbeamter, der bei dem Treffer verletzt worden war, erlag eine Woche später (am 7. Oktober) seinen Verletzungen.",,
INC-074,Al-Awda Hospital - Nusseirat,FAC-004,Schlag,was zu Opfern führte,,
INC-075,Al-Khair Hospital,FAC-024,Schlag,getroffen und zerstört,,
INC-076,Al-Khair Hospital,FAC-024,Überfall,"Israelische Streitkräfte stürmten ein Krankenhaus, Frauen und Kinder wurden zur Evakuierung nach Rafah aufgefordert, einige Mitarbeiter wurden festgenommen [OCHA Flash Update #100]. Israelische Streitkräfte schnitten die Zufahrtswege zum Al-Amal-Krankenhaus und zum Nassar-Medizinkomplex ab [Institut für Palästinastudien].",,
INC-077,Al-Quds Hospital,FAC-008,Luftangriff,"Das Nachbargebäude des Krankenhauses wurde schwer beschädigt. Auch im Inneren des Krankenhauses entstanden Schäden: Scheiben gingen zu Bruch, Patientenbetten, Krankenhausgeräte und die Decke wurden beschädigt.","Mehrere Videos zeigen den Eingang des Krankenhauses nach den Schäden durch den Luftangriff. Satellitenbilder, die der Guardian am 11. November veröffentlichte, zeigen Schäden an Straßen und Gebäuden rund um das Krankenhaus.",
INC-078,Al-Quds Hospital,FAC-008,Luftangriff,"direkt getroffen, hohe, aber unbestätigte Opferzahl","Am 3. November, etwa zur gleichen Zeit, wurden das Al-Quds-Krankenhaus in Gaza-Stadt und das indonesische Krankenhaus im nördlichen Gazastreifen Berichten zufolge bei Luftangriffen getroffen, was zu einer großen, aber noch nicht bestätigten Zahl von Opfern führte.",
INC-079,Al-Quds Hospital,FAC-008,Luftangriff,"Der Eingang des Krankenhauses wurde getroffen, zwei Menschen wurden getötet und der Eingang wurde beschädigt.","Am 4. November wurden Berichten zufolge die Eingänge des Nasser-Kinderkrankenhauses und des Al-Quds-Krankenhauses in Gaza-Stadt bei israelischen Luftangriffen getroffen. Zwei Menschen wurden getötet, Dutzende verletzt, und die Eingänge der Gesundheitseinrichtungen wurden beschädigt. Das Al-Quds-Krankenhaus dient derzeit etwa 14.000 Binnenvertriebenen als Zufluchtsort.",
INC-080,Al-Quds Hospital,FAC-008,Streiks-Umgebung,"Zwei Patienten und zwölf Personen, die im Krankenhaus Schutz gesucht hatten, wurden verletzt; außerdem wurde das Krankenhaus beschädigt.",,
INC-081,Al-Quds Hospital,FAC-008,Belagerung,"Der Hauptgenerator wurde abgeschaltet, die chirurgische Station, die Sauerstofferzeugungsanlage und die MRT-Station wurden stillgelegt.","Am 8. November gab das Al-Quds-Krankenhaus in Gaza-Stadt bekannt, dass sein Hauptgenerator abgeschaltet wurde und stattdessen ein kleinerer Generator zum Einsatz kommt, um den Treibstoffverbrauch zu reduzieren. Infolgedessen mussten die chirurgische Station, die Sauerstoffanlage und die MRT-Abteilung stillgelegt werden. Das Krankenhaus stellt täglich zwei Stunden Strom für Binnenvertriebene bereit, die in seinen Einrichtungen Schutz suchen. Es ist von den umliegenden Gebieten abgeschnitten und leidet unter einem akuten Mangel an Lebensmitteln, Säuglingsnahrung, Medikamenten und Verbrauchsmaterialien.",
INC-082,Al-Quds Hospital,FAC-008,Streiks-Umgebung,Gebiete in unmittelbarer Nähe wurden getroffen,,
INC-083,Al-Quds Hospital,FAC-008,Bombardierung,Die Intensivstation wurde beschädigt.,,
INC-084,Al-Quds Hospital,FAC-008,Bombardierung,"Die Umgebung des Krankenhauses wurde getroffen und bombardiert, was sich auf Mitarbeiter, Patienten und 14.000 Binnenvertriebene auswirkte, die in dem Gebiet Schutz suchten.","Bei zwei separaten Gelegenheiten wurde die Umgebung des Al-Quds-Krankenhauses im Norden des Gazastreifens bombardiert; betroffen waren Mitarbeiter, Patienten und 14.000 Binnenvertriebene.",
INC-085,Al-Quds Hospital,FAC-008,Bombardierungsumgebung,"Bombardierungen verursachten Schäden, wiederholte Evakuierungsanordnungen in den vorangegangenen Tagen.","Am 28. und 29. Oktober wurden Berichten zufolge die Umgebung des Al-Quds-Krankenhauses in Gaza-Stadt bombardiert, wodurch Schäden entstanden.",
INC-086,Al-Quds Hospital,FAC-008,unbekannt,"Die Umgebung des Krankenhauses wurde getroffen, die Fenster des Krankenhauses wurden getroffen und aus der Infrastruktur dringt Rauch auf.",,
INC-087,Al-Quds Hospital,FAC-008,Bombardierungsumgebung,"Bei den Bombardierungen handelte es sich um Lagerhallen der Volksrepublik China neben dem Krankenhaus, wodurch große Mengen an Trümmern und Staub in das Krankenhaus gelangten und bei Patienten, medizinischem Personal und Binnenvertriebenen zu Atemnot und Erstickungsgefahr führten.","Einer der Angriffe am 30. Oktober richtete sich gegen die Lagerhallen der PRCS neben dem Al-Quds-Krankenhaus im Stadtteil Tel Al Hawa von Gaza-Stadt. Die Schäden durch die nahegelegenen Bombardierungen führten dazu, dass große Mengen an Trümmern und Staub in das Krankenhaus gelangten und bei Patienten, Mitarbeitern und Binnenvertriebenen zu Erstickungsgefahr durch Einatmen führten.",
INC-088,Al-Quds Hospital,FAC-008,"Einkesselung, Scharfschützenschüsse",Der Krankenhausgenerator ist ausgefallen und kann aufgrund von Scharfschützenbeschuss nicht repariert werden.,"Am 11. November wurde berichtet, dass der Generator des Al-Quds-Krankenhauses ausgefallen war und die Techniker ihn aufgrund von Scharfschützenbeschuss nicht reparieren konnten. Von den schwerstkranken Patienten befinden sich sieben auf der Intensivstation und drei Säuglinge in Inkubatoren.",
INC-089,Al-Quds Hospital,FAC-008,"Belagerung, Einkesselung, Bombardierung","Das medizinische Personal, die Patienten und ihre Angehörigen sind weiterhin im Krankenhaus eingeschlossen und haben weder Essen, Wasser noch Strom.","Am 13. November musste ein gemeinsamer Konvoi des Roten Kreuzes (PRCS) und des Internationalen Komitees vom Roten Kreuz (IKRK), der Patienten aus dem Al-Quds-Krankenhaus in Gaza-Stadt evakuieren wollte, aufgrund der anhaltenden Bombardierungen und der unsicheren Lage um das Krankenhaus herum nach Verlassen von Khan Younis umkehren. Berichten zufolge sind das medizinische Team, die Patienten und ihre Angehörigen weiterhin im Krankenhaus eingeschlossen und haben weder Nahrung noch Wasser oder Strom.",
INC-090,Al-Quds Hospital,FAC-008,schwere Kämpfe – Umgebung,,,
INC-091,Al-Quds Hospital,FAC-008,,Der Betrieb ist aufgrund von Treibstoffmangel und Stromausfall eingestellt.,,
INC-092,Al-Quds Hospital,FAC-008,Bombardierung,"Aufgrund zunehmender Unsicherheit, einschließlich Artillerie- und Luftangriffen, mussten die Teams evakuiert werden.",,
INC-093,Al-Quds Hospital,FAC-008,nicht spezifiziert,"Israelische Streitkräfte beschossen ein Wohngebäude, das weniger als 50 Meter vom Al-Quds-Krankenhaus entfernt lag, und verursachten schwere Schäden am Krankenhaus, seinen Verwaltungsgebäuden und benachbarten Gebäuden.",,
INC-094,Al-Quds Hospital,FAC-008,Schießen,"Die Sauerstoffstation stellte ihren Betrieb ein, nachdem sie von israelischen Streitkräften beschossen worden war.",,
INC-095,Dr Abdul Aziz Rantisi Children's Specialty Hospital,FAC-011,Unbekannt,Es entstanden Schäden am dritten Stockwerk und Teilen des zweiten Stockwerks des Krankenhauses; auch ein Krankenwagen wurde beschädigt.,"Videoaufnahmen vom Krankenhaustor zeigen einen Volltreffer in das Fenster im dritten Stock. Bilder aus dem Inneren des Krankenhauses zeigen Beschädigungen an medizinischem Material. Auch ein Krankenwagen auf dem Krankenhausparkplatz weist Beschädigungsspuren auf.

",
INC-096,Dr Abdul Aziz Rantisi Children's Specialty Hospital,FAC-011,Belagerung / Einkesselung,"Das Krankenhausgelände wurde von Drohnenaufnahmen der israelischen Streitkräfte umstellt, die die Anwesenheit von 13 Panzern zeigten, die das Gebäude umgaben.","Videos, die aus dem Krankenhausfenster aufgenommen wurden, zeigen zwei Panzer in den umliegenden Straßen.
Drohnenaufnahmen der israelischen Verteidigungsstreitkräfte, die am 14. November veröffentlicht wurden – drei Tage nach dem vom Guardian untersuchten Zeitraum –, zeigen vier israelische Panzer neben dem Krankenhaus und neun Panzer in den umliegenden Straßen. Laut Angaben von Beamten, die von Al Jazeera zitiert wurden, wurde das Krankenhaus fünfmal bombardiert.",
INC-097,Dr Abdul Aziz Rantisi Children's Specialty Hospital,FAC-011,Unbekannt,"Der Angriff verursachte erhebliche Schäden an Wassertanks auf dem Dach, elektrischen Anlagen, Kommunikationssystemen und einigen medizinischen Geräten.","Laut WHO-Generaldirektor Tedros Abhanom Ghebreyesus wurde das Al-Rantisi-Krankenhaus in Gaza-Stadt gestern angegriffen, während sich 80 Patienten im Gebäude befanden. Es gab keine Verletzten, aber die Angriffe lösten Panik unter Patienten und Personal aus. Es entstanden erhebliche Schäden an den Wassertanks auf dem Dach, der Elektro- und Kommunikationstechnik sowie an einigen medizinischen Geräten. 40 Patienten konnten sich in Sicherheit bringen, während 40 weitere, darunter vier Kinder auf der Intensivstation und acht Neugeborene, im Krankenhaus blieben.",
INC-098,Dr Abdul Aziz Rantisi Children's Specialty Hospital,FAC-011,Einstellung des Betriebs,"Das Krankenhaus erlitt am 16.09.2025 durch einen direkten Angriff schwere Schäden, und laut dem Gesundheitscluster wurde der Großteil seiner medizinischen Ausrüstung am 21. September in die Krankenhäuser Al Helou, As Sahaba und Patient Friendly in Gaza-Stadt verlegt.","Israelische Bombardierungen in der Umgebung von medizinischen Einrichtungen haben zur Schließung des Al-Rantisi-Kinderkrankenhauses und des Augenkrankenhauses von Gaza-Stadt, dem einzigen öffentlichen Augenzentrum in dem Gebiet, geführt, teilte das Gesundheitsministerium am Montag mit.",
INC-099,Al-Shifa Medical Complex,FAC-000,Raketenangriff / Spike NLOS (Viscinity),Mindestens 13 Menschen wurden getötet und mindestens 26 verletzt; Krankenwagen wurden getroffen.,"Am Nachmittag des 3. November wurde ein Konvoi von Krankenwagen, der Patienten vom Shifa-Krankenhaus in Gaza-Stadt zum Grenzübergang Rafah nach Ägypten transportierte, in der Nähe des Krankenhauses dreimal getroffen. Ersten Berichten zufolge wurden mindestens 13 Menschen getötet und 26 verletzt.",
INC-100,Al-Shifa Medical Complex,FAC-000,Luftangriffsviszinität,"In der Nähe des Krankenhauses gab es fünf Treffer, sieben Menschen kamen ums Leben, außerdem wurde die Entbindungsstation beschädigt.","Seit dem Nachmittag des 9. November haben die israelischen Bombardierungen von Krankenhäusern im Norden zugenommen. Die Gegend um das Shifa-Krankenhaus wurde in diesem Zeitraum fünfmal getroffen, wobei mindestens sieben Todesopfer zu beklagen waren und die Geburtsstation beschädigt wurde.",
INC-101,Al-Shifa Medical Complex,FAC-000,Bombardierungsumgebung,"Bombardierungen verursachten Schäden, wiederholte Evakuierungsanordnungen in den vorangegangenen Tagen.","Am 28. und 29. Oktober wurden Berichten zufolge die Umgebung des Shifa-Krankenhauses in Gaza-Stadt bombardiert, wodurch Schäden entstanden.",
INC-102,Al-Shifa Medical Complex,FAC-000,Belagerung,"40 Patienten starben, 3 Frühgeborene starben.","Das Gesundheitsministerium in Gaza gab bekannt, dass zwischen dem 11. und 16. November 40 Patienten, darunter drei Frühgeborene, im Shifa-Krankenhaus aufgrund von Stromausfällen gestorben sind. Am 16. November verstarb ein Patient mit Nierenversagen, weil die Dialysegeräte im Shifa-Krankenhaus ausgefallen waren.",
INC-103,Al-Shifa Medical Complex,FAC-000,"Belagerung, Einkesselung",Ein Patient auf der Intensivstation und zwei im Beatmungsgerät befindliche Säuglinge starben aufgrund eines Stromausfalls.,"Am 11. November berichteten die Medien, dass der Direktor des Shifa-Krankenhauses erklärte, es gäbe weder Lebensmittel noch Wasser oder Strom. Ein Patient auf der Intensivstation und zwei ungeborene Säuglinge starben Berichten zufolge, nachdem ihre lebenserhaltenden Geräte aufgrund des Stromausfalls ausgefallen waren. Schätzungsweise 15.000 Menschen suchen weiterhin Schutz im Shifa-Krankenhaus.",
INC-104,Al-Shifa Medical Complex,FAC-000,Bombardierung,"Die Abteilung für spezialisierte Chirurgie, die Kardiologie-Station und ein Lager wurden getroffen und beschädigt.","Vor dem israelischen Militäreinsatz im Shifa-Krankenhausgelände wurden laut Angaben des Gesundheitsministeriums im Gazastreifen Teile des Gebäudes, darunter die Abteilung für Spezialchirurgie, die Kardiologie und ein Lagerhaus, durch Bombardierungen beschädigt. Nach dem Eindringen der Truppen wurden Patienten, Personal und Binnenvertriebene innerhalb des Geländes untergebracht.",
INC-105,Al-Shifa Medical Complex,FAC-000,"Belagerung, Einkesselung, Scharfschützenschüsse","Menschen im und um das Krankenhaus, ein technischer Mitarbeiter, ein Patient und Binnenvertriebene wurden von Scharfschützen erschossen.","In den vergangenen 24 Stunden dauerten die Bombardierungen und Gefechte zwischen israelischen Truppen und palästinensischen bewaffneten Gruppen rund um das Shifa-Krankenhaus an. Berichten zufolge wurden Menschen im und um das Krankenhaus, darunter ein technischer Mitarbeiter, ein Patient und Binnenvertriebene, von Scharfschützen getroffen. Die Intensivstation, die Geburtsstation und das oberste Stockwerk des Operationsgebäudes wurden getroffen und beschädigt. In der Nähe der Abteilung für Nierenerkrankungen brach ein Feuer aus.",
INC-106,Al-Shifa Medical Complex,FAC-000,unbekannt,"Die Intensivstation, die Geburtsstation und das oberste Stockwerk des Operationsgebäudes wurden getroffen und beschädigt. In der Nähe der Abteilung für Nierenpatienten brach ein Feuer aus.","In den vergangenen 24 Stunden dauerten die Bombardierungen und Gefechte zwischen israelischen Truppen und palästinensischen bewaffneten Gruppen rund um das Shifa-Krankenhaus an. Berichten zufolge wurden Menschen im und um das Krankenhaus, darunter ein technischer Mitarbeiter, ein Patient und Binnenvertriebene, von Scharfschützen getroffen. Die Intensivstation, die Geburtsstation und das oberste Stockwerk des Operationsgebäudes wurden getroffen und beschädigt. In der Nähe der Abteilung für Nierenerkrankungen brach ein Feuer aus.",
INC-107,Al-Shifa Medical Complex,FAC-000,Kampfumgebung,,,
INC-108,Al-Shifa Medical Complex,FAC-000,Bombardierung und Invasion,"Beschädigte Bereiche, darunter die Abteilung für Spezialchirurgie, die Kardiologische Intensivstation und ein Lagerhaus. Israelische Truppen, darunter Panzer, drangen in das Al-Shifa-Gelände ein. Personen wurden verhört.","Am 15. November drangen israelische Truppen, darunter auch Panzer, in das Gelände des Shifa-Krankenhauses in Gaza-Stadt ein und brachten Berichten zufolge mehrere Bereiche unter ihre Kontrolle, durchsuchten diese und verhörten Personen.",
INC-109,Al-Shifa Medical Complex,FAC-000,Invasion / Bodenangriff,Das Krankenhaus ist außer Betrieb und nimmt keine neuen Patienten mehr auf. Es fanden israelische Operationen innerhalb des Krankenhauses statt.,"Der israelische Betrieb im Shifa-Krankenhaus wurde am 20. November den fünften Tag in Folge fortgesetzt. Laut Angaben des Gesundheitsministeriums im Gazastreifen befanden sich am 19. November noch 19 Gesundheitspersonal und 259 Patienten in Shifa. Sie sind mit einem akuten Mangel an Strom, Wasser und medizinischer Versorgung konfrontiert. Darunter befinden sich zwei Intensivpatienten, 22 Dialysepatienten, 32 Patienten, die auf Tragen transportiert werden müssen, und 27 Patienten mit Wirbelsäulenverletzungen, die bei der nächsten Evakuierung Priorität haben werden. Das Krankenhaus ist außer Betrieb und nimmt keine neuen Patienten mehr auf.",
INC-110,Al-Shifa Medical Complex,FAC-000,Invasion,Im Krankenhaus werden die Operationen der israelischen Behörden fortgesetzt.,,
INC-111,Al-Shifa Medical Complex,FAC-000,Luftangriffsviszinität,"Wohngebäude rund um das Krankenhaus wurden getroffen, Berichten zufolge durch Luftangriffe.",Innerhalb von 24 Stunden wurden Wohngebäude in der Nähe des indonesischen Krankenhauses und des AL-Shifa-Krankenhauses mutmaßlich durch Luftangriffe getroffen.,
INC-112,Al-Shifa Medical Complex,FAC-000,Bombardierungen und Zusammenstöße rund um das Krankenhaus,"Einige flüchtende Patienten gerieten unter Beschuss, was zu Todesopfern führte.",,
INC-113,Al-Shifa Medical Complex,FAC-000,Invasion / Bodenangriff,"Das Krankenhaus wurde um den 18. November für vollständig außer Betrieb erklärt.
179 Leichen wurden am 15. November in einem Massengrab auf dem Gelände beigesetzt.
31 Frühgeborene wurden am 19. November nach Rafah evakuiert, fünf von ihnen waren bereits verstorben.
Am 20./21. November befanden sich noch 25 Gesundheitspersonal und 259 Patienten im Krankenhaus. Das Krankenhaus ist nicht vollständig zerstört, sondern teilweise noch intakt, aber außer Betrieb.","Am 11. November kappten israelische Streitkräfte die Treibstoff- und Stromversorgung des Al-Shifa-Krankenhauses, was zum Tod von Patienten, darunter Frühgeborenen, deren lebenserhaltende Maßnahmen ausfielen, führte. Berichten zufolge schossen Scharfschützen in der Nähe des Krankenhauses auf flüchtende Menschen. Am 15. November drangen Truppen und Panzer offiziell in das Gelände ein und durchsuchten verschiedene Bereiche, wobei sie Personen verhörten. Die Operation dauerte mindestens acht Tage. Am 18. November war das Krankenhaus vollständig außer Betrieb. Auf dem Gelände wurde ein Massengrab für 179 Leichen ausgehoben, die nicht geborgen werden konnten. Frühgeborene wurden schließlich am 19. November evakuiert, fünf von ihnen waren jedoch bereits verstorben. Der Krankenhausdirektor und Sanitäter wurden festgenommen.",
INC-114,Al-Shifa Medical Complex,FAC-000,Streiks,Streiks am 17. und 18. am Eingangstor und in der chirurgischen Abteilung.,"Am 17. Dezember wurden im Al-Shifa-Krankenhaus in Gaza-Stadt Berichten zufolge mindestens 31 Menschen getötet. Drei Personen wurden demnach auf dem Krankenhausgelände erschossen und verletzt, drei weitere wurden verletzt, als sie in der Nähe des Krankenhaustors Wasser holen wollten. Am frühen Morgen des 18. Dezember wurde das Al-Shifa-Krankenhaus erneut angegriffen, diesmal mit Treffern am Eingangstor und im Operationssaal. Berichten zufolge starben dabei fünf Menschen, darunter Kinder. Gegen 10:30 Uhr wurde das Krankenhaus, in dem Binnenvertriebene Schutz gesucht hatten, erneut angegriffen. Dabei wurden Berichten zufolge 26 Palästinenser getötet und weitere verletzt.",
INC-115,Al-Shifa Medical Complex,FAC-000,Invasion / Bodenangriff,"Krankenhaus vollständig zerstört – in Trümmern, dauerhaft außer Betrieb. Alle Gebäude und Abteilungen zerstört. Rund 1.050 umliegende Häuser niedergebrannt oder beschädigt. Gaza verlor sein einziges Lehrkrankenhaus – 750 Betten, 26 Operationssäle, das jährlich 250.000 Menschen versorgte. Die WHO nannte es „einen schweren Schlag gegen das Gesundheitssystem in Gaza“. Nur noch 10 Krankenhäuser in ganz Gaza sind nach dieser Katastrophe teilweise funktionsfähig.","Am 18. März 2024 drangen israelische Streitkräfte in das Al-Shifa-Krankenhaus in Gaza-Stadt ein, das größte Krankenhaus im Gazastreifen. Laut israelischen Angaben hatte sich die Hamas dort neu formiert. Die Operation dauerte 14 Tage und endete am 1. April 2024 mit dem Abzug der israelischen Streitkräfte. Während der Operation kam es innerhalb und um das Krankenhaus zu heftigen Kämpfen. Medizinisches Personal und Patienten waren in einem Gebäude eingeschlossen und hatten weder Zugang zu Nahrungsmitteln noch zu sauberem Wasser oder funktionierenden Toiletten. Zivilschutzteams wurden daran gehindert, den Verwundeten zu helfen. Als die israelischen Streitkräfte am 1. April abzogen, war das Krankenhaus vollständig zerstört und konnte nicht mehr als solches genutzt werden.",
INC-116,Al-Shifa Medical Complex,FAC-000,Belagerung / Invasion,"Die Weltgesundheitsorganisation berichtet, dass das Krankenhaus nun in Trümmern liegt.",,
INC-117,Al-Shifa Medical Complex,FAC-000,"Bombardierung, Kampfgebiet",Bei einem Brand am Eingang des Gebäudes der chirurgischen Abteilung kam es zu mehreren Todesopfern und Verletzten.,"Am Eingang des Gebäudes der chirurgischen Abteilung brach ein Feuer aus, das mehrere Todesopfer und Verletzte forderte.",
INC-118,Al-Shifa Medical Complex,FAC-000,Belagerung / Invasion,"21 Patienten starben infolge der Zwangsumsiedlung und der Verweigerung medizinischer Versorgung während des Angriffs; etwa 16 davon waren Intensivpatienten, die nach dem Transport ohne Ausrüstung starben.","Während der zweiwöchigen Razzia im Al-Shifa-Krankenhaus berichtete die WHO von 21 Patienten, die starben, nachdem sie mehrfach verlegt und ohne medizinische Versorgung festgehalten worden waren. 16 Intensivpatienten starben, nachdem sie zwangsweise verlegt worden waren, da dem Personal die Ausrüstung für ihre Behandlung fehlte.",
INC-119,Beit Hanoun Hospital,FAC-013,Zerstört,"Krankenhaus beschädigt, Patienten mussten evakuiert werden","Laut WHO war es eines von vier Krankenhäusern im nördlichen Gazastreifen, die evakuiert werden mussten.",
INC-120,Beit Hanoun Hospital,FAC-013,Luftangriff (Umgebung),"Krankenhaus unzugänglich, Krankenwagen getroffen, 4 Rettungssanitäter getötet","In den vergangenen 24 Stunden wurden Gebiete in der Nähe des Krankenhauses Beit Hanoun und einer Gesundheitseinrichtung in Gaza-Stadt aus der Luft angegriffen. Die umliegenden Gebiete beider Einrichtungen wurden beschädigt und sind nun unzugänglich. Der Palästinensische Rote Halbmond (PRCS) berichtete, dass vier seiner Sanitäter im Dienst getötet wurden, als ein Krankenwagen in der Gegend von Beit Hanoun angegriffen wurde. Seit dem 7. Oktober hat die Weltgesundheitsorganisation (WHO) 33 Angriffe dokumentiert, bei denen elf medizinische Fachkräfte getötet und 16 weitere verletzt wurden. 18 Gesundheitseinrichtungen und 20 Krankenwagen waren betroffen.",
INC-121,Gaza European Hospital,FAC-010,Bombardierung (Umgebung),Zugang zur Gesundheitsversorgung behindert; Rettungssanitäter bei Angriff auf Krankenwagen verletzt; Krankenhausbetrieb durch anhaltende Bombardierungen beeinträchtigt,"Die Umgebung des Europäischen Gaza-Krankenhauses in Khan Younis wurde vom 8. bis 10. Dezember 2023 mindestens drei Tage in Folge wiederholt bombardiert, wodurch Dutzende Verletzte nicht medizinisch versorgt werden konnten. Das Krankenhaus bot rund 70.000 Binnenvertriebenen Schutz. Am 9. Dezember geriet ein Krankenwagen in der Nähe des Krankenhauses Berichten zufolge unter Beschuss israelischer Streitkräfte.",
INC-122,Gaza European Hospital,FAC-010,Belagerung,"Im Krankenhaus war das Wasser ausgegangen, was 400 Patienten und Tausende von Binnenvertriebenen betraf.","Am 14. November berichtete ein Medienbericht, dass die Pflegedienstleitung des Europäischen Gaza-Krankenhauses mitgeteilt habe, dem Krankenhaus sei das Wasser ausgegangen. Dies betreffe über 400 Patienten und Tausende von Binnenvertriebenen, die auf dem Gelände Schutz suchten.",
INC-123,Gaza European Hospital,FAC-010,Streiks-Umgebung,Krankenhausbereich getroffen,"Die Gebiete um das Al-Amal-Krankenhaus und das Europäische Gaza-Krankenhaus in Khan Younis wurden während der anhaltenden Kampfhandlungen getroffen. Berichten zufolge flogen Granatsplitter in nahegelegene medizinische Einrichtungen und lösten Angst und Panik unter Patienten und Vertriebenen aus, die in der Nähe Schutz suchten.",
INC-124,Gaza European Hospital,FAC-010,Umgebung von Luftangriffen,"Die Zahl der verletzten Zivilisten ist unbestätigt, fünf Menschen wurden getötet. Ob es sich um fünf Todesfälle handelt, ist nicht bestätigt.",Ein Luftangriff ereignete sich in der Nähe des Europäischen Gaza-Krankenhauses in Khan Younis; das umliegende zivile Gebiet war betroffen.,
INC-125,Gaza European Hospital,FAC-010,Evakuierung,Das Krankenhaus wurde evakuiert und ist nicht mehr funktionsfähig; Patienten und Personal wurden evakuiert.,"Das israelische Militär erließ einen Evakuierungsbefehl für den östlichen Teil von Khan Younis und Rafah. Obwohl später klargestellt wurde, dass das Europäische Gaza-Krankenhaus nicht direkt von dem Befehl betroffen war, veranlassten Angst und frühere Erfahrungen Patienten und medizinisches Personal zur Flucht. Bis zum 2. Juli hatten alle Patienten und Mitarbeiter (etwa 320 Personen) das Krankenhaus verlassen, und es war völlig leer. Die Patienten wurden hauptsächlich in den Nasser-Klinikkomplex verlegt, der jedoch schnell überfüllt war.",
INC-126,Gaza European Hospital,FAC-010,Drohnenangriff – in der Nähe,Es wurden keine bestätigten Opfer gemeldet.,Das Gebiet um das Europäische Krankenhaus in Khan Younis wurde Berichten zufolge von Drohnen angegriffen. Der Bericht enthält keine genauen Angaben zu Todesfällen oder Verletzungen im Zusammenhang mit diesem Vorfall.,
INC-127,Gaza European Hospital,FAC-010,Luftangriff,"Das Krankenhaus wurde schwer beschädigt und ist nicht mehr funktionsfähig; die Evakuierungszentrale ist außer Betrieb; wichtige Infrastruktur (darunter Sauerstoffleitungen und Abwassersysteme) wurde zerstört; das Krankenhaus ist praktisch nicht mehr in Betrieb. Berichten zufolge wurden 19 Menschen getötet und mehr als 40 verletzt, darunter vier Journalisten. Nach dem Anschlag musste Ärzte ohne Grenzen (MSF), die im Krankenhaus tätig waren, die ambulanten Sprechstunden einstellen und die Anzahl der MSF-Mitarbeiter in der Einrichtung reduzieren.","Das Europäische Gaza-Krankenhaus in Khan Younis wurde von israelischen Luftangriffen getroffen, die dem Innenhof und der Umgebung galten. Die Angriffe verursachten schwere Gebäudeschäden und führten zum Zusammenbruch wichtiger medizinischer Infrastruktur. Das Krankenhaus, das als wichtiges Zentrum für medizinische Evakuierungen und Behandlungen diente, war nicht mehr funktionsfähig. Evakuierungsmaßnahmen liefen zu diesem Zeitpunkt noch, und die WHO bestätigte später, dass die koordinierten Evakuierten während der Evakuierung selbst trotz des Angriffs auf die Einrichtung nicht verletzt wurden.",
INC-128,Indonesian Hospital,FAC-007,Belagerung (Treibstoffknappheit),Betrieb eingestellt,Der Betrieb wurde aufgrund von Treibstoffmangel eingestellt.,"Am 2. November meldete das Gesundheitsministerium, dass der Hauptstromgenerator des indonesischen Krankenhauses im nördlichen Gazastreifen aufgrund von Treibstoffmangel ausgefallen war. In diesem Krankenhaus wurden Hunderte von Menschen behandelt, die bei den jüngsten Kämpfen im Lager Jabalia verletzt worden waren. Dadurch waren Hunderte von Schwerverletzten der unmittelbaren Gefahr ausgesetzt, zu sterben oder lebenslange Behinderungen zu erleiden. Auch dem Shifa-Krankenhaus in Gaza-Stadt ist der Treibstoff Berichten zufolge fast ausgegangen. Seit Beginn der Kampfhandlungen sind 14 von 35 Krankenhäusern mit stationären Betten außer Betrieb, und 51 (71 Prozent) aller 72 Einrichtungen der Primärversorgung im Gazastreifen sind aufgrund von Schäden oder Treibstoffmangel nicht funktionsfähig."
INC-129,Indonesian Hospital,FAC-007,Luftangriff,"direkt getroffen, hohe, aber unbestätigte Opferzahl","Am 3. November, etwa zur gleichen Zeit, wurden das Al-Quds-Krankenhaus in Gaza-Stadt und das indonesische Krankenhaus im nördlichen Gazastreifen Berichten zufolge bei Luftangriffen getroffen, was zu einer großen, aber noch nicht bestätigten Zahl von Opfern führte.",
INC-130,Indonesian Hospital,FAC-007,Streiks-Umgebung,In unmittelbarer Nähe setzten sich die Angriffe fort.,,
INC-131,Indonesian Hospital,FAC-007,Streiks-Umgebung,"In der Nähe des Krankenhauses wurden Angriffe verübt, bei denen Menschen getötet und Gebäude sowie Ausrüstung beschädigt wurden.",,
INC-132,Indonesian Hospital,FAC-007,Bombardierungsviszinität,"Die umliegenden Gebiete wurden beschädigt, es gab Todesfälle und Verletzungen, und die Decke im Inneren des Krankenhauses weist Schäden auf.","In Videos wird von Bombardierungen in der Nähe des Krankenhauses berichtet. Die Videos zeigen Einschläge in der Nähe des Krankenhauseingangs, woraufhin Menschen von draußen in das Krankenhausgebäude flüchten und dort Schutz suchen.",
INC-133,Indonesian Hospital,FAC-007,Umgebung des Luftangriffs,"Wohngebäude rund um das Krankenhaus wurden getroffen, Berichten zufolge durch Luftangriffe.",Innerhalb von 24 Stunden wurden Wohngebäude in der Nähe des indonesischen Krankenhauses und des AL-Shifa-Krankenhauses mutmaßlich durch Luftangriffe getroffen.,
INC-134,Indonesian Hospital,FAC-007,Bombardierungsumgebung,"Bombardierungen verursachten Schäden, wiederholte Evakuierungsanordnungen in den vorangegangenen Tagen.","Am 28. und 29. Oktober wurden Berichten zufolge die Umgebung des indonesischen Krankenhauses im nördlichen Gazastreifen bombardiert, wodurch Schäden entstanden.",
INC-135,Indonesian Hospital,FAC-007,"belagert, angegriffen",dies führte zu mindestens 12 Todesopfern.,,
INC-136,Indonesian Hospital,FAC-007,Schwere Schläge,"Es wurden schwere Einschläge im und um das Krankenhaus gemeldet, die die chirurgische Abteilung trafen.",Rund 500 Patienten und Mitarbeiter wurden aus dem Krankenhaus evakuiert.,
INC-137,Indonesian Hospital,FAC-007,Schlag,Das Krankenhaus ist weiterhin von israelischen Panzern umzingelt. Am 23. November gegen 22:00 Uhr wurde das Krankenhaus erneut getroffen und beschädigt.,,
INC-138,Indonesian Hospital,FAC-007,Luftangriff,Anschließend drangen Truppen in das Krankenhaus ein.,,
INC-139,Indonesian Hospital,FAC-007,schlagen,Am 25. Dezember getroffen und zerstört,,
INC-140,Indonesian Hospital,FAC-007,Beschuss,Das Krankenhaus ist weiterhin außer Betrieb und wurde kürzlich durch Beschuss beschädigt.,,
INC-141,Indonesian Hospital,FAC-007,unbekannter Brand,"Israelische Streitkräfte eröffneten das Feuer, wodurch ein Arzt verletzt, drei Stromgeneratoren zerstört und das dritte Stockwerk des Krankenhauses sowie Wassertanks beschädigt wurden.",,
INC-142,Indonesian Hospital,FAC-007,unbekannt,Berichten zufolge wurden am 25. März bei Angriffen in der Nähe des indonesischen Krankenhauses drei palästinensische Kinder getötet und zwei weitere verletzt.,,
INC-143,Indonesian Hospital,FAC-007,Außer Betrieb,Seit dem 15. Mai außer Betrieb,,"Der Zugang zu lebenswichtigen Gesundheitsdiensten verschlechtert sich zusehends, da weitere Evakuierungsanordnungen erlassen und die Militäroperationen in den betroffenen Gebieten intensiviert werden. Am 14. Mai gab Ärzte ohne Grenzen (MSF) bekannt, dass sie sich aus dem indonesischen Feldlazarett zurückgezogen haben, nachdem sie dort seit Dezember 2023 verletzte Patienten nach Operationen versorgt hatten. Die NGO begründete diese Entscheidung mit der „vorrückenden Offensive“ in Rafah und dem „Muster systematischer Angriffe auf medizinische Einrichtungen und zivile Infrastruktur“, das sie seit Beginn des Konflikts beobachtet hatte. Ihre Teams hätten seit Oktober 2023 26 gewaltsame Vorfälle erlebt, darunter „Luftangriffe auf Krankenhäuser, Panzerbeschuss auf vereinbarte, dekonfliktfreie Unterkünfte, Bodenoffensiven gegen medizinische Zentren und Beschuss von Konvois“. Während MSF ihre Präsenz in Rafah reduziert, hat sie die Arbeit im Nasser-Krankenhauskomplex in Khan Younis wieder aufgenommen und bietet dort unter anderem orthopädische Chirurgie und Brandverletztenversorgung an."
INC-144,Indonesian Hospital,FAC-007,Angriff,"Zwischen dem 2. und 8. Dezember wurde das Krankenhaus viermal angegriffen, wobei drei medizinische Mitarbeiter und sechs Patienten verletzt und der Stromgenerator sowie die Wassertanks beschädigt wurden.",,"Das indonesische Notfallteam (EMT), das am 1. Dezember von der Weltgesundheitsorganisation (WHO) nach fünf verweigerten Zutrittsversuchen in das Krankenhaus entsandt worden war, musste evakuiert werden, da Vertriebene, Pflegekräfte und viele verletzte Patienten aus dem Krankenhaus flohen und Panik ausbrach, so WHO-Generaldirektor Tedros Adhanom Ghebreyesus. Der WHO-Chef fügte hinzu, dass 33 Menschen in unmittelbarer Nähe des Kamal-Adwan-Krankenhauses bei heftigen Bombardierungen und Kampfhandlungen getötet wurden. Er bezeichnete das Krankenhaus als eine der letzten Lebensadern für die Bevölkerung im Nordgaza. Darüber hinaus wurde das indonesische Krankenhaus in Beit Lahiya zwischen dem 2. und 8. Dezember viermal angegriffen, wobei drei medizinische Mitarbeiter und sechs Patienten verletzt und der Stromgenerator sowie die Wassertanks beschädigt wurden. Ebenfalls im Nordgaza wurden am 3. Dezember das fünfte Stockwerk und der Innenhof des Al-Awda-Krankenhauses in Jabalya getroffen; es wurden jedoch keine Opfer gemeldet."
INC-145,Indonesian Hospital,FAC-007,Schlag,"Die obersten Stockwerke und der Vorgarten des indonesischen Krankenhauses, in dem mehr als 40 Trauma- und chronisch kranke Patienten sowie medizinisches Personal untergebracht waren, wurden getroffen und waren vollständig vom Stromausfall betroffen.",,"Am 18. und 19. Oktober trafen israelische Angriffe Berichten zufolge alle drei verbliebenen Krankenhäuser im Gouvernement Nord-Gaza: Kamal Adwan, das indonesische Krankenhaus und Al-Awda. Laut Gesundheitsministerium wurden die obersten Stockwerke und der Vorplatz des indonesischen Krankenhauses, in dem sich über 40 Trauma- und chronisch kranke Patienten sowie medizinisches Personal befanden, getroffen und es kam zu einem vollständigen Stromausfall. Zwei schwerkranke Patienten starben daraufhin aufgrund des Strom- und Versorgungsmangels, so das Gesundheitsministerium weiter. Auch das Al-Awda-Krankenhaus und der Laboreingang des Kamal-Adwan-Krankenhauses wurden getroffen, was zu Opfern führte, wie die Al-Awda-Gesundheits- und Gemeindevereinigung und das Gesundheitsministerium mitteilten. Am 21. Oktober gelang es einer komplexen Mission unter der Leitung der Weltgesundheitsorganisation (WHO) in Zusammenarbeit mit dem Büro für die Koordinierung humanitärer Angelegenheiten (OCHA), dem Minenräumdienst der Vereinten Nationen (UNMAS) und dem Palästinensischen Roten Halbmond (PRCS), 14 schwerkranke Patienten und 10 Betreuer vom Kamal-Adwan-Krankenhaus in das Al-Shifa-Krankenhaus im Gouvernement Gaza zu evakuieren. Die Mission, die am 20. Oktober von Deir al-Balah aus gestartet war, musste aufgrund heftiger Kämpfe in der Region die Nacht im Kamal-Adwan-Krankenhaus verbringen und konnte erst am folgenden Tag nach Al-Shifa weiterreisen. Am 21. Oktober befanden sich insgesamt noch 100 Patienten im Kamal-Adwan-Krankenhaus, darunter sieben Erwachsene und sieben Kinder auf der Intensivstation. Die Notaufnahme wurde ständig mit neuen Verletzten überflutet; allein zwischen dem 20. und 21. Oktober wurden innerhalb von 24 Stunden rund 200 Traumapatienten eingeliefert, darunter 53 bereits Verstorbene. Am 21. Oktober berichtete der Direktor des Kamal-Adwan-Krankenhauses, dass die Blutkonserven aufgebraucht seien, das medizinische Personal ohne Verpflegung unermüdlich arbeite, zahlreiche Patienten aufgrund der begrenzten Kapazitäten ihren Verletzungen erlegen seien und weitere Verwundete unverletzt auf den Straßen lägen. Unterdessen erschweren Kommunikationsprobleme aufgrund von Internetausfällen die Bemühungen, sich ein Bild von der Lage in den indonesischen und den Al-Awda-Krankenhäusern zu machen, wie der Gesundheitscluster mitteilt. Darüber hinaus sind derzeit keine medizinischen Stationen des UNRWA im Nordgaza in Betrieb."
INC-146,Indonesian Hospital,FAC-007,Mauerabriss,"Die WHO stellte am 24. Oktober fest, dass die Umfassungsmauer der Einrichtung abgerissen worden war.",,
INC-147,Indonesian Hospital,FAC-007,Invasion,"Am 24. Dezember drang das israelische Militär ein und ordnete die Evakuierung von Patienten, Pflegekräften und Mitarbeitern an.",,
INC-148,Indonesian Hospital,FAC-007,"Angriffe, eingeschränkter Zugriff","Aufgrund struktureller Schäden war das Krankenhaus außer Betrieb, es herrschte akuter Blutmangel. Israelische Streitkräfte blockierten den Zugang zum Krankenhaus, zerstörten das Nordtor und planierten den Innenhof.","Zwischen dem 15. und 23. Mai wurde das Al-Awda-Krankenhaus im Nord-Gaza wiederholt angegriffen. Nachdem sowohl das indonesische als auch das Kamal-Adwan-Krankenhaus ihren Betrieb eingestellt hatten, war Al-Awda das einzige Krankenhaus im Gouvernement, das – wenn auch unter extremen Bedingungen – noch teilweise funktionsfähig war. Seit dem 19. Mai verhindern anhaltende Kampfhandlungen und die schwierige Erreichbarkeit des Krankenhauses, dass Patienten es erreichen können. Am 21. Mai wurde Berichten zufolge das dritte Stockwerk des Krankenhauses getroffen, wobei ein Mitarbeiter verletzt wurde. Die Kampfhandlungen in der Region beschädigten außerdem den Wassertank und die Wasserleitung des Krankenhauses. Am 22. Mai wurden Berichten zufolge das dritte und vierte Stockwerk des Krankenhauses getroffen, wobei zwei Gesundheitspersonal verletzt wurden. Patientenzelte, darunter eines von der WHO bereitgestellte, gerieten in Brand, wodurch auch sämtliche medizinischen Vorräte im Lager und Fahrzeuge im Keller zerstört wurden. Laut WHO droht Al-Awda aufgrund der anhaltenden Unsicherheit und der eingeschränkten Erreichbarkeit die Schließung.",
INC-149,Indonesian Hospital,FAC-007,Schlag,"Die Notstromaggregate des Krankenhauses wurden beschädigt, was zu einem Großbrand und einem totalen Stromausfall führte.","Am 19. Mai wurden die Notstromaggregate des Krankenhauses getroffen, was einen Großbrand und einen vollständigen Stromausfall verursachte. Am 20. Mai berichtete die WHO, dass das Krankenhaus aufgrund heftiger Kampfhandlungen kaum noch funktionsfähig war; Straßen waren zerstört und nur noch 15 Personen befanden sich im Gebäude, die dringend Nahrung und Wasser benötigten.",
INC-150,International Eye Hospital,FAC-017,,"Das Erdgeschoss des Gebäudes wurde völlig zerstört, dann wurde das Gebäude erneut getroffen und in Schutt und Asche gelegt.","„Ein Bild zeigt das völlig zerstörte Erdgeschoss des Gebäudes. Das Gebäude wurde vermutlich erneut getroffen und in Schutt und Asche gelegt. Auf Satellitenbildern ist ein großer Krater zu sehen, der die Folgen eines mutmaßlichen israelischen Luftangriffs zeigt.“",
INC-151,International Medical Corps Field Hospital,FAC-037,Bewaffnete Auseinandersetzungen / Kämpfe,Die Eskalation der Kämpfe zwang es zur Verlegung in sein zweites Feldlazarett in Deir al Balah.,"Am 5. Juni gab das International Medical Corps (IMC) bekannt, dass die Eskalation der Kämpfe es gezwungen habe, seine gesamte Ausrüstung und seinen gesamten Betrieb von seinem Feldlazarett mit 160 Betten im Gouvernement Rafah in sein zweites Feldlazarett in Deir al Balah zu verlegen, wodurch es weiterhin wichtige Gesundheitsdienste leisten könne, „während gleichzeitig die Sicherheit seiner Patienten und Mitarbeiter gewährleistet wird“.",
INC-152,Jordanian Field Hospital,FAC-029,Artilleriebeschuss,Sieben der medizinischen Mitarbeiter wurden verletzt.,"Am 15. November gegen 20:30 Uhr traf eine von israelischen Streitkräften abgefeuerte Granate das jordanische Feldlazarett in Gaza-Stadt und verletzte sieben Mitglieder des medizinischen Teams, die dem jordanischen königlichen medizinischen Dienst angehörten.",
INC-153,Jordanian Field Hospital,FAC-029,Artilleriebeschuss,Der anhaltende Beschuss beschädigte das Krankenhaus und seine Ausrüstung und blockierte zudem die umliegenden Zufahrtswege.,"Die JAF gab die Verlegung des Krankenhauses aus dem Gebiet Tal al Hawa in Gaza-Stadt nach Khan Younis bekannt und begründete dies mit Sicherheitsbedenken für das Personal. Die JAF merkte an, dass anhaltender Beschuss und schwere Bombenangriffe in den letzten Wochen die Fassade und die Ausrüstung des Krankenhauses beschädigt hätten, das Krankenhaus zunehmend isoliert sei und die Zufahrtsstraße gefährlich geworden sei.",
INC-154,Jordanian Field Hospital - Khan Yunis,FAC-030,Artilleriebeschuss,verursachten Sachschaden,"Am 9. Dezember wurde die Umgebung des Krankenhauses beschossen, wodurch Sachschaden entstand. Es wurden keine Opfer gemeldet.",
INC-155,Jordanian Field Hospital - Khan Yunis,FAC-030,Artilleriebeschuss,"Schwer beschädigt, ein Mitarbeiter und ein Patient wurden verletzt.","Am 17. Januar teilte die jordanische Armee laut Medienberichten mit, dass ihr Feldlazarett in Khan Younis bei einem Beschuss durch israelische Streitkräfte in der Region schwer beschädigt worden sei und ein Mitarbeiter sowie ein Patient verletzt worden seien.",
INC-156,Jordanian Field Hospital - Khan Yunis,FAC-030,Direkter Treffer (Umgebung),"indirekte Schäden an der Umgebung, die sich auf das Grundstück oder die Umgebung auswirken","Zwischen dem 17. und 19. Mai wurde die Einrichtung, wie viele andere im Gazastreifen, indirekt beschädigt, als nahegelegene israelische Angriffe ihr Gelände oder die Umgebung trafen.",
INC-157,Kamal Adwan Hospital,FAC-001,Luftangriff,"Zwei Serien von Luftangriffen trafen die Stadt in Jabalia, wobei bei einem der Angriffe vier Tote und neun Verletzte gemeldet wurden.",,
INC-158,Kamal Adwan Hospital,FAC-001,Kampf - Umgebung,Heftige Kämpfe in der Nähe erforderten die Evakuierung von Patienten.,,
INC-159,Kamal Adwan Hospital,FAC-001,Streiks-Umgebung,"In der Nähe des Krankenhauses wurden Angriffe verübt, bei denen Menschen getötet und Gebäude sowie Ausrüstung beschädigt wurden.",,
INC-160,Kamal Adwan Hospital,FAC-001,unbekannt,Die Geburtsabteilung wurde getroffen.,,
INC-161,Kamal Adwan Hospital,FAC-001,Bombardierung,Schweres Bombardement führte zu Dutzenden Toten,,
INC-162,Kamal Adwan Hospital,FAC-001,Bombardierungsumgebung,Krankenhausumgebung stark bombardiert,,
INC-163,Kamal Adwan Hospital,FAC-001,Invasion,Überfall durch israelische Streitkräfte,,
INC-164,Kamal Adwan Hospital,FAC-001,Invasion,"Überfall durch israelische Truppen, begleitet von Panzern",,
INC-165,Kamal Adwan Hospital,FAC-001,Invasion,"Überfall durch israelische Truppen, begleitet von Panzern",,
INC-166,Kamal Adwan Hospital,FAC-001,Invasion,Die israelischen Streitkräfte zogen sich nach viertägiger Belagerung der Anlage zurück.,,
INC-167,Kamal Adwan Hospital,FAC-001,unbekannt,Wegen Strom- und Treibstoffmangels für den Generator außer Betrieb genommen.,,
INC-168,Kamal Adwan Hospital,FAC-001,Luftangriffe – Umgebung,Der Leiter der Intensivstation wurde bei einem israelischen Luftangriff getötet. Vor der Aufnahme und der Notaufnahme lagen Bomben mit kleinem Durchmesser.,,
INC-169,Kamal Adwan Hospital,FAC-001,Schlag,Das dritte Stockwerk des Krankenhauses wurde am 31. Oktober und 3. November zweimal direkt getroffen.,,
INC-170,Kamal Adwan Hospital,FAC-001,Feindseligkeiten-Umgebung,Der Zugang wird zunehmend schwieriger; in der Nähe des Krankenhauses kam es zu heftigen Kampfhandlungen.,,
INC-171,Kamal Adwan Hospital,FAC-001,"belagert, angegriffen","Am 21. Mai wurde das Gebäude viermal getroffen, wodurch die Intensivstation, die Rezeption, die Verwaltung und das Dach beschädigt wurden.",Das Kamal-Adwan-Krankenhaus ist nicht mehr in Betrieb.,
INC-172,Kamal Adwan Hospital,FAC-001,evakuiert,Alle Gesundheitsmitarbeiter und Patienten wurden evakuiert.,,
INC-173,Kamal Adwan Hospital,FAC-001,"Bombardierungen, Artilleriebeschuss","Zwischen dem 3. und 7. Dezember wurde das Krankenhaus viermal mit Feuer, Bomben und Granaten angegriffen. Dabei kamen sieben Menschen ums Leben, darunter vier Sanitäter und ein Kind. Mindestens drei weitere medizinische Mitarbeiter sowie Patienten und Begleitpersonen wurden verletzt. Wasser- und Treibstofftanks sowie die Sauerstoffstation wurden beschädigt. Am 6. Dezember umstellten israelische Panzer das Krankenhaus und ordneten die Evakuierung an.",,
INC-174,Kamal Adwan Hospital,FAC-001,Schlag,Auch der Eingang zum Labor von Kamal Adwan wurde getroffen.,,
INC-175,Kamal Adwan Hospital,FAC-001,Invasion,"Am 25./26. Oktober drangen israelische Soldaten in das Krankenhaus ein. Einige Mitarbeiter wurden verletzt, drei Krankenwagen, ein Transportfahrzeug und die Solaranlage zur Stromerzeugung wurden zerstört. Von den 70 Mitarbeitern des Krankenhauses wurden 44 Männer festgenommen.",,
INC-176,Kamal Adwan Hospital,FAC-001,Angriffe,"Zwischen dem 11. und 17. Dezember kam es fast täglich zu Angriffen auf oder in unmittelbarer Nähe des Krankenhauses. Trümmer und Explosionen zerstörten Türen und Fenster, verursachten weitere Schäden an Wassertanks, Stromgeneratoren und der Sauerstoffversorgung und lösten einen Brand im dritten Stock des Krankenhauses aus.",,
INC-177,Kamal Adwan Hospital,FAC-001,Schlag,Bei einem Anschlag auf das Krankenhaustor wurden sechs Palästinenser getötet und weitere verletzt. Am 18. November trafen Granatsplitter Personal auf der Intensivstation.,,
INC-178,Kamal Adwan Hospital,FAC-001,Schlag,"Ist weiterhin angegriffen worden, mit mindestens sieben Angriffen",,
INC-179,Kamal Adwan Hospital,FAC-001,Schlag,"Am 17. Dezember wurde ein Angriff vor dem Westtor verübt, bei dem Berichten zufolge acht Palästinenser getötet wurden. Außerdem drangen Kugeln in die Intensivstation ein, wo sie einen Brand auslösten, sowie in die Geburtsstation und die chirurgische Fachabteilung.",,
INC-180,Kamal Adwan Hospital,FAC-001,Invasion,"Das Krankenhaus wurde von israelischen Streitkräften gestürmt und außer Betrieb gesetzt. Teile des Krankenhauses wurden bei dem Angriff niedergebrannt und schwer beschädigt, darunter das Labor, die chirurgische Abteilung, die Technik- und Instandhaltungsabteilung, der Operationssaal und das Medikamentenlager.",,
INC-181,Kamal Adwan Hospital,FAC-001,Streiks-Umgebung,indirekter Schaden am Gebäude,,
INC-182,Kuwait Field Hospital,ID Not Found,Betrieb eingestellt,"Der Betrieb wurde am 27. Mai eingestellt, zwei Mitarbeiter wurden in der Nähe des Krankenhaustors getötet.","Das Al-Kuwaiti-Krankenhaus in Rafah stellte am 27. Mai seinen Betrieb ein; laut Medienberichten, die sich auf den Direktor des Krankenhauses berufen, geschah dies, nachdem zwei medizinische Mitarbeiter bei einem Angriff auf das Krankenhaustor getötet wurden.",
INC-183,Kuwait Field Hospital,ID Not Found,Direkter Schlag,"Am 15. April wurde Berichten zufolge ein Mitarbeiter des kuwaitischen Feldlazaretts getötet und neun weitere medizinische Fachkräfte sowie Patienten verletzt, als der Hintereingang des Krankenhauses getroffen wurde.","Laut einer Pressemitteilung der Krankenhausleitung traf am Morgen eine Rakete den Nordeingang der Einrichtung, wobei ein Mitglied des medizinischen Personals getötet und neun (9) weitere Mitglieder des medizinischen Personals sowie Patienten verletzt wurden.",
INC-184,Kuwait Field Hospital,ID Not Found,Streiks,"Krankenhaustor getroffen, ein Arbeiter getötet und 4 Krankenwagen zerstört","Am 22. April wurde das Tor des kuwaitischen Feldlazaretts getroffen, wobei ein Mitarbeiter ums Leben kam und vier Krankenwagen zerstört wurden.",
INC-185,Kuwait Field Hospital,ID Not Found,Direkter Treffer (Umgebung),Chirurgische Eingriffe wurden aufgrund von Schäden am Krankenhausgenerator und anderen Abteilungen ausgesetzt.,"Am 17. Mai wurde Berichten zufolge ein Zelt von Binnenvertriebenen neben dem Feldlazarett Al Kuwaiti getroffen, wobei sechs Palästinenser getötet wurden. Das Krankenhaus gab daraufhin die Aussetzung aller Operationen bis auf Weiteres bekannt, da der Generator und andere Abteilungen des Krankenhauses schwer beschädigt worden waren. Am 19. Mai, nach teilweisen Reparaturen, nahm das Krankenhaus den Betrieb der chirurgischen Abteilung wieder auf, allerdings nur für Notfälle.",
INC-186,MSF Clinic,FAC-041,Panzerhülle,"Es entstanden Schäden am Gebäude, fünf Fahrzeuge von Ärzte ohne Grenzen wurden verbrannt und zerstört.","Am 20. November wurde eine Klinik von Ärzte ohne Grenzen (MSF) in Gaza-Stadt angegriffen. Das Gebäude wurde beschädigt, und fünf Fahrzeuge von MSF wurden durch Panzerbeschuss zerstört und verbrannt. Insgesamt befinden sich 21 Menschen in der Klinik und könnten in höchster Gefahr sein. Ihr Zustand ist unbekannt, warnte die Organisation.",
INC-187,MSF Premise 01,FAC-040,scharfe Munition,"Es wurde scharfe Munition in das Gebäude abgefeuert, in dem mehr als 100 Menschen, darunter medizinisches Personal und deren Familien, Schutz gesucht hatten.","Am 14. November meldeten Ärzte ohne Grenzen, dass in eines ihrer drei Gebäude (in der Nähe des Shifa-Krankenhauses) mit scharfer Munition geschossen worden war, wo mehr als 100 Menschen, darunter Mitarbeiter und deren Familien, Schutz gesucht hatten.",
INC-188,MSF Urgent Care Unit - Khan Younis,FAC-042,Luftangriff,"Am 1. April wurde ein Mitarbeiter von Ärzte ohne Grenzen, der in der Notfallambulanz von Ärzte ohne Grenzen arbeitete, zusammen mit seiner Frau und seiner 28-jährigen Tochter getötet.",Bei einem Luftangriff in Khan Younis im Gazastreifen wurde ein Mitarbeiter von Ärzte ohne Grenzen zusammen mit zwei Familienmitgliedern getötet. Die Kampfhandlungen dauern an und betreffen Zivilisten und medizinisches Personal.,
INC-189,Muhammad Al-Durrah Children's Hospital,FAC-012,Streik / Zwangsevakuierung,"Außer Betrieb, Patienten evakuiert","Zusammen mit 23 weiteren Krankenhäusern im nördlichen Gazastreifen, die Evakuierungsanordnungen erhielten und anhaltenden Einschüchterungen und gezielten Angriffen ausgesetzt waren. Vom 7. bis zum 12. Oktober wurde das Krankenhaus beschädigt und die Patienten mussten evakuiert werden.",
INC-190,Muhammad Al-Durrah Children's Hospital,FAC-012,Zwangsevakuierung,"Krankenhaus beschädigt, Patienten mussten evakuiert werden","Laut WHO war es eines von vier Krankenhäusern im nördlichen Gazastreifen, die evakuiert werden mussten.",
INC-191,Muhammad Al-Durrah Children's Hospital,FAC-012,Unbekannt,Am 23. April kam es bei Angriffen auf das Al-Durrah-Kinderkrankenhaus in Gaza-Stadt zu Schäden an der Intensivstation und den Solaranlagen des Krankenhauses.,,
INC-192,Muhammad Youssef Al-Najjar Hospital,FAC-018,Zwangsevakuierung,"Evakuierungsanordnung erlassen, die zur Evakuierung des Krankenhauses am 7. Mai führte","Die Dialyseabteilung des Krankenhauses war laut WHO die einzige, die in Gaza überlebte und für Patienten mit Nierenversagen lebenswichtig war. Nach der Evakuierung des Krankenhauses wurden 1.500 Patienten mit Nierenversagen, die zuvor dort behandelt worden waren, in andere Krankenhäuser verlegt.",
INC-193,Muhammad Youssef Al-Najjar Hospital,FAC-018,Zerstört,Krankenhaus nach vorangegangener Evakuierung weitgehend zerstört.,,
INC-194,Nasser Medical Complex,FAC-002,Luftangriff,"Der Eingang des Krankenhauses wurde getroffen, zwei Menschen wurden getötet und der Eingang wurde beschädigt.","Am 4. November wurden Berichten zufolge die Eingänge des Nasser-Kinderkrankenhauses und des Al-Quds-Krankenhauses in Gaza-Stadt bei israelischen Luftangriffen getroffen. Zwei Menschen wurden getötet, Dutzende verletzt, und die Eingänge der beiden Gesundheitseinrichtungen wurden beschädigt.",
INC-195,Nasser Medical Complex,FAC-002,Unbekannt,"Löcher in den Wänden mehrerer Räume, darunter auch eines Bildgebungsraums.","Auf den Aufnahmen sind offenbar umfangreiche Schäden zu erkennen, darunter Löcher in den Wänden mehrerer Räume, darunter auch eines, der für Bildaufnahmen genutzt wurde.",
INC-196,Nasser Medical Complex,FAC-002,Luftangriff,Drei Menschen starben und Dutzende wurden verletzt. Das Kinderkrankenhaus stellte nach erheblichen Schäden den Betrieb ein.,"Das Naser-Kinderkrankenhaus in Gaza-Stadt wurde bei einem Luftangriff getroffen, wobei Berichten zufolge drei Menschen getötet und Dutzende weitere verletzt wurden. Dies führte zur Einstellung des Krankenhausbetriebs.",
INC-197,Nasser Medical Complex,FAC-002,Belagerung / Einkesselung,Das Krankenhaus ist umzingelt.,"Bis Mittag hatten israelische Bodentruppen Berichten zufolge die Einkesselung von vier Krankenhäusern im An-Nasser-Viertel von Gaza-Stadt abgeschlossen. Eines davon, ein Kinderkrankenhaus, hatte seinen Betrieb am 9. November nach erheblichen Schäden eingestellt.",
INC-198,Nasser Medical Complex,FAC-002,Beschuss (Umgebung),"Es entstand Sachschaden, es wurden jedoch keine Verletzten gemeldet.","Am 9. Dezember wurde die Umgebung des Krankenhauses beschossen, wodurch Sachschaden entstand; es wurden keine Opfer gemeldet.",
INC-199,Nasser Medical Complex,FAC-002,Unbekannt (Umgebung),"Die Umgebung des Krankenhauses wurde angegriffen, wodurch Schäden entstanden.","Am 30. Oktober setzten israelische Streitkräfte zum zweiten Mal in Folge ihre Angriffe auf die Umgebung von Krankenhäusern fort und verursachten Schäden am An-Nasser-Krankenhaus, dem Türkischen Freundschaftskrankenhaus (dem einzigen Krebskrankenhaus) und einem UNRWA-Gesundheitszentrum.",
INC-200,Nasser Medical Complex,FAC-002,Bombardierung (Umgebung),Umgebung wiederholt bombardiert,"Am 13. Dezember wurde die Umgebung des Krankenhauses wiederholt bombardiert, wodurch der Zugang für Dutzende von Verletzten behindert wurde.",
INC-201,Nasser Medical Complex,FAC-002,Artilleriebeschuss,"Am 17. Dezember wurde das Gebiet mindestens zweimal getroffen. Eine Artilleriegranate schlug in die Geburtsstation ein, die Granate explodierte nicht, traf ein Kind am Kopf und tötete die 13-jährige Dina Lyad Abu Mohsen.","Das Krankenhaus wurde in der Nacht zum Montag von israelischer Artillerie beschossen, wobei ein junges Mädchen ums Leben kam, wie das palästinensische Gesundheitsministerium in Gaza mitteilte. In einer kurzen Erklärung auf Telegram hieß es, die 13-jährige Donia Abu Mohsen sei „gefallen und zu ihren Familienangehörigen gestoßen, nachdem das Entbindungsgebäude im Nasser-Klinikum angegriffen wurde“. Laut Ministerium verlor Donia im Krieg ihre Eltern und alle ihre Geschwister und war nach dem Verlust eines Beines bei einem früheren israelischen Luftangriff allein.",
INC-202,Nasser Medical Complex,FAC-002,Belagerung / Einkesselung / Scharfschützen,"Die Belagerung des Krankenhauses, in dem sich 300 medizinische Fachkräfte, 450 Verletzte und rund 10.000 Binnenvertriebene befanden, erfolgte durch die Einkesselung mit Militärfahrzeugen und Scharfschützen in der Umgebung. Berichten zufolge töteten israelische Scharfschützen 26 Zivilisten und verletzten 15 weitere. Einige Leichen blieben für das medizinische Personal unerreichbar und wurden von streunenden Tieren geschändet. Die humanitäre Lage verschärfte sich dramatisch: Sowohl dem medizinischen Personal als auch den Zivilisten gingen die Lebensmittel aus, Abwasser überflutete die Notaufnahme, und medizinische Abfälle türmten sich im Gebäude. Treibstoffmangel und der damit einhergehende Ausfall der Generatoren führten zum Tod eines zehnjährigen Jungen.","Am 21. Januar zeigte ein Video von Basam Yosef, wie israelische Panzer die Zufahrtsstraße zum Krankenhaus blockierten.
Am 22. Januar berichtete das Gesundheitsministerium per Telegramm, dass Bürger gezwungen seien, 40 Gefallene in einem Massengrab auf dem Krankenhaushof zu bestatten.
Am 23. Januar ordnete Israel die Evakuierung des umliegenden Gebiets des Krankenhauses an.
Am 24. Januar berichtete das OCHA, dass das Krankenhaus aufgrund der Einkesselung durch das israelische Militär und heftiger Kämpfe nur noch minimal funktionsfähig sei und weder Patienten noch Material aufnehmen könne.
Am 25. Januar erklärte der Sprecher des Gesundheitsministeriums, dass das Krankenhaus nur noch mit 10 % seiner normalen Kapazität arbeite und akuter Mangel an Lebensmitteln, Anästhetika und Schmerzmitteln herrsche. Der Treibstoffvorrat reiche nicht einmal für fünf Tage. Ärzte ohne Grenzen (MSF) erklärte am 26. Januar, dass das Krankenhaus, die zu diesem Zeitpunkt größte verbliebene Gesundheitseinrichtung, keine lebenswichtigen medizinischen Leistungen mehr erbringen könne.
Am 28. Januar gab der Sprecher des Gesundheitsministeriums bekannt, dass 150 Märtyrer im Hof ​​des Krankenhauses beerdigt worden seien und sich die Überreste von 30 unbekannten Märtyrern in der Leichenhalle befänden. Zudem seien die Wasserreservoirs durch Drohnen und Granatsplitter beschädigt worden, was zu Leckagen auf der Intensivstation und zu Wassermangel für die Dialyse geführt habe.
Am 29. Januar zeigten Videoaufnahmen aus dem Krankenhaus die Massenbestattung von 35 Märtyrern im Hof.
Am 30. Januar meldete das Büro für die Koordinierung der Koordinierungsstellen für die Koordinierung der Hohen Angelegenheiten (OCHA) Opfer infolge von Angriffen in der Nähe des Krankenhauses und in der Umgebung.
Am 31. Januar warnte das Gesundheitsministerium durch seinen offiziellen Sprecher vor einer möglichen Gesundheitskatastrophe aufgrund der Ansammlung von medizinischen Abfällen im Krankenhaus und der drohenden Lebensmittelknappheit.

Am 5. Februar zeigten Videoaufnahmen aus dem Krankenhaus, wie sich Rauch auflöste, der offenbar die Folgen eines Angriffs in der Nähe des Krankenhauses waren.
Am 6. Februar veröffentlichte das Gesundheitsministerium eine offizielle Erklärung, in der es mitteilte, dass die Belagerung des Krankenhauses das Leben von 300 medizinischen Mitarbeitern, 450 Verletzten und rund 10.000 Binnenvertriebenen gefährdete. Es gab weder Lebensmittel noch Medikamente, Schmerzmittel, Narkosemittel oder Ausrüstung für Operationen.
Im Verlauf der Belagerung häuften sich die Berichte über israelische Scharfschützen, die gezielt Menschen im und um das Krankenhaus beschossen. Am 7. Februar wurde Berichten zufolge eine palästinensische Frau erschossen, als sie angeblich Wasser vom Krankenhaus holte. Am darauffolgenden Tag, dem 8. Februar, wurde eine Krankenschwester im Operationssaal des Krankenhauses angeschossen und lebensgefährlich verletzt. Zusätzlich kam es zu zwei Vorfällen, bei denen israelische Streitkräfte auf eine Gruppe von Menschen am Eingang des Krankenhauses und eine weitere Gruppe in dessen Nähe feuerten und dabei vier bzw. drei Palästinenser töteten.
Am 9. Februar beschossen israelische Scharfschützen weiterhin Zivilisten in der Nähe des Krankenhauses, wobei zwei Palästinenser in der Nähe des Gebäudes getötet wurden. Gleichzeitig wurde die Umgebung des Krankenhauses wiederholt von den israelischen Streitkräften angegriffen.
Am 10. Februar meldete das Gesundheitsministerium anhaltendes Scharfschützenfeuer auf medizinisches Personal und Binnenvertriebene, die im Krankenhaus Schutz suchten. Beschossen wurden unter anderem der Eingang des Krankenhauses, verschiedene Gebäude und die Innenhöfe. Dabei kamen vier Palästinenser ums Leben.

Am selben Tag zeigen Videoaufnahmen aus dem Krankenhaus ein gepanzertes Fahrzeug der israelischen Armee und einen Bulldozer vor dem Krankenhaustor.
Am 11. Februar wurden Berichten zufolge zwei Palästinenser vor dem Krankenhaustor erschossen, einer von ihnen der Journalist Yasser Mamdouh. OCHA berichtete, dass mehrere Tote seit Tagen in der Nähe des Krankenhauses lagen und aufgrund anhaltender Angriffe nicht erreichbar waren. Am selben Tag zeigten Videoaufnahmen aus dem Krankenhaus die Leichen zweier Palästinenser mit der Bildunterschrift: „Leichen von Märtyrern, die die israelische Armee vor dem Krankenhauseingang hingerichtet und dem medizinischen Personal den Zugang verwehrt hat.“ Das Video zeigt Katzen, die an den Leichen fressen. Ebenfalls am selben Tag zeigten Videoaufnahmen aus dem Krankenhaus die Folgen eines Angriffs auf den Schlafsaal des medizinischen Personals.
Am 12. Februar meldete das Gesundheitsministerium sieben getötete und vierzehn verletzte Palästinenser durch Scharfschützenfeuer im Krankenhaushof. Dieselbe Behörde erklärte außerdem, dass dem medizinischen Personal, den Krankenhauspatienten und den Binnenvertriebenen die Lebensmittel ausgegangen seien.
Am 13. Februar teilte das Gesundheitsministerium mit, dass die israelischen Streitkräfte (IDF) die Evakuierung aller Binnenvertriebenen aus dem Krankenhaus angeordnet hätten. Weiterhin wurde berichtet, dass Angriffe auf nahegelegene Schulen und deren anschließende Brände den Lagerraum für medizinische Geräte des Krankenhauses vollständig zerstört hätten. Ärzte ohne Grenzen (MSF) berichtete, dass dem medizinischen Personal und den Patienten mitgeteilt wurde, dass sie mit maximal einer Begleitperson pro Patient im Krankenhaus bleiben dürften.
Die IDF zerstörten das Nordtor des Krankenhauses.
Am selben Tag wurden im Krankenhaus drei Palästinenser durch Scharfschützenfeuer getötet und zehn weitere verletzt. Ein zehnjähriges Kind kam ums Leben, als einem Generator der Treibstoff ausging und dieser seinen Betrieb einstellte.
Ein weiteres Video, das von Al Jazeera veröffentlicht wurde, zeigt ein palästinensisches Kind, das am Eingang des Krankenhauses von IDF-Scharfschützen erschossen wurde. Sein Körper war für das medizinische Personal unerreichbar und wurde von Katzen angefressen.",
INC-203,Nasser Medical Complex,FAC-002,Zwangsevakuierung,"Die israelischen Streitkräfte (IDF) ordneten die Evakuierung des Krankenhauses durch die Binnenvertriebenen an, was zur Vertreibung von über 8000 Palästinensern führte. Nur etwa 2500 Menschen blieben im Krankenhaus zurück, darunter Gesundheitspersonal und deren Familien, sowie rund 1500 Binnenvertriebene, Patienten und deren Betreuer.","Nach dem Evakuierungsbefehl der israelischen Armee an die Krankenhausleitung vom 13. Februar berichtete das Gesundheitsministerium, dass sich am 14. Februar nur noch 2500 Personen im Krankenhaus befanden, darunter etwa 1500 Binnenvertriebene, rund 490 Mitarbeiter des Gesundheitswesens mit ihren Familien sowie 600 Patienten mit ihren Begleitpersonen, darunter 18 Patienten auf der Intensivstation, 35 Dialysepatienten und drei Säuglinge in Inkubatoren.
Gegen 19:00 Uhr wurde ein gefesselter palästinensischer Gefangener, der mutmaßlich von der israelischen Armee mit einer Nachricht an die im Krankenhaus verbliebenen Binnenvertriebenen beauftragt worden war, Berichten zufolge erschossen.",
INC-204,Nasser Medical Complex,FAC-002,Überfall,"Nach einer über 23-tägigen Belagerung stürmte die israelische Armee das Krankenhaus. Dabei starben acht Patienten auf der Intensivstation, und etwa 200 Menschen, darunter 70 Verwaltungs- und medizinische Angestellte, wurden festgenommen. Am 23. April gaben die palästinensischen Behörden bekannt, dass die israelische Armee bis zu 310 Palästinenser in einem Massengrab im Krankenhaushof verscharrt hatte.","Am 15. Februar drang die israelische Armee (IDF) laut Angaben des Gesundheitsministeriums in das Krankenhaus ein, einschließlich der Geburtsstation. Das Ministerium berichtete außerdem, dass Hunderte von Patienten und Mitarbeitern in ein Gebäude innerhalb des Krankenhausgeländes verlegt wurden, wo es ihnen an Nahrung, Wasser und Säuglingsnahrung mangelte. Die Notstromaggregate des Krankenhauses waren ausgefallen, wodurch das Leben von sechs beatmeten Patienten auf der Intensivstation gefährdet war.
Am Morgen des 16. Februar meldete das Gesundheitsministerium den Tod von fünf Intensivpatienten aufgrund von Sauerstoffmangel. Die IDF ordnete zudem die Verlegung von Frauen und Kindern in die Geburtsstation an, die in eine Militärbaracke umgewandelt worden war.
Am 18. Februar verhörte die IDF einige medizinische Mitarbeiter, die gefesselt, geschlagen und ihrer Kleidung beraubt wurden.
Am 20. Februar war die Intensivstation nicht mehr funktionsfähig, und die Leichen von acht Patienten, die an Sauerstoffmangel gestorben waren, lagen dort und verwesten. Am 22. Februar meldete das Gesundheitsministerium, dass vier Militärfahrzeuge in das Krankenhaus eingefahren seien.
Am Abend desselben Tages meldete das Gesundheitsministerium, dass die israelischen Streitkräfte die Besetzung des Krankenhauses beendet und sich in der Umgebung neu positioniert hätten, wobei die Zufahrt weiterhin blockiert werde.

",
INC-205,Nasser Medical Complex,FAC-002,Direkter Schlag,"Bei einem Angriff auf die chirurgische Station des Klinikkomplexes kamen zwei Patienten ums Leben, 35 Betten wurden zerstört.","Am 23. März tötete ein Angriff auf die chirurgische Station des Naser Medical Complex in Khan Younis, dem derzeit größten Krankenhaus im Gazastreifen, zwei Patienten, darunter einen 16-jährigen Jungen, verletzte acht weitere und zerstörte 35 Betten für stationäre Patienten.",
INC-206,Nasser Medical Complex,FAC-002,Luftangriff,"40 Betten auf Normalstationen und 10 Intensivbetten außer Betrieb, zwei Tote (einer davon ein Journalist, der sich zum Zeitpunkt des Anschlags im Krankenhaus befand), 12 Verletzte","Der Leiter der Feldlazarette des Gesundheitsministeriums, Dr. Marwan Al-Hams, berichtete, dass dies der zweite Angriff auf das Nasser-Krankenhaus innerhalb von zwei Monaten sei. Dabei wurden 40 Betten auf Normalstationen und 10 Intensivbetten außer Betrieb gesetzt. Der Krankenhausdirektor informierte die WHO über zwei Tote und 12 Verletzte, darunter Patienten und medizinisches Personal. Der Journalist Hassan Salih wurde bei dem Angriff getötet, während er sich in seinem Krankenhausbett in Behandlung befand. Zuvor war ein Zelt für Journalisten angegriffen worden.",
INC-207,Nasser Medical Complex,FAC-002,Direkter Schlag,"Lager für Lieferungen und Lösungen getroffen, 30 % der Lagerhalle zerstört","Am 19. Mai wurde das Lager für medizinische Güter und Lösungen im Nasser-Medizinkomplex in Khan Younis angegriffen und zerstört. Es gab keine Verletzten. Laut WHO wurden rund 30 Prozent des Lagers zerstört. Das Lager war von der WHO errichtet worden und enthielt lebenswichtige Güter wie Infusionslösungen und Dialyselösungen. Medical Aid for Palestine (MAP) berichtete ebenfalls, dass der Angriff die wenigen verbliebenen Vorräte, darunter auch von MAP bereitgestellte lebenswichtige Materialien, unbrauchbar gemacht habe. MAP beschrieb die katastrophalen Zustände im Krankenhaus: „Patienten müssen auf den Fluren schlafen, die Betten sind über jeden verfügbaren Platz verstreut. Sechs Operationssäle sind im Dauerbetrieb, doch der ständige Zustrom von Verletzten übersteigt die Kapazität bei Weitem. Die Intensivstation, die für 12 Patienten ausgelegt ist, beherbergt nun mehr als 24. Nach den jüngsten Bombenangriffen, die die chirurgische Abteilung beschädigten, wurde ein Notaufbau errichtet, der jedoch nicht einmal grundlegende Standards erfüllt.“",
INC-208,Nasser Medical Complex,FAC-002,Evakuierungsanordnung,"Die Evakuierungsanordnung für das Gebiet um den Nassar Medical Complex bleibt bestehen, das Personal kann das Krankenhaus aufgrund von Sicherheitsbedenken und Treibstoffmangel nicht erreichen, die Geburtsstation ist seit dem 19. Juni geschlossen.","Am 18. Juni erklärte WHO-Generaldirektor Tedros Adhanom Ghebreyesus, dass das Krankenhaus unter enormem Druck stehe und mit akutem Materialmangel zu kämpfen habe. Das Krankenhaus befinde sich in einem Gebiet, für das eine Evakuierungsanordnung erlassen wurde, und viele Gesundheitspersonal könne es aus Sicherheitsgründen oder wegen fehlenden Treibstoffs nicht erreichen.",
INC-209,Nasser Medical Complex,FAC-002,Direkter Schlag,"Das Krankenhaus wurde von zwei Angriffen israelischer Streitkräfte getroffen, bei denen 22 Palästinenser getötet wurden, darunter zwei, die am 27. August ihren Verletzungen erlagen, wie das Gesundheitsministerium mitteilte.","Bei zwei Luftangriffen wurden 22 Palästinenser getötet, zwei von ihnen erlagen am 27. August ihren Verletzungen. Unter den Todesopfern befanden sich eine Fotojournalistin, vier Journalisten, ein Fahrer des palästinensischen Zivilschutzes (PCD), ein Arzt und drei weitere medizinische Fachkräfte. Über 30 Menschen wurden Berichten zufolge verletzt, darunter ein Arzt und eine Krankenschwester, schwerkranke Patienten, die in dem Komplex behandelt wurden, zwei Journalisten, ein Sanitäter des Palästinensischen Roten Halbmonds (PRCS) und sieben PCD-Beamte, die sich bei dem Versuch, Verletzte zu bergen und die Toten des ersten Angriffs zu bergen, live im Fernsehen verletzten.",
INC-210,Nasser Medical Complex,FAC-002,Scharfes Feuer / Schüsse,Ein Krankenpfleger wurde bei der Ausübung seines Dienstes im Krankenhaus durch einen Kopfschuss lebensgefährlich verletzt.,Am 29. September wurde im Nasser Medical Complex in Khan Younis ein Krankenpfleger bei der Ausübung seiner Tätigkeit im Krankenhaus durch einen Kopfschuss lebensgefährlich verletzt.,
INC-211,Nasser Medical Complex,FAC-002,Evakuierungsanordnung,Räumungsbefehl für das Gebiet um den Nassar-Medizinkomplex und israelische Truppen und Panzer im Gebiet,"Am 12. Juni wurde ein Vertreibungsbefehl für das Gebiet um den Nasser-Klinikkomplex erlassen, das letzte größere funktionierende Krankenhaus im südlichen Gazastreifen. Am selben Tag berichtete Medical Aid Palestine (MAP), dass sich israelische Panzer und Truppen in unmittelbarer Nähe des Krankenhauses befänden. Die Organisation warnte, dass Hunderttausende Menschen den Zugang zu lebenswichtiger Versorgung verlieren würden, sollte das Krankenhaus geschlossen werden, und die Folgen „katastrophal“ wären. Das Krankenhaus verfügt über 540 Betten, darunter 51 auf der Intensivstation, und ist laut MAP zu 150 Prozent ausgelastet. Dr. Mohammad Saqr, Pflegedirektor des Nasser-Klinikkomplexes, beschrieb gegenüber MAP die erschütternden Zustände und erklärte, dass man „in ihrer Verzweiflung Patienten auf Fluren und Balkonen unterbringen muss, da man sie nicht im Stich lassen kann“. Er fügte hinzu, dass die meisten der aufgenommenen Patienten durch direkte Scharfschützenangriffe in Kopf oder Brust verletzt worden seien und 95 Prozent der Patienten akut unterernährt seien.",
INC-212,Noura Al-Kaabi Specialist Dialysis Centre,FAC-043,nicht spezifiziert,zerstört,,
INC-213,Palestine Medical Relief Center for the Rehabilitation of the Disabled,FAC-026,Bombardierung,Das Gebäude wurde zerstört,,
INC-214,Patient Friends Association Hospital,FAC-028,unbekannt,Das Krankenhaus ist seit Anfang Februar aufgrund schwerer Schäden außer Betrieb.,,
INC-215,Patient Friends Association Hospital,FAC-028,evakuiert,Evakuiert aus Angst vor verstärkten militärischen Aktivitäten,,
INC-216,Primary Care Clinic,FAC-039,unbekannt,Zerstörung der Infrastruktur,"Drei Angriffe vom 30. bis 31. Oktober haben drei Gesundheitseinrichtungen betroffen, wobei eine Primärversorgungsklinik Berichten zufolge zerstört wurde.",
INC-217,Red Cross Field Hospital - Rafah,FAC-032,Schießen,Ein Mitarbeiter wurde während des Dienstes durch eine verirrte Kugel verletzt.,,
INC-218,Sheikh Hamad Hospital for Rehabilitation and Prosthetics,FAC-014,Evakuierung,"Außer Betrieb, Patienten evakuiert","Zusammen mit 23 weiteren Krankenhäusern im nördlichen Gazastreifen, die Evakuierungsanordnungen erhielten und anhaltenden Einschüchterungen und gezielten Angriffen ausgesetzt waren. Vom 7. bis zum 12. Oktober wurde das Krankenhaus beschädigt und die Patienten mussten evakuiert werden.",
INC-219,Sheikh Hamad Hospital for Rehabilitation and Prosthetics,FAC-014,unbekannt,"Krankenhaus beschädigt, Patienten mussten evakuiert werden","Laut WHO war es eines von vier Krankenhäusern im nördlichen Gazastreifen, die evakuiert werden mussten.",
INC-220,Sheikh Hamad Hospital for Rehabilitation and Prosthetics,FAC-014,Schlag,schwere Schäden und Störungen des Dienstes,,
INC-221,Turkish Friendship Hospital,FAC-022,Belagerung (Treibstoffknappheit),"Aufgrund der Belagerung ging dem Krankenhaus der Treibstoff aus, und es war gezwungen, den Großteil seiner Aktivitäten einzustellen.","Am 1. November ging dem türkisch-palästinensischen Freundschaftskrankenhaus in Gaza-Stadt der Treibstoff aus, sodass es gezwungen war, den Großteil seiner Aktivitäten einzustellen, wodurch 70 Krebspatienten in ernsthafte Lebensgefahr gerieten.",
INC-222,Turkish Friendship Hospital,FAC-022,Belagerung (Treibstoffknappheit),Aufgrund von Treibstoffmangel wurden große Teile des Krankenhausbetriebs eingestellt.,"Dr. Sobhu Skik, Generaldirektor des türkisch-palästinensischen Freundschaftskrankenhauses, erklärte über den offiziellen Social-Media-Account des Gesundheitsministeriums in Gaza, dass viele der vom Krankenhaus angebotenen Dienstleistungen eingestellt werden und andere innerhalb von 48 Stunden ausfallen könnten, wenn die Einrichtung keinen Treibstoff erhalte.",
INC-223,Turkish Friendship Hospital,FAC-022,Unbekannt (Umgebung),Die Angriffe auf die Umgebung des Krankenhauses führten zu einigen Schäden an den Gebäuden.,"Nachdem das Krankenhaus unter Treibstoffknappheit gelitten hatte, wurde der Angriff auf die Kirche von türkischen Beamten über das türkische Außenministerium verurteilt.",
INC-224,Turkish Friendship Hospital,FAC-022,Luftbombardierung,"Das dritte Stockwerk wurde getroffen und beschädigt, der Rauch verursachte Erstickungsanfälle und Panik unter dem medizinischen Personal und den Binnenvertriebenen.","Das Krankenhaus wurde die zweite Nacht in Folge getroffen. Es wurde direkt von einem Luftangriff getroffen, wobei das dritte Stockwerk beschädigt wurde und Rauch zu Atemnot und Panik unter den dort Schutz suchenden Mitarbeitern führte. Am 30. Oktober erklärte der Generaldirektor der WHO: „Krebspatienten sind ohnehin schon geschwächt, und es ist unerlässlich, alles zu tun, um sicherzustellen, dass sie die benötigte Versorgung erhalten. Es geht hier um Leben und Tod.“",
INC-225,Turkish Friendship Hospital,FAC-022,Bombardierung (Umgebung),In einem Bereich des Krankenhauses stürzte eine Wand ein; außerdem meldete die Krankenhausleitung Explosionsschäden an zwei Räumen sowie an der Sauerstoff- und Wasserversorgung.,"Berichten zufolge handelt es sich um das einzige spezialisierte Krebskrankenhaus im Gazastreifen. Ein Video zeigt, wie die Infrastruktur nach einem nahen Einschlag in dichte Rauchwolken gehüllt ist.",
INC-226,Turkish Friendship Hospital,FAC-022,Abriss,"Am 21. März zerstörten israelische Streitkräfte das Krankenhaus, das einzige spezialisierte Krebskrankenhaus im Gazastreifen.","Am 21. März zerstörten israelische Streitkräfte das türkisch-palästinensische Freundschaftskrankenhaus im Stadtteil Al-Mughraqa im Süden des Gazastreifens. Die Videoaufnahmen zeigen, wie die Zerstörung der Einrichtung von der israelischen Armee gefilmt wird.",
INC-227,UNRWA Health Centre,FAC-038,Nicht spezifiziert,Israelische Streitkräfte nahmen die Umgebung des Gesundheitszentrums ins Visier.,"Am 30. Oktober setzten israelische Streitkräfte zum zweiten Mal in Folge ihre Angriffe auf die Umgebung von Krankenhäusern fort und verursachten Schäden am An-Nasser-Krankenhaus, dem Türkischen Freundschaftskrankenhaus (dem einzigen Krebskrankenhaus) und einem UNRWA-Gesundheitszentrum.",
INC-228,Wafaa Medical Rehabilitation and Specialized Surgery Hospital,FAC-019,Luftangriff,"Berichten zufolge wurde das Gebäude bei einem Luftangriff getroffen, bei dem zwei Menschen, darunter der Regisseur, getötet und 15 weitere verletzt wurden.",,
INC-229,Wafaa Medical Rehabilitation and Specialized Surgery Hospital,FAC-019,Streiks,"Berichten zufolge griffen Kräfte das Obergeschoss an, wobei sieben Menschen getötet wurden.",,
INC-230,Yaffa Hospital,ID Not Found,Bombardierung,Getroffen und beschädigt,"Die Besatzungstruppen bombardierten die Umgebung des Yafa-Krankenhauses und nahmen dabei auch die angrenzende Jaffa-Moschee direkt ins Visier, wodurch das Krankenhaus außer Betrieb gesetzt wurde. Die Operations-, Notfall- und Chirurgieabteilungen wurden durch den Angriff schwer beschädigt. Zu diesem Zeitpunkt war das Krankenhaus eines von zwölf Krankenhäusern im südlichen Gazastreifen, die noch teilweise funktionierten.",
INC-231,Al-Amal Hospital,FAC-005,Bombardierung (Umgebung),Beschuss mit Feuergürteln in der Nähe von Al-Amal,Das gestern aufgenommene Video zeigt einen Beschuss mit einem Feuergürtel in der Nähe des Al-Amal-Krankenhauses und des Hauptquartiers der Volksrepublik China in Khan Yunis und vermittelt einen unmittelbaren Einblick in die schwierige Lage im südlichen Gazastreifen. In Gaza gibt es keinen sicheren Ort. (Twitter der Volksrepublik China),
INC-232,Al-Ranteesi Al-Naser Paediatric Hospital,ID Not Found,Zwangsevakuierung,Das Rantisi-Kinderkrankenhaus und das nahegelegene Al-Nasr-Krankenhaus im Norden von Gaza-Stadt wurden am Freitag evakuiert.,"Die israelischen Streitkräfte (IDF) veröffentlichten der BBC Details von Telefongesprächen zwischen einem Krankenhausmitarbeiter in Rantisi und einem hochrangigen IDF-Offizier. Darin besprachen sie die Organisation von Krankenwagen zur Evakuierung von Patienten.
Der Krankenhausmitarbeiter erkundigte sich nach Hunderten von vertriebenen Zivilisten, die vor den beiden Krankenhäusern kampierten. Der israelische Offizier wies sie an, das Gelände um 11:20 Uhr durch den Haupteingang zu verlassen und erklärte ihnen detailliert, welche Straßen sie benutzen sollten, um Gaza-Stadt zu verlassen. Zweimal forderte er den Krankenhausmitarbeiter auf, sicherzustellen, dass die Zivilisten etwas Weißes bei sich trugen, um zu kennzeichnen, dass sie keine Kämpfer waren. „Sie werden alle mit erhobenen Händen hinausgehen“, sagte der Krankenhausmitarbeiter. „Perfekt“, sagte der Israeli.",
INC-233,Nasser Medical Complex,FAC-002,Unbekannt,"Das dritte Stockwerk und die orthopädische Abteilung des Krankenhauses wurden getroffen, wobei ein Arzt verletzt und ein Patient getötet wurde.","Am 14. Februar meldete das Gesundheitsministerium in Gaza, dass ein Arzt bei einem Anschlag auf den dritten Stock des Krankenhauses verletzt wurde. Auch die orthopädische Abteilung wurde getroffen, wobei ein Patient getötet und viele weitere verletzt wurden.",
INC-234,Al-Amal Hospital,FAC-005,Artilleriebeschuss (Umgebung),Beschädigungen am Krankenhaus und Artilleriefragmente im Inneren des Gebäudes,Der PRCS meldete Schäden am Krankenhausgebäude und im Inneren verstreute Artilleriegeschosse aufgrund eines gemeldeten Angriffs in der Nähe des Krankenhauses.,
INC-235,Al-Amal Hospital,FAC-005,Nicht spezifiziert,Satellitenbilder vom 29. Januar zeigen die Schäden am Al-Amal-Krankenhaus und der umliegenden Nachbarschaft.,"Sanad, unsere [Al Jazeeras] Verifizierungseinheit, hat eine Analyse von Satellitenbildern durchgeführt, die am 29. Januar aufgenommen wurden und die Auswirkungen der israelischen Militäroperationen in der Nähe des Al-Amal-Krankenhauses in Khan Younis zeigen.",
INC-236,Al-Amal Hospital,FAC-005,Drohnenangriff,"Ein Mitarbeiter wurde im Hauptquartier des PRCS getötet (Reliefweb). Laut einem Bericht des OHCHR eröffnete eine israelische Drohne das Feuer auf das PRCS-Hauptquartier, wobei fünf Menschen, darunter der Leiter der Jugend- und Freiwilligenabteilung, getötet und sechs weitere verletzt wurden.","Am 2. Februar eröffnete eine Drohne der israelischen Luftwaffe (IAF) Berichten zufolge das Feuer auf das Hauptquartier der PRCS, wobei fünf Palästinenser, darunter der Direktor der Jugend- und Freiwilligenabteilung der PRCS, getötet und sechs weitere verletzt wurden.",
INC-237,Al-Amal Hospital,FAC-005,Scharfes Feuer / Schüsse,Fahrzeuge der israelischen Armee vor dem Krankenhaus eröffneten das Feuer direkt darauf und verletzten zwei Personen.,"Am 7. Februar eröffneten Fahrzeuge der israelischen Armee, die vor dem Al-Amal-Krankenhaus positioniert waren, das Feuer direkt auf das Krankenhaus (UN-Thematischer Bericht). Zwei Menschen wurden bei dem Angriff verletzt, ein Patient starb aufgrund von Sauerstoffmangel im Krankenhaus (Institut für Palästinensische Studien).",
INC-238,Al-Amal Hospital,FAC-005,Invasion / Bodenangriff,"Irsaeli-Truppen stürmten das Krankenhaus und 8 Mitarbeiter, darunter 4 Ärzte, 4 Verletzte und 5 Begleitpersonen von Patienten.","Besatzungstruppen stürmten das Al-Amal-Krankenhaus und durchsuchten es etwa zehn Stunden lang. Dabei zerstörten sie Geräte, Ausrüstung und Möbel, nahmen das Personal fest, verhörten es, schlugen und demütigten es. Acht Mitarbeiter des PRCS, darunter vier Ärzte, vier Patienten und fünf Begleitpersonen, wurden verhaftet. Die Besatzungstruppen hinderten außerdem Mitarbeiter und Begleitpersonen daran, Alkohol zu trinken und die Toiletten zu benutzen. Der PRCS gab bekannt, den Kontakt zu seinen Mitarbeitern im Krankenhaus verloren zu haben und dass die Besatzungstruppen Geld von ihnen, ihren Mitarbeitern und Patienten gestohlen hätten.",
INC-239,Al-Amal Hospital,FAC-005,Artilleriebeschuss,"Das Krankenhaus wurde beschossen, wodurch das Gebäude beschädigt und der letzte verbliebene Krankenwagen außer Betrieb gesetzt wurde.","Die Besatzungstruppen griffen das Haupttor des Krankenhauses an, was zu Schäden am Gebäude führte und das einzige verbliebene Fahrzeug der PRCS außer Betrieb setzte.",
INC-240,Al-Amal Hospital,FAC-005,Unbekannt (Umgebung),In der Nähe von Al-Amal finden heftige Kämpfe statt; das Krankenhaus kämpft zudem mit Engpässen bei medizinischen Gütern und Treibstoff.,"Die heftigen Kämpfe in Khan Younis, insbesondere in der Nähe der Al-Amal-Krankenhäuser, gefährden weiterhin die Sicherheit des medizinischen Personals, der Verwundeten und Kranken sowie der Binnenvertriebenen. Das Al-Amal-Krankenhaus leidet nach wie vor unter akutem Mangel an Treibstoff und medizinischer Ausrüstung und verfügt derzeit nur über einen funktionsfähigen Operationssaal.",
INC-241,Al-Amal Hospital,FAC-005,Belagerung,"Während der Belagerung durch das israelische Militär, die von Januar bis März 2024 dauerte, starben laut PRCS 27 Personen.","Von Januar bis März 2024 belagerten israelische Streitkräfte das Al-Amal-Krankenhaus und das Hauptquartier des Philippinischen Roten Kreuzes (PRCS). Viele Quellen unterteilen diese Belagerung in zwei separate Ereignisse: Die erste Belagerung dauerte vom 22. Januar bis zum 9. Februar 2024, als israelische Streitkräfte das Krankenhaus stürmten, die zweite von Anfang bis Mitte Februar bis zum 25. März 2024. Der Zugang zum Krankenhaus war stark eingeschränkt, was Patienten und Personal gefährdete. Die Belagerung verhinderte zudem die Versorgung des Krankenhauses mit Hilfsgütern, was zu Engpässen bei Sauerstoff, Blutkonserven und medizinischem Material sowie bei Lebensmitteln, Wasser und Treibstoff führte. Nach dem Ende der Belagerung mussten Patienten und Personal das Gebäude evakuieren, und das Al-Amal-Krankenhaus stellte den Betrieb ein. Das PRCS berichtete von 27 Todesfällen während der Belagerung; die Todesfälle dieser Personen wurden mit den jeweiligen Daten und den genauen Todesursachen dokumentiert. Während der gesamten Belagerung war Al-Amal weiterhin Ziel von Artilleriebeschuss, Gewehrfeuer, Invasionen und anderen Gewalttaten.",
INC-242,Al-Amal Hospital,FAC-005,Nicht spezifiziert,"Die PRCS veröffentlichte Bilder von zwei Ärzten, die am 9. Februar von Al-Amal festgenommen worden waren und nach ihrer Rückkehr am 16. Februar Folterspuren aufwiesen.","Am 17. Februar veröffentlichte PRCS Bilder, die ihrer Einschätzung nach Folterspuren an zwei Ärzten zeigen, die am 9. Februar von israelischen Streitkräften im Al-Amal-Krankenhaus festgenommen worden waren. Zwölf PRCS-Mitarbeiter befinden sich laut PRCS weiterhin in israelischer Haft.",
INC-243,Al-Amal Hospital,FAC-005,Artilleriebeschuss,"Das Hauptquartier der PRCS in Khan Younis wurde beschossen, wobei es einen Toten, drei Verletzte und einen Brand gab.","Das Verwaltungsgebäude von Al-Amal City, einer Einrichtung der Volksrepublik China in Khan Yunis, direkt neben dem Al-Amal-Krankenhaus gelegen, wurde von israelischem Artilleriefeuer getroffen. Dabei kam ein Mitarbeiter der Organisation, Omar Mansour Hamdan Salim, ums Leben, mehrere Angestellte wurden verletzt, und es entstand erheblicher Sachschaden. Die Volksrepublik China gab an, dass die erste Granate die oberen Stockwerke des Gebäudes traf, gefolgt von einer zweiten, während Angestellte den Schaden begutachteten. Eine dritte Granate traf das Erdgeschoss während der Löscharbeiten, was auf wiederholte Angriffe auf das Gebäude während der Rettungsaktionen hindeutet.",
INC-244,Kuwait Field Hospital,ID Not Found,Nicht spezifiziert,"Das Krankenhaus wurde getroffen, wodurch ein Brand ausbrach.","Zionistische Streitkräfte haben das Kuwait-Spezialkrankenhaus in Rafah, südlich des Gazastreifens, angegriffen und große Teile davon in Brand gesetzt. In einer Presseerklärung verurteilte der Direktor des Kuwait-Krankenhauses, Dr. Suhaib Al-Hams, die systematischen Angriffe der Besatzer auf Krankenhäuser im Gazastreifen und deren Stilllegung. Er beschrieb die Gesundheitssituation in Rafah als äußerst katastrophal, nachdem das Krankenhaus in Rafah schwer beschädigt worden war.",
INC-245,Kuwait Field Hospital,ID Not Found,Luftangriff (Umgebung),Das israelische Militär bombardierte das Gebiet in der Nähe des Krankenhauses.,"Al-Jazeera-Korrespondent Hani Mahmoud berichtete live, als hinter ihm ein israelischer Raketenangriff Gebäude traf. Er berichtete weiter, während Menschen in der Nähe des kuwaitischen Krankenhauses in einem dicht besiedelten Wohngebiet in Rafah im südlichen Gazastreifen flohen.",
INC-246,UNRWA Health Centre,FAC-038,Scharfes Feuer / Schüsse,"Das UNRWA-Gesundheitszentrum im Lager Maghazi wurde von Kugeln getroffen, wobei geringfügige Schäden entstanden.","Am 6. Mai wurde ein UNRWA-Gesundheitszentrum im Flüchtlingslager Maghazi Berichten zufolge von israelischen Streitkräften in Ost-Maghazi beschossen. Es entstanden geringfügige Schäden am Gesundheitszentrum, und es wurden keine Verletzten unter den Mitarbeitern gemeldet.",
INC-247,UNRWA Health Centre,FAC-038,Schrapnell,In einem Gesundheitszentrum im nördlichen Gebiet wurden Splitter gefunden.,In einem Gesundheitszentrum im nördlichen Gebiet wurden Granatsplitter gefunden.,
INC-248,UNRWA Health Centre,FAC-038,Luftangriff,Gesundheitszentrum in Gaza-Stadt von Luftangriff betroffen,Ein UNRWA-Gesundheitszentrum in Gaza-Stadt sowie drei vor dem Zentrum geparkte Lastwagen wurden durch Kollateralschäden infolge eines Luftangriffs auf ein nahegelegenes Gebäude in Mitleidenschaft gezogen.,
INC-249,UNRWA Health Centre,FAC-038,Belagerung (Treibstoffknappheit),"Zwei Gesundheitszentren haben kaum noch Treibstoff und müssen schließen, wenn sie nicht mehr erhalten.","Die Dieselreserven der Gesundheitszentren gehen zur Neige. Der aktuelle Dieselvorrat im Gesundheitszentrum Shaboura in Rafah reicht nur noch für einen Tag, im Gesundheitszentrum Khan Younis für zwei Tage. Sollten die Dieselvorräte nicht bis morgen (12. Oktober) aufgefüllt werden, besteht ein hohes Risiko, dass diese beiden Gesundheitszentren schließen müssen.",
INC-250,UNRWA Health Centre,FAC-038,Nicht spezifiziert,Kollateralschäden am Gesundheitszentrum,Ein UNRWA-Gesundheitszentrum im Flüchtlingslager Nuseirat in der mittleren Region wurde ebenfalls durch Kollateralschäden beeinträchtigt.,
INC-251,UNRWA Health Centre,FAC-038,Luftangriffe (Umgebung),Ein nahegelegenes Gesundheitszentrum ist von einem Streik betroffen.,"Zwei UNRWA-Schulen und ein Gesundheitszentrum in Khan Younis waren indirekt betroffen, als ein Angriff eine nahegelegene Moschee traf.",
INC-252,UNRWA Health Centre,FAC-038,Nicht spezifiziert,Gesundheitszentrum im Stadtteil Rimal von Gaza-Stadt von einem Angriff betroffen,Eine UNRWA-Schule und ein Gesundheitszentrum im Stadtteil Rimal von Gaza-Stadt waren von einem Angriff betroffen. Laut UNRWA-Berichten suchten zwischen 1.000 und 2.500 Binnenvertriebene in dem Gesundheitszentrum Schutz. UNRWA konnte die sichere Evakuierung einer Gruppe von Binnenvertriebenen aus dem Gesundheitszentrum südlich des Wadi Gaza koordinieren; die übrigen befinden sich jedoch weiterhin dort.,
INC-253,UNRWA Health Centre,FAC-038,Invasion / Bodenangriff,"Israelische Streitkräfte drangen in zwei Gesundheitszentren ein, zwangen Binnenvertriebene zur Flucht und beschossen die Zentren mit Artillerie. Angeblich nutzten sie die Zentren auch für israelische Militäroperationen.","UNRWA erhielt äußerst besorgniserregende Berichte, wonach israelische Sicherheitskräfte (ISF) mit Panzern in eine Schule und zwei Gesundheitszentren in Gaza-Stadt eingedrungen sind und die Einrichtungen für Militäroperationen genutzt haben. Laut den UNRWA-Berichten führten die ISF in den Einrichtungen Verhöre und Verhaftungen von Binnenvertriebenen durch. In einem der Gesundheitszentren sollen fünf Menschen getötet worden sein. Den Berichten zufolge wurden die Binnenvertriebenen anschließend gezwungen, die UNRWA-Einrichtungen zu verlassen und nach Süden in Richtung Wadi Gaza zu fliehen. Zeugen berichteten, dass israelische Streitkräfte die beiden Gesundheitszentren daraufhin mit Artillerie beschossen haben. UNRWA prüft diese Berichte derzeit. Sollten sie sich bestätigen, gibt die militärische Nutzung von UNRWA-Einrichtungen Anlass zu ernster Besorgnis, da sie die Zivilbevölkerung einem hohen Risiko aussetzt. Angriffe auf zivile Objekte stellen einen schweren Verstoß gegen das Völkerrecht dar. Gesundheitszentren genießen zudem besonderen Schutz vor Angriffen.",
INC-254,UNRWA Health Centre,FAC-038,Direkter Schlag,Gesundheitszentrum getroffen und beschädigt,"Ein Gesundheitszentrum in den mittleren Gebieten wurde direkt getroffen, was zu schweren Schäden am Gebäude führte.",
INC-255,UNRWA Health Centre,FAC-038,Luftangriffe (Umgebung),Gesundheitszentrum durch einen nahen Angriff beschädigt,"Nach weiteren Überprüfungen wurden neun zusätzliche Vorfälle gemeldet, die Einrichtungen des UNRWA im Gazastreifen betrafen. Sechs Schulen, ein Gesundheitszentrum, ein Zentrum für Sehbehinderte und ein Ausbildungszentrum wurden durch Angriffe in der Nähe beschädigt.",
INC-256,UNRWA Health Centre,FAC-038,Einstellung des Betriebs,Das Gesundheitszentrum im südlichen Gebiet wurde aufgrund von Kampfhandlungen geschlossen.,Am 6. Dezember wurde eines der neun aktiven Gesundheitszentren im südlichen Gebiet aufgrund der Eskalation der Kampfhandlungen in Khan Younis geschlossen.,
INC-257,UNRWA Health Centre,FAC-038,Nicht spezifiziert,Ein Gesundheitszentrum war von einem nicht näher spezifizierten Ereignis betroffen.,"Am 8. Dezember wurden bisher 13 Vorfälle gemeldet, die UNRWA-Einrichtungen (elf Schulen und zwei Gesundheitseinrichtungen) sowie die dort untergebrachten Binnenvertriebenen betrafen. Die Überprüfung der Details und der Opferzahlen ist noch im Gange. Erste Berichte deuten jedoch auf Folgendes hin: Vier Vorfälle betrafen UNRWA-Einrichtungen ohne Opfer, darunter ein Verteilzentrum und ein Gesundheitszentrum in Jabalia…",
INC-258,UNRWA Health Centre,FAC-038,Zwangsevakuierung,Berichte über Zwangsevakuierungen und Schüsse in Gesundheitszentren in Jabalia,"Zwei Gesundheitszentren in Jabalia waren betroffen – in einem erlitten Binnenvertriebene eine Rauchvergiftung; und in dem anderen, in dem rund 7.000 Menschen untergebracht waren, wurden Berichten zufolge zwei Personen vor dem Gebäude erschossen, als sie versuchten, die Unterkunft zu verlassen, die mehrfach direkt getroffen wurde.",
INC-259,UNRWA Health Centre,FAC-038,Schrapnell,Splitter trafen den Sicherheitsbereich eines Gesundheitszentrums,Am 10. Januar 2024 trafen Granatsplitter den Wachraum eines Gesundheitszentrums im mittleren Bereich und verursachten Sachschaden. Es wurden keine Verletzten gemeldet.,
INC-260,UNRWA Health Centre,FAC-038,Streiks,"Ein Gesundheitszentrum in Gaza-Stadt wurde direkt getroffen, wobei zwei Räume zerstört, drei Binnenvertriebene getötet und viele weitere verletzt wurden.","Am 16. Januar wurde ein Gesundheitszentrum in Gaza-Stadt offenbar direkt getroffen, wobei mindestens zwei Räume beschädigt wurden. Drei Binnenvertriebene, die in dem Zentrum Schutz suchten, kamen dabei ums Leben, viele weitere wurden verletzt. Das UNRWA ermittelt derzeit die genaue Anzahl der Binnenvertriebenen im Gesundheitszentrum zum Zeitpunkt des Angriffs sowie die Zahl der Verletzten.",
INC-261,UNRWA Health Centre,FAC-038,Scharfes Feuer / Schüsse,Die Mauer eines Gesundheitszentrums wurde von verirrten Kugeln getroffen.,"Am 20. Januar 2024 trafen zwei Querschläger das Westgebäude eines Gesundheitszentrums in Khan Younis, in dem sich auch die UNRWA-Einsatzzentrale befindet, von der aus Notfallmaßnahmen koordiniert werden. Es wurden keine Verletzten gemeldet.",
INC-262,UNRWA Health Centre,FAC-038,Einstellung des Betriebs,Zwei Gesundheitszentren in Khan Younis wurden geschlossen.,Am 22. Januar waren nur vier (von 22) UNRWA-Gesundheitszentren in Betrieb. Dies folgte auf die Schließung zweier Gesundheitszentren in Khan Younis infolge von Militäroperationen der irakischen Sicherheitskräfte.,
INC-263,UNRWA Health Centre,FAC-038,Streiks,Das Gesundheitszentrum wurde getroffen und das Gebäude dadurch beschädigt.,"Am 16. November 2023 wurde ein Gesundheitszentrum in Gaza-Stadt direkt getroffen, wodurch das Gebäude und die Umfassungsmauer beschädigt wurden.",
INC-264,UNRWA Health Centre,FAC-038,Luftangriff (Umgebung),"Ein Gesundheitszentrum wurde beschädigt, als eine nahegelegene Schule getroffen wurde.",Ein Gesundheitszentrum im mittleren Stadtteil wurde durch den Einschlag auf eine nahegelegene Schule beschädigt. Es wurden keine Verletzten gemeldet.,
INC-265,UNRWA Health Centre,FAC-038,Luftangriff (Umgebung),Durch den Angriff auf die nahegelegene Moschee wurden alle Fenster im dritten Stock zerstört.,Am 12. Februar 2024 wurde ein Gesundheitszentrum in Rafah durch einen Angriff auf eine nahegelegene Moschee beschädigt. Alle Fenster im dritten Stock an der Nordseite des Gebäudes gingen zu Bruch. Unter den im Gesundheitszentrum untergebrachten Binnenvertriebenen wurden keine Verletzungen gemeldet.,
INC-266,UNRWA Health Centre,FAC-038,Streiks,Gesundheitszentrum in Gaza-Stadt bei Angriffen beschädigt,Am 17. Dezember 2023 wurde ein Gesundheitszentrum in Gaza-Stadt Berichten zufolge durch verschiedene Angriffe aus der Luft und vom Boden aus schwer beschädigt.,
INC-267,UNRWA Health Centre,FAC-038,Beschuss,Das Gesundheitszentrum wurde von der israelischen Armee beschossen und zerstört.,"Am 15. Januar 2024 wurde ein Gesundheitszentrum in Khan Younis von mehreren Panzergranaten getroffen. Berichten zufolge zerstörte die israelische Armee zudem Teile des Außenhofs des Gesundheitszentrums und führte Ausgrabungen im Inneren durch. Es wurden keine Verletzten gemeldet, das Gebäude wurde jedoch beschädigt.",
INC-268,UNRWA Health Centre,FAC-038,Streiks,Gebäude durch direkten Treffer beschädigt,"Am 13. März 2024 (voraussichtliches Datum, noch zu bestätigen) wurde ein Gesundheitszentrum im nördlichen Gazastreifen direkt getroffen, wodurch das Gebäude beschädigt wurde.",
INC-269,UNRWA Health Centre,FAC-038,Schrapnell,"Ein nahegelegenes Haus wurde getroffen, wodurch das Zentrum beschädigt und ein Binnenflüchtling verletzt wurde.","Am 5. Mai 2024 wurde ein vertriebenes Kind, das sich im Gesundheitszentrum in Rafah aufhielt, bei einem Angriff auf ein Haus neben dem Zentrum leicht durch Granatsplitter am Fuß verletzt. Das Gesundheitszentrum selbst wurde beschädigt; Solarpaneele, Fenster, Wassertanks und Wände wurden in Mitleidenschaft gezogen.",
INC-270,UNRWA Health Centre,FAC-038,Beschuss,Die Mauer des Gesundheitszentrums wurde durch Beschuss beschädigt.,Am frühen Morgen des 10. Mai wurde die östliche Außenmauer eines Gesundheitszentrums in Gaza-Stadt Berichten zufolge durch Beschuss beschädigt. Zum Zeitpunkt des Vorfalls suchten Berichten zufolge fast 2.300 Menschen in dem Gesundheitszentrum Schutz.,
INC-271,UNRWA Health Centre,FAC-038,Invasion / Bodenangriff,Israelische Streitkräfte zerstörten eine Außenmauer sowie die Apotheke und das Medikamentenlager eines Gesundheitszentrums und zwangen Binnenvertriebene zur Evakuierung.,"Am 13. Mai 2024 drangen die irakischen Sicherheitskräfte (ISF) Berichten zufolge in ein Gesundheitszentrum in Gaza-Stadt ein und zerstörten eine Außenwand, die Apotheke und das Medikamentenlager. Zudem wurden die im Gesundheitszentrum untergebrachten Binnenvertriebenen von den ISF zur Evakuierung gezwungen. Laut Informationen des UNRWA hielten sich in der Woche vor dem Vorfall fast 2.300 Binnenvertriebene in dem Gesundheitszentrum auf; seit dem 11. Mai 2024 flohen jedoch immer mehr Binnenvertriebene aufgrund verstärkter Militäroperationen der ISF und schwerer Bombardierungen in der Region nach West-Gaza.",
INC-272,UNRWA Health Centre,FAC-038,Direkter Schlag,"Das Gesundheitszentrum wurde direkt getroffen, wobei 11 Menschen getötet und 25 verletzt wurden und das Gebäude erheblich beschädigt wurde.","Am 14. Mai 2024 wurden elf Binnenvertriebene getötet und 25 weitere verletzt, als ein Gesundheitszentrum in Gaza-Stadt direkt getroffen wurde. Das Gesundheitszentrum wurde schwer beschädigt; die Wachräume, der Generatorraum samt Treibstofftank, die Stromgeneratoren, die Wassertanks und die Solaranlage wurden vollständig zerstört. Zum Zeitpunkt des Angriffs hielten sich noch sechs Binnenvertriebenenfamilien (etwa 50 Personen) in dem Gesundheitszentrum auf und mussten nach West-Gaza-Stadt evakuiert werden.",
INC-273,UNRWA Health Centre,FAC-038,Belagerung,UNRWA-Gesundheitszentren erhalten aufgrund der Schließung der Grenzübergänge Rafah und Kerem Shalom keine medizinischen Hilfsgüter oder Medikamente.,"Die UNRWA-Gesundheitszentren haben in den letzten zwölf Tagen aufgrund der Schließung bzw. der Störungen der Grenzübergänge Rafah und Kerem Shalom keine medizinischen Hilfsgüter erhalten. Dies betrifft vor allem die Medikamentenbestände, insbesondere von Standardmedikamenten wie Antibiotika für Kinder und Antiepileptika. Auch bestimmte Labor- und Dentalartikel sowie Impfstoffe sind nicht vorrätig.",
INC-274,UNRWA Health Centre,FAC-038,Beschuss,"Ein Zentrum wurde beschossen, wodurch Sachschaden und ein Brand im Gebäude entstanden.","Am 17. Mai 2024 beschoss ein Panzer der israelischen Sicherheitskräfte ein Gesundheitszentrum im Nordgaza und verursachte dabei Schäden am Gebäude (unter anderem durch Feuer). Das Ausmaß der Schäden ist derzeit noch unbestätigt. Berichten zufolge mussten Binnenvertriebene, die in dem Gebäude Schutz gesucht hatten, es verlassen.",
INC-275,UNRWA Health Centre,FAC-038,Beschuss,Das zweite Stockwerk des Gesundheitszentrums wurde beschossen.,Am 27. Mai 2024 beschoss ein Panzer der israelischen Sicherheitskräfte Berichten zufolge das zweite Stockwerk eines Gesundheitszentrums im mittleren Stadtteil. Der entstandene Schaden ist noch nicht vollständig geklärt. Es wurden keine Verletzten gemeldet.,
INC-276,UNRWA Health Centre,FAC-038,Beschuss,Dritte Etage des Gesundheitszentrums,Am 30. Mai 2024 um 11:00 Uhr beschoss ein Panzer der israelischen Sicherheitskräfte (ISF) Berichten zufolge das dritte Stockwerk der Ostseite eines Gesundheitszentrums im Stadtteil Middle Area. Das Gebäude wurde beschädigt; das genaue Ausmaß der Beschädigung ist noch nicht bestätigt. Es wurden keine Verletzten gemeldet.,
INC-277,UNRWA Health Centre,FAC-038,Beschuss,"Ein als Schutzraum genutztes Gesundheitszentrum wurde beschossen, wobei eine Person getötet und weitere verletzt wurden.","Am 4. Juni 2024 beschoss die ISF Berichten zufolge ein Gesundheitszentrum, das derzeit auch als Notunterkunft in Middle Area genutzt wird, wobei ein Kind getötet und mehrere Binnenvertriebene verletzt wurden.",
INC-278,UNRWA Health Centre,FAC-038,Beschuss,"Gesundheitszentrum beschossen, Schaden verursacht","Am 5. Juni 2024 beschoss ein Panzer der israelischen Sicherheitskräfte ein Gesundheitszentrum, das derzeit auch als Notunterkunft im mittleren Gebiet genutzt wird. Das Gebäude wurde beschädigt, das Ausmaß der Beschädigung ist derzeit noch unbekannt.",
INC-279,UNRWA Health Centre,FAC-038,Zwangsevakuierung,Evakuierungsanordnungen für das Gebiet al Mawasi in Khan Younis zwingen vier Gesundheitszentren zur Schließung,"Die Evakuierungsanordnungen haben direkte Auswirkungen auf die Gesundheitsversorgung und die Wasser-, Sanitär- und Hygieneversorgung (WASH). Vier Gesundheitszentren und medizinische Anlaufstellen sowie zehn wichtige WASH-Einrichtungen mussten ihren Betrieb einstellen.",
INC-280,UNRWA Health Centre,FAC-038,Einstellung des Betriebs,Ein Gesundheitszentrum musste aufgrund vermehrter Kämpfe in der Gegend schließen.,Seit dem letzten Update musste ein UNRWA-Gesundheitszentrum wegen heftiger Bombardierungen in der Nähe des Gesundheitszentrums und zunehmender Unsicherheit und Kämpfen in der Region geschlossen werden.,
INC-281,UNRWA Health Centre,FAC-038,Einstellung des Betriebs,Mehrere Gesundheitszentren mussten aufgrund von Evakuierungsanordnungen und heftigen Kämpfen schließen.,"Während die Gesundheitsversorgung weiterlief, wurden medizinische Anlaufstellen in Gaza und im nördlichen Gaza aufgrund von Unsicherheit und Evakuierungsanordnungen geschlossen. Außerdem wurden zwei Gesundheitszentren in Gaza-Stadt und im nördlichen Gaza wegen schwerer und anhaltender Luftangriffe im oder in der Nähe des Lagers Jabalia geschlossen.",
INC-282,UNRWA Health Centre,FAC-038,Zwangsevakuierung,"Binnenvertriebene wurden gezwungen, ein Gesundheitszentrum zu verlassen.","Am 23. Oktober 2024 evakuierten israelische Streitkräfte Berichten zufolge gewaltsam Binnenvertriebene, die in einem UNRWA-Gesundheitszentrum und einer UNRWA-Schule in Jabalia Schutz gesucht hatten, in Richtung West-Gaza-Stadt und in den Süden des Gazastreifens.",
INC-283,UNRWA Health Centre,FAC-038,Nicht spezifiziert,"Ein Bild zeigt einen israelischen Soldaten und einen Panzer vor dem UNRWA-Gesundheitszentrum in Rafah; das Gebäude ist beschädigt. Ein wenige Tage später veröffentlichtes Video zeigt israelische Soldaten auf dem Dach des Gesundheitszentrums, die den Abriss der umliegenden Nachbarschaft filmen.","Am 5. November 2024 wurde online ein Bild veröffentlicht, das israelische Panzer und einen Soldaten auf dem Gelände des UNRWA-Gesundheitszentrums in Rafah zeigt. Das Bild dokumentiert die Beschädigungen an dieser UN-Einrichtung. Am 8. November 2024 kursierte ein Video, das israelische Soldaten auf dem Dach des Gesundheitszentrums im Flüchtlingslager Rafah zeigt. Ein in einem Artikel des Magazins +972 veröffentlichtes Bild legt nahe, dass der Großteil der Schäden am Gesundheitszentrum am 15. Juli 2024 entstanden ist. Es gibt jedoch keine weiteren Artikel oder Berichte, die dies bestätigen.",
INC-284,UNRWA Health Centre,FAC-038,Zerstört,Berichten zufolge wurde das Gesundheitszentrum in Jabalia schwer beschädigt.,"Am 7. November 2024 erhielt das UNRWA Berichte über schwere Zerstörungen des Gesundheitszentrums in Jabalia, die offenbar im Zusammenhang mit der Militäroperation der israelischen Streitkräfte in Jabalia stattfanden, welche am 6. Oktober 2024 begann. Ein online veröffentlichtes Video zeigt die UN-Einrichtung in verbranntem und schwer beschädigtem Zustand. Das genaue Datum dieser Zerstörungen wird nicht genannt. Darüber hinaus wurde das Gesundheitszentrum in Jabalia bereits im Juli 2024 schwer beschädigt, wobei unklar ist, welche Zerstörungen im Juli und welche im Oktober/November stattfanden.",
INC-285,UNRWA Health Centre,FAC-038,Luftangriff (Umgebung),Streik in der Nähe des Gesundheitszentrums,Am 8. Januar führten israelische Streitkräfte Berichten zufolge einen Angriff in der Nähe eines UNRWA-Gesundheitszentrums im Flüchtlingslager Deir al-Balah durch. Dabei sollen vier Palästinenser getötet und weitere außerhalb des Gebäudes verletzt worden sein. Es wurde außerdem von leichten Schäden an den Fenstern des Gesundheitszentrums berichtet.,
INC-286,UNRWA Health Centre,FAC-038,Artilleriebeschuss,Gesundheitszentrum in Al Maghazi direkt von Artilleriebeschuss getroffen,Am 18. Januar beschoss das israelische Militär mit einer Artilleriegranate das dritte Stockwerk eines UNRWA-Gesundheitszentrums in Al Maghazi. Das Ausmaß der Schäden am Gesundheitszentrum wird derzeit ermittelt.,
INC-287,UNRWA Health Centre,FAC-038,Luftangriff (Umgebung),Gesundheitszentrum durch einen nahen Angriff beschädigt,"Am 20. März wurde ein UNRWA-Gesundheitszentrum in Ma’an, östlich von Khan Younis, Berichten zufolge durch einen nahegelegenen Luftangriff israelischer Streitkräfte leicht beschädigt. Es wurden keine Verletzten gemeldet.",
INC-288,UNRWA Health Centre,FAC-038,Luftangriff (Umgebung),Das Gesundheitszentrum war von einem nahegelegenen Streik betroffen.,"Am 21. März traf ein Luftangriff der israelischen Streitkräfte im Gebiet Al Naser, nordwestlich von Gaza-Stadt, Berichten zufolge ein UNRWA-Gesundheitszentrum in Rimal und verursachte geringfügige Schäden.",
INC-289,UNRWA Health Centre,FAC-038,Nicht spezifiziert,"Im ersten Stock des Gesundheitszentrums von Jabalia traf ein Brandherd, der zwei Räume zerstörte und 15 dort Schutz suchende Menschen tötete.","Am 2. April griffen israelische Streitkräfte zwei Räume im ersten Stock eines von UNRWA zerstörten Gesundheitszentrums in Jabalia an. Das Gebäude diente zum Zeitpunkt des Angriffs als von UNRWA betriebene Unterkunft für 160 vertriebene Familien (rund 735 Personen). Die für die Unterkunft zuständigen UNRWA-Mitarbeiter hatten vor dem Angriff keinerlei Warnungen erhalten. Berichten zufolge kamen bei dem Angriff 15 Vertriebene, darunter neun Kinder, ums Leben. Der UNRWA-Generalkommissar schrieb auf Twitter (ehemals X): „Die völlige Missachtung von UN-Personal, -Einrichtungen und -Operationen ist ein eklatanter Verstoß gegen das Völkerrecht.“ Er forderte erneut „unabhängige Untersuchungen, um die Umstände jedes einzelnen Angriffs und die schwerwiegenden Verstöße aufzuklären.“",
INC-290,UNRWA Health Centre,FAC-038,Luftangriff (Umgebung),"Ein Gesundheitszentrum wurde beschädigt, als nahegelegene UNRWA-Büros angegriffen wurden.","Am 9. Mai wurde ein UNRWA-Büro in Jabalia Berichten zufolge zweimal von israelischen Luftangriffen direkt getroffen und vollständig zerstört. Drei nahegelegene UNRWA-Einrichtungen – ein Verteilzentrum, ein Lager für Non-Food-Artikel und ein Gesundheitszentrum – wurden durch die Luftangriffe mittelschwer bis schwer beschädigt. Es wurden keine Verletzungen unter den UNRWA-Mitarbeitern gemeldet.",
INC-291,UNRWA Health Centre,FAC-038,Luftangriff (Umgebung),Ein naher Luftangriff zerschmetterte die Fenster eines Gesundheitszentrums.,"Am 17. Mai wurde ein UNRWA-Gesundheitszentrum in Hamad City im nördlichen Gazastreifen Berichten zufolge indirekt von einem nahegelegenen Luftangriff der israelischen Streitkräfte betroffen, wobei Fensterscheiben zersplitterten.",
INC-292,UNRWA Health Centre,FAC-038,Luftangriff (Umgebung),Ein Luftangriff in der Nähe führte zu zerbrochenen Fenstern,"Am 17. Mai wurden ein UNRWA-Ausbildungszentrum und ein Gesundheitszentrum in Qarrara, östlich von Khan Younis, Berichten zufolge indirekt durch einen Luftangriff und Artilleriebeschuss der israelischen Streitkräfte beeinträchtigt, was zu zerbrochenen Fenstern führte.",
INC-293,UNRWA Health Centre,FAC-038,Scharfes Feuer / Schüsse,Gesundheitszentrum von Querschlägern getroffen,"Am 4. Juni schlugen zwei Querschläger (Ursprung unbekannt) in die nordöstliche Fassade des zweiten Stockwerks eines UNRWA-Gesundheitszentrums in Khan Younis ein. Es entstand geringfügiger Sachschaden, jedoch wurden keine Verletzten unter den UNRWA-Mitarbeitern gemeldet.",
INC-294,UNRWA Health Centre,FAC-038,Schrapnell,Solarpaneele eines Gesundheitszentrums durch Granatsplitter oder Kugeln beschädigt.,Am 25. Juni 2025 wurden zwei Solarpaneele eines UNRWA-Gesundheitszentrums in Khan Younis Berichten zufolge durch Granatsplitter oder Kugeln beschädigt aufgefunden (die Herkunft der Kugeln/Granatsplitter ist unbekannt).,
INC-295,UNRWA Health Centre,FAC-038,Unbekannt (Umgebung),Israelische Sprengstoffexplosion beschädigte Gesundheitszentrum in Khan Younis,Am 2. August wurde ein UNRWA-Gesundheitszentrum in Khan Younis Berichten zufolge indirekt durch die Detonation eines mit Sprengstoff beladenen Robotergeräts durch israelische Streitkräfte in der Nähe beeinträchtigt. Es wurden geringfügige Schäden an der Einrichtung und keine Verletzten unter den UNRWA-Mitarbeitern gemeldet.,
INC-296,UNRWA Health Centre,FAC-038,Luftangriff (Umgebung),Direkte Treffer in der Nähe eines Gesundheitszentrums führten zu Schäden.,"Nachtrag: Am 5. August 2025 wurde ein UNRWA-Gesundheitszentrum in Sheikh Radwan, nordöstlich von Gaza-Stadt, Berichten zufolge von einem israelischen Luftangriff getroffen. Gebäude in der Nähe der Einrichtung wurden demnach direkt getroffen. Es entstanden erhebliche Schäden an der Einrichtung, jedoch gab es keine Opfer unter den UNRWA-Mitarbeitern.",
INC-297,UNRWA Health Centre,FAC-038,Panzerhülle,Eine Panzergranate traf ein Gesundheitszentrum und verursachte Schäden.,"Am 2. September 2025 wurde ein UNRWA-Gesundheitszentrum in Daraj, östlich von Gaza-Stadt, Berichten zufolge von einer israelischen Panzergranate getroffen. Es entstanden geringfügige Schäden an der Einrichtung, und es gab keine Opfer unter den UNRWA-Mitarbeitern.",
INC-298,UNRWA Health Centre,FAC-038,Einstellung des Betriebs,"Das Gesundheitszentrum musste schließen, nachdem ein nahegelegener Streik das Gebäude beschädigt hatte.","Am 12. September 2025 wurde ein UNRWA-Gesundheitszentrum im Stadtteil Al-Nasser westlich von Gaza-Stadt Berichten zufolge durch einen Luftangriff beschädigt. Es entstanden erhebliche Schäden an der Einrichtung, jedoch gab es keine Opfer unter den UNRWA-Mitarbeitern.",
INC-299,UNRWA Health Centre,FAC-038,Einstellung des Betriebs,Ein Streik an einer nahegelegenen Schule verursachte erhebliche Schäden am Zentrum und zwang es zur Schließung.,"UNRWA musste am 13. September aufgrund erheblicher Schäden sämtliche Gesundheitsdienste in zwei Einrichtungen in Gaza-Stadt einstellen. Dies betrifft auch das Gesundheitszentrum Beach Camp, das einzige funktionierende UNRWA-Gesundheitszentrum nördlich des Wadi Gaza. Zuvor versorgte diese Einrichtung täglich über 1.000 Patienten mit ambulanter Behandlung, Mutter-Kind-Vorsorge, Physiotherapie, Behandlung nichtübertragbarer Krankheiten und Impfungen. Am 13. September 2025 wurde ein UNRWA-Gesundheitszentrum indirekt durch einen Luftangriff auf das angrenzende UNRWA-Schulgelände in Beach Camp westlich von Gaza-Stadt getroffen. Es entstanden erhebliche Schäden an der Gesundheitseinrichtung, jedoch wurden keine Opfer unter den UNRWA-Mitarbeitern gemeldet.",
INC-300,UNRWA Health Centre,FAC-038,Scharfes Feuer / Schüsse,Das Tor des UNRWA-Gesundheitszentrums wurde von israelischem Beschuss getroffen,"Am 9. Oktober wurden die Nordseite einer UNRWA-Schule und das Tor eines UNRWA-Gesundheitszentrums in Nuseirat Berichten zufolge von israelischen Streitkräften beschossen. Es wurden keine Opfer unter den UNRWA-Mitarbeitern gemeldet, lediglich geringfügige Sachschäden.",
INC-301,UNRWA Health Centre,FAC-038,Scharfes Feuer / Schüsse,Schüsse im Bereich eines Gesundheitszentrums verursachten Schäden am Gebäude.,"Am 9. Dezember 2025 wurde ein UNRWA-Gesundheitszentrum in Maghazi Berichten zufolge indirekt von mindestens zwei Kugeln getroffen, die durch wahlloses Feuer israelischer Streitkräfte in den Gebieten östlich von Ost-Maghazi im mittleren Gazastreifen verursacht wurden. Es wurden keine Opfer unter den UNRWA-Mitarbeitern gemeldet, jedoch entstanden geringfügige Schäden am Gebäude. Am 13. Dezember 2025 wurde ein UNRWA-Gesundheitszentrum in Maghazi Berichten zufolge durch eine Kugel im Zuge einer Militäroperation israelischer Streitkräfte in nahegelegenen Gebieten in Ost-Maghazi im südlichen Gazastreifen getroffen. Es entstanden geringfügige Schäden am Gebäude, und es wurden keine Opfer unter den UNRWA-Mitarbeitern gemeldet. Am 14. Dezember 2025 wurde ein UNRWA-Gesundheitszentrum Berichten zufolge durch Operationen israelischer Streitkräfte in nahegelegenen Gebieten in Ost-Maghazi im südlichen Gazastreifen getroffen. Es wurden geringfügige Schäden am Gebäude und keine Opfer unter den UNRWA-Mitarbeitern gemeldet.",
INC-302,UNRWA Health Centre,FAC-038,Panzerhülle,Das Gesundheitszentrum von Jabalia wurde von einer Panzergranate getroffen.,"Am 25. Januar wurde ein UNRWA-Gesundheitszentrum im Flüchtlingslager Jabalia im Nordgaza Berichten zufolge direkt von israelischen Panzern getroffen. Es entstanden erhebliche Schäden an der Einrichtung, jedoch wurden keine Opfer unter den UNRWA-Mitarbeitern verzeichnet.",
INC-303,UNRWA Health Centre,FAC-038,Scharfes Feuer / Schüsse,Gesundheitszentrum von Kugeln getroffen,"Am 30. Januar wurde ein UNRWA-Gesundheitszentrum in Maghazi Berichten zufolge indirekt von Kugeln getroffen, die von einer israelischen Drohne abgefeuert wurden. Es wurden geringfügige Schäden an der Einrichtung gemeldet, und es gab keine Opfer unter den UNRWA-Mitarbeitern.",
INC-304,UNRWA Health Centre,FAC-038,Bewaffnete Auseinandersetzungen (Umgebung),Gesundheitszentrum von umherfliegendem Quadcopter getroffen,"Am 24. März wurde ein UNRWA-Gesundheitszentrum in Bureij (Mittelgebiet) Berichten zufolge indirekt von einer Kugel getroffen, die durch den Beschuss israelischer Streitkräfte mit einer Drohne aus der Nähe verursacht wurde. Es entstand geringfügiger Sachschaden, UNRWA-Mitarbeiter wurden nicht verletzt.",
INC-305,UNRWA Health Centre,FAC-038,Scharfes Feuer / Schüsse,Gesundheitszentrum durch Kugeln aus Kämpfen in der Gegend beschädigt,"Am 16. April wurde ein UNRWA-Gesundheitszentrum in der Region Maghazi Berichten zufolge von mehreren Kugeln getroffen, die von israelischen Streitkräften im Osten von Maghazi, im mittleren Gebiet, verübt wurden. Es entstand geringfügiger Sachschaden, und es gab keine Verletzten unter den UNRWA-Mitarbeitern.",
INC-306,UNRWA Health Centre,FAC-038,Unbekannt,"Das Gesundheitszentrum Al Maghazi wurde getroffen, wodurch ein Brand ausbrach.",Am 27. Dezember gegen 16:30 Uhr griffen israelische Streitkräfte Berichten zufolge das Gesundheitszentrum Maghazi an und verursachten einen Brand in den Räumlichkeiten. Es wurden keine Verletzten gemeldet.,
INC-307,Al-Aqsa Martyrs Hospital,FAC-006,Streiks,Bei einem israelischen Angriff wurden Medikamentenlager des Al-Aqsa-Krankenhauses getroffen. Das Krankenhausgebäude selbst wurde leicht beschädigt.,"Israelische Streitkräfte griffen zwei mit dem Al-Aqsa-Märtyrerkrankenhaus verbundene medizinische Lagerhäuser an und zerstörten die dort gelagerten Vorräte, darunter Infusionslösungen und Materialien für Dialyse und Intensivpflegepatienten.",
INC-308,Dr Abdul Aziz Rantisi Children's Specialty Hospital,FAC-011,,,,
,,,,,,
,,,,,,
,,,,,,
,,,,,,
,,,,,,
,,,,,,
,,,,,,
,,,,,,
,,,,,,
,,,,,,
,,,,,,
,,,,,,
,,,,,,
,,,,,,
,,,,,,
,,,,,,
,,,,,,
,,,,,,
,,,,,,
,,,,,,
,,,,,,
,,,,,,
,,,,,,
,,,,,,
,,,,,,
,,,,,,
,,,,,,
,,,,,,
,,,,,,
,,,,,,
,,,,,,
,,,,,,
,,,,,,
,,,,,,
,,,,,,
,,,,,,
,,,,,,
,,,,,,
,,,,,,
,,,,,,
,,,,,,
,,,,,,
,,,,,,
,,,,,,
,,,,,,
,,,,,,
,,,,,,
,,,,,,
,,,,,,
,,,,,,
,,,,,,
,,,,,,
,,,,,,
,,,,,,
,,,,,,
,,,,,,
,,,,,,
,,,,,,
,,,,,,
,,,,,,
,,,,,,
,,,,,,
,,,,,,
,,,,,,
,,,,,,
,,,,,,
,,,,,,
,,,,,,
INC-377, ,ID Not Found,,,,
INC-378, ,ID Not Found,,,,
,,,,,,
,,,,,,
,,,,,,
,,,,,,
,,,,,,
,,,,,,
,,,,,,
,,,,,,
,,,,,,
,,,,,,
,,,,,,
,,,,,,
,,,,,,
,,,,,,
,,,,,,
,,,,,,
,,,,,,
,,,,,,
,,,,,,
,,,,,,
,,,,,,
,,,,,,
,,,,,,
,,,,,,
,,,,,,
,,,,,,
,,,,,,
,,,,,,
,,,,,,
,,,,,,
,,,,,,
,,,,,,
,,,,,,
,,,,,,
,,,,,,
,,,,,,
,,,,,,
,,,,,,
,,,,,,
,,,,,,
,,,,,,
,,,,,,
,,,,,,
,,,,,,
,,,,,,
,,,,,,
,,,,,,
,,,,,,
,,,,,,
,,,,,,
,,,,,,
,,,,,,
,,,,,,
,,,,,,
,,,,,,
,,,,,,
,,,,,,
,,,,,,
,,,,,,
,,,,,,
,,,,,,
,,,,,,
,,,,,,
,,,,,,
,,,,,,
,,,,,,
,,,,,,
,,,,,,
,,,,,,
,,,,,,
,,,,,,
,,,,,,
,,,,,,
,,,,,,
,,,,,,
,,,,,,
,,,,,,
,,,,,,
,,,,,,
,,,,,,
,,,,,,
,,,,,,
,,,,,,
,,,,,,
,,,,,,
,,,,,,
,,,,,,
,,,,,,
,,,,,,
,,,,,,
,,,,,,
,,,,,,
,,,,,,
,,,,,,
,,,,,,
,,,,,,
,,,,,,
,,,,,,
,,,,,,
,,,,,,
,,,,,,
,,,,,,
,,,,,,
,,,,,,
,,,,,,
,,,,,,
,,,,,,
,,,,,,
,,,,,,
,,,,,,
,,,,,,
,,,,,,
,,,,,,
,,,,,,
,,,,,,
,,,,,,
,,,,,,
,,,,,,
,,,,,,
,,,,,,