incident_id,_anchor,facility_id,attack_type_ar,result_ar,description_ar,full_discription_ar
INC-000,Al Ahli Arab Hospital,FAC-009,قصف,في الرابع من ديسمبر، تعرضت محيطات مستشفى الأهلي في مدينة غزة للقصف، وأفادت التقارير بوقوع عدة وفيات.,,
INC-001,Al-Shifa Medical Complex,FAC-000,قذيفة إضاءة مدفعية عيار 105 ملم,أصيب شخص واحد جراء لجوء المدنيين إلى مأوى في مجمع المستشفى.,في الساعات الأولى من الحداد، أصيب مدني كان يحتمي في مجمع المستشفى بشظية ذخيرة.,
INC-002,Al-Shifa Medical Complex,FAC-000,قذيفة دبابة شديدة الانفجار عيار 120 ملم,لحقت أضرار بجدار المستشفى وانهار جزء من السقف.,يبدو أن بقايا الذخائر تشير إلى ذيل قذيفة دبابة إسرائيلية شديدة الانفجار عيار 120 ملم، وتظهر آثار الاستهداف وجود فتحتين كبيرتين في جدار المستشفى، وجزء من السقف منهار.,
INC-003,Al-Shifa Medical Complex,FAC-000,غير محدد الهوية,سقف معدني مثقوب لملجأ في المستشفى، وإصابة أشخاص، من بينهم أطفال.,يُظهر مقطع فيديو أضرارًا هيكلية في سقف ملجأ داخل المستشفى، وأشخاصًا من بينهم أطفال مصابون ملقون على الأرض.,
INC-004,Al Ahli Arab Hospital,FAC-009,ضربة صاروخية,"تعرض مركز تشخيص وعلاج السرطان لهجوم صاروخي إسرائيلي. وتضررت بشدة طابقان علويان من المركز، يضمان قسمي التصوير بالموجات فوق الصوتية والتصوير الشعاعي للثدي.

وأُصيب أربعة من الكوادر الطبية في الانفجار.",يُعد مركز التشخيص جوهرة تاج مستشفى الأهلي، حيث يوفر تشخيص السرطان كمقدمة لخيارات علاجية متنوعة في مستشفى الأهلي وفي مرافق أخرى.,
INC-005,Al Ahli Arab Hospital,FAC-009,قصف,قُتل 471 شخصًا وأصيب 342 آخرون,وقع انفجار مدمر، يُحتمل أن يكون ناجماً عن غارة جوية، في فناء المستشفى، مما أدى إلى اشتعال النيران في السيارات المتوقفة ومقتل مئات الأشخاص الذين كانوا يقيمون في المروج المحيطة. وكانت المنطقة مكتظة بالنازحين الذين فروا بسبب القصف المكثف على المناطق المجاورة.,
INC-006,Al Ahli Arab Hospital,FAC-009,الحصار / التطويق,في 16 نوفمبر، بدأت القوات الإسرائيلية، بما في ذلك الدبابات، حصاراً على المستشفى. واستمر الحصار حتى 18 نوفمبر وسط قصف مدفعي كثيف وإطلاق نار كثيف.,لم تتمكن الفرق الطبية من الخروج والوصول إلى المصابين بأمان طوال فترة الحصار.,
INC-007,Al Ahli Arab Hospital,FAC-009,غارة جوية,استهدفت غارة جوية في 14 ديسمبر المنطقة، مما أدى إلى أضرار جسيمة في مرافق المستشفى. ولم ترد أنباء عن وقوع إصابات.,,
INC-008,Al Ahli Arab Hospital,FAC-009,إخلاء قسري,تم إجلاؤهم خوفاً من تصاعد العمليات العسكرية,اعتبارًا من 8 يوليو، تم إخلاء مستشفى الأهلي المعمداني خوفًا من تكثيف الأنشطة العسكرية التي من شأنها أن تجعل الوصول إليه أو تعطيله، وتم نقل المرضى ذوي الحالات الحرجة إلى مستشفيات أخرى.,
INC-009,Al Ahli Arab Hospital,FAC-009,أزمة في القدرة الاستيعابية / اكتظاظ,غمرت الصدمة جراء حادثة الإصابات الجماعية,نُقلت نحو 70 جثة إلى المستشفى، ولم يُمكن التعرف على بعضها بسبب تشوهها جراء الانفجار. وقد اكتظ المستشفى بالمرضى جراء الحادثة المأساوية، وسط نقص حاد في الأدوية والمياه النظيفة وأسرّة المستشفيات.,
INC-010,Al Ahli Arab Hospital,FAC-009,إضراب / إخلاء قسري,في 13 أبريل، تعرض مستشفى الأهلي لهجومين دمّرا مبنى الطوارئ. كما دُمّرت أقسام الاستقبال والمختبر والصيدلية، بينما لحقت أضرار بالكنيسة التي كانت تستقبل العديد من المرضى. يُذكر أن المختبر هو المختبر الوحيد الذي يُجري بعض الفحوصات في غزة. المستشفى خارج الخدمة مؤقتًا.,قبل الغارات، أفادت التقارير أن الجيش الإسرائيلي أصدر أمرًا بالإخلاء، مما أجبر الطاقم الطبي والمرضى على المغادرة. ورغم عدم ورود أنباء عن وقوع إصابات فورية، إلا أن طفلًا توفي نتيجة انقطاع الرعاية الطبية أثناء عملية الإخلاء. ووفقًا للمدير العام لوزارة الصحة، الدكتور منير البشير، فقد دُمّر قسم الاستقبال والمختبر والصيدلية، بينما لحقت أضرار بالكنيسة التي كانت تستضيف العديد من المرضى. وأوضحت وزارة الصحة أن المستشفى توقف عن العمل مؤقتًا، وتم تحويل جميع الخدمات إلى ثلاثة مستشفيات أخرى، من بينها مستشفى ميداني في مدينة غزة.,
INC-011,Al Ahli Arab Hospital,FAC-009,غارة جوية,استهدفت غارة جوية ساحة مستشفى الأهلي العربي، مما أسفر عن مقتل أربعة صحفيين وإصابة ثلاثة آخرين.,,
INC-012,Al Ahli Arab Hospital,FAC-009,ضربة صاروخية,أصاب صاروخ واحد فناء مستشفى الأهلي العربي في مدينة غزة في 8 سبتمبر، مما أسفر عن مقتل شخص وإصابة آخرين.,,
INC-013,Al Ahli Arab Hospital,FAC-009,غارة جوية بطائرة مسيرة,أفادت التقارير بمقتل سبعة فلسطينيين وإصابة آخرين في ساحة مستشفى الأهلي,,
INC-014,Al Emirati Field Hospital,ID Not Found,غارة جوية (في الجوار),في الثاني من مارس، استهدفت غارات جوية إسرائيلية خياماً تؤوي نازحين داخلياً وأشخاصاً متجمعين أمام مستشفى الإمارات الميداني، ما أسفر عن مقتل 11 شخصاً وإصابة نحو 50 آخرين.,كان من بين الضحايا ممرضة وعضو في طاقم الإسعاف التابع للمستشفى الميداني.,
INC-015,Al Emirati Field Hospital,ID Not Found,إمكانية الوصول المحدودة,لا يزال يعمل بشكل جزئي فقط وسط تحديات الوصول الشديدة,,
INC-016,Al Helou International Hospital,FAC-023,قصف,تعرض المستشفى لقصف مباشر,في الأول من نوفمبر/تشرين الثاني الساعة 20:00، ورد أن مستشفى الحلو، الواقع أيضاً في مدينة غزة، تعرض للقصف؛ وكان المستشفى قد استوعب واستبدل جناح الولادة في مستشفى الشفاء، والذي يستخدم الآن لعلاج الجرحى.,
INC-017,Al Helou International Hospital,FAC-023,يضرب,أضرار مستمرة نتيجة الضربات القريبة,,
INC-018,Al Karama Specialized Hospital,FAC-015,إخلاء قسري,تم إخلاء المستشفى ولم تعد تعمل,أفادت منظمة الصحة العالمية بأن هذا المستشفى هو واحد من أربعة مستشفيات في شمال غزة تم إخلاؤها.,
INC-019,Al-Amal Hospital,FAC-005,منطقة القصف,قصف مكثف على بعد 500 متر من المستشفى,يُظهر مقطع فيديو قصفاً عنيفاً وقع قبل ساعات في خان يونس، جنوب قطاع غزة، على بعد 500 متر فقط من مقر جمعية الهلال الأحمر الفلسطيني ومستشفى الأمل.,
INC-020,Al-Amal Hospital,FAC-005,قصف,تعرض مستشفى للقصف وتضرر [تحديث عاجل من مكتب تنسيق الشؤون الإنسانية رقم 63]، وتحطمت النوافذ والأبواب بسبب القصف في المنطقة [قناة مسلم نتورك التلفزيونية].,تعرض مستشفى الأمل ومقر جمعية الهلال الأحمر الباكستاني المجاور له للقصف خلال عمليات قصف في المنطقة. استُهدف منزل بالقرب من المستشفى، مما أدى إلى تحطيم الزجاج وكسر الأبواب في مستشفى الأمل. كان هناك حينها 14 ألف نازح داخل المنزل، وأدى الحادث إلى حالة من الذعر الشديد.,
INC-021,Al-Amal Hospital,FAC-005,غير محدد,أثر انقطاع التيار الكهربائي على المستشفى، تبعه عطل في مولد الكهرباء الوحيد فيه.,في 14 نوفمبر/تشرين الثاني، انقطع التيار الكهربائي عن مستشفى الأمل في خان يونس، جنوب البلاد، إثر عطل في مولده الوحيد، وفقًا للهلال الأحمر الفلسطيني. وقد عرّض هذا العطل 90 مريضًا للخطر، من بينهم 25 في حالة حرجة. إضافةً إلى ذلك، يلجأ 9000 نازح داخليًا إلى المستشفى ومرافق الهلال الأحمر الفلسطيني.,
INC-022,Al-Amal Hospital,FAC-005,الحصار,توقف المولد الرئيسي عن العمل لثلاثة أيام متتالية بسبب نقص الوقود.,لثلاثة أيام متتالية، توقف المولد الرئيسي في مستشفى الأمل بخان يونس عن العمل بسبب نقص الوقود. ويعمل المستشفى حاليًا بمولد صغير لتزويد غرفة الولادة والإضاءة في منطقة الاستقبال بالكهرباء. ويؤوي هذا المرفق المكتظ أكثر من 8000 نازح داخليًا. وفي 15 نوفمبر/تشرين الثاني، توقف المولد الوحيد العامل عن العمل، مما أدى إلى انقطاع الاتصالات في المستشفى وتعريض حياة 90 مريضًا للخطر، من بينهم 25 مريضًا في العناية المركزة.,
INC-023,Al-Amal Hospital,FAC-005,منطقة غير محددة,أُصيب 12 شخصاً (بمن فيهم موظفو جمعية الهلال الأحمر الباكستانية) خلال استهداف منطقة مستشفى الأمل ومقر جمعية الهلال الأحمر الباكستانية.,12 إصابة بين فرق جمعية الهلال الأحمر الفلسطيني والنازحين نتيجة استهداف طائرات الاحتلال الإسرائيلي لمحيط مستشفى الأمل ومقر جمعية الهلال الأحمر الفلسطيني في خان يونس، الذي يؤوي حالياً نحو 14000 شخص. [الهلال الأحمر الفلسطيني على X],
INC-024,Al-Amal Hospital,FAC-005,منطقة غير محددة,أصابت النيران المنطقة، وتناثرت الشظايا في المستشفى مما أثار ذعر المرضى,في يومي 21 و22 ديسمبر/كانون الأول، استُهدفت محيطات مستشفيي الأمل والأوروبي، الواقعين في خان يونس جنوب قطاع غزة، وهما مرفقان طبيان عاملان. وبينما لم ترد أنباء عن وقوع إصابات، أعلنت جمعية الهلال الأحمر الفلسطيني أن شظايا تناثرت داخل مبنى مستشفى الأمل، مما أثار الخوف والذعر بين المرضى والنازحين.,
INC-025,Al-Amal Hospital,FAC-005,غارة جوية بطائرة مسيرة,قُتل أمير رامي عودة، البالغ من العمر 13 عامًا، برصاصة طائرة مسيرة أثناء لجوئه مع عائلته إلى مقر جمعية الأمل/الهلال الأحمر الفلسطيني.,ظن أمير وعائلته أنهم سيجدون الأمان داخل منشأة جمعية الهلال الأحمر الفلسطيني، لكنهم كانوا مخطئين للأسف. اليوم، فقد الطفل البالغ من العمر 13 عامًا حياته في مستشفى الأمل التابع لجمعية الهلال الأحمر الفلسطيني في خان يونس بعد أن أطلق عليه النار من طائرة مسيرة إسرائيلية. وقد طُلب من أمير وعائلته البقاء داخل منشأة الجمعية لأنها منطقة آمنة، وكان أمير يلعب مع أبناء عمومته عندما قُتل.,
INC-026,Al-Amal Hospital,FAC-005,الإضرابات في المنطقة,تعرض محيط المستشفى لهجوم لليوم الثاني على التوالي وللمرة الخامسة هذا الأسبوع [تحديث عاجل من مكتب تنسيق الشؤون الإنسانية رقم 79]. أسفر الهجوم الأخير عن مقتل عشرة أشخاص وإصابة 21 آخرين، بينما أفادت التقارير بمقتل 31 شخصاً وإصابة 25 آخرين في اليوم السابق [وكالة الأنباء الفلسطينية الرسمية].,في 28 ديسمبر/كانون الأول، تعرضت محيط مستشفى الأمل لقصف لليوم الثاني على التوالي، وللمرة الخامسة هذا الأسبوع، وفقًا لجمعية الهلال الأحمر الفلسطيني. وأفادت التقارير بمقتل عشرة أشخاص جراء هذا القصف الأخير، بالإضافة إلى مقتل 31 شخصًا في اليوم السابق. وفي كلا الحادثين، أُصيب العشرات بجروح. ويُقدّر عدد النازحين الذين لجأوا إلى المستشفى ومحيطه بنحو 14 ألف شخص.,
INC-027,Al-Amal Hospital,FAC-005,غزو,اقتحم الجيش الإسرائيلي الفناء للمرة الثالثة، وأطلق النار فأصاب خمس مركبات، من بينها ثلاث سيارات إسعاف.,استمرت الاشتباكات العنيفة في محيط مستشفيي ناصر والأمل في خان يونس، مما يُعرّض سلامة الطاقم الطبي والجرحى والمرضى للخطر، فضلاً عن آلاف النازحين الذين لجأوا إلى المستشفيين. وفي الأول من فبراير/شباط، أفادت جمعية الهلال الأحمر الفلسطيني بأن الجيش الإسرائيلي اقتحم ساحات المستشفى للمرة الثالثة وأطلق النار، ما أسفر عن إصابة خمس مركبات، من بينها ثلاث سيارات إسعاف.,
INC-028,Al-Amal Hospital,FAC-005,منطقة القصف,قُتل شخص واحد عند مدخل منطقة الأمل نتيجة قصف المنطقة، وأصدرت إسرائيل أمراً بالإخلاء لمنطقة تشمل الأمل.,في 23 يناير، وردت أنباء عن تعرض محيط مستشفى الأمل في خان يونس للقصف، وسط قتال عنيف حول المستشفى؛ وأفادت التقارير بمقتل فلسطيني واحد عند مدخل مستشفى الأمل.,
INC-029,Al-Amal Hospital,FAC-005,يضرب,تعرض مقر جمعية الهلال الأحمر العماني في منطقة الأمل لهجوم أسفر عن مقتل 3 أشخاص وإصابة 2 على الأقل.,في 24 يناير/كانون الثاني، أفادت التقارير بتعرض مدخل مقر جمعية الهلال الأحمر الفلسطيني لهجوم، ما أسفر عن مقتل ثلاثة فلسطينيين على الأقل وإصابة اثنين آخرين. وذكرت الجمعية أنها اضطرت إلى مطالبة النازحين المقيمين في المجمع بالتبرع بالدم، نظراً لعدم تمكن موظفيها من الوصول إلى بنوك الدم.,
INC-030,Al-Amal Hospital,FAC-005,محيط القصف,قصف عنيف في المنطقة، يهدد سلامة المرضى وموظفي المستشفى,يواصل الاحتلال قصف محيط المستشفى وإطلاق النار، مما يعرض سلامة الطاقم الطبي والجرحى والمرضى ونحو 7000 نازح لجأوا إلى هناك هرباً من القصف الإسرائيلي للخطر.,
INC-031,Al-Amal Hospital,FAC-005,شظايا، إخلاء، غارة,أفادت التقارير بسقوط شظايا على مستشفى، ما أسفر عن مقتل شخص وإصابة تسعة آخرين. وذكرت جمعية الهلال الأحمر الفلسطيني أن المستشفى تعرض لاحقًا لهجوم مسلح، وأُجبر الناس على إخلائه تحت تهديد السلاح، وهو ما ينفيه الجيش الإسرائيلي. كما توقف قسم الجراحة عن العمل في 29 يناير/كانون الثاني بسبب نقص إمدادات الأكسجين. وقد أعاقت الاشتباكات في المنطقة وصول سيارات الإسعاف والفرق الطبية إلى المصابين.,في 30 يناير/كانون الثاني، سقطت شظايا على مقرّي جمعية الأمل والهلال الأحمر الفلسطيني، ما أسفر عن مقتل شخص وإصابة تسعة آخرين؛ وأمر الجيش الإسرائيلي الناس بإخلاء مبنى المستشفى تحت تهديد السلاح (تحديث مكتب تنسيق الشؤون الإنسانية رقم 106). وفي وقت لاحق، اقتحمت القوات الإسرائيلية المستشفى، ودمرت أحد جدران المبنى، وأطلقت ذخيرة حية وقنابل دخانية. وقُدّر عدد النازحين الذين كانوا يحتمون بالمبنى آنذاك بنحو 7000 شخص، وأفادت وكالة الأنباء الفلسطينية (وفا) بأن الاقتحام أدى إلى اندلاع حريق في خيام بعض النازحين.,
INC-032,Al-Amal Hospital,FAC-005,إطلاق نار، غزو,اقتحمت القوات الإسرائيلية فناء المستشفى. وقُتل اثنان من العاملين فيه بنيران إسرائيلية عند بوابته، وأفاد تقرير لقناة الجزيرة بإصابة ما لا يقل عن عشرة أشخاص. كما توفيت امرأة ورضيع في المستشفى نتيجة نقص الأكسجين. وذكرت الجزيرة أن 12 شخصًا قُتلوا وأُصيب ستة، إلا أن منشور جمعية الهلال الأحمر الفلسطيني على موقع X، الذي استندت إليه الجزيرة في هذه المعلومات، غير متاح، ولا تظهر هذه الأرقام في مصادر أخرى.,في 31 يناير/كانون الثاني، أفادت جمعية الهلال الأحمر الفلسطيني بمقتل أحد العاملين في مستشفى الأمل بنيران قرب بوابات المستشفى. وفي اليوم نفسه، توفيت امرأة مسنة وطفل رضيع في مستشفى الأمل نتيجة نقص الأكسجين الذي كانا يعتمدان عليه، ودُفنا في ساحة المستشفى، وفقًا للجمعية. وفي 31 يناير/كانون الثاني أيضًا، أفادت الجمعية باقتحام ساحة مستشفى الأمل وتمركز القوات الإسرائيلية أمام البوابة الخارجية لقسم الطوارئ. وفي 31 و30 يناير/كانون الثاني، وردت أنباء عن هجمات قرب مستشفى الأمل ومقر جمعية الهلال الأحمر الفلسطيني في خان يونس. [OCHA 107],
INC-033,Al-Amal Hospital,FAC-005,يضرب,مقتل 5 أشخاص وإصابة 3 آخرين، بينهم أحد رجال الإنقاذ، بالإضافة إلى أضرار جسيمة لحقت بالمنشأة.,تعرض مستشفى الأمل لقصف أسفر عن مقتل خمسة نازحين، بينهم رضيع يبلغ من العمر خمسة أيام، وإصابة ثلاثة آخرين. وكان من بين المصابين متطوع من فرق الإنقاذ. ألحق القصف أضرارًا جسيمة بمبنى المستشفى، ما دفع العديد من الأشخاص البالغ عددهم 14000 شخص والذين كانوا يحتمون به إلى المغادرة. أما النازحون المتبقون في المستشفى، فهم قلقون على سلامتهم ويفكرون جديًا في المغادرة.,
INC-034,Al-Amal Hospital,FAC-005,منطقة القصف,تعرض المبنى لأضرار نتيجة القصف المكثف في محيط المستشفى,في يومي 14 و 15 فبراير، أفادت جمعية الهلال الأحمر الباكستانية أن مبنى مستشفى الأمل قد تعرض لأضرار نتيجة القصف المكثف في محيط المستشفى.,
INC-035,Al-Amal Hospital,FAC-005,غير محدد الهوية,أصيب الطابق الثاني بنيران خزان، مما أدى إلى إلحاق أضرار بمحطتي تمريض.,استهدفت دبابات الاحتلال الطابق الثاني من مستشفى الأمل في خان يونس، مما أسفر عن أضرار جسيمة في غرفتي تمريض، دون وقوع إصابات بين الموظفين أو المرضى. يُذكر أن دبابات الاحتلال كانت متمركزة عند بوابات المستشفى لمدة أسبوعين، مما حال دون دخول أي مساعدات أو إمدادات لوجستية.,
INC-036,Al-Amal Hospital,FAC-005,قصف مدفعي,تضرر الطابق الثالث جراء نيران المدفعية، ودُمرت غرفة الصيانة المركزية.,في 18 فبراير، أفادت جمعية الهلال الأحمر الباكستانية أن الطابق الثالث من المستشفى تعرض لأضرار جراء القصف المدفعي وتدمير غرفة الصيانة المركزية.,
INC-037,Al-Amal Hospital,FAC-005,قصف مدفعي,تسببت عمليات القصف في أضرار للمباني، بما في ذلك محطة تحلية المياه التي تعطلت، مما ترك ثلاثة أيام فقط من المياه الصالحة للشرب.,في 19 فبراير، أفادت جمعية الهلال الأحمر الفلسطيني بأن محطة تحلية المياه في المنشأة توقفت عن العمل بعد قصفها من قبل القوات الإسرائيلية، وأن مياه الشرب المتوفرة تكفي لثلاثة أيام فقط. وتعاني المنشأة أصلاً من نقص في مخزون الوقود اللازم لتوليد الكهرباء للمرضى ذوي الحالات الحرجة، ونفاد شبه تام للإمدادات الغذائية، كما ورد أنها تعرضت لأضرار جراء القصف المدفعي الأخير.,
INC-038,Al-Amal Hospital,FAC-005,قصف,أسفر الهجوم الذي استهدف الطابقين الثالث والرابع من المستشفى عن إصابة 4 أشخاص واحتراق غرفتين.,يتعرض مستشفى الأمل حاليًا لهجمات متكررة، حيث استهدفت القوات الإسرائيلية الطابق الثالث منه بشكل مباشر، مما أدى إلى احتراق غرفتين. كما استُهدفت خطوط المياه في المستشفى. بالإضافة إلى ذلك، استُهدف منزل مقابل للمستشفى أثناء تواجد فريق من جمعية الهلال الأحمر الفلسطيني ووفد من وكالة الأونروا في فناء المستشفى (صفحة جمعية الهلال الأحمر الفلسطيني على فيسبوك). وفي منشور على موقع X، ذكرت جمعية الهلال الأحمر الفلسطيني أن ثلاثة من مرافقي المرضى أصيبوا خلال الهجوم، بينما يشير تقرير الاستجابة الإنسانية رقم 3/2024 إلى إصابة أربعة من الموظفين والمرضى، ونظرًا لعدم وضوح المعلومات، سُجلت هذه الإصابات على أنها أربع إصابات بين المدنيين. كما أفادت مصادر أخرى باستهداف الطابق الثالث أو الرابع من المستشفى.,
INC-039,Al-Amal Hospital,FAC-005,المنطقة المحيطة تعرضت للقصف,تعرضت منطقة الأمل والهلال الشعبي للقصف عدة مرات,في الثالث من يناير/كانون الثاني، تعرضت منطقة مستشفى الأمل وجمعية الهلال الأحمر الفلسطيني في خان يونس لقصف متكرر على مدار اليوم. ولم يتم تأكيد عدد الضحايا حتى الآن. وحاولت عائلات نازحة عديدة، كانت قد لجأت إلى المبنى ومقر جمعية الهلال الأحمر الفلسطيني، الإخلاء نتيجة للقصف الذي وقع في الثاني من يناير/كانون الثاني. كما لحقت أضرار جسيمة بمركز تدريب تابع لجمعية الهلال الأحمر الفلسطيني داخل مجمع المستشفى. وزار مكتب الأمم المتحدة لتنسيق الشؤون الإنسانية ومنظمة الصحة العالمية المستشفى، وشاهدا حجم الأضرار الهائلة ونزوح المدنيين. وتشير التقديرات إلى أن نحو 14 ألف شخص كانوا يحتمون في المستشفى وقت الهجوم.,
INC-040,Al-Amal Hospital,FAC-005,غزو ​​/ هجوم بري,أجبر الجيش الإسرائيلي موظفي المستشفى والمرضى الجرحى على إخلاء مستشفى الأمل وأغلق المداخل بحواجز ترابية، ولم يعد المستشفى يعمل.,"في خان يونس، وسط عمليات عسكرية مكثفة، أجبر الجيش الإسرائيلي طاقم مستشفى الأمل والمرضى الجرحى على إخلائه باستخدام قنابل دخانية، كما أغلق بوابة المستشفى وسد الطرق بحواجز ترابية، وفقًا لجمعية الهلال الأحمر الفلسطيني. وابتداءً من ليلة 24 مارس/آذار، علق الطاقم والمرضى في سيارات الإسعاف خارج المستشفى لمدة 20 ساعة بسبب الأضرار التي لحقت بالطرق المحيطة بالمستشفى والحواجز الترابية التي أقامها الجيش الإسرائيلي. وعندما حاول شخصان إزالة الأنقاض من الطريق، أطلق جنود الجيش الإسرائيلي النار عليهما (جمعية الهلال الأحمر الفلسطيني على X). وفي 25 مارس/آذار، قامت جمعية الهلال الأحمر الفلسطيني واللجنة الدولية للصليب الأحمر ومكتب تنسيق الشؤون الإنسانية بإجلاء ستة مرضى ومرافقيهم، و27 من الطاقم، وانتشلت جثتي شخصين قُتلا داخل المستشفى، أحدهما متطوع من جمعية الهلال الأحمر الفلسطيني كان عضوًا في غرفة عمليات الطوارئ. واعتبارًا من 26 مارس/آذار، توقف كل من المستشفى ومقر جمعية الهلال الأحمر الفلسطيني المجاور عن العمل. وفي اليوم نفسه، أصدر الاتحاد الدولي لجمعيات الصليب الأحمر والهلال الأحمر بياناً أكد فيه أن استمرار الأعمال العدائية في مستشفى الأمل وحوله لأكثر من 40 يوماً قد عرّض فرق جمعية الصليب الأحمر والهلال الأحمر والمرضى لخطر جسيم، وأن ""الإغلاق القسري لمستشفى الأمل، أحد المرافق الطبية القليلة المتبقية في الجنوب [وثاني مستشفى تابع لجمعية الصليب الأحمر والهلال الأحمر يُغلق]، له تداعيات خطيرة، مما يعرض حياة عدد لا يحصى من الناس للخطر"". [تحديث سريع من مكتب تنسيق الشؤون الإنسانية رقم 147]",
INC-041,Al-Amal Hospital,FAC-005,المنطقة المحيطة تعرضت للقصف,اليوم الثالث على التوالي من القصف في منطقة مستشفى الأمل، مما أسفر عن سقوط العديد من القتلى والجرحى، وتضرر الاتصالات.,في الرابع من يناير/كانون الثاني، تعرضت محيطات مستشفى الأمل وجمعية الهلال الأحمر الفلسطيني في خان يونس للقصف لليوم الثالث على التوالي. وأفادت الجمعية بمقتل سبعة نازحين كانوا يحتمون في المجمع، بينهم رضيع يبلغ من العمر خمسة أيام [خمس وفيات، من بينها وفاة الرضيع، وقعت في الثاني من يناير/كانون الثاني، ووفاتان أخريان في الثالث أو الرابع من يناير/كانون الثاني]، بينما أصيب 11 شخصًا آخر خلال أيام القصف الثلاثة [إصابة ثلاثة أشخاص في الثاني من يناير/كانون الثاني، وثماني إصابات أخرى في الثالث أو الرابع من يناير/كانون الثاني]. كما أفادت الجمعية باستهداف عشرات المباني السكنية والأشخاص المتجمعين عند مدخل مستشفى الأمل، مما أسفر عن عشرات القتلى والجرحى [تحديث مكتب تنسيق الشؤون الإنسانية رقم 84]. إضافة إلى ذلك، أدى القصف إلى تدمير محطة إرسال اتصالات الجمعية عبر التردد العالي جدًا (VHF)، وهي الوسيلة الوحيدة للاتصال في مقر الجمعية بخان يونس بعد تدمير جميع وسائل الاتصال في محافظة خان يونس. يُعد الضرر الذي لحق بنظام الاتصالات VHF عقبة رئيسية أمام استجابة طواقم الإسعاف للجرحى والمرضى والحالات الإنسانية [تقرير جمعية الهلال الأحمر الفلبينية 4 يناير 2024].,
INC-042,Al-Amal Hospital,FAC-005,غارة جوية بطائرة مسيرة,الطابق الثاني من مبنى إعادة التأهيل بالمستشفى تعرض لهجوم بطائرات مسيرة إسرائيلية,اليوم، تعرض الطابق الثاني من قسم إعادة التأهيل في مستشفى جمعية الهلال الأحمر الفلسطيني بالأمل لقصف مباشر من طائرات إسرائيلية مسيرة. تجدر الإشارة إلى أن المرضى كانوا متواجدين في القسم للمتابعة والعلاج، ولم يُصب أي من الموظفين أو المرضى بأذى. [الهلال الأحمر الفلسطيني على X],
INC-043,Al-Amal Hospital,FAC-005,غير محدد الهوية,نشرت صفحة جمعية الهلال الأحمر الفلسطيني على فيسبوك لقطات تُظهر الأضرار التي لحقت بمستشفى الأمل بعد انسحاب القوات الإسرائيلية.,"أدى التدمير المتعمد الذي نفذه جنود الاحتلال الإسرائيلي داخل مستشفى جمعية الهلال الأحمر الفلسطيني ""الأمل"" في خان يونس إلى دمار واسع النطاق، ما جعل المستشفى عاجزاً عن تقديم الخدمات للمرضى والجرحى. وبعد اقتحامهم، استخدم الجنود القوة والأسلحة النارية وقنابل الدخان لإجبار جميع من في الداخل على الإخلاء [صفحة جمعية الهلال الأحمر الفلسطيني على فيسبوك].",
INC-044,Al-Amal Hospital,FAC-005,العداء في الجوار، الوصول محدود,المستشفى خارج الخدمة بشكل أساسي بسبب العداء في المنطقة، ولا يستطيع المرضى الجدد الوصول إلى المستشفى بسبب القيود المفروضة على الدخول.,يُعاني المستشفى من عوائق تحول دون حصول المرضى الجدد على الرعاية اللازمة، مما يؤدي إلى المزيد من الوفيات التي كان من الممكن تجنبها. لا يزال المستشفى يستقبل مرضى بحاجة إلى الرعاية، ولكنه لا يستقبل مرضى جدد. ويبذل فريقان طبيان للطوارئ - أحدهما محلي والآخر دولي - قصارى جهدهما لخدمة المرضى المتبقين بالإمدادات الطبية المحدودة المتوفرة في المستشفى.,
INC-045,Al-Aqsa Martyrs Hospital,FAC-006,غير محدد الهوية,اشتعلت النيران في خيمة في فناء مستشفى الأقصى,بينما كان فريق منظمة الصحة العالمية متواجداً في المنشأة الطبية، تعرضت خيمة النازحين للقصف في ساحة المستشفى، مما أسفر عن مقتل أربعة مدنيين وإصابة 17 آخرين على الأقل، بينهم ثمانية صحفيين.,
INC-046,Al-Aqsa Martyrs Hospital,FAC-006,غارة جوية (مروحية),أفادت التقارير بمقتل خمسة فلسطينيين وإصابة خمسة عشر آخرين بجروح عندما استُهدفت خيام النازحين داخلياً بالقرب من العيادات الخارجية للمستشفى.,أفادت التقارير بمقتل خمسة فلسطينيين وإصابة 15 آخرين، بينهم أطفال، عندما استهدفت مروحية تابعة لجيش الدفاع الإسرائيلي خيام النازحين داخلياً بالقرب من العيادات الخارجية للمستشفى. وأسفرت الغارة عن تدمير وحرق العديد من الخيام الموجودة في المنطقة.,
INC-047,Al-Aqsa Martyrs Hospital,FAC-006,غارة جوية,تعرضت خيام النازحين لقصف من قبل طائرات حربية إسرائيلية، مما أسفر عن عدد من الإصابات والأضرار المادية.,وبحسب بيان صادر عن المكتب الإعلامي لحكومة غزة، قصفت الطائرات الحربية الإسرائيلية خياماً تأوي فلسطينيين نازحين داخل أسوار المستشفى، مما أسفر عن عدد من الإصابات والأضرار المادية.,
INC-048,Al-Aqsa Martyrs Hospital,FAC-006,الإضرابات,تعرض سطح مبنى الإدارة للضرب، ولحقت أضرار بخزانات المياه والألواح الشمسية.,أفادت وزارة الصحة بتضرر سطح مبنى الإدارة. وصرح المتحدث باسم المستشفى بأن ثلاث ضربات استهدفت المستشفى، مما أدى إلى أضرار في خزانات المياه والألواح الشمسية. وأشار المتحدث إلى أن الطاقم الطبي يواصل عمله في المستشفى.,
INC-049,Al-Aqsa Martyrs Hospital,FAC-006,ضربة مباشرة (في الجوار),أضرار غير مباشرة للمبنى,في الفترة ما بين 17 و19 مايو، تعرض مستشفى الأقصى في دير البلح، والمستشفى الميداني الأردني في خان يونس، ومستشفى كمال عدوان في شمال غزة، لأضرار غير مباشرة عندما أثرت الغارات الإسرائيلية القريبة على مبانيها أو المناطق المحيطة بها.,
INC-050,Al-Aqsa Martyrs Hospital,FAC-006,ضربة مباشرة,تعرض فناء المستشفى لقصف استهدف خيمة للنازحين، مما أسفر عن إصابة خمسة أشخاص، بينهم صحفيان. كما لحقت أضرار بقسم الطب الباطني وخط إمداد الأكسجين التابع له.,في 30 يونيو، أفادت منظمة الصحة العالمية بتعرض خيمة تأوي نازحين داخلياً في ساحة المستشفى لهجوم، مما أسفر عن إصابة خمسة أشخاص، بينهم صحفيان. كما لحقت أضرار بقسم الطب الباطني في المستشفى وخط إمداد الأكسجين التابع له.,
INC-051,Al-Awda Hospital,FAC-003,قصف,أُصيب مسعف واحد، ويبدو أن سيارتي إسعاف قد تضررتا.,مع إصابة أحد أفراد فريق الاستجابة السريعة (PCR) جراء تفشي الوباء، تُظهر الصور سيارتي إسعاف تابعتين للهلال الأحمر الفلسطيني بالقرب من المستشفى، ويبدو أنهما متضررتان. ويُظهر مقطع فيديو آخر أشخاصاً يحتمون داخل سيارة إسعاف وسط قصف عنيف.,
INC-052,Al-Awda Hospital,FAC-003,قصف (في الجوار),قصف في المنطقة. وخرجت بعض سيارات الإسعاف عن الخدمة.,أصيب عدد من الطاقم الطبي في المستشفى، بالإضافة إلى عدد من المسعفين التابعين لجمعية الهلال الأحمر الفلسطيني، خلال عمليات قصف متكررة شنتها قوات الاحتلال في محيط المستشفى، مما تسبب أيضاً في أضرار جسيمة للمستشفى ولعدد من سيارات الإسعاف.,
INC-053,Al-Awda Hospital,FAC-003,هجوم,أسفر الهجوم عن مقتل ثلاثة أطباء ومرافق مريض واحد، وإصابة العديد من المرضى.,تعرض مستشفى العودة لقصف جوي، حيث أصابت الضربة المباشرة الطابقين الثالث والرابع من المبنى. وأسفر ذلك عن مقتل ثلاثة من الكوادر الطبية، طبيبان من منظمة أطباء بلا حدود - الدكتور محمود أبو نجيلة والدكتور أحمد السحار - وطبيب ثالث من وزارة الصحة، الدكتور زياد التطري، بالإضافة إلى مرافق لمريض. كما أصيب عدد من موظفي منظمة أطباء بلا حدود ومرضى بجروح بالغة.,
INC-054,Al-Awda Hospital,FAC-003,قصف، نيران قناصة,أضرار ناجمة عن القصف الإسرائيلي. قناصة إسرائيليون يطلقون النار على المستشفى.,حاصرت القوات الإسرائيلية مستشفى العودة في جباليا، وهو أحد مستشفيين فقط لا يزالان يعملان في الشمال، وتعرض لأضرار جراء القصف الإسرائيلي. كما وردت أنباء عن إطلاق قناصة إسرائيليين النار على المستشفى.,
INC-055,Al-Awda Hospital,FAC-003,منطقة القتال,مستشفى محاصر من قبل القوات الإسرائيلية، ومقتل اثنين من العاملين في المجال الصحي,في التاسع من ديسمبر، ولليوم الثالث على التوالي، أفادت التقارير بأن مستشفى العودة في جباليا محاصر من قبل القوات والدبابات الإسرائيلية، وأن القتال مستمر في محيطه. وأُفيد بمقتل اثنين من العاملين في المجال الصحي رمياً بالرصاص.,
INC-056,Al-Awda Hospital,FAC-003,منطقة القتال,محاصرة من قبل القوات والدبابات الإسرائيلية، وتدور معارك في محيطها. وأُفيد بمقتل اثنين من العاملين في المجال الصحي رمياً بالرصاص.,أفادت التقارير بمقتل اثنين من العاملين في المجال الصحي رمياً بالرصاص في مستشفى العودة، وسط محاصرة من قبل القوات والدبابات الإسرائيلية، واستمرار القتال لليوم الثالث على التوالي.,
INC-057,Al-Awda Hospital,FAC-003,تطويق,بقايا محاصرة من قبل القوات والدبابات الإسرائيلية,لليوم الثامن على التوالي، لا يزال مستشفى العودة محاصراً من قبل القوات والدبابات الإسرائيلية، وتفيد التقارير بوقوع اشتباكات مع فصائل فلسطينية مسلحة في محيطه. وتشير التقارير إلى أن 250 طبيباً ومريضاً وأفراداً من عائلاتهم محاصرون داخل المستشفى.,
INC-058,Al-Awda Hospital,FAC-003,يضرب,مقتل خمسة أشخاص,قُتل خمسة فلسطينيين على الأقل في غارة جوية إسرائيلية استهدفت مجمع مستشفى العودة في مخيم جباليا للاجئين شمال قطاع غزة. وتعطلت أجزاء من المستشفى، وتضررت عدة سيارات إسعاف.,
INC-059,Al-Awda Hospital - Nusseirat,FAC-004,غارة جوية بطائرة مسيرة,تعرض الطابق الخامس وسطح مبنى الإدارة لضربة جوية إسرائيلية بطائرة مسيرة، مما أدى إلى إتلاف الألواح الشمسية.,تعرض الطابق الخامس وسطح مبنى إدارة مستشفى العودة لضربة جوية إسرائيلية بطائرة مسيرة، مما أدى إلى تعطيل نظام الطاقة الشمسية للمنشأة وإلحاق أضرار بخزانات المياه والوقود.,
INC-060,Al-Awda Hospital,FAC-003,محاصر,مستشفى العودة محاصر ولا يمكن الوصول إليه حالياً.,يُحاصر مستشفى العودة في شمال قطاع غزة منذ 19 مايو/أيار، حيث يُمنع دخوله أو خروجه؛ ولا يزال 148 من العاملين في المستشفى و22 مريضًا ومرافقيهم محاصرين داخله. وأفاد الطاقم الطبي داخل المستشفى بوقوع هجوم في 20 مايو/أيار، حيث استهدف قناصة المبنى، وسقط صاروخ مدفعي على الطابق الخامس، حيث يقع قسم الإدارة.,
INC-061,Al-Awda Hospital,FAC-003,إخلاء قسري,أُجبر معظم الموظفين والمرضى على الإخلاء,بعد حصار دام أربعة أيام، اقتربت الدبابات الإسرائيلية من المستشفى واستخدمت القوات مكبرات الصوت لإصدار أوامر لجميع المرضى والموظفين بالإخلاء، تاركة مجموعة صغيرة من الطاقم الطبي مع عدد قليل من المرضى المصابين بأمراض خطيرة والذين لا يمكن نقلهم، تحت إشراف عسكري.,
INC-062,Al-Awda Hospital,FAC-003,يضرب,تعرض الطابق الخامس والفناء للضرب,تعرض الطابق الخامس من المستشفى وساحته للقصف دون وقوع إصابات.,
INC-063,Al-Awda Hospital,FAC-003,طلقة,ممرضة متطوعة أصيبت برصاصة قاتلة في صدرها أثناء نظرها من النافذة,أكد مكتب الأمم المتحدة لحقوق الإنسان وقوع عدة حالات لأشخاص قُتلوا بالرصاص في مستشفى العودة في جباليا، بما في ذلك ممرضة متطوعة قُتلت برصاصة في صدرها أثناء نظرها من النافذة في 7 ديسمبر 2023.,
INC-064,Al-Awda Hospital,FAC-003,قذيفة دبابة,هاجمت الدبابات العسكرية الطابق الثالث من الجناح الشرقي,أفادت التقارير أن دبابات عسكرية هاجمت الطابق الثالث من الجناح الشرقي لمستشفى العودة، مما أثار حالة من الذعر بين المرضى البالغ عددهم 31 مريضًا ومرافقيهم، بالإضافة إلى 65 من الكوادر الطبية والإدارية الموجودة داخل المستشفى. وكان مستشفى العودة قد تعرض لأضرار جسيمة في الأيام السابقة جراء غارات جوية متكررة استهدفت محيطه، حيث اشتعلت النيران في أجزاء من المبنى، وامتدت النيران إلى المباني السكنية المجاورة.,
INC-065,Al-Awda Hospital,FAC-003,أمر إخلاء,أمر بالإخلاء بعد هجمات يومية بالقرب من أو على مبانيها,أُمر مستشفى العودة، آخر مستشفى يعمل جزئياً في شمال غزة، من قبل القوات الإسرائيلية بإخلاء المرضى والعاملين فيه فوراً. ورغم استمرار عمل مستشفى العودة، إلا أن الوصول إليه، حيث لا يزال 34 مريضاً و63 من العاملين، محدود للغاية في ظل استمرار الأعمال العدائية في المنطقة.,
INC-066,Al-Awda Hospital,FAC-003,غارات جوية، غارات جوية في المنطقة,قدرة محدودة للمستشفى على تقديم الخدمات الصحية,في 15 و18 و19 مايو، تعرض مستشفى العودة في شمال غزة لأضرار نتيجة الغارات الجوية، بما في ذلك غارة إسرائيلية مباشرة بالقرب من بوابته الرئيسية وغارات جوية متعددة على مناطق في جواره المباشر.,
INC-067,Al-Awda Hospital,FAC-003,يضرب,تعرض المستشفى لضربات متكررة، مما أدى إلى مواجهة خطر الإغلاق الوشيك,بين 15 و23 مايو/أيار، تعرض مستشفى العودة في شمال غزة لقصف متكرر. وبعد توقف كل من المستشفيين الإندونيسي وكمال عدوان عن العمل، أصبح مستشفى العودة المستشفى الوحيد في المحافظة الذي لا يزال يعمل جزئياً، وإن كان ذلك في ظل ظروف بالغة الصعوبة.,
INC-068,Al-Awda Hospital,FAC-003,قذيفة دبابة,دبابات القوات الإسرائيلية أصيبت أفراد من الطاقم الطبي والمتطوعين وأحرقت أقساماً,استهدفت الدبابات الإسرائيلية التي كانت تحاصر مستشفى العودة قسم الجراحة التخصصية ومستودع الأدوية التابعين له بشكل مباشر. وأدى الهجوم إلى اندلاع حريق في المستودع، عجزت الفرق الطبية عن إخماده بسبب استمرار إطلاق النار من قبل قوات الاحتلال الإسرائيلي. كما دمر الهجوم خزانات المياه والوقود في المستشفى، وألحق أضرارًا جسيمة ببنيته التحتية. ثم اقتحمت الدبابات الإسرائيلية ساحات المستشفى، وأضرمت النار في خيام العيادات الخارجية، وأصابت عددًا من الكوادر الطبية والمتطوعين.,
INC-069,Al-Awda Hospital,FAC-003,غارات جوية,أُفيد بأن الطابقين الثالث والرابع من المستشفى قد تعرضا للقصف، مما أسفر عن إصابة اثنين من العاملين في المجال الصحي. واشتعلت النيران في خيام المرضى، مما أدى أيضاً إلى احتراق جميع الإمدادات الطبية في المستودع وتدمير المركبات في الطابق السفلي.,في 22 مايو/أيار، أفادت التقارير بتعرض الطابقين الثالث والرابع من المستشفى لهجوم، مما أسفر عن إصابة اثنين من العاملين الصحيين. واشتعلت النيران في خيام المرضى، بما في ذلك خيمة قدمتها منظمة الصحة العالمية، مما أدى إلى احتراق جميع الإمدادات الطبية في المستودع وتدمير المركبات في الطابق السفلي. ويواجه مستشفى العودة خطر الإغلاق الوشيك بسبب استمرار انعدام الأمن وتقييد الوصول إليه، وفقًا لمنظمة الصحة العالمية.,
INC-070,Al-Awda Hospital,FAC-003,تم إجلاؤهم,تم إخلاؤها قسراً وإخراجها من الخدمة.,,
INC-071,Al-Awda Hospital,FAC-003,الإخلاء,تم إخلاء المستشفى وإخراجه من الخدمة,"في 29 مايو/أيار، أُجبر مستشفى العودة، آخر مستشفى يعمل بشكل محدود في شمال غزة، على الإخلاء وتوقف عن العمل. ووفقًا لمدير المستشفى، محمد صالحة، فقد أبلغتنا القوات الإسرائيلية ""بإما أن نخلي المستشفى فورًا أو سيتم إخلاؤه بالقوة"". وأوضح الدكتور صالحة أن 82 من الكوادر الطبية و13 مريضًا أُجبروا على الإخلاء في ظروف بالغة الصعوبة. وأضاف أنه مع إغلاق أو تدمير جميع الطرق المؤدية إلى المستشفى، لم تتمكن سيارات الإسعاف من الوصول إليه، واضطر المرضى إلى المشي لمسافة تزيد عن 200 متر قبل وصولهم إلى سيارات إسعاف وزارة الصحة التي نقلتهم إلى مستشفى الشفاء في مدينة غزة. وبين 15 و23 مايو/أيار، تعرض المستشفى لقصف متكرر وعانى من نقص حاد في الأدوية. وفي 24 و27 مايو/أيار، تمكنت منظمة الصحة العالمية من الوصول إلى المستشفى ونقلت المرضى ذوي الحالات الحرجة إلى مستشفى الشفاء في مدينة غزة.",
INC-072,Al-Awda Hospital,FAC-003,الإخلاء,أُمر آخر مستشفى يعمل جزئياً في شمال غزة، من قبل القوات الإسرائيلية، بإخلاء المرضى والموظفين فوراً في 3 يناير/كانون الثاني. كما دُمر خزان الوقود والمولد الكهربائي الأخير المتبقي في المستشفى مؤخراً بعد استهدافه بشكل مباشر.,,
INC-073,Al-Awda Hospital,FAC-003,يضرب,أُصيبت البوابة الغربية للمستشفى، مما أسفر عن إصابة عدد من العاملين فيه (لم يُحدد عدد الإصابات). وتوفي أحد ضباط الأمن المصابين في الهجوم بعد أسبوع (في 7 أكتوبر) متأثراً بجراحه.,,
INC-074,Al-Awda Hospital - Nusseirat,FAC-004,يضرب,مما أسفر عن وقوع إصابات,,
INC-075,Al-Khair Hospital,FAC-024,يضرب,أصاب ودمر,,
INC-076,Al-Khair Hospital,FAC-024,غارة,داهمت القوات الإسرائيلية مستشفى، وأُمرت النساء والأطفال بالإخلاء باتجاه رفح، واعتُقل بعض العاملين [تحديث عاجل من مكتب تنسيق الشؤون الإنسانية رقم 100]. قطعت القوات الإسرائيلية الطرق المؤدية إلى مستشفى الأمل ومجمع نصار الطبي [معهد الدراسات الفلسطينية].,,
INC-077,Al-Quds Hospital,FAC-008,غارة جوية,تعرض المبنى المجاور للمستشفى لأضرار بالغة. فقد لحقت أضرار بالجزء الداخلي من المستشفى، حيث تحطمت الزجاجات، وتضررت أسرّة المرضى ومعدات المستشفى، بالإضافة إلى السقف.,تُظهر عدة مقاطع فيديو مدخل المستشفى بعد الأضرار الناجمة عن القصف الجوي. كما تُظهر صور الأقمار الصناعية التي نشرتها صحيفة الغارديان في 11 نوفمبر/تشرين الثاني أضراراً لحقت بالطرق والمباني المحيطة بالمستشفى.,
INC-078,Al-Quds Hospital,FAC-008,غارة جوية,أصيبت مباشرة، وعدد كبير من الضحايا ولكن لم يتم تأكيده,في الثالث من نوفمبر، وفي نفس الوقت تقريباً، تعرض مستشفى القدس في مدينة غزة والمستشفى الإندونيسي في شمال غزة للقصف، وذلك بحسب التقارير خلال غارات جوية، مما أسفر عن عدد كبير من الضحايا لم يتم تأكيده بعد.,
INC-079,Al-Quds Hospital,FAC-008,غارة جوية,تعرض مدخل المستشفى للهجوم، مما أسفر عن مقتل شخصين وتضرر المدخل.,في الرابع من نوفمبر/تشرين الثاني، أفادت التقارير باستهداف مداخل كل من مستشفى ناصر للأطفال ومستشفى القدس في مدينة غزة خلال غارات جوية إسرائيلية. وأسفرت الغارات عن مقتل شخصين وإصابة العشرات، بالإضافة إلى أضرار لحقت بمداخل هاتين المؤسستين الصحيتين. ويُعد مستشفى القدس حاليًا ملجأً لنحو 14 ألف نازح.,
INC-080,Al-Quds Hospital,FAC-008,الإضرابات في المنطقة,وأُفيد بإصابة مريضين و12 شخصاً كانوا يحتمون في المستشفى، كما لحقت أضرار بالمستشفى أيضاً.,,
INC-081,Al-Quds Hospital,FAC-008,الحصار,تم إيقاف تشغيل المولد الرئيسي، وتم إغلاق جناح الجراحة ومحطة توليد الأكسجين وجناح التصوير بالرنين المغناطيسي.,في الثامن من نوفمبر، أعلن مستشفى القدس في مدينة غزة عن إيقاف تشغيل مولده الرئيسي، واستخدام مولد أصغر بدلاً منه لتقليل استهلاك الوقود. ونتيجة لذلك، اضطرت أقسام الجراحة، وتوليد الأكسجين، والتصوير بالرنين المغناطيسي إلى الإغلاق. وسيوفر المستشفى ساعتين من الكهرباء يومياً للنازحين الذين يقيمون في مرافقه. ويعاني المستشفى من عزلة عن المناطق المجاورة، ونقص حاد في الغذاء، وحليب الأطفال، والأدوية، والمستلزمات الطبية.,
INC-082,Al-Quds Hospital,FAC-008,الإضرابات في المنطقة,تم قصف المناطق المتقاربة,,
INC-083,Al-Quds Hospital,FAC-008,قصف,تعرضت وحدة العناية المركزة لأضرار,,
INC-084,Al-Quds Hospital,FAC-008,قصف,تعرضت المنطقة المحيطة بالمستشفى للقصف المستمر، مما أثر على الموظفين والمرضى و14000 نازح داخلياً كانوا يحتمون في المنطقة.,في مناسبتين منفصلتين، تعرضت المنطقة المحيطة بمستشفى القدس في شمال غزة للقصف، مما أثر على الموظفين والمرضى و14 ألف نازح داخلياً.,
INC-085,Al-Quds Hospital,FAC-008,منطقة القصف,تعرض للقصف مما تسبب في أضرار، وأصدرت أوامر إخلاء متكررة خلال الأيام السابقة.,في 28 و29 أكتوبر، أفادت التقارير بتعرض محيط مستشفى القدس في مدينة غزة للقصف، مما تسبب في أضرار.,
INC-086,Al-Quds Hospital,FAC-008,غير محدد الهوية,تعرضت المنطقة المحيطة بالمستشفى للقصف، كما تعرضت نوافذ المستشفى للقصف، ويظهر الدخان وهو يتصاعد من البنية التحتية.,,
INC-087,Al-Quds Hospital,FAC-008,منطقة القصف,استهدفت عمليات القصف مستودعات جمعية الهلال الأحمر الفلبينية المجاورة للمستشفى، مما أدى إلى دخول كميات كبيرة من الحطام والغبار إلى المستشفى، مما تسبب في استنشاق واختناق المرضى والطاقم الطبي والنازحين داخلياً.,كان أحد الهجمات التي وقعت في 30 أكتوبر/تشرين الأول ضد مستودعات جمعية الهلال الأحمر الفلسطيني المجاورة لمستشفى القدس، في حي تل الهوى بمدينة غزة، حيث أدت الأضرار الناجمة عن القصف القريب إلى دخول كميات كبيرة من الحطام والغبار إلى المستشفى، مما تسبب في استنشاقها واختناق المرضى والموظفين والنازحين.,
INC-088,Al-Quds Hospital,FAC-008,تطويق، طلقات قناصة,تعطل مولد الكهرباء في المستشفى، ولا يمكن إصلاحه بسبب نيران القناصة.,في 11 نوفمبر، أفيد بتعطل مولد الكهرباء في مستشفى القدس، وأن الفنيين لم يتمكنوا من إصلاحه بسبب نيران القناصة. ومن بين المرضى ذوي الحالات الحرجة، يرقد سبعة في العناية المركزة، وثلاثة أطفال رضع في الحاضنات.,
INC-089,Al-Quds Hospital,FAC-008,الحصار، التطويق، القصف,لا يزال الطاقم الطبي والمرضى وعائلاتهم محاصرين في المستشفى بدون طعام أو ماء أو كهرباء,في 13 نوفمبر/تشرين الثاني، اضطرت قافلة مشتركة تابعة للهلال الأحمر الفلسطيني واللجنة الدولية للصليب الأحمر، كانت متجهة إلى مستشفى القدس في مدينة غزة لإجلاء المرضى، إلى العودة بعد مغادرتها خان يونس، بسبب القصف المتواصل وانعدام الأمن المحيط بالمستشفى. وتشير التقارير إلى أن الفريق الطبي والمرضى وعائلاتهم ما زالوا محاصرين في المستشفى دون طعام أو ماء أو كهرباء.,
INC-090,Al-Quds Hospital,FAC-008,قتال عنيف - في الجوار,,,
INC-091,Al-Quds Hospital,FAC-008,,لم يعد يعمل بسبب نفاد الوقود المتاح وانقطاع التيار الكهربائي.,,
INC-092,Al-Quds Hospital,FAC-008,قصف,أُجبرت الفرق على الإخلاء بسبب تزايد انعدام الأمن، بما في ذلك القصف المدفعي والجوي.,,
INC-093,Al-Quds Hospital,FAC-008,غير محدد,استهدفت القوات الإسرائيلية مبنى سكنياً يقع على بعد أقل من 50 متراً من مستشفى القدس، مما تسبب في أضرار جسيمة للمستشفى ومكاتبه الإدارية والمباني المجاورة.,,
INC-094,Al-Quds Hospital,FAC-008,إطلاق نار,توقفت محطة الأكسجين عن العمل بعد تعرضها لنيران القوات الإسرائيلية,,
INC-095,Dr Abdul Aziz Rantisi Children's Specialty Hospital,FAC-011,غير محدد الهوية,لحقت أضرار بالطابق الثالث وأجزاء من الطابق الثاني من المستشفى، كما تضررت سيارة إسعاف أيضاً.,"تُظهر لقطات فيديو من بوابات المستشفى إصابة مباشرة لنافذة الطابق الثالث، بينما تُظهر صور من داخل المستشفى أضرارًا لحقت بالمعدات الطبية، كما تظهر آثار أضرار على سيارة إسعاف في موقف سيارات المستشفى.
...",
INC-096,Dr Abdul Aziz Rantisi Children's Specialty Hospital,FAC-011,الحصار / التطويق,أظهرت لقطات مصورة بطائرة بدون طيار من جمهورية مصر العربية وجود 13 دبابة تحيط بالمنشأة، مما أدى إلى تطويق المنطقة المحيطة بالمستشفى.,"تُظهر مقاطع فيديو مُلتقطة من نافذة المستشفى دبابتين في الشوارع المحيطة.
وتُظهر لقطات مُصوّرة بطائرة مسيّرة تابعة للجيش الإسرائيلي، نُشرت في 14 نوفمبر/تشرين الثاني - بعد ثلاثة أيام من الفترة التي تناولتها صحيفة الغارديان - أربع دبابات إسرائيلية متوقفة بجوار المستشفى، وتسع دبابات في الشوارع المُحيطة به.
وتعرض المستشفى للقصف خمس مرات، وفقًا لمسؤولين نقلت عنهم قناة الجزيرة.",
INC-097,Dr Abdul Aziz Rantisi Children's Specialty Hospital,FAC-011,غير محدد الهوية,تعرض للهجوم مما تسبب في أضرار جسيمة لخزانات المياه الموجودة على أسطح المنازل، وأنظمة الكهرباء والاتصالات، وبعض المعدات الطبية.,أفاد المدير العام لمنظمة الصحة العالمية، تيدروس أبهانوم غيبريسوس، أن مستشفى الرنتيسي في مدينة غزة تعرض لهجوم أمس بينما كان بداخله 80 مريضاً. ولم ترد أنباء عن وقوع إصابات، إلا أن الهجوم تسبب في حالة من الذعر بين المرضى والعاملين. كما وردت أنباء عن أضرار جسيمة لحقت بخزانات المياه على السطح، وأنظمة الكهرباء والاتصالات، وبعض المعدات الطبية. وفرّ 40 مريضاً طلباً للأمان، بينما لا يزال 40 آخرون، بينهم 4 أطفال في العناية المركزة و8 رُضّع، داخل المستشفى.,
INC-098,Dr Abdul Aziz Rantisi Children's Specialty Hospital,FAC-011,توقف العمليات,تعرضت المنطقة لأضرار بالغة جراء غارة مباشرة في 16/09/2025، ونُقلت معظم معداتها الطبية، وفقًا لمجموعة الصحة، إلى مستشفيات الحلو والصحابة والمستشفيات الصديقة للمرضى، وجميعها في مدينة غزة، في 21 سبتمبر.,أعلنت وزارة الصحة يوم الاثنين أن القصف الإسرائيلي حول المرافق الطبية أجبر على إغلاق مستشفى الرنتيسي للأطفال ومستشفى العيون في مدينة غزة، وهو المركز العام الوحيد لرعاية العيون في القطاع.,
INC-099,Al-Shifa Medical Complex,FAC-000,ضربة صاروخية / سبايك NLOS (في الجوار),قُتل ما لا يقل عن 13 شخصًا وأصيب ما لا يقل عن 26 آخرين، كما تعرضت سيارات إسعاف للهجوم.,بعد ظهر يوم 3 نوفمبر، تعرض موكب سيارات إسعاف كان ينقل مرضى من مستشفى الشفاء في مدينة غزة إلى معبر رفح مع مصر، لثلاث هجمات بالقرب من المستشفى. وتشير التقارير الأولية إلى مقتل 13 شخصاً على الأقل وإصابة 26 آخرين.,
INC-100,Al-Shifa Medical Complex,FAC-000,محيط الغارة الجوية,تعرض محيط المستشفى لخمس ضربات، مما أسفر عن مقتل سبعة أشخاص، بالإضافة إلى أضرار لحقت بجناح الولادة.,منذ عصر التاسع من نوفمبر، اشتدت حدة القصف الإسرائيلي على المستشفيات في الشمال. وتعرضت منطقة مستشفى الشفاء للقصف خمس مرات خلال هذه الفترة، وأُبلغ عن سبع وفيات على الأقل، بالإضافة إلى أضرار لحقت بقسم الولادة.,
INC-101,Al-Shifa Medical Complex,FAC-000,منطقة القصف,تعرض للقصف مما تسبب في أضرار، وأصدرت أوامر إخلاء متكررة خلال الأيام السابقة.,في 28 و 29 أكتوبر، أفادت التقارير بتعرض محيط مستشفى الشفاء في مدينة غزة للقصف، مما تسبب في أضرار.,
INC-102,Al-Shifa Medical Complex,FAC-000,الحصار,توفي 40 مريضاً، وتوفي 3 أطفال خدج.,أعلنت وزارة الصحة في غزة أنه بين 11 و16 نوفمبر/تشرين الثاني، توفي 40 مريضاً، بينهم 3 أطفال خدج، في مستشفى الشفاء بسبب انقطاع التيار الكهربائي. وفي 16 نوفمبر/تشرين الثاني، توفي مريض يعاني من الفشل الكلوي نتيجة توقف أجهزة غسيل الكلى في المستشفى.,
INC-103,Al-Shifa Medical Complex,FAC-000,الحصار، التطويق,توفي مريض في وحدة العناية المركزة وطفلان رضيعان في الحاضنة بسبب انقطاع التيار الكهربائي.,في 11 نوفمبر، نُقل عن مدير مستشفى الشفاء في وسائل الإعلام قوله إنه لم يعد هناك طعام ولا ماء ولا كهرباء. وأُفيد بوفاة مريض في وحدة العناية المركزة وطفلين رضيعين في الحاضنة بعد توقف أجهزة الإنعاش عن العمل بسبب انقطاع التيار الكهربائي. ويُقدّر أن 15 ألف شخص ما زالوا يقيمون داخل مستشفى الشفاء.,
INC-104,Al-Shifa Medical Complex,FAC-000,قصف,تعرض قسم الجراحات المتخصصة وقسم العناية التاجية ومستودع للهجوم والتلف.,قبل الغارة العسكرية الإسرائيلية على مجمع مستشفى الشفاء، أفادت وزارة الصحة في غزة بأن القصف استهدف أجزاءً منه وألحق بها أضراراً، بما في ذلك قسم الجراحة التخصصية، وقسم العناية القلبية، ومستودع. وبعد دخول القوات، أفادت التقارير بنقل المرضى والموظفين والنازحين إلى داخل المجمع.,
INC-105,Al-Shifa Medical Complex,FAC-000,حصار، تطويق، طلقات قناصة,أُصيب أشخاص داخل المستشفى ومحيطه، من بينهم عامل فني ومريض ونازحون داخلياً، برصاص قناصة.,خلال الأربع والعشرين ساعة الماضية، استمر القصف والاشتباكات بين القوات الإسرائيلية والفصائل الفلسطينية المسلحة حول مستشفى الشفاء. وأُفيد بتعرض أشخاص داخل المستشفى ومحيطه، بينهم فني ومريض ونازحون، لإطلاق نار من قناصة. كما تضررت وحدة العناية المركزة وقسم الولادة والطابق العلوي من مبنى الجراحة. واندلع حريق بالقرب من القسم الذي يعالج مرضى الكلى.,
INC-106,Al-Shifa Medical Complex,FAC-000,غير محدد الهوية,تضررت وحدة العناية المركزة، وجناح الولادة، والطابق العلوي من مبنى الجراحة. واندلع حريق بالقرب من القسم الذي يعالج مرضى الكلى.,خلال الأربع والعشرين ساعة الماضية، استمر القصف والاشتباكات بين القوات الإسرائيلية والفصائل الفلسطينية المسلحة حول مستشفى الشفاء. وأُفيد بتعرض أشخاص داخل المستشفى ومحيطه، بينهم فني ومريض ونازحون، لإطلاق نار من قناصة. كما تضررت وحدة العناية المركزة وقسم الولادة والطابق العلوي من مبنى الجراحة. واندلع حريق بالقرب من القسم الذي يعالج مرضى الكلى.,
INC-107,Al-Shifa Medical Complex,FAC-000,منطقة القتال,,,
INC-108,Al-Shifa Medical Complex,FAC-000,القصف والغزو,أجزاء متضررة، بما في ذلك قسم الجراحات المتخصصة، وقسم العناية القلبية، ومستودع. دخلت القوات الإسرائيلية، بما فيها الدبابات، مجمع الشفاء. وتم استجواب الناس.,في 15 نوفمبر، دخلت القوات الإسرائيلية، بما في ذلك الدبابات، مجمع مستشفى الشفاء في مدينة غزة، وأفادت التقارير أنها سيطرت على عدة أقسام، وقامت بتفتيشها واستجواب الناس.,
INC-109,Al-Shifa Medical Complex,FAC-000,غزو ​​/ هجوم بري,المستشفى مغلق حالياً ولا يستقبل مرضى جدد. وتُجرى فيه عمليات جراحية إسرائيلية.,استمرت العمليات الإسرائيلية في مستشفى الشفاء لليوم الخامس على التوالي في 20 نوفمبر/تشرين الثاني. ووفقًا لوزارة الصحة في غزة، لا يزال 19 من العاملين الصحيين و259 مريضًا في الشفاء حتى 19 نوفمبر/تشرين الثاني، ويواجهون نقصًا حادًا في الكهرباء والمياه والإمدادات الطبية. ويشمل ذلك شخصين في العناية المركزة، و22 مريضًا يخضعون لغسيل الكلى، و32 مريضًا على نقالات، و27 مريضًا مصابًا بإصابات في العمود الفقري، والذين ستُعطى لهم الأولوية في عملية الإجلاء القادمة. وقد توقف المستشفى عن العمل ولا يستقبل مرضى جدد.,
INC-110,Al-Shifa Medical Complex,FAC-000,غزو,تستمر العمليات الجراحية الإسرائيلية داخل المستشفى.,,
INC-111,Al-Shifa Medical Complex,FAC-000,محيط الغارة الجوية,تعرضت المباني السكنية المحيطة بالمستشفى للقصف، بحسب التقارير، جراء غارات جوية.,في غضون 24 ساعة، تعرضت المباني السكنية القريبة من المستشفى الإندونيسي ومستشفى الشفاء، بحسب التقارير، لغارات جوية.,
INC-112,Al-Shifa Medical Complex,FAC-000,قصف واشتباكات حول المستشفى,تعرض بعض المرضى الفارين لإطلاق نار، مما أسفر عن وقوع إصابات.,,
INC-113,Al-Shifa Medical Complex,FAC-000,غزو ​​/ هجوم بري,"أُعلن عن توقف المستشفى عن العمل تمامًا في حوالي 18 نوفمبر.

دُفنت 179 جثة في مقبرة جماعية داخل المجمع (15 نوفمبر).
أُجلي 31 طفلًا خديجًا إلى رفح (19 نوفمبر)، توفي منهم 5 أطفال.
كان 25 من العاملين الصحيين و259 مريضًا لا يزالون محاصرين داخل المستشفى حتى 20-21 نوفمبر.
لم يُدمر المستشفى بالكامل، ولا يزال قائمًا جزئيًا، ولكنه غير صالح للعمل.",في 11 نوفمبر، قطعت القوات الإسرائيلية الوقود والكهرباء عن مستشفى الشفاء، مما أدى إلى وفاة مرضى، من بينهم أطفال خدج توقفت أجهزة الإنعاش عن العمل. وأُفيد بوجود قناصة حول المستشفى يطلقون النار على من يحاولون الفرار. وفي 15 نوفمبر، دخلت القوات والدبابات رسميًا إلى مجمع المستشفى وداهمته، وقامت بتفتيش أقسام منه واستجواب الموجودين. استمرت العملية لمدة ثمانية أيام متتالية على الأقل. وبحلول 18 نوفمبر، أصبح المستشفى خارج الخدمة تمامًا. وحُفرت مقبرة جماعية داخل المجمع لدفن 179 جثة لم يكن بالإمكان نقلها. وفي 19 نوفمبر، تم إجلاء الأطفال الخدج، على الرغم من وفاة خمسة منهم. وأُلقي القبض على مدير المستشفى والمسعفين.,
INC-114,Al-Shifa Medical Complex,FAC-000,الإضرابات,إضرابات في يومي 17 و 18 على بوابة المدخل وقسم الجراحة.,في 17 ديسمبر/كانون الأول، أفادت التقارير بمقتل 31 شخصًا على الأقل في مستشفى الشفاء بمدينة غزة. وأُصيب ثلاثة أشخاص بالرصاص داخل حرم المستشفى، كما أُصيب ثلاثة آخرون أثناء محاولتهم جلب الماء قرب بوابة المستشفى. وفي فجر 18 ديسمبر/كانون الأول، استُهدف مستشفى الشفاء مجددًا، بما في ذلك البوابة الرئيسية ومبنى العمليات الجراحية. وأفادت التقارير بمقتل خمسة أشخاص، بينهم أطفال. وفي حوالي الساعة 10:30، استُهدف المستشفى مرة أخرى حيث كان النازحون يحتمون، ما أسفر عن مقتل 26 فلسطينيًا وإصابة آخرين.,
INC-115,Al-Shifa Medical Complex,FAC-000,غزو ​​/ هجوم بري,"مستشفى مدمر بالكامل - أصبح أطلالاً، وغير صالح للعمل بشكل دائم.
جميع المباني والأقسام دُمرت.
حوالي 1050 منزلاً مجاوراً احترقت أو تضررت.
فقدت غزة مستشفاها التعليمي الوحيد - 750 سريراً، و26 غرفة عمليات، يخدم 250 ألف شخص سنوياً.
وصفت منظمة الصحة العالمية ذلك بأنه ""انتزاع قلب النظام الصحي في غزة"".
لم يتبق سوى 10 مستشفيات تعمل جزئياً في جميع أنحاء غزة بعد ذلك.",في 18 مارس/آذار 2024، دخلت القوات الإسرائيلية مستشفى الشفاء في مدينة غزة، وهو أكبر مستشفى في القطاع. زعمت القوات الإسرائيلية أن حماس أعادت تنظيم صفوفها هناك. استمرت العملية 14 يومًا وانتهت في 1 أبريل/نيسان 2024 بانسحاب القوات الإسرائيلية. خلال العملية، دارت معارك ضارية داخل المستشفى وحوله. حوصر الطاقم الطبي والمرضى في مبنى واحد دون طعام أو ماء نظيف أو دورة مياه صالحة للاستخدام. مُنعت فرق الدفاع المدني من الدخول لتقديم المساعدة للجرحى. عند مغادرة القوات الإسرائيلية في 1 أبريل/نيسان، كان المستشفى قد دُمّر بالكامل ولم يعد صالحًا للعمل.,
INC-116,Al-Shifa Medical Complex,FAC-000,الحصار / الغزو,أفادت منظمة الصحة العالمية بأن المستشفى أصبح الآن أطلالاً.,,
INC-117,Al-Shifa Medical Complex,FAC-000,قصف، منطقة قتال,اندلع حريق عند مدخل مبنى قسم الجراحة، مما أسفر عن وفيات وإصابات متعددة.,اندلع حريق عند مدخل مبنى قسم الجراحة، مما أسفر عن العديد من الوفيات والإصابات.,
INC-118,Al-Shifa Medical Complex,FAC-000,الحصار / الغزو,توفي 21 مريضاً نتيجة النزوح القسري والحرمان من الرعاية الطبية أثناء الغارة؛ وكان حوالي 16 منهم مرضى في وحدة العناية المركزة توفوا بعد نقلهم دون معدات.,خلال مداهمة استمرت أسبوعين لمستشفى الشفاء، أفادت منظمة الصحة العالمية بوفاة 21 مريضاً بعد نقلهم عدة مرات واحتجازهم دون رعاية طبية. كما توفي 16 مريضاً في وحدة العناية المركزة بعد نقلهم قسراً إلى المستشفى لعدم توفر المعدات اللازمة لعلاجهم لدى الطاقم الطبي.,
INC-119,Beit Hanoun Hospital,FAC-013,مدمر,تضرر المستشفى، واضطر المرضى إلى الإخلاء.,أفادت منظمة الصحة العالمية بأن هذا المستشفى هو واحد من أربعة مستشفيات في شمال غزة تم إخلاؤها.,
INC-120,Beit Hanoun Hospital,FAC-013,غارة جوية (في الجوار),مستشفى يتعذر الوصول إليه، وصدمت سيارة إسعاف، وقُتل 4 مسعفين,خلال الأربع والعشرين ساعة الماضية، استهدفت غارات جوية مناطق قرب مستشفى بيت حانون ومنشأة صحية في مدينة غزة، مما أدى إلى إلحاق أضرار بالمناطق المحيطة بالمنشأتين وتعطيل الوصول إليهما. وأفادت جمعية الهلال الأحمر الفلسطيني بمقتل أربعة من مسعفيها أثناء تأدية واجبهم، إثر استهداف سيارة إسعاف في منطقة بيت حانون. ومنذ السابع من أكتوبر/تشرين الأول، وثّقت منظمة الصحة العالمية 33 هجوماً أسفرت عن مقتل أحد عشر شخصاً وإصابة ستة عشر آخرين من العاملين في القطاع الصحي، وأثرت على 18 منشأة صحية و20 سيارة إسعاف.,
INC-121,Gaza European Hospital,FAC-010,قصف (في الجوار),تعذر الوصول إلى الرعاية الصحية؛ وإصابة مسعفين جراء هجوم على سيارة إسعاف؛ وتأثرت عمليات المستشفى وسط القصف المستمر.,تعرّض محيط مستشفى غزة الأوروبي في خان يونس لقصف متكرر لمدة ثلاثة أيام متتالية على الأقل (8-10 ديسمبر/كانون الأول 2023)، مما أعاق وصول عشرات الجرحى إلى الرعاية الصحية. وكان المستشفى يؤوي نحو 70 ألف نازح داخلياً. وفي 9 ديسمبر/كانون الأول، أفادت التقارير بتعرض سيارة إسعاف بالقرب من المستشفى لإطلاق نار من قبل القوات الإسرائيلية.,
INC-122,Gaza European Hospital,FAC-010,الحصار,نفد الماء من المستشفى، مما أثر على 400 مريض وآلاف النازحين داخلياً.,في 14 نوفمبر، نُقل عن مديرة التمريض في مستشفى غزة الأوروبي في إحدى وسائل الإعلام قولها إن المستشفى قد نفد منه الماء. وسيؤثر هذا على أكثر من 400 مريض وآلاف النازحين الذين يحتمون في المستشفى.,
INC-123,Gaza European Hospital,FAC-010,الإضرابات في المنطقة,ضربت حوادث في محيط المستشفى,تعرضت المناطق المحيطة بمستشفى الأمل ومستشفى غزة الأوروبي في خان يونس للقصف خلال الأعمال العدائية المستمرة. ووردت أنباء عن تناثر الشظايا في المرافق الطبية المجاورة، مما أثار الخوف والذعر بين المرضى والنازحين الذين لجأوا إلى المناطق القريبة.,
INC-124,Gaza European Hospital,FAC-010,غارات جوية - المنطقة المحيطة,عدد غير مؤكد من المدنيين المصابين وخمسة قتلى. لم يتم التأكد من وجود الوفيات الخمس داخل المستشفى أم لا.,وقعت غارة جوية بالقرب من منطقة مستشفى غزة الأوروبي في خان يونس؛ وتأثرت المنطقة المدنية المحيطة.,
INC-125,Gaza European Hospital,FAC-010,الإخلاء,تم إخلاء المستشفى وأصبح غير قابل للتشغيل؛ وتم إجلاء المرضى والموظفين.,أصدر الجيش الإسرائيلي أمر إخلاء شمل منطقتي خان يونس ورفح شرقي البلاد. ورغم توضيح لاحق بأن مستشفى غزة الأوروبي لم يكن مشمولاً بالأمر بشكل مباشر، إلا أن الخوف والتجارب السابقة دفعت المرضى والطاقم الطبي إلى الفرار. وبحلول الثاني من يوليو/تموز، كان جميع المرضى والموظفين (حوالي 320 شخصاً) قد غادروا، وأصبح المستشفى خالياً تماماً. ونُقل المرضى بشكل رئيسي إلى مجمع ناصر الطبي، الذي اكتظّ بالمرضى.,
INC-126,Gaza European Hospital,FAC-010,غارة جوية بطائرة مسيرة - منطقة مجاورة,لم يتم الإبلاغ عن أي إصابات مؤكدة,أفادت التقارير بتعرض المنطقة المحيطة بالمستشفى الأوروبي في غزة بخان يونس لهجوم بطائرات مسيرة. ولم يُشر التقرير إلى وجود معلومات واضحة حول عدد القتلى أو المصابين جراء هذا الحادث.,
INC-127,Gaza European Hospital,FAC-010,غارة جوية,تضرر المستشفى بشدة وأصبح غير صالح للعمل؛ وتعطل مركز الإخلاء؛ ودُمرت البنية التحتية الحيوية (بما في ذلك خطوط الأكسجين وشبكات الصرف الصحي)؛ وتوقف المستشفى عن العمل فعلياً. وأُفيد بمقتل 19 شخصاً وإصابة أكثر من 40 آخرين، بينهم أربعة صحفيين. وعقب الهجوم، اضطرت منظمة أطباء بلا حدود العاملة في المستشفى إلى تعليق الاستشارات الخارجية وتقليص عدد موظفيها في المنشأة.,تعرض المستشفى الأوروبي في غزة، الواقع في خان يونس، لغارات جوية إسرائيلية استهدفت ساحاته الداخلية والمناطق المحيطة به. تسببت الغارات بأضرار هيكلية جسيمة وأدت إلى انهيار البنية التحتية الطبية الرئيسية. وأصبح المستشفى، الذي كان مركزًا رئيسيًا للإجلاء الطبي والعلاج، خارج الخدمة. كانت عمليات الإجلاء جارية آنذاك، وأكدت منظمة الصحة العالمية لاحقًا أن الأشخاص الذين تم إجلاؤهم بتنسيق تام لم يتعرضوا لأي أذى خلال عملية الإجلاء نفسها، على الرغم من الهجوم على المنشأة.,
INC-128,Indonesian Hospital,FAC-007,حصار (نقص في الوقود),توقف عن العمل,توقفت عن العمل بسبب نقص الوقود.,في الثاني من نوفمبر، أفادت وزارة الصحة بتوقف مولد الكهرباء الرئيسي في المستشفى الإندونيسي، شمال قطاع غزة، عن العمل بسبب نقص الوقود. ويستقبل هذا المستشفى مئات الجرحى الذين أصيبوا خلال الاشتباكات الأخيرة في مخيم جباليا، مما يعرض مئات المرضى المصابين بجروح خطيرة لخطر الموت الوشيك أو الإعاقات الدائمة. كما أفادت التقارير بنفاد الوقود تقريبًا من مستشفى الشفاء في مدينة غزة. ومنذ بدء الاشتباكات، توقف 14 مستشفى من أصل 35 مستشفى ذات قدرة استيعابية للمرضى الداخليين عن العمل، كما توقف 51 مركزًا (71%) من مراكز الرعاية الصحية الأولية في غزة (72 مركزًا) عن العمل بسبب الأضرار أو نقص الوقود.
INC-129,Indonesian Hospital,FAC-007,غارة جوية,أصيبت مباشرة، وعدد كبير من الضحايا ولكن لم يتم تأكيده,في الثالث من نوفمبر، وفي نفس الوقت تقريباً، تعرض مستشفى القدس في مدينة غزة والمستشفى الإندونيسي في شمال غزة للقصف، وذلك بحسب التقارير خلال غارات جوية، مما أسفر عن عدد كبير من الضحايا لم يتم تأكيده بعد.,
INC-130,Indonesian Hospital,FAC-007,الإضرابات في المنطقة,استمرت الإضرابات في المنطقة المجاورة,,
INC-131,Indonesian Hospital,FAC-007,الإضرابات في المنطقة,تعرضت مناطق قريبة من المستشفى للقصف، مما أسفر عن مقتل أشخاص وإلحاق أضرار بالمباني والمعدات.,,
INC-132,Indonesian Hospital,FAC-007,محيط القصف,تضررت المناطق المحيطة، وتم الإبلاغ عن وفيات وإصابات، كما يظهر السقف الداخلي للمستشفى أضراراً.,تم الإبلاغ عن حوادث قصف بالقرب من المستشفى من خلال مقاطع فيديو تظهر إصابات بالقرب من مدخل المستشفى، مع اندفاع الناس من الخارج للاحتماء داخل مبنى المستشفى.,
INC-133,Indonesian Hospital,FAC-007,منطقة غارة جوية,تعرضت المباني السكنية المحيطة بالمستشفى للقصف، بحسب التقارير، جراء غارات جوية.,في غضون 24 ساعة، تعرضت المباني السكنية القريبة من المستشفى الإندونيسي ومستشفى الشفاء، بحسب التقارير، لغارات جوية.,
INC-134,Indonesian Hospital,FAC-007,منطقة القصف,تعرض للقصف مما تسبب في أضرار، وأصدرت أوامر إخلاء متكررة خلال الأيام السابقة.,في 28 و 29 أكتوبر، أفادت التقارير بتعرض محيط المستشفى الإندونيسي في شمال غزة للقصف، مما تسبب في أضرار.,
INC-135,Indonesian Hospital,FAC-007,محاصرون، تحت الهجوم,مما أسفر عن 12 حالة وفاة على الأقل.,,
INC-136,Indonesian Hospital,FAC-007,ضربة قوية,وردت أنباء عن وقوع ضربات عنيفة على المستشفى ومحيطه، استهدفت قسم الجراحة.,تم إجلاء نحو 500 مريض وموظف من المستشفى,
INC-137,Indonesian Hospital,FAC-007,يضرب,لا يزال المستشفى محاصرًا بالدبابات الإسرائيلية. وفي حوالي الساعة العاشرة مساءً من يوم 23 نوفمبر، تعرض المستشفى لقصف جديد وألحق به أضرارًا.,,
INC-138,Indonesian Hospital,FAC-007,غارة جوية,ثم اقتحمت القوات المستشفى,,
INC-139,Indonesian Hospital,FAC-007,يضرب,تعرض للضرب والتدمير في 25 ديسمبر,,
INC-140,Indonesian Hospital,FAC-007,قصف,لا تزال خارج الخدمة، وقد تأثر المستشفى مؤخراً بالقصف.,,
INC-141,Indonesian Hospital,FAC-007,حريق مجهول الهوية,أطلقت القوات الإسرائيلية النار مما أسفر عن إصابة طبيب واحد، وتدمير ثلاثة مولدات كهربائية، وإلحاق أضرار بالطابق الثالث من المستشفى وخزانات المياه.,,
INC-142,Indonesian Hospital,FAC-007,غير محدد الهوية,أفادت التقارير بمقتل ثلاثة أطفال فلسطينيين وإصابة اثنين آخرين في غارات جوية قرب المستشفى الإندونيسي في 25 مارس/آذار.,,
INC-143,Indonesian Hospital,FAC-007,خارج الخدمة,اعتبارًا من 15 مايو، خارج الخدمة,,"يستمر تضاؤل ​​إمكانية الوصول إلى الخدمات الصحية الأساسية مع إصدار أوامر إخلاء إضافية وتكثيف العمليات العسكرية في المناطق التي تتوفر فيها هذه الخدمات. في 14 مايو، أعلنت منظمة أطباء بلا حدود انسحابها من المستشفى الميداني الإندونيسي بعد تقديمها الرعاية ما بعد الجراحة للمرضى المصابين في المنشأة منذ ديسمبر 2023. وأفادت المنظمة غير الحكومية بأنها اتخذت هذا القرار في أعقاب ""الهجوم المتصاعد"" في رفح و""نمط الهجمات الممنهجة على المرافق الطبية والبنية التحتية المدنية"" التي شهدتها منذ بداية النزاع، مضيفة أن فرقها تعرضت لـ 26 حادثة عنف منذ أكتوبر 2023، بما في ذلك ""غارات جوية ألحقت أضرارًا بالمستشفيات، وإطلاق دبابات النار على ملاجئ متفق عليها لفض الاشتباك، وهجمات برية على المراكز الطبية، وإطلاق النار على القوافل"". وبينما قلصت منظمة أطباء بلا حدود وجودها في رفح، استأنفت الآن عملياتها في مجمع ناصر الطبي في خان يونس، حيث تقدم جراحة العظام وعلاج الحروق، من بين خدمات أخرى."
INC-144,Indonesian Hospital,FAC-007,هجوم,تعرض للهجوم في أربع مناسبات بين 2 و 8 ديسمبر، مما أسفر عن إصابة ثلاثة من الطاقم الطبي وستة مرضى وإلحاق أضرار بمولد الكهرباء وخزانات المياه.,,أُجبر الفريق الطبي الإندونيسي للطوارئ، الذي نشرته منظمة الصحة العالمية في مستشفى كمال عدوان في الأول من ديسمبر/كانون الأول بعد خمس محاولات لمنعه من الوصول، على الإخلاء مع بدء نزوح السكان ومقدمي الرعاية الصحية والعديد من المرضى المصابين بالفرار من المستشفى وانتشار الذعر، وفقًا لما ذكره المدير العام لمنظمة الصحة العالمية، تيدروس أدهانوم غيبريسوس. وأضاف المدير العام أن 33 شخصًا لقوا حتفهم بالقرب من المستشفى، الذي وصفه بأنه أحد آخر شريان الحياة لسكان شمال غزة، وسط قصف عنيف وأعمال عدائية. علاوة على ذلك، تعرض المستشفى الإندونيسي في بيت لاهيا لهجمات في أربع مناسبات بين 2 و8 ديسمبر/كانون الأول، مما أسفر عن إصابة ثلاثة من الكوادر الطبية وستة مرضى، بالإضافة إلى تضرر مولد الكهرباء وخزانات المياه. وفي شمال غزة أيضًا، أفادت التقارير باستهداف الطابق الخامس وساحة مستشفى العودة في جباليا في 3 ديسمبر/كانون الأول، دون وقوع إصابات.
INC-145,Indonesian Hospital,FAC-007,يضرب,تضررت الطوابق العليا والفناء الأمامي للمستشفى الإندونيسي، الذي كان يضم أكثر من 40 مريضاً يعانون من إصابات خطيرة وأمراض مزمنة بالإضافة إلى الطاقم الطبي، وانقطعت عنه الكهرباء تماماً.,,في 18 و19 أكتوبر/تشرين الأول، أفادت التقارير بأن غارات إسرائيلية أثرت على المستشفيات الثلاث المتبقية في محافظة شمال غزة، وهي: كمال عدوان، والمستشفى الإندونيسي، والعودة. ووفقًا لوزارة الصحة، فقد استُهدفت الطوابق العليا والساحة الأمامية للمستشفى الإندونيسي، الذي كان يضم أكثر من 40 مريضًا يعانون من إصابات وحالات مزمنة، بالإضافة إلى الطاقم الطبي، وانقطعت عنه الكهرباء تمامًا. وأضافت الوزارة أن مريضين في حالة حرجة توفيا لاحقًا بسبب انقطاع الكهرباء والإمدادات. كما استُهدف مستشفى العودة ومدخل مختبر كمال عدوان، ما أسفر عن سقوط ضحايا، حسبما أفادت جمعية العودة الصحية والمجتمعية ووزارة الصحة. وفي 21 أكتوبر/تشرين الأول، تمكنت مهمة معقدة بقيادة منظمة الصحة العالمية، بالتعاون مع مكتب تنسيق الشؤون الإنسانية التابع للأمم المتحدة، ودائرة الأمم المتحدة للأعمال المتعلقة بالألغام، وجمعية الهلال الأحمر الفلسطيني، من إجلاء 14 مريضًا في حالة حرجة، إلى جانب 10 من مقدمي الرعاية، من كمال عدوان إلى مستشفى الشفاء في محافظة غزة. اضطرت البعثة، التي انطلقت من دير البلح في 20 أكتوبر، إلى المبيت في مستشفى كمال عدوان بسبب القتال العنيف في المنطقة، ولم تتمكن من الوصول إلى الشفاء إلا في اليوم التالي. وبلغ عدد المرضى المنومين في مستشفى كمال عدوان 100 مريض حتى 21 أكتوبر، من بينهم سبعة بالغين وسبعة أطفال في وحدة العناية المركزة، مع تدفق مستمر للإصابات الجديدة التي تغمر قسم الطوارئ؛ حيث وصل نحو 200 مصاب بجروح خطيرة خلال 24 ساعة بين 20 و21 أكتوبر، من بينهم 53 متوفى. وفي 21 أكتوبر، أفاد مدير مستشفى كمال عدوان بنفاد وحدات الدم، وأن الطواقم الطبية تعمل بلا كلل دون طعام، وأن عدداً من المرضى قد فارقوا الحياة متأثرين بجراحهم وسط نقص في الطاقة الاستيعابية، وأن جرحى آخرين ملقون في الشوارع دون إمكانية إنقاذهم. وفي الوقت نفسه، تعيق صعوبات الاتصال الناجمة عن انقطاع الإنترنت الجهود المبذولة لتقييم الأوضاع في مستشفيي إندونيسيا والعودة، وفقاً لما أفاد به قطاع الصحة. علاوة على ذلك، لا توجد حالياً أي نقاط طبية تابعة للأونروا تعمل في شمال غزة.
INC-146,Indonesian Hospital,FAC-007,هدم الجدران,لاحظت منظمة الصحة العالمية في 24 أكتوبر أن الجدار المحيط بالمنشأة قد تم هدمه.,,
INC-147,Indonesian Hospital,FAC-007,غزو,في 24 ديسمبر، دخل الجيش الإسرائيلي، وأمر المرضى ومقدمي الرعاية والموظفين بالإخلاء.,,
INC-148,Indonesian Hospital,FAC-007,الهجمات، الوصول محدود,تسبب تضرر المبنى في خروج المستشفى عن الخدمة، ونقص حاد في الدم، وقامت القوات الإسرائيلية بإغلاق الطريق المؤدي إلى المستشفى، وتدمير بوابته الشمالية، وهدم الفناء.,بين 15 و23 مايو/أيار، تعرض مستشفى العودة، شمال قطاع غزة، لقصف متكرر. وبعد توقف كل من المستشفيين الإندونيسي وكمال عدوان عن العمل، أصبح مستشفى العودة المستشفى الوحيد في المحافظة الذي لا يزال يعمل جزئيًا، وإن كان ذلك في ظل ظروف بالغة الصعوبة. ومنذ 19 مايو/أيار، حالت الأعمال العدائية المستمرة وصعوبة الوصول إلى المستشفى دون وصول المرضى إليه. وفي 21 مايو/أيار، أفادت التقارير بتعرض الطابق الثالث من المستشفى للقصف، مما أسفر عن إصابة أحد العاملين فيه. كما أدت الأعمال العدائية في المنطقة إلى إلحاق أضرار بخزان المياه وشبكة الأنابيب التابعة للمستشفى. وفي 22 مايو/أيار، أفادت التقارير بتعرض الطابقين الثالث والرابع من المستشفى للقصف، مما أسفر عن إصابة اثنين من العاملين في المجال الصحي. واشتعلت النيران في خيام المرضى، بما في ذلك خيمة قدمتها منظمة الصحة العالمية، مما أدى أيضًا إلى احتراق جميع الإمدادات الطبية في المستودع وتدمير المركبات في الطابق السفلي. ويواجه مستشفى العودة خطرًا وشيكًا بالإغلاق بسبب استمرار انعدام الأمن وصعوبة الوصول إليه، وفقًا لمنظمة الصحة العالمية.,
INC-149,Indonesian Hospital,FAC-007,يضرب,تعرضت مولدات الطاقة الاحتياطية في المستشفى للضرب، مما تسبب في حريق كبير وانقطاع تام للتيار الكهربائي.,في 19 مايو، تعرضت مولدات الطاقة الاحتياطية للمستشفى للهجوم، مما تسبب في حريق هائل وانقطاع تام للتيار الكهربائي. وفي 20 مايو، أفادت منظمة الصحة العالمية بأن الأعمال العدائية الشديدة جعلت المستشفى بالكاد يعمل، حيث جُرفت الطرق ولم يتبق سوى 15 شخصًا في الداخل في حاجة ماسة إلى الطعام والماء.,
INC-150,International Eye Hospital,FAC-017,,تم تدمير الطابق الأرضي من المبنى، ثم تعرض المبنى لضربة أخرى، مما أدى إلى تحويله إلى ركام.,تُظهر إحدى الصور الطابق الأرضي المدمر للمبنى. من المحتمل أن يكون المبنى قد تعرض لقصف آخر، مما أدى إلى تحويله إلى ركام. وتظهر حفرة كبيرة في صور الأقمار الصناعية تُظهر آثار ما يبدو أنه غارة جوية إسرائيلية.,
INC-151,International Medical Corps Field Hospital,FAC-037,اشتباكات مسلحة / قتال,وأجبر تصاعد القتال المنظمة على الانتقال إلى مستشفاها الميداني الثاني في دير البلح.,"في الخامس من يونيو، أعلنت الهيئة الطبية الدولية أن تصاعد القتال أجبرها على نقل جميع المعدات والعمليات من مستشفاها الميداني الذي يضم 160 سريراً في محافظة رفح إلى مستشفاها الميداني الثاني في دير البلح، مما يسمح لها بمواصلة تقديم الخدمات الصحية الحيوية ""مع حماية سلامة وأمن مرضاها وموظفيها"".",
INC-152,Jordanian Field Hospital,FAC-029,قصف مدفعي,أصيب سبعة من أفراد الطاقم الطبي,في 15 نوفمبر، حوالي الساعة 20:30، أصابت قذيفة أطلقتها القوات الإسرائيلية المستشفى الميداني الأردني في مدينة غزة، مما أسفر عن إصابة سبعة من أعضاء الفريق الطبي، الذين كانوا أعضاء في الخدمات الطبية الملكية الأردنية.,
INC-153,Jordanian Field Hospital,FAC-029,قصف مدفعي,تسبب القصف المستمر في إلحاق أضرار بالمستشفى ومعداته، كما أدى إلى إعاقة الطرق المحيطة به.,أعلنت القوات المسلحة الفلسطينية نقل المستشفى من منطقة تل الهوى بمدينة غزة إلى خان يونس، مُعللة ذلك بمخاوف تتعلق بسلامة العاملين. وأشارت القوات المسلحة الفلسطينية إلى أن القصف المتواصل والقصف العنيف في الأسابيع الأخيرة قد ألحق أضراراً بواجهة المستشفى ومعداته، وأن المستشفى أصبح معزولاً بشكل متزايد، وأن الطريق المؤدي إليه بات خطيراً.,
INC-154,Jordanian Field Hospital - Khan Yunis,FAC-030,قصف مدفعي,تسبب في أضرار مادية,في التاسع من ديسمبر، تعرضت المنطقة المحيطة بالمستشفى للقصف، مما تسبب في أضرار مادية. ولم ترد أنباء عن وقوع إصابات.,
INC-155,Jordanian Field Hospital - Khan Yunis,FAC-030,قصف مدفعي,لحقت أضرار جسيمة وأصيب أحد الموظفين ومريض واحد.,في 17 يناير، نقلت وسائل الإعلام عن الجيش الأردني قوله إن مستشفاه الميداني في خان يونس قد تعرض لأضرار بالغة وأصيب أحد موظفيه ومريض واحد، وسط قصف من قبل القوات الإسرائيلية في المنطقة.,
INC-156,Jordanian Field Hospital - Khan Yunis,FAC-030,ضربة مباشرة (في الجوار),أضرار غير مباشرة للمنطقة المجاورة، تؤثر على المباني أو المناطق المحيطة,في الفترة ما بين 17 و19 مايو، تعرض هذا المرفق، إلى جانب العديد من المرافق الأخرى في غزة، لأضرار غير مباشرة عندما أثرت الغارات الإسرائيلية القريبة على مبانيه أو المناطق المحيطة به.,
INC-157,Kamal Adwan Hospital,FAC-001,غارة جوية,استهدفت سلسلتان من الغارات الجوية مدينة جباليا، وأسفرت إحداهما عن أربع وفيات وتسعة إصابات.,,
INC-158,Kamal Adwan Hospital,FAC-001,القتال - في الجوار,تطلبت المعارك العنيفة في محيطها إجلاء المرضى,,
INC-159,Kamal Adwan Hospital,FAC-001,الإضرابات في المنطقة,تعرضت مناطق قريبة من المستشفى للقصف، مما أسفر عن مقتل أشخاص وإلحاق أضرار بالمباني والمعدات.,,
INC-160,Kamal Adwan Hospital,FAC-001,غير محدد الهوية,تعرض قسم الولادة للهجوم.,,
INC-161,Kamal Adwan Hospital,FAC-001,قصف,قصف عنيف أسفر عن مقتل العشرات,,
INC-162,Kamal Adwan Hospital,FAC-001,منطقة القصف,تعرض محيط المستشفى لقصف شديد,,
INC-163,Kamal Adwan Hospital,FAC-001,غزو,غارة نفذتها القوات الإسرائيلية,,
INC-164,Kamal Adwan Hospital,FAC-001,غزو,داهمتها القوات الإسرائيلية، برفقة الدبابات,,
INC-165,Kamal Adwan Hospital,FAC-001,غزو,داهمتها القوات الإسرائيلية، برفقة الدبابات,,
INC-166,Kamal Adwan Hospital,FAC-001,غزو,انسحبت القوات الإسرائيلية من الموقع بعد أربعة أيام من حصاره.,,
INC-167,Kamal Adwan Hospital,FAC-001,غير محدد الهوية,تم إخراجها من الخدمة بسبب نقص الكهرباء والوقود اللازم لمولدها.,,
INC-168,Kamal Adwan Hospital,FAC-001,الغارات الجوية - المنطقة المحيطة,رئيس وحدة العناية المركزة قُتل في غارة جوية إسرائيلية. قنابل صغيرة القطر مزروعة خارج قسم الاستقبال والطوارئ.,,
INC-169,Kamal Adwan Hospital,FAC-001,يضرب,تعرض الطابق الثالث من المستشفى لضربة مباشرة مرتين في 31 أكتوبر و3 نوفمبر.,,
INC-170,Kamal Adwan Hospital,FAC-001,الأعمال العدائية - المنطقة المجاورة,أصبح الوصول صعباً بشكل متزايد؛ وقد وقعت أعمال عدائية شديدة في محيط المستشفى,,
INC-171,Kamal Adwan Hospital,FAC-001,محاصرون، تحت الهجوم,تعرض لأربع ضربات في 21 مايو، مما أدى إلى أضرار في وحدة العناية المركزة، والاستقبال، والإدارة، والسقف.,مستشفى كمال عدوان لم يعد يعمل.,
INC-172,Kamal Adwan Hospital,FAC-001,تم إجلاؤهم,تم إجلاء جميع العاملين في المجال الصحي والمرضى.,,
INC-173,Kamal Adwan Hospital,FAC-001,القصف والقصف,تعرض المستشفى لهجمات نارية وقنابل وقذائف في أربع مناسبات بين 3 و7 ديسمبر، مما أسفر عن مقتل سبعة أشخاص بينهم أربعة مسعفين وطفل، وإصابة ثلاثة على الأقل من الطاقم الطبي بالإضافة إلى مرضى ومرافقيهم، وتضرر خزانات المياه والوقود ومحطة الأكسجين. وفي 6 ديسمبر، حاصرت الدبابات الإسرائيلية المستشفى وأمرت السكان بالإخلاء.,,
INC-174,Kamal Adwan Hospital,FAC-001,يضرب,كما تعرض مدخل مختبر كمال عدوان للهجوم,,
INC-175,Kamal Adwan Hospital,FAC-001,غزو,في يومي 25 و26 أكتوبر، اقتحم جنود إسرائيليون المستشفى. وأُصيب بعض العاملين، بينما دُمّرت ثلاث سيارات إسعاف ومركبة نقل ونظام توليد الكهرباء بالطاقة الشمسية. ومن بين فريق المستشفى المكون من 70 فرداً، اعتُقل 44 من الذكور.,,
INC-176,Kamal Adwan Hospital,FAC-001,الهجمات,بين 11 و17 ديسمبر، وقعت هجمات شبه يومية على المنشأة أو بالقرب منها، حيث حطمت الأنقاض والانفجارات الأبواب والنوافذ، مما تسبب في مزيد من الأضرار لخزانات المياه ومولدات الكهرباء وشبكة إمداد الأكسجين، وأشعلت حريقًا في الطابق الثالث من المستشفى.,,
INC-177,Kamal Adwan Hospital,FAC-001,يضرب,أسفر قصف على بوابة المستشفى عن مقتل ستة فلسطينيين وإصابة آخرين. وفي 18 نوفمبر/تشرين الثاني، أصابت شظايا أحد العاملين في وحدة العناية المركزة.,,
INC-178,Kamal Adwan Hospital,FAC-001,يضرب,ولا تزال تتعرض للهجوم، حيث شهدت سبعة هجمات على الأقل,,
INC-179,Kamal Adwan Hospital,FAC-001,يضرب,في 17 ديسمبر، تعرض مبنى للشرطة لهجوم أمام البوابة الغربية، حيث أفادت التقارير بمقتل ثمانية فلسطينيين. كما اخترقت الرصاصات وحدة العناية المركزة، مما أدى إلى اندلاع حريق، بالإضافة إلى جناح الولادة وقسم الجراحة التخصصية.,,
INC-180,Kamal Adwan Hospital,FAC-001,غزو,تعرضت المستشفى لغارة من القوات الإسرائيلية وأُخرجت عن الخدمة. وتعرضت بعض أجزاء المستشفى للحرق والتلف الشديد خلال الغارة، بما في ذلك المختبر، ووحدة الجراحة، وقسم الهندسة والصيانة، وغرفة العمليات، ومخزن الأدوية.,,
INC-181,Kamal Adwan Hospital,FAC-001,الإضرابات في المنطقة,أضرار غير مباشرة للمبنى,,
INC-182,Kuwait Field Hospital,ID Not Found,العمليات المتوقفة,توقفت العمليات في 27 مايو، وقُتل اثنان من الموظفين بالقرب من بوابة المستشفى,توقف مستشفى الكويتي في رفح عن العمل في 27 مايو؛ ووفقًا لتقارير إعلامية نقلت عن مدير المستشفى، فقد حدث ذلك بعد مقتل اثنين من الطاقم الطبي عندما أصيبت بوابة المستشفى.,
INC-183,Kuwait Field Hospital,ID Not Found,ضربة مباشرة,في 15 أبريل، أفادت التقارير بمقتل أحد العاملين في المستشفى الميداني الكويتي وإصابة تسعة آخرين من الطاقم الطبي والمرضى عندما تم استهداف المدخل الخلفي للمستشفى.,وبحسب بيان صحفي صادر عن إدارة المستشفى، فقد أصاب صاروخ المدخل الشمالي للمنشأة صباحاً، مما أدى إلى مقتل أحد أفراد الطاقم الطبي، وإصابة تسعة (9) من أفراد الطاقم الطبي والمرضى.,
INC-184,Kuwait Field Hospital,ID Not Found,الإضرابات,اصطدام ببوابة المستشفى، مما أسفر عن مقتل عامل وتدمير 4 سيارات إسعاف,في 22 أبريل، تعرضت بوابة المستشفى الميداني الكويتي للقصف، مما أسفر عن مقتل أحد العاملين وتدمير أربع سيارات إسعاف.,
INC-185,Kuwait Field Hospital,ID Not Found,ضربة مباشرة (في الجوار),تم تعليق العمليات الجراحية بسبب تضرر مولد الكهرباء في المستشفى وأقسام أخرى.,في 17 مايو/أيار، أفادت التقارير بتعرض خيمة للنازحين بجوار المستشفى الميداني الكويتي لهجوم، ما أسفر عن مقتل ستة فلسطينيين. وأعلن المستشفى تعليق العمليات الجراحية حتى إشعار آخر بسبب الأضرار الجسيمة التي لحقت بمولد الكهرباء وأقسام أخرى. وفي 19 مايو/أيار، وبعد إجراء إصلاحات جزئية، أعلن المستشفى استئناف العمليات في قسم الجراحة للحالات الطارئة فقط.,
INC-186,MSF Clinic,FAC-041,غلاف دبابة,لحقت أضرار بالمبنى، واحترقت خمس سيارات تابعة لمنظمة أطباء بلا حدود وتحطمت.,في 20 نوفمبر/تشرين الثاني، تعرضت عيادة تابعة لمنظمة أطباء بلا حدود في مدينة غزة لقصف مدفعي، ما أسفر عن أضرار في المبنى واحتراق وتدمير خمس سيارات تابعة للمنظمة جراء القصف. وحذرت المنظمة من أن 21 شخصاً موجودون في العيادة، وقد يكونون في خطر شديد، ولا يزال وضعهم مجهولاً.,
INC-187,MSF Premise 01,FAC-040,الذخيرة الحية,تم إطلاق الذخيرة الحية على المبنى الذي لجأ إليه أكثر من 100 شخص، بمن فيهم الطاقم الطبي وعائلاتهم.,في 14 نوفمبر، أفادت منظمة أطباء بلا حدود أنه تم إطلاق ذخيرة حية على أحد مبانيها الثلاثة (بالقرب من مستشفى الشفاء)، حيث لجأ أكثر من 100 شخص، بمن فيهم الموظفون وعائلاتهم.,
INC-188,MSF Urgent Care Unit - Khan Younis,FAC-042,غارة جوية,في الأول من أبريل، قُتل أحد موظفي منظمة أطباء بلا حدود، الذي كان يعمل في وحدة الرعاية العاجلة التابعة للمنظمة، مع زوجته وابنته البالغة من العمر 28 عاماً.,قُتل أحد العاملين في منظمة أطباء بلا حدود مع اثنين من أفراد أسرته خلال غارة جوية في خان يونس بغزة، وسط أعمال عدائية مستمرة تؤثر على المدنيين والعاملين في المجال الطبي.,
INC-189,Muhammad Al-Durrah Children's Hospital,FAC-012,إضراب / إخلاء قسري,تم إجلاء المرضى بعد توقف الخدمة,إلى جانب 23 مستشفى في شمال غزة تلقت أوامر إخلاء وتعرضت للترهيب والاستهداف المباشر. ففي الفترة من 7 أكتوبر/تشرين الأول إلى 12 أكتوبر/تشرين الأول، تضررت المستشفى واضطر المرضى إلى الإخلاء.,
INC-190,Muhammad Al-Durrah Children's Hospital,FAC-012,إخلاء قسري,تضرر المستشفى، واضطر المرضى إلى الإخلاء.,أفادت منظمة الصحة العالمية بأن هذا المستشفى هو واحد من أربعة مستشفيات في شمال غزة تم إخلاؤها.,
INC-191,Muhammad Al-Durrah Children's Hospital,FAC-012,غير محدد الهوية,في 23 أبريل، أسفرت الهجمات على مستشفى الدرة للأطفال في مدينة غزة عن أضرار لحقت بقسم العناية المركزة وألواح الطاقة الشمسية بالمستشفى.,,
INC-192,Muhammad Youssef Al-Najjar Hospital,FAC-018,إخلاء قسري,صدر أمر إخلاء وأدى إلى إخلاء المستشفى في 7 مايو,أفادت منظمة الصحة العالمية بأن قسم غسيل الكلى في المستشفى كان القسم الوحيد المتبقي في غزة، ومثّل شريان حياة لمرضى الفشل الكلوي. وبعد إجلاء المستشفى، تم نقل 1500 مريض بالفشل الكلوي كانوا يتلقون العلاج فيه سابقاً.,
INC-193,Muhammad Youssef Al-Najjar Hospital,FAC-018,مدمر,دُمر المستشفى إلى حد كبير بعد عملية إجلاء سابقة,,
INC-194,Nasser Medical Complex,FAC-002,غارة جوية,تعرض مدخل المستشفى للهجوم، مما أسفر عن مقتل شخصين وتضرر المدخل.,في الرابع من نوفمبر/تشرين الثاني، أفادت التقارير باستهداف مدخلي مستشفى ناصر للأطفال ومستشفى القدس في مدينة غزة خلال غارات جوية إسرائيلية. وأسفرت الغارات عن مقتل شخصين وإصابة العشرات، فضلاً عن أضرار لحقت بمدخلي هاتين المؤسستين الصحيتين.,
INC-195,Nasser Medical Complex,FAC-002,غير محدد الهوية,ثقوب في جدران غرف متعددة، بما في ذلك غرفة التصوير.,يبدو أن اللقطات تُظهر أضرارًا جسيمة، بما في ذلك ثقوب في جدران غرف متعددة، بما في ذلك غرفة تستخدم للتصوير.,
INC-196,Nasser Medical Complex,FAC-002,غارة جوية,قُتل ثلاثة أشخاص وأصيب العشرات. وتوقف مستشفى الأطفال عن العمل بعد تعرضه لأضرار جسيمة.,استُهدف مستشفى ناصر للأطفال في مدينة غزة خلال غارة جوية، ما أسفر عن مقتل ثلاثة أشخاص وإصابة العشرات. وقد أدى ذلك إلى توقف عمليات المستشفى.,
INC-197,Nasser Medical Complex,FAC-002,الحصار / التطويق,المستشفى محاط,بحلول الظهر، أفادت التقارير بأن القوات البرية الإسرائيلية أكملت تطويق أربعة مستشفيات في منطقة عن ناصر بمدينة غزة. أحد هذه المستشفيات، وهو مستشفى للأطفال، توقف عن العمل في 9 نوفمبر/تشرين الثاني بعد تعرضه لأضرار جسيمة.,
INC-198,Nasser Medical Complex,FAC-002,القصف (في الجوار),تسببت الأضرار المادية في وقوع أضرار، ولم يتم الإبلاغ عن أي إصابات.,في التاسع من ديسمبر، تعرضت المنطقة المحيطة بالمستشفى للقصف، مما تسبب في أضرار مادية، ولم ترد أنباء عن وقوع إصابات.,
INC-199,Nasser Medical Complex,FAC-002,غير محدد (في الجوار),تم استهداف محيط المستشفى مما تسبب في أضرار.,في 30 أكتوبر، واصلت القوات الإسرائيلية لليوم الثاني على التوالي استهداف محيط المستشفيات مما تسبب في أضرار لمستشفى عن ناصر، ومستشفى الصداقة التركية (المستشفى الوحيد لعلاج السرطان)، ومركز صحي تابع للأونروا.,
INC-200,Nasser Medical Complex,FAC-002,قصف (في الجوار),المنطقة المجاورة تتعرض للقصف المتكرر,في الثالث عشر من ديسمبر، تعرضت المنطقة المحيطة بالمستشفى لقصف متكرر، مما أعاق وصول عشرات المصابين.,
INC-201,Nasser Medical Complex,FAC-002,قصف مدفعي,تعرضت المنطقة لقصف مرتين على الأقل في 17 ديسمبر. أصابت قذيفة مدفعية جناح الولادة، ولم تنفجر القذيفة، بل أصابت طفلة في رأسها، مما أسفر عن مقتل دينا لياد أبو محسن البالغة من العمر 13 عاماً.,"أعلنت وزارة الصحة الفلسطينية في غزة، يوم الاثنين، عن تعرض مستشفى تابع لمجمع ناصر الطبي لقصف مدفعي إسرائيلي ليلًا، ما أسفر عن استشهاد طفلة صغيرة. وذكرت الوزارة في بيان مقتضب على تطبيق تيليجرام أن الطفلة دنيا أبو محسن، البالغة من العمر 13 عامًا، ""استشهدت وانضمت إلى جميع أفراد أسرتها بعد استهداف مبنى الولادة في المجمع"".

وأوضحت الوزارة أن دنيا فقدت والديها وجميع إخوتها في الحرب، وبقيت وحيدة بعد أن فقدت ساقها في غارة جوية إسرائيلية سابقة.",
INC-202,Nasser Medical Complex,FAC-002,الحصار / التطويق / القناصة,فرضت قوات الاحتلال الإسرائيلي حصارًا على المستشفى، الذي يضم 300 من الكوادر الطبية و450 جريحًا ونحو 10000 نازح، وذلك بتطويقه بآليات عسكرية ونشر قناصة في محيطه. وأفادت التقارير أن قناصة الاحتلال قتلوا 26 مدنيًا وأصابوا 15 آخرين، بينما بقيت بعض الجثث بعيدة عن متناول الطاقم الطبي، وتعرضت للنهب من قبل الحيوانات الضالة. وتفاقم الوضع الإنساني بشكل خطير مع نفاد الطعام لدى الطاقم الطبي والمدنيين، وغمر مياه الصرف الصحي قسم الطوارئ، وتراكم النفايات الطبية في المنشأة، فضلًا عن نقص الوقود وتوقف المولدات الكهربائية، ما أدى إلى وفاة طفل يبلغ من العمر 10 سنوات.,"في 21 يناير، أظهر مقطع فيديو من بسام يوسف لحظة محاصرة دبابات الجيش الإسرائيلي للطريق المؤدي إلى المستشفى وقطعه.

وفي 22 يناير، أفادت وزارة الصحة، عبر رسالة من متحدثها الرسمي على تطبيق تيليجرام، أن المواطنين أُجبروا على دفن 40 شهيدًا في مقبرة جماعية في ساحة المستشفى.

وفي 23 يناير، أمرت إسرائيل بإخلاء المنطقة المحيطة بالمستشفى.

وفي 24 يناير، أفاد مكتب تنسيق الشؤون الإنسانية (أوتشا) أن المستشفى ""يعمل بشكل محدود للغاية""، حيث إنه محاصر من قبل الجيش الإسرائيلي ويشهد قتالًا عنيفًا، ولم يعد قادرًا على استقبال المرضى أو الإمدادات.

وفي 25 يناير، صرّح المتحدث باسم وزارة الصحة بأن المستشفى يعمل بنسبة 10% فقط من طاقته الاستيعابية المعتادة، مع نقص حاد في الغذاء والتخدير والمسكنات، وكمية من الوقود لا تكفي لخمسة أيام.


أعلنت منظمة أطباء بلا حدود في 26 يناير/كانون الثاني أن المستشفى، الذي كان آنذاك أكبر مرفق صحي متبقٍ، لم يعد قادراً على تقديم الخدمات الطبية الحيوية.

وفي 28 يناير/كانون الثاني، صرّح المتحدث باسم وزارة المالية بأن عدد جثث الشهداء المدفونة في فناء المستشفى بلغ 150 شهيداً، بالإضافة إلى 30 جثة لشهداء مجهولي الهوية في المشرحة، كما تعرّضت خزانات المياه لهجمات بطائرات مسيّرة وشظايا، ما أدى إلى تسربات في وحدة العناية المركزة، ونقص في المياه اللازمة لغسيل الكلى.

وفي 29 يناير/كانون الثاني، أظهر مقطع فيديو من داخل المستشفى دفناً جماعياً لـ 35 شهيداً في الفناء.

وفي 30 يناير/كانون الثاني، أفاد مكتب الأمم المتحدة لتنسيق الشؤون الإنسانية (أوتشا) بوقوع إصابات جراء هجمات في محيط المستشفى والمناطق المجاورة.

وفي 31 يناير/كانون الثاني، حذّرت وزارة الصحة، عبر متحدثها الرسمي، من كارثة صحية محتملة نتيجة تراكم النفايات الطبية داخل المستشفى، ونقص الغذاء.


في الخامس من فبراير، أظهرت لقطات فيديو من المستشفى تصاعد الدخان، على ما يبدو، عقب غارة جوية في محيط المستشفى.

وفي السادس من فبراير، أصدرت وزارة الصحة بيانًا رسميًا أعلنت فيه أن الحصار المفروض على المستشفى يُعرّض حياة 300 من الكوادر الطبية، و450 جريحًا، ونحو 10000 نازح للخطر. فقد انقطعت الإمدادات الغذائية عن المستشفى، وانعدمت الأدوية والمسكنات والمخدرات ومعدات العمليات الجراحية.

ومع استمرار الحصار، تزايدت الادعاءات باستهداف قناصة إسرائيليين للأفراد داخل المستشفى ومحيطه. وفي السابع من فبراير، أفادت التقارير بمقتل امرأة فلسطينية رميًا بالرصاص أثناء جلبها الماء من المستشفى. وفي اليوم التالي، الثامن من فبراير، أفادت التقارير بإصابة ممرضة بجروح خطيرة رميًا بالرصاص داخل غرفة العمليات بالمستشفى، بالإضافة إلى حادثتين أطلقت فيهما القوات الإسرائيلية النار على مجموعة من الأشخاص عند مدخل المستشفى ومجموعة أخرى في محيطه، ما أسفر عن مقتل أربعة وثلاثة فلسطينيين على التوالي.


في 9 فبراير، واصل القناصة الإسرائيليون استهداف المدنيين قرب المستشفى، ما أسفر عن مقتل فلسطينيين اثنين بالقرب من المنشأة. وتزامن ذلك مع تعرض محيط المستشفى لقصف متكرر من الجيش الإسرائيلي.

في 10 فبراير، أفادت وزارة الصحة باستمرار إطلاق النار من قبل القناصة على الطاقم الطبي والنازحين الذين لجأوا إلى المستشفى، وشمل الاستهداف مدخل المستشفى ومبانيه المختلفة وساحاته، ما أدى إلى استشهاد أربعة فلسطينيين.

في اليوم نفسه، أظهرت لقطات فيديو من داخل المستشفى مركبة مدرعة تابعة للجيش الإسرائيلي وجرافة متمركزتين عند بوابة المستشفى.

في 11 فبراير، أفادت التقارير بمقتل فلسطينيين اثنين رمياً بالرصاص أمام بوابة المستشفى، أحدهما الصحفي ياسر ممدوح. وفي الوقت نفسه، أفاد مكتب الأمم المتحدة لتنسيق الشؤون الإنسانية (أوتشا) بأن جثثاً عديدة ملقاة على الأرض حول المستشفى منذ عدة أيام، ولا يمكن الوصول إليها بسبب استمرار الهجمات في محيط المستشفى. في اليوم نفسه، أظهر مقطع فيديو من داخل المستشفى جثتين فلسطينيتين مع تعليق يقول: ""جثتا شهيدين أعدمهما الجيش الإسرائيلي أمام مدخل المستشفى ومنع الطاقم الطبي من الوصول إليهما""، ويُظهر الفيديو قططًا تنهش الجثتين. وفي اليوم نفسه، أظهر مقطع فيديو آخر من داخل المستشفى آثار غارة استهدفت سكن الطاقم الطبي الذي كان يُستخدم كمسكن.

في 12 فبراير، أفادت وزارة الصحة بمقتل سبعة فلسطينيين وإصابة 14 آخرين بنيران قناصة في فناء المستشفى. كما أعلنت الوزارة نفاد الطعام لدى الطاقم الطبي والمرضى والنازحين.

في 13 فبراير، أعلنت وزارة الصحة أن الجيش الإسرائيلي أمر بإجلاء جميع النازحين من المستشفى، وأفادت أيضًا بأن استهداف المدارس المجاورة وإضرام النار فيها أدى إلى احتراق مخزن المعدات الطبية بالمستشفى بالكامل. وأفادت منظمة أطباء بلا حدود بأنه تم إبلاغ الطاقم الطبي والمرضى بإمكانية بقائهم مع مرافق واحد فقط لكل مريض.


دمّر الجيش الإسرائيلي البوابة الشمالية للمستشفى.

وشهد اليوم نفسه مقتل ثلاثة فلسطينيين وإصابة عشرة آخرين داخل المستشفى بنيران القناصة. كما أدى نفاد وقود مولد كهربائي وتوقفه عن العمل إلى وفاة طفل يبلغ من العمر عشر سنوات.
ويُظهر مقطع فيديو آخر نشرته قناة الجزيرة طفلاً فلسطينياً قُتل برصاص قناصة الجيش الإسرائيلي عند مدخل المستشفى، وجسده بعيد عن متناول الطاقم الطبي، بينما تنهشه القطط.",
INC-203,Nasser Medical Complex,FAC-002,إخلاء قسري,أصدر الجيش الإسرائيلي أوامر للنازحين بإخلاء المستشفى، مما أدى إلى نزوح أكثر من 8000 فلسطيني. لم يبقَ في المستشفى سوى حوالي 2500 شخص، بمن فيهم العاملون الصحيون وعائلاتهم، إلى جانب حوالي 1500 نازح، ومرضى ومرافقيهم.,"بعد إصدار الجيش الإسرائيلي أمر الإخلاء لإدارة المستشفى في 13 فبراير، أفادت وزارة الصحة أنه حتى 14 فبراير، لم يتبق في المستشفى سوى 2500 شخص، من بينهم حوالي 1500 نازح، ونحو 490 من العاملين الصحيين وعائلاتهم، و600 مريض ومرافقيهم، من بينهم 18 مريضًا في العناية المركزة، و35 في وحدة غسيل الكلى، وثلاثة أطفال رضع في الحاضنات.

وبحلول الساعة 7 مساءً، أفادت التقارير بمقتل معتقل فلسطيني مكبل اليدين، كان قد أُرسل من قبل الجيش الإسرائيلي لإيصال رسالة إلى النازحين المتبقين في المستشفى، رميًا بالرصاص.",
INC-204,Nasser Medical Complex,FAC-002,غارة,داهم الجيش الإسرائيلي المستشفى بعد حصار دام أكثر من 23 يومًا، ما أسفر عن وفاة 8 مرضى في وحدة العناية المركزة، واعتقال نحو 200 شخص، بينهم 70 من الإداريين والطاقم الطبي. وفي وقت لاحق، في 23 أبريل/نيسان، أعلنت السلطات الفلسطينية العثور على ما يصل إلى 310 فلسطينيين دفنهم الجيش الإسرائيلي في مقبرة جماعية في فناء المستشفى.,"في 15 فبراير، أفادت وزارة الصحة بدخول قوات الجيش الإسرائيلي إلى المستشفى، بما في ذلك قسم الولادة. كما أفادت الوزارة بنقل مئات المرضى والموظفين إلى مبنى داخل مجمع المستشفى، حيث افتقروا إلى الطعام والماء وحليب الأطفال، وتوقف مولدات الكهرباء عن العمل، مما عرّض حياة ستة مرضى على أجهزة التنفس الاصطناعي في وحدة العناية المركزة للخطر.

في صباح 16 فبراير، أفادت وزارة الصحة بوفاة خمسة مرضى في وحدة العناية المركزة نتيجة نقص الأكسجين. كما أمر الجيش الإسرائيلي النساء والأطفال بالانتقال إلى جناح الولادة الذي حُوِّل إلى ثكنة عسكرية.

في 18 فبراير، استجوب الجيش الإسرائيلي بعض الكوادر الطبية وهم مكبلون بالأصفاد، وضربهم وجردهم من ملابسهم.

بحلول 20 فبراير، توقفت وحدة العناية المركزة عن العمل، وبقيت جثث ثمانية مرضى توفوا بسبب نقص الأكسجين هناك تتحلل. في الثاني والعشرين من فبراير، أفادت وزارة الصحة بدخول أربع مركبات عسكرية إلى المستشفى.

وفي مساء اليوم نفسه، أفادت الوزارة بأن الجيش الإسرائيلي قد أنهى احتلاله للمستشفى، وأعاد تمركزه في محيطه، مع استمراره في منع الوصول إليه.


",
INC-205,Nasser Medical Complex,FAC-002,ضربة مباشرة,أسفر هجوم على جناح الجراحة في المجمع الطبي عن مقتل مريضين وتدمير 35 سريراً للمرضى الداخليين.,في 23 مارس، أسفرت غارة على الجناح الجراحي في مجمع ناصر الطبي في خان يونس، وهو حاليًا أكبر مستشفى في قطاع غزة، عن مقتل مريضين، أحدهما صبي يبلغ من العمر 16 عامًا، وإصابة ثمانية آخرين، وتدمير 35 سريرًا للمرضى الداخليين.,
INC-206,Nasser Medical Complex,FAC-002,غارة جوية,أُخرجت 40 سريراً للمرضى الداخليين و10 أسرّة للعناية المركزة من الخدمة، وقُتل شخصان (أحدهما صحفي كان يتلقى العلاج في المستشفى وقت وقوع الحادث)، وأُصيب 12 شخصاً.,أفاد مدير المستشفيات الميدانية بوزارة الصحة، الدكتور مروان الهمس، بأن هذا هو الهجوم الثاني على مستشفى ناصر خلال شهرين، ما أدى إلى تعطيل 40 سريراً للمرضى الداخليين و10 أسرّة في وحدة العناية المركزة. وأبلغ مدير المستشفى منظمة الصحة العالمية بمقتل شخصين وإصابة 12 آخرين، بينهم مرضى وطاقم طبي. وكان الصحفي حسن صالح قد استُهدف وقُتل في الهجوم أثناء تلقيه العلاج في سريره بالمستشفى إثر إصابة تعرض لها في هجوم سابق على خيمة مخصصة للصحفيين.,
INC-207,Nasser Medical Complex,FAC-002,ضربة مباشرة,تعرض مستودع للإمدادات والحلول لهجوم، مما أدى إلى تدمير 30% من مرافق المستودع.,"في 19 مايو/أيار، تعرض مستودع الإمدادات والمستلزمات الطبية في مجمع ناصر الطبي، بخان يونس، للقصف والتدمير، دون وقوع إصابات. ووفقًا لمنظمة الصحة العالمية، فقد دُمر حوالي 30% من المستودع. وكانت المنظمة قد أنشأت المستودع الذي يضم إمدادات حيوية مثل محاليل الحقن الوريدي ومحاليل غسيل الكلى. كما أفادت منظمة المعونة الطبية لفلسطين (MAP) بأن الهجوم جعل ما تبقى من المستودع غير صالح للاستخدام، بما في ذلك مواد حيوية كانت المنظمة قد وفرتها. وفي وصفها للأوضاع الكارثية في المستشفى، قالت المنظمة: ""يُجبر المرضى على النوم في الممرات، حيث تنتشر الأسرة في كل مكان متاح. وتعمل ست غرف عمليات على مدار الساعة، ومع ذلك فإن التدفق المستمر للمصابين يفوق طاقتها الاستيعابية بكثير... ووحدة العناية المركزة، المصممة لاستيعاب 12 مريضًا، تضم الآن أكثر من 24 مريضًا. وقد تم إنشاء ملحق طارئ بعد أن ألحقت تفجيرات حديثة أضرارًا بقسم الجراحة، ولكنه لا يفي بالمعايير الأساسية.""",
INC-208,Nasser Medical Complex,FAC-002,أمر إخلاء,لا يزال أمر الإخلاء ساريًا في المنطقة المحيطة بمجمع نصار الطبي، حيث يتعذر على الموظفين الوصول إلى المستشفى بسبب مخاوف تتعلق بالسلامة ونقص الوقود اللازم للمواصلات، كما تم إغلاق قسم الولادة في 19 يونيو.,في 18 يونيو، صرّح المدير العام لمنظمة الصحة العالمية، تيدروس أدهانوم غيبريسوس، بأن المستشفى يُعاني من ضغط شديد ونقص حاد في المستلزمات الطبية، ما يُصعّب عليه العمل. يقع المستشفى في منطقة صدرت بحقها أوامر إخلاء، ولا يستطيع العديد من العاملين الصحيين الوصول إليه بسبب مخاوف تتعلق بالسلامة أو نقص الوقود اللازم للمواصلات.,
INC-209,Nasser Medical Complex,FAC-002,ضربة مباشرة,تعرض المستشفى لغارتين نفذتهما القوات الإسرائيلية، مما أسفر عن مقتل 22 فلسطينياً، بينهم اثنان توفيا متأثرين بجراحهما في 27 أغسطس/آب وفقاً لوزارة الصحة.,تعرض المجمع لغارتين جويتين، أسفرتا عن مقتل 22 فلسطينياً، بينهم اثنان توفيا متأثرين بجراحهما في 27 أغسطس/آب. ومن بين القتلى مصورة صحفية، وأربعة صحفيين، وسائق من الدفاع المدني الفلسطيني، وطبيب، وثلاثة من الكوادر الطبية. وأُفيد بإصابة أكثر من 30 شخصاً، بينهم طبيب وممرضة، ومرضى في حالة حرجة كانوا يتلقون العلاج في المجمع، وصحفيان، ومسعف من جمعية الهلال الأحمر الفلسطيني، وسبعة من عناصر الدفاع المدني الفلسطيني الذين أصيبوا أثناء بث مباشر على الهواء مباشرة خلال محاولتهم إنقاذ المصابين وانتشال جثث القتلى جراء الغارة الأولى.,
INC-210,Nasser Medical Complex,FAC-002,إطلاق نار حي / إطلاق نار,أصيب ممرض بجروح خطيرة جراء إصابته بطلق ناري في الرأس أثناء تأديته لمهامه داخل المستشفى.,في 29 سبتمبر، في مجمع ناصر الطبي في خان يونس، أصيب ممرض بجروح خطيرة جراء إصابته بطلق ناري في الرأس أثناء قيامه بواجباته داخل المستشفى.,
INC-211,Nasser Medical Complex,FAC-002,أمر إخلاء,أمر إخلاء للمنطقة المحيطة بمجمع نصار الطبي والقوات والدبابات الإسرائيلية في المنطقة,"في 12 يونيو/حزيران، صدر أمرٌ بالتهجير شمل المنطقة المحيطة بمجمع ناصر الطبي، آخر مستشفى رئيسي عامل في جنوب قطاع غزة. وفي اليوم نفسه، أفادت منظمة المعونة الطبية لفلسطين (MAP) بأن الدبابات والقوات الإسرائيلية كانت على مقربة من المستشفى، محذرةً من أنه في حال إغلاق المستشفى، سيفقد مئات الآلاف من الأشخاص إمكانية الحصول على الرعاية الطبية اللازمة، وستكون العواقب وخيمة للغاية. وذكرت المنظمة أن المستشفى يضم 540 سريراً، من بينها 51 مريضاً في وحدة العناية المركزة، ويعمل بنسبة 150% من طاقته الاستيعابية. وفي وصفه للأوضاع المزرية، قال الدكتور محمد صقر، مدير التمريض في مستشفى ناصر، لمنظمة المعونة الطبية لفلسطين: ""نلجأ إلى وضع المرضى في الممرات وعلى الشرفات كملاذ أخير، لأننا لا نستطيع التخلي عنهم""، مضيفاً أن معظم المرضى الذين تم استقبالهم أصيبوا بنيران قناصة مباشرة في الرأس أو الصدر، وأن 95% منهم يعانون من سوء تغذية حاد.",
INC-212,Noura Al-Kaabi Specialist Dialysis Centre,FAC-043,غير محدد,تم تدميرها,,
INC-213,Palestine Medical Relief Center for the Rehabilitation of the Disabled,FAC-026,قصف,تم تدمير المبنى,,
INC-214,Patient Friends Association Hospital,FAC-028,غير محدد الهوية,أُغلق المستشفى بعد تعرضه لأضرار جسيمة في أوائل فبراير.,,
INC-215,Patient Friends Association Hospital,FAC-028,تم إجلاؤهم,تم إجلاؤهم خوفاً من تصاعد العمليات العسكرية,,
INC-216,Primary Care Clinic,FAC-039,غير محدد الهوية,تدمير البنية التحتية,أثرت ثلاث هجمات وقعت في الفترة من 30 إلى 31 أكتوبر على ثلاث منشآت صحية، حيث أفيد بتدمير عيادة رعاية أولية.,
INC-217,Red Cross Field Hospital - Rafah,FAC-032,إطلاق نار,أصيب أحد أفراد الطاقم برصاصة طائشة أثناء تأدية واجبه.,,
INC-218,Sheikh Hamad Hospital for Rehabilitation and Prosthetics,FAC-014,الإخلاء,تم إجلاء المرضى بعد توقف الخدمة,إلى جانب 23 مستشفى في شمال غزة تلقت أوامر إخلاء وتعرضت للترهيب والاستهداف المباشر. ففي الفترة من 7 أكتوبر/تشرين الأول إلى 12 أكتوبر/تشرين الأول، تضررت المستشفى واضطر المرضى إلى الإخلاء.,
INC-219,Sheikh Hamad Hospital for Rehabilitation and Prosthetics,FAC-014,غير محدد الهوية,تضرر المستشفى، واضطر المرضى إلى الإخلاء.,أفادت منظمة الصحة العالمية بأن هذا المستشفى هو واحد من أربعة مستشفيات في شمال غزة تم إخلاؤها.,
INC-220,Sheikh Hamad Hospital for Rehabilitation and Prosthetics,FAC-014,يضرب,أضرار جسيمة وتعطيل للخدمات,,
INC-221,Turkish Friendship Hospital,FAC-022,حصار (نقص في الوقود),بسبب الحصار، نفد الوقود من المستشفى واضطر إلى إيقاف معظم أنشطته.,في الأول من نوفمبر، أفادت التقارير أن مستشفى الصداقة التركية الفلسطينية في مدينة غزة نفد منه الوقود واضطر إلى إيقاف معظم أنشطته، مما جعل حياة 70 مريضاً بالسرطان في خطر شديد.,
INC-222,Turkish Friendship Hospital,FAC-022,حصار (نقص في الوقود),توقفت أجزاء كبيرة من خدمات المستشفى بسبب نقص الوقود,أعلن الدكتور سوبهو سكيك، المدير العام لمستشفى الصداقة التركية الفلسطينية، عبر الحساب الرسمي لوزارة الصحة في غزة على وسائل التواصل الاجتماعي، أن العديد من الخدمات التي يقدمها المستشفى ستتوقف، وقد تتوقف خدمات أخرى لمدة تقل عن 48 ساعة إذا لم يتلقَ المستشفى أي وقود.,
INC-223,Turkish Friendship Hospital,FAC-022,غير محدد (في الجوار),أدى استهداف محيط المستشفى إلى إلحاق بعض الأضرار بمبانيه,بعد أن عانى المستشفى من نقص الوقود، أدانت السلطات التركية، عبر وزارة الخارجية التركية، استهداف المتطوعين.,
INC-224,Turkish Friendship Hospital,FAC-022,القصف الجوي,تعرض الطابق الثالث للضرب والتلف، وتسبب الدخان في الاختناق والذعر بين الطاقم الطبي والنازحين داخلياً.,"تعرض المستشفى للقصف لليلة الثانية على التوالي. فقد أصيب مباشرة في قصف جوي، مما أدى إلى أضرار في الطابق الثالث وتصاعد الدخان الذي تسبب في اختناق وذعر بين الموظفين والأشخاص الذين لجأوا إليه. وفي 30 أكتوبر، صرح المدير العام لمنظمة الصحة العالمية قائلاً: ""مرضى السرطان يعانون أصلاً من هشاشة في حالتهم الصحية، ومن الضروري بذل كل ما في وسعنا لضمان حصولهم على الرعاية التي يحتاجونها. إنها مسألة حياة أو موت"".",
INC-225,Turkish Friendship Hospital,FAC-022,قصف (في الجوار),انهار جدار في أحد أقسام المستشفى، كما أبلغت إدارة المستشفى عن أضرار ناجمة عن الانفجار في غرفتين وفي إمدادات الأكسجين والمياه.,وبحسب التقارير، فإن المستشفى الوحيد المتخصص في علاج السرطان في قطاع غزة، ويظهر مقطع فيديو البنية التحتية مغطاة بسحب كثيفة من الدخان بعد تعرضها لقصف قريب.,
INC-226,Turkish Friendship Hospital,FAC-022,هدم,في 21 مارس، دمرت القوات الإسرائيلية المستشفى، وهو المستشفى المتخصص الوحيد لعلاج السرطان في غزة,في 21 مارس/آذار، دمرت القوات الإسرائيلية مستشفى الصداقة التركية الفلسطينية في منطقة المغرقة جنوب مدينة غزة. ويُظهر مقطع فيديو عملية تدمير المستشفى التي صوّرها الجيش الإسرائيلي.,
INC-227,UNRWA Health Centre,FAC-038,غير محدد,استهدفت القوات الإسرائيلية محيط المركز الصحي,في 30 أكتوبر، واصلت القوات الإسرائيلية لليوم الثاني على التوالي استهداف محيط المستشفيات مما تسبب في أضرار لمستشفى عن ناصر، ومستشفى الصداقة التركية (المستشفى الوحيد لعلاج السرطان)، ومركز صحي تابع للأونروا.,
INC-228,Wafaa Medical Rehabilitation and Specialized Surgery Hospital,FAC-019,غارة جوية,أفادت التقارير أن غارة جوية استهدفت منزلاً أسفرت عن مقتل شخصين، أحدهما المخرج، وإصابة 15 آخرين.,,
INC-229,Wafaa Medical Rehabilitation and Specialized Surgery Hospital,FAC-019,الإضرابات,وبحسب ما ورد، استهدفت القوات الطابق العلوي، مما أسفر عن مقتل سبعة أشخاص.,,
INC-230,Yaffa Hospital,ID Not Found,قصف,تعرض للضرب والتلف,قصفت قوات الاحتلال محيط مستشفى يافا الطبي، بما في ذلك استهداف مسجد يافا المجاور له مباشرةً، مما أدى إلى توقف المستشفى عن العمل. وتضررت أقسام العمليات والطوارئ والجراحة بشدة جراء الهجوم. في ذلك الوقت، كان المستشفى واحداً من 12 مستشفى في جنوب قطاع غزة لا تزال تعمل جزئياً.,
INC-231,Al-Amal Hospital,FAC-005,قصف (في الجوار),قصف بحزام ناري في محيط الأمل,"يُظهر مقطع فيديو تم تصويره أمس قصفاً نارياً بالقرب من مستشفى جمعية الهلال الأحمر الفلسطيني ""الأمل"" ومقرها الرئيسي في خان يونس، ما يُتيح رؤية مباشرة للظروف الصعبة في جنوب قطاع غزة. لا مكان آمن في غزة. (حساب جمعية الهلال الأحمر الفلسطيني على تويتر)",
INC-232,Al-Ranteesi Al-Naser Paediatric Hospital,ID Not Found,إخلاء قسري,تم إخلاء مستشفى الرنتيسي التخصصي للأطفال ومستشفى النصر المجاور له، شمال مدينة غزة، يوم الجمعة.,"نشر الجيش الإسرائيلي لهيئة الإذاعة البريطانية (بي بي سي) تفاصيل مكالمات هاتفية بين مسؤول في مستشفى الرنتيسي وضابط رفيع في الجيش، ناقشا خلالها ترتيبات توفير سيارات إسعاف لإجلاء المرضى.

سأل مسؤول المستشفى عن مئات المدنيين النازحين الذين يقيمون في مخيمات أمام المستشفيين. طلب ​​منهم الضابط الإسرائيلي المغادرة عبر المدخل الرئيسي الساعة 11:20، وشرح لهم بالتفصيل الشوارع التي يجب عليهم السير فيها للخروج من مدينة غزة. وكرر الضابط للمسؤول مرتين ضرورة التأكد من حمل المدنيين لشيء أبيض للدلالة على أنهم ليسوا مقاتلين. قال مسؤول المستشفى: ""سيخرجون جميعًا رافعين أيديهم"". فردّ الضابط الإسرائيلي: ""ممتاز"".",
INC-233,Nasser Medical Complex,FAC-002,غير محدد الهوية,تعرض الطابق الثالث وقسم جراحة العظام في المستشفى للقصف، مما أسفر عن إصابة طبيب واحد ومقتل مريض واحد على التوالي.,في 14 فبراير، أفادت وزارة الصحة في غزة بإصابة طبيب جراء استهداف الطابق الثالث من المستشفى. كما استُهدف قسم جراحة العظام، ما أسفر عن مقتل مريض وإصابة آخرين.,
INC-234,Al-Amal Hospital,FAC-005,قصف مدفعي (في المنطقة المحيطة),أضرار لحقت بالمستشفى وشظايا مدفعية داخل المبنى,أفادت جمعية الهلال الأحمر الباكستاني بوقوع أضرار في مبنى المستشفى وتناثر شظايا قذائف المدفعية داخله نتيجة لهجوم تم الإبلاغ عنه في محيط المستشفى.,
INC-235,Al-Amal Hospital,FAC-005,غير محدد,تُظهر صور الأقمار الصناعية الملتقطة في 29 يناير حجم الأضرار التي لحقت بمستشفى الأمل والحي المحيط به.,قامت وحدة التحقق التابعة لنا [الجزيرة]، سند، بتحليل صور الأقمار الصناعية التي التقطت في 29 يناير والتي رصدت تأثير العمليات العسكرية الإسرائيلية بالقرب من مستشفى الأمل في خان يونس.,
INC-236,Al-Amal Hospital,FAC-005,غارة جوية بطائرة مسيرة,مقتل أحد موظفي جمعية الهلال الأحمر الفلسطيني في مقرها الرئيسي (ريليف ويب). وبحسب تقرير صادر عن المفوضية السامية لحقوق الإنسان، أطلقت طائرة إسرائيلية مسيرة النار على مقر الجمعية، ما أسفر عن مقتل 5 أشخاص، بينهم مدير قسم الشباب والمتطوعين، وإصابة 6 آخرين.,في الثاني من فبراير، أفادت التقارير أن طائرة مسيرة تابعة لسلاح الجو الإسرائيلي فتحت النار باتجاه مقر جمعية الهلال الأحمر الفلسطيني، مما أسفر عن مقتل خمسة فلسطينيين، بينهم مدير إدارة الشباب والمتطوعين في الجمعية، وإصابة ستة آخرين.,
INC-237,Al-Amal Hospital,FAC-005,إطلاق نار حي / إطلاق نار,أطلقت مركبات تابعة للجيش الإسرائيلي النار مباشرة على المستشفى من أمامه، مما أسفر عن إصابة شخصين.,في 7 فبراير، أطلقت مركبات تابعة للجيش الإسرائيلي، كانت متمركزة أمام مستشفى الأمل، النار مباشرة على المستشفى (تقرير الأمم المتحدة الموضوعي). وأسفر الهجوم عن إصابة شخصين، وتوفي مريض واحد نتيجة نقص الأكسجين في المستشفى (معهد الدراسات الفلسطينية).,
INC-238,Al-Amal Hospital,FAC-005,غزو ​​/ هجوم بري,اقتحمت القوات الإيرانية المستشفى واقتحمت ثمانية من العاملين فيه، من بينهم أربعة أطباء، وأربعة مصابين، وخمسة من مرافقي المرضى.,اقتحمت قوات الاحتلال مستشفى الأمل، وداهمته لمدة عشر ساعات تقريبًا، فتشت خلالها المستشفى، وحطمت بعض الأجهزة والمعدات والأثاث، واعتقلت العاملين فيه، واستجوبتهم، وضربتهم، وأهانتهم. وأُلقي القبض على ثمانية من موظفي جمعية الهلال الأحمر الفلسطيني، بينهم أربعة أطباء، وأربعة مرضى، وخمسة مرافقين. كما منعت قوات الاحتلال العاملين ومرافقي المرضى من الشرب واستخدام دورات المياه. وأعلنت جمعية الهلال الأحمر الفلسطيني أنها فقدت الاتصال بموظفيها في المستشفى، وأن قوات الاحتلال سرقت أموالًا منها ومن العاملين والمرضى.,
INC-239,Al-Amal Hospital,FAC-005,قصف مدفعي,تعرض المستشفى للقصف مما أدى إلى أضرار في المبنى وإخراج سيارة الإسعاف الوحيدة المتبقية عن الخدمة,استهدفت قوات الاحتلال البوابة الرئيسية للمستشفى، مما أدى إلى إلحاق أضرار بالمبنى وإخراج مركبة الجمعية الصليبية الملكية الوحيدة المتبقية عن الخدمة.,
INC-240,Al-Amal Hospital,FAC-005,غير محدد (في الجوار),في ظل القتال العنيف في محيط مستشفى الأمل، يعاني المستشفى أيضاً من نقص في الإمدادات الطبية والوقود.,لا تزال المعارك العنيفة في خان يونس، وخاصة بالقرب من مستشفيات الأمل، تُهدد سلامة الطاقم الطبي والجرحى والمرضى، فضلاً عن النازحين داخلياً. ويعاني مستشفى الأمل من نقص حاد في الوقود والإمدادات الطبية، ولا يملك حالياً سوى غرفة عمليات واحدة عاملة.,
INC-241,Al-Amal Hospital,FAC-005,الحصار,أفادت جمعية الهلال الأحمر الفلسطيني بمقتل 27 شخصاً خلال الحصار الذي فرضه الجيش الإسرائيلي من يناير إلى مارس 2024.,حاصرت القوات الإسرائيلية مستشفى الأمل ومقر جمعية الهلال الأحمر الفلسطيني من يناير إلى مارس 2024. وقد قسمت مصادر عديدة هذا الحصار إلى مرحلتين منفصلتين، الأولى امتدت من 22 يناير 2024 إلى 9 فبراير 2024 عندما داهمت قوات الجيش الإسرائيلي المستشفى، ثم تلتها مرحلة حصار ثانية بدأت في أوائل إلى منتصف فبراير 2024 واستمرت حتى 25 مارس 2024. وقد قُيّد الوصول إلى المستشفى، مما عرّض المرضى والعاملين للخطر. كما منع الحصار وصول الإمدادات إلى المستشفى، مما أدى إلى نقص في الأكسجين والدم والمستلزمات الطبية، فضلاً عن الغذاء والماء والوقود. وبحلول نهاية الحصار، أُجبر المرضى والعاملون على إخلاء المبنى، وتوقف مستشفى الأمل عن العمل. وأفادت جمعية الهلال الأحمر الفلسطيني بوفاة 27 شخصًا خلال الحصار؛ وقد سُجلت وفيات هؤلاء الأشخاص في تواريخ محددة ومع تفاصيل الحوادث التي أدت إلى وفاتهم. وخلال فترة الحصار، استمر استهداف مستشفى الأمل بالقصف وإطلاق النار والاقتحامات وأعمال عنف أخرى.,
INC-242,Al-Amal Hospital,FAC-005,غير محدد,نشرت جمعية الهلال الأحمر الباكستانية صوراً لطبيبين تم احتجازهما من مركز الأمل في 9 فبراير، تظهر عليهما آثار التعذيب بعد عودتهما في 16 فبراير.,في 17 فبراير، نشرت جمعية الهلال الأحمر الفلسطيني صوراً تُظهر آثار ما تعتبره تعذيباً تعرض له طبيبان احتجزتهما القوات الإسرائيلية من مستشفى الأمل في 9 فبراير. ولا يزال 12 من موظفي الجمعية رهن الاحتجاز لدى القوات الإسرائيلية، وفقاً للجمعية.,
INC-243,Al-Amal Hospital,FAC-005,قصف مدفعي,تعرض مقر جمعية الهلال الأحمر العماني في خان يونس للقصف، مما أسفر عن مقتل شخص وإصابة ثلاثة آخرين، بالإضافة إلى اندلاع حريق.,تعرض المقر الإداري لمدينة الأمل، التابعة لجمعية الهلال الأحمر الفلسطيني في خان يونس والمجاورة لمستشفى الأمل، لقصف مدفعي إسرائيلي مباشر، ما أسفر عن استشهاد أحد كوادر الجمعية، عمر منصور حمدان سليم، وإصابة عدد من الموظفين، فضلاً عن أضرار مادية جسيمة. وأفادت جمعية الهلال الأحمر الفلسطيني بأن القذيفة الأولى استهدفت الطوابق العليا من المبنى، تلتها قذيفة ثانية أثناء تفقد الموظفين للأضرار، ثم استهدفت قذيفة ثالثة الطابق الأرضي خلال محاولات إخماد الحريق، ما يشير إلى استهداف الموقع بشكل متكرر خلال عمليات الإنقاذ.,
INC-244,Kuwait Field Hospital,ID Not Found,غير محدد,تعرض المستشفى لهجوم مما تسبب في اندلاع حريق,"شنت القوات الصهيونية هجومًا على مستشفى الكويت التخصصي في مدينة رفح، جنوب قطاع غزة، وأضرمت النيران في أجزاء كبيرة منه.

وفي بيان صحفي، أدان مدير المستشفى الكويتي، الدكتور صهيب الهمس، استهداف قوات الاحتلال الممنهج للمستشفيات في قطاع غزة وإخراجها عن الخدمة. ووصف الوضع الصحي في رفح بأنه كارثي للغاية.",
INC-245,Kuwait Field Hospital,ID Not Found,غارة جوية (في الجوار),قصف الجيش الإسرائيلي المنطقة القريبة من المستشفى,كان مراسل قناة الجزيرة، هاني محمود، ينقل الأخبار مباشرة عندما سقطت قصف صاروخي إسرائيلي على مبانٍ خلفه. وواصل تغطيته للأحداث بينما كان الناس يفرون من مكان الحادث، بالقرب من المستشفى الكويتي في منطقة سكنية مكتظة بالسكان في رفح جنوب قطاع غزة.,
INC-246,UNRWA Health Centre,FAC-038,إطلاق نار حي / إطلاق نار,تعرض مركز الأونروا الصحي في مخيم ماغازي لإطلاق نار، مما تسبب في أضرار طفيفة.,في السادس من مايو/أيار، أفادت التقارير بتعرض مركز صحي تابع للأونروا في مخيم ماغازي لإطلاق نار من قبل القوات الإسرائيلية في شرق ماغازي. وأُبلغ عن أضرار طفيفة لحقت بالمركز الصحي، ولم تُسجل أي إصابات بين العاملين فيه.,
INC-247,UNRWA Health Centre,FAC-038,شظايا,تم العثور على شظايا في مركز صحي بالمنطقة الشمالية,تم العثور على شظايا في مركز صحي في المنطقة الشمالية.,
INC-248,UNRWA Health Centre,FAC-038,غارة جوية,مركز صحي في مدينة غزة يتضرر جراء غارة جوية,تعرض مركز صحي تابع لوكالة الأونروا في مدينة غزة، بالإضافة إلى ثلاث شاحنات متوقفة خارج المركز، لأضرار جانبية نتيجة غارة جوية استهدفت مبنىً مجاوراً.,
INC-249,UNRWA Health Centre,FAC-038,حصار (نقص في الوقود),يعاني مركزان صحيان من نقص حاد في الوقود، وسيضطران إلى الإغلاق إذا لم يحصلا على المزيد.,تتناقص مخزونات الديزل اللازمة لتشغيل المراكز الصحية بشكل حاد. يكفي مخزون الديزل الحالي في مركز شابورة الصحي برفح ليوم واحد فقط، بينما يكفي في مركز خان يونس الصحي ليومين. إذا لم يتم تجديد مخزون الديزل بحلول غدٍ (12 أكتوبر)، فهناك خطر كبير من إغلاق هذين المركزين الصحيين.,
INC-250,UNRWA Health Centre,FAC-038,غير محدد,أضرار جانبية لحقت بالمركز الصحي,كما تضرر مركز صحي تابع للأونروا في مخيم النصيرات بالمنطقة الوسطى جراء الأضرار الجانبية.,
INC-251,UNRWA Health Centre,FAC-038,الغارات الجوية (في المنطقة المجاورة),تأثر المركز الصحي بإضراب في المنطقة المجاورة,تأثرت مدرستان تابعتان لوكالة الأونروا ومركز صحي واحد في خان يونس بشكل غير مباشر عندما استهدف قصف مسجداً مجاوراً.,
INC-252,UNRWA Health Centre,FAC-038,غير محدد,تأثر مركز صحي في منطقة الرمال بمدينة غزة جراء غارة جوية,تأثرت مدرسة تابعة للأونروا ومركز صحي في منطقة الرمال بمدينة غزة جراء غارة جوية. وبحسب التقارير التي تلقتها الأونروا، كان ما بين 1000 و2500 نازح يقيمون في المركز الصحي. وقد تمكنت الأونروا من تنسيق عملية إجلاء آمنة لمجموعة من النازحين من المركز الصحي إلى جنوب وادي غزة، بينما لا يزال الباقون يقيمون فيه.,
INC-253,UNRWA Health Centre,FAC-038,غزو ​​/ هجوم بري,اقتحمت القوات الإسرائيلية مركزين صحيين، وأجبرت النازحين على مغادرتهما، وقصفت المركزين بالمدفعية. كما يُزعم أنها استخدمت المركزين في عمليات عسكرية إسرائيلية.,تلقت الأونروا تقارير مقلقة للغاية تفيد بأن قوات الأمن الإسرائيلية اقتحمت مدرسة ومركزين صحيين في مدينة غزة بالدبابات، واستخدمت هذه المنشآت في عمليات عسكرية. وتشير التقارير التي تلقتها الأونروا إلى أن قوات الأمن الإسرائيلية أجرت استجوابات واعتقالات للنازحين داخل هذه المنشآت. وفي أحد المركزين الصحيين، أفادت التقارير بمقتل خمسة أشخاص. وبحسب التقارير، أُجبر النازحون لاحقًا على مغادرة منشآت الأونروا والتوجه جنوبًا نحو وادي غزة. وأفاد شهود عيان بأن القوات الإسرائيلية قصفت المركزين الصحيين بالمدفعية. وتجري الأونروا مزيدًا من التحقق من هذه التقارير. وفي حال تأكدت هذه التقارير، فإن استخدام منشآت الأونروا لأغراض عسكرية يثير مخاوف جدية، إذ يُعرّض المدنيين لخطر جسيم. ويُعدّ توجيه الهجمات ضدّ المعاونين المدنيين انتهاكًا خطيرًا للقانون الدولي. كما تتمتع المراكز الصحية، على وجه الخصوص، بحماية خاصة ضدّ الهجمات.,
INC-254,UNRWA Health Centre,FAC-038,ضربة مباشرة,تعرض مركز صحي لهجوم تسبب في أضرار,تعرض أحد المراكز الصحية في المناطق الوسطى لضربة مباشرة مما أدى إلى أضرار جسيمة في المبنى.,
INC-255,UNRWA Health Centre,FAC-038,الغارات الجوية (في المنطقة المجاورة),تضرر مركز صحي جراء إضراب قريب,بعد مزيد من عمليات التحقق، تم الإبلاغ عن تسعة حوادث إضافية أثرت على منشآت الأونروا في قطاع غزة. ولحقت أضرار جانبية بست مدارس ومركز صحي ومركز للمكفوفين ومركز تدريب جراء غارات جوية قريبة.,
INC-256,UNRWA Health Centre,FAC-038,توقف العمليات,أُغلق مركز صحي في المنطقة الجنوبية بسبب الأعمال العدائية.,في السادس من ديسمبر، تم إغلاق أحد المراكز الصحية التسعة النشطة في المنطقة الجنوبية بسبب تصاعد الأعمال العدائية في خان يونس.,
INC-257,UNRWA Health Centre,FAC-038,غير محدد,تأثر مركز صحي بحدث غير محدد,في 8 ديسمبر، تم الإبلاغ حتى الآن عن 13 حادثة أثرت على منشآت الأونروا (11 مدرسة ومرفقين صحيين) والنازحين المقيمين فيها. وبينما لا يزال التحقق من التفاصيل وأعداد الضحايا جارياً، تشير التقارير الأولية إلى ما يلي: أربع حوادث أثرت على منشآت الأونروا دون وقوع إصابات، بما في ذلك مركز توزيع ومركز صحي في جباليا...,
INC-258,UNRWA Health Centre,FAC-038,إخلاء قسري,وردت أنباء عن عمليات إجلاء قسري وإطلاق نار في مراكز صحية في جباليا,تأثر مركزان صحيان في جباليا - في أحدهما، عانى النازحون من استنشاق الدخان؛ وفي الآخر، الذي يستضيف حوالي 7000 شخص، أفادت التقارير بإطلاق النار على شخصين خارج المرافق عندما حاولا مغادرة المأوى، الذي تعرض لضربات مباشرة عدة مرات.,
INC-259,UNRWA Health Centre,FAC-038,شظايا,أصابت شظايا منطقة الحراسة في مركز صحي,في 10 يناير 2024، أصابت شظايا غرفة الحراس في مركز صحي بالمنطقة الوسطى، مما تسبب في بعض الأضرار. ولم ترد أنباء عن وقوع إصابات.,
INC-260,UNRWA Health Centre,FAC-038,الإضرابات,تعرض مركز صحي في مدينة غزة لقصف مباشر، مما أدى إلى تدمير غرفتين ومقتل ثلاثة نازحين وإصابة العديد.,في 16 يناير/كانون الثاني، أفادت التقارير بتعرض مركز صحي في مدينة غزة لقصف مباشر، حيث أصيبت غرفتان على الأقل. وأسفر القصف عن مقتل ثلاثة نازحين كانوا يحتمون بالمركز، وإصابة آخرين بجروح. وتعمل وكالة الأونروا على تحديد عدد النازحين داخل المركز وقت وقوع الحادث، وعدد الإصابات.,
INC-261,UNRWA Health Centre,FAC-038,إطلاق نار حي / إطلاق نار,أصيب جدار مركز صحي برصاص طائش,في 20 يناير 2024، أصابت رصاصتان طائشتان المبنى الغربي لمركز صحي في خان يونس، والذي يضم أيضاً غرفة عمليات الأونروا الإقليمية التي تُنسق منها عمليات الطوارئ. ولم ترد أنباء عن وقوع إصابات.,
INC-262,UNRWA Health Centre,FAC-038,توقف العمليات,تم إغلاق مركزين صحيين في خان يونس.,في 22 يناير، لم يكن سوى أربعة مراكز صحية تابعة للأونروا (من أصل 22) تعمل. ويأتي هذا بعد إغلاق مركزين صحيين في خان يونس عقب العمليات العسكرية لقوات الأمن العراقية.,
INC-263,UNRWA Health Centre,FAC-038,الإضرابات,تعرض المركز الصحي لهجوم مما أدى إلى إلحاق أضرار بالمبنى,في 16 نوفمبر 2023، تعرض مركز صحي في مدينة غزة لقصف مباشر، مما أدى إلى إلحاق أضرار بالمبنى والجدار الحدودي.,
INC-264,UNRWA Health Centre,FAC-038,غارة جوية (في الجوار),تضرر مركز صحي عندما أصيبت مدرسة مجاورة,تعرض مركز صحي في المنطقة الوسطى لأضرار جانبية عندما تأثرت مدرسة مجاورة. ولم ترد أنباء عن وقوع إصابات.,
INC-265,UNRWA Health Centre,FAC-038,غارة جوية (في الجوار),جميع نوافذ الطابق الثالث محطمة بسبب إضراب على مسجد مجاور,في 12 فبراير 2024، تعرض مركز صحي في رفح لأضرار جانبية جراء قصف استهدف مسجداً مجاوراً. فقد تحطمت جميع نوافذ الطابق الثالث من الجهة الشمالية للمبنى. ولم ترد أنباء عن وقوع إصابات بين النازحين الذين كانوا يحتمون بالمركز الصحي.,
INC-266,UNRWA Health Centre,FAC-038,الإضرابات,تضرر مركز صحي في مدينة غزة جراء القصف,في 17 ديسمبر 2023، أفادت التقارير أن مركزًا صحيًا في مدينة غزة قد تعرض لأضرار جسيمة نتيجة لغارات جوية وبرية مختلفة.,
INC-267,UNRWA Health Centre,FAC-038,قصف,تعرض المركز الصحي للقصف والتدمير من قبل جيش الدفاع الإسرائيلي,في 15 يناير 2024، تعرض مركز صحي في خان يونس لقصف مباشر بقذائف دبابات متعددة. كما أفادت التقارير أن الجيش الإسرائيلي هدم أجزاءً من الفناء الخارجي للمركز وأجرى حفريات داخله. لم تُسجّل أي إصابات، لكن المبنى لحقت به أضرار.,
INC-268,UNRWA Health Centre,FAC-038,الإضرابات,مبنى متضرر جراء ضربة مباشرة,في 13 مارس 2024 (تاريخ تقديري، سيتم تأكيده)، تعرض مركز صحي في شمال غزة لقصف مباشر مما أدى إلى إلحاق أضرار بالمبنى.,
INC-269,UNRWA Health Centre,FAC-038,شظايا,تعرض منزل مجاور للقصف، مما أدى إلى أضرار في المركز وإصابة أحد النازحين داخلياً.,في الخامس من مايو/أيار 24، ونتيجة لقصف استهدف منزلاً مجاوراً للمركز الصحي في رفح، أصيب طفل نازح كان داخل المركز بجرح طفيف جراء شظايا أصابت قدمه. ولحقت أضرار بالمركز الصحي شملت الألواح الشمسية والنوافذ وخزانات المياه والجدران.,
INC-270,UNRWA Health Centre,FAC-038,قصف,تضرر جدار المركز الصحي جراء القصف,في الساعات الأولى من صباح العاشر من مايو/أيار، أفادت التقارير بتضرر الجدار الخارجي الشرقي لمركز صحي في مدينة غزة جراء القصف. وذكرت التقارير أن نحو 2300 شخص كانوا يحتمون بالمركز الصحي وقت وقوع الحادث.,
INC-271,UNRWA Health Centre,FAC-038,غزو ​​/ هجوم بري,دمرت القوات الإسرائيلية جدارًا خارجيًا بالإضافة إلى الصيدلية والمتجر الطبي في مركز صحي، وأجبرت النازحين على الإخلاء.,في 13 مايو/أيار 2024، أفادت التقارير بدخول قوات الأمن العراقية مركزًا صحيًا في مدينة غزة، وهدم جدارًا خارجيًا، وصيدلية، ومخزنًا للأدوية. كما أفادت التقارير بإجبار النازحين الذين كانوا يحتمون بالمركز الصحي على إخلائه. ووفقًا لمعلومات حصلت عليها الأونروا، كان نحو 2300 نازح يحتمون بالمركز الصحي في الأسبوع الذي سبق الحادث؛ إلا أنه منذ 11 مايو/أيار 2024، بدأ النازحون بالفرار إلى غرب غزة بسبب تصاعد العمليات العسكرية لقوات الأمن العراقية والقصف العنيف للمنطقة.,
INC-272,UNRWA Health Centre,FAC-038,ضربة مباشرة,تعرض المركز الصحي لهجوم مباشر، مما أسفر عن مقتل 11 شخصًا وإصابة 25 آخرين، وتسبب في أضرار جسيمة للمبنى.,في 14 مايو/أيار 2024، قُتل 11 نازحًا وأصيب 25 آخرون بجروح عندما استُهدف مركز صحي في مدينة غزة قصفًا مباشرًا. ولحق بالمركز أضرار جسيمة، شملت تدمير غرف الحراسة بالكامل، وغرفة المولد الكهربائي الكبير وخزان الوقود الخاص به، والمولدات الكهربائية، وخزانات المياه، والألواح الشمسية. وكان المركز الصحي آنذاك يضم ست عائلات نازحة (حوالي 50 نازحًا)، أُجبرت على النزوح إلى غرب مدينة غزة.,
INC-273,UNRWA Health Centre,FAC-038,الحصار,مراكز الأونروا الصحية لا تتلقى الإمدادات الطبية أو الأدوية بسبب إغلاق معبري رفح وكرم شالوم,لم تتلقَ المراكز الصحية التابعة للأونروا أي إمدادات طبية خلال الأيام الاثني عشر الماضية بسبب إغلاق معبري رفح وكرم شالوم أو انقطاع الإمدادات عنهما. وقد أثر ذلك على مخزون الأدوية، ولا سيما الأدوية العامة كالمضادات الحيوية للأطفال وأدوية الصرع. كما نفدت بعض مستلزمات المختبرات وطب الأسنان واللقاحات.,
INC-274,UNRWA Health Centre,FAC-038,قصف,تعرض مركز للقصف مما تسبب في أضرار ونشوب حريق في المبنى,في 17 مايو/أيار 2024، أفادت التقارير أن دبابة تابعة لقوات الأمن الإسرائيلية قصفت مركزًا صحيًا في شمال غزة، مما أدى إلى أضرار في المبنى (بما في ذلك حريق). ولم يتم تأكيد حجم الأضرار حتى الآن. كما وردت أنباء عن إجبار نازحين كانوا يحتمون بالمبنى على إخلائه.,
INC-275,UNRWA Health Centre,FAC-038,قصف,تعرض الطابق الثاني من المركز الصحي للقصف,في 27 مايو 2024، أفادت التقارير أن دبابة تابعة لقوات الأمن العراقية قصفت الطابق الثاني من مركز صحي في المنطقة الوسطى، مما أدى إلى أضرار لم يتم تأكيد حجمها الكامل بعد. ولم ترد أنباء عن وقوع إصابات.,
INC-276,UNRWA Health Centre,FAC-038,قصف,الطابق الثالث من المركز الصحي,في 30 مايو 2024، الساعة 11:00، أفادت التقارير أن دبابة تابعة لقوات الأمن العراقية قصفت الطابق الثالث من الجهة الشرقية لمركز صحي في المنطقة الوسطى، مما أدى إلى إلحاق أضرار بالمبنى، ولم يتم التحقق من حجمها بعد. ولم ترد أنباء عن وقوع إصابات.,
INC-277,UNRWA Health Centre,FAC-038,قصف,تعرض مركز صحي كان يُستخدم كملجأ للقصف، مما أسفر عن مقتل شخص وإصابة آخرين.,في 4 يونيو 2024، أفادت التقارير أن قوات الأمن الداخلي قصفت مركزًا صحيًا يستخدم حاليًا أيضًا كمأوى طارئ في المنطقة الوسطى، مما أسفر عن مقتل طفل وإصابة العديد من النازحين داخليًا.,
INC-278,UNRWA Health Centre,FAC-038,قصف,تعرض مركز صحي للقصف، مما تسبب في أضرار.,في 5 يونيو 2024، أفادت التقارير أن دبابة تابعة لقوات الأمن الإسرائيلية قصفت مركزًا صحيًا يستخدم حاليًا أيضًا كمأوى طوارئ في المنطقة الوسطى، مما تسبب في إلحاق أضرار بالمبنى، ولا يزال مدى هذه الأضرار غير معروف في الوقت الحالي.,
INC-279,UNRWA Health Centre,FAC-038,إخلاء قسري,أوامر إخلاء منطقة المواسي في خان يونس تجبر أربعة مراكز صحية على الإغلاق,تؤثر أوامر الإخلاء بشكل مباشر على خدمات الصحة والمياه والصرف الصحي والنظافة، حيث اضطرت أربعة مراكز صحية ونقاط طبية و10 مرافق حيوية للمياه والصرف الصحي والنظافة إلى إيقاف عملياتها.,
INC-280,UNRWA Health Centre,FAC-038,توقف العمليات,أُجبر مركز صحي على الإغلاق بسبب تصاعد حدة القتال في المنطقة,منذ التحديث الأخير، تم إغلاق أحد المراكز الصحية التابعة للأونروا بسبب القصف الشديد بالقرب من المركز الصحي وتزايد انعدام الأمن والقتال في المنطقة.,
INC-281,UNRWA Health Centre,FAC-038,توقف العمليات,أُجبرت مراكز صحية متعددة على الإغلاق بسبب أوامر الإخلاء والقتال العنيف,في حين استمرت الخدمات الصحية، تم إغلاق النقاط الطبية في غزة وشمال غزة بسبب انعدام الأمن وأوامر الإخلاء، كما تم إغلاق مركزين صحيين في مدينة غزة وشمال غزة بسبب الغارات الجوية الكثيفة والمتواصلة في مخيم جباليا أو بالقرب منه.,
INC-282,UNRWA Health Centre,FAC-038,إخلاء قسري,أُجبر النازحون داخلياً على إخلاء مركز صحي,في 23 أكتوبر 2024، أفادت التقارير أن القوات الإسرائيلية قامت بإجلاء قسري للنازحين الذين كانوا يحتمون داخل مركز صحي تابع للأونروا ومدرسة تابعة للأونروا في جباليا باتجاه مدينة غزة الغربية وجنوب قطاع غزة.,
INC-283,UNRWA Health Centre,FAC-038,غير محدد,صورة تُظهر جنديًا إسرائيليًا ودبابة خارج مركز الأونروا الصحي في رفح، مع وجود أضرار في المبنى. ويُظهر مقطع فيديو نُشر بعد بضعة أيام جنودًا من جيش الدفاع الإسرائيلي على سطح المركز الصحي وهم يُصوّرون عملية هدم في الحي المحيط.,في 5 نوفمبر/تشرين الثاني 2024، نُشرت صورة على الإنترنت تُظهر دبابات تابعة للقوات الإسرائيلية وجنديًا داخل مركز الأونروا الصحي في رفح. تُظهر الصورة أضرارًا لحقت بهذا المرفق التابع للأمم المتحدة. وفي 8 نوفمبر/تشرين الثاني 2024، انتشر مقطع فيديو يُظهر جنودًا إسرائيليين على سطح مركز رفح الصحي في مخيم رفح. وذكرت صورة نُشرت في مقال بمجلة +972 أن معظم الأضرار التي لحقت بالمركز الصحي وقعت في 15 يوليو/تموز 2024، ولكن لا يبدو أن هناك مقالات أو تقارير أخرى تؤكد ذلك.,
INC-284,UNRWA Health Centre,FAC-038,مدمر,أفادت التقارير بتعرض المركز الصحي في جباليا لأضرار بالغة,في 7 نوفمبر/تشرين الثاني 2024، تلقت الأونروا تقارير تفيد بتعرض مركز جباليا الصحي لتدمير شديد، يُزعم أنه حدث في سياق العملية العسكرية التي شنتها القوات الإسرائيلية في جباليا والتي بدأت في 6 أكتوبر/تشرين الأول 2024. ويُظهر مقطع فيديو نُشر على الإنترنت هذا المرفق التابع للأمم المتحدة محترقًا ومتضررًا بشدة. ولم يُحدد التاريخ الدقيق لهذا التدمير. إضافةً إلى ذلك، تعرض مركز جباليا الصحي لأضرار بالغة في يوليو/تموز 2024، ولا يزال من غير الواضح ما هو حجم الدمار الذي لحق به في يوليو/تموز وما هو في أكتوبر/تشرين الأول أو نوفمبر/تشرين الثاني.,
INC-285,UNRWA Health Centre,FAC-038,غارة جوية (في الجوار),إضراب في محيط المركز الصحي,في الثامن من يناير/كانون الثاني، أفادت التقارير بأن القوات الإسرائيلية شنت غارة جوية بالقرب من مركز صحي تابع لوكالة الأونروا في مخيم دير البلح. وأُفيد بمقتل أربعة فلسطينيين وإصابة آخرين بجروح خارج المركز. كما وردت أنباء عن أضرار طفيفة لحقت بنوافذ المركز الصحي.,
INC-286,UNRWA Health Centre,FAC-038,قصف مدفعي,تعرض مركز صحي في المغازي لقصف مدفعي مباشر,في 18 يناير/كانون الثاني، قصفت القوات الإسرائيلية الطابق الثالث من مركز صحي تابع للأونروا في المغازي بقذيفة مدفعية مباشرة. ويجري التحقق من حجم الأضرار التي لحقت بالمركز الصحي.,
INC-287,UNRWA Health Centre,FAC-038,غارة جوية (في الجوار),تضرر مركز صحي جراء إضراب قريب,في 20 مارس/آذار، أفادت التقارير بتعرض مركز صحي تابع للأونروا في منطقة معان، شرق خان يونس، لأضرار طفيفة جراء غارة جوية شنتها القوات الإسرائيلية في مكان قريب. ولم ترد أنباء عن وقوع إصابات.,
INC-288,UNRWA Health Centre,FAC-038,غارة جوية (في الجوار),تأثر المركز الصحي بالإضراب المجاور,في 21 مارس، أفادت التقارير أن غارة جوية شنتها القوات الإسرائيلية في منطقة الناصر، شمال غرب مدينة غزة، أثرت على مركز صحي تابع للأونروا في الرمال، مما تسبب في أضرار طفيفة.,
INC-289,UNRWA Health Centre,FAC-038,غير محدد,تعرض الطابق الأول من مركز جباليا الصحي لهجوم، مما أدى إلى تدمير غرفتين ومقتل 15 شخصًا كانوا يحتمون هناك.,"في الثاني من أبريل/نيسان، قصفت القوات الإسرائيلية غرفتين في الطابق الأول من مركز صحي مدمر تابع لوكالة الأونروا في جباليا. كان الموقع يُستخدم كمأوى تديره الأونروا لـ 160 عائلة نازحة (أي حوالي 735 شخصًا) وقت قصفه. ولم يتلقَ موظفو الأونروا القائمون على إدارة المأوى أي إشارات تحذيرية قبل الضربة. وأُفيد بمقتل 15 نازحًا، بينهم تسعة أطفال، في الضربة. ونشر المفوض العام للأونروا على منصة إكس (المعروفة سابقًا باسم تويتر) أن ""التجاهل التام لموظفي الأمم المتحدة ومبانيها وعملياتها يُعد انتهاكًا صارخًا للقانون الدولي""، ودعا مجددًا إلى ""إجراء تحقيقات مستقلة لكشف ملابسات كل هجوم من هذه الهجمات والانتهاكات الجسيمة"".",
INC-290,UNRWA Health Centre,FAC-038,غارة جوية (في الجوار),تضرر مركز صحي عندما تعرضت مكاتب الأونروا المجاورة للقصف.,في التاسع من مايو/أيار، أفادت التقارير بتعرض مكتب الأونروا لغارتين جويتين مباشرتين من قبل القوات الإسرائيلية في جباليا، ما أدى إلى تدميره بالكامل. كما لحقت أضرار متوسطة إلى بالغة بثلاثة مواقع تابعة للأونروا مجاورة - مركز توزيع، ومتجر للمواد غير الغذائية، ومركز صحي - جراء الغارات الجوية. ولم ترد أنباء عن وقوع إصابات بين موظفي الأونروا.,
INC-291,UNRWA Health Centre,FAC-038,غارة جوية (في الجوار),أدت غارة جوية قريبة إلى تحطيم نوافذ مركز صحي,في 17 مايو، أفادت التقارير أن مركزًا صحيًا تابعًا للأونروا في مدينة حمد، شمال قطاع غزة، قد تأثر بشكل غير مباشر بغارة جوية شنتها القوات الإسرائيلية في مكان قريب، مما أدى إلى تحطيم النوافذ.,
INC-292,UNRWA Health Centre,FAC-038,غارة جوية (في الجوار),أسفرت غارة جوية في المنطقة عن تحطيم النوافذ,في 17 مايو، أفادت التقارير أن مركز تدريب تابع للأونروا ومركزًا صحيًا في قارارة، شرق خان يونس، قد تأثرا بشكل غير مباشر بغارة جوية وقصف مدفعي شنته القوات الإسرائيلية، مما أدى إلى تحطيم النوافذ.,
INC-293,UNRWA Health Centre,FAC-038,إطلاق نار حي / إطلاق نار,مركز صحي يتعرض لهجوم برصاص طائش,في الرابع من يونيو/حزيران، أصابت رصاصتان طائشتان (مصدرهما مجهول) الجانب الشمالي الشرقي من الطابق الثاني لمركز صحي تابع للأونروا في خان يونس. وأُفيد عن أضرار طفيفة لحقت بالمنشأة، دون وقوع إصابات بين موظفي الأونروا.,
INC-294,UNRWA Health Centre,FAC-038,شظايا,تضررت الألواح الشمسية في المركز الصحي جراء الشظايا أو الرصاص,في 25 يونيو 2025، أفادت التقارير بالعثور على لوحين شمسيين تابعين لمركز صحي تابع للأونروا في خان يونس متضررين بسبب الشظايا أو الرصاص (مصدر الرصاص/الشظايا غير معروف).,
INC-295,UNRWA Health Centre,FAC-038,غير محدد (في الجوار),تسبب متفجر إسرائيلي في إلحاق أضرار بمركز صحي في خان يونس,في الثاني من أغسطس/آب، أفادت التقارير بتأثر مركز صحي تابع للأونروا في خان يونس بشكل غير مباشر جراء تفجير عبوة ناسفة آلية نفذتها القوات الإسرائيلية في المنطقة المجاورة. وأُبلغ عن أضرار طفيفة في المركز، ولم تُسجل أي إصابات بين موظفي الأونروا.,
INC-296,UNRWA Health Centre,FAC-038,غارة جوية (في الجوار),أدت الضربات المباشرة بالقرب من مركز صحي إلى أضرار,تقرير متأخر: في 5 أغسطس/آب 2025، أفادت التقارير بتعرض مركز صحي تابع للأونروا لغارة جوية إسرائيلية في منطقة الشيخ رضوان، شمال شرق مدينة غزة، حيث استهدفت الغارات مباني قريبة من المركز بشكل مباشر. وأُبلغ عن أضرار جسيمة لحقت بالمركز، دون وقوع إصابات بين موظفي الأونروا.,
INC-297,UNRWA Health Centre,FAC-038,قذيفة دبابة,أصابت قذيفة دبابة مركزًا صحيًا مما تسبب في أضرار,في الثاني من سبتمبر/أيلول 2025، أفادت التقارير بتعرض مركز صحي تابع للأونروا في منطقة درج، شرق مدينة غزة، لقصف بقذيفة دبابة إسرائيلية. وأُبلغ عن أضرار طفيفة في المركز، دون وقوع إصابات بين موظفي الأونروا.,
INC-298,UNRWA Health Centre,FAC-038,توقف العمليات,اضطر المركز الصحي إلى الإغلاق بعد أن تسبب إضراب قريب في إلحاق أضرار بالمبنى.,في 12 سبتمبر/أيلول 2025، أفادت التقارير بتضرر مركز صحي تابع للأونروا جراء غارة جوية في حي الناصر، غرب مدينة غزة. وأُبلغ عن أضرار جسيمة لحقت بالمنشأة، دون وقوع إصابات بين موظفي الأونروا.,
INC-299,UNRWA Health Centre,FAC-038,توقف العمليات,تسبب هجوم على مدرسة مجاورة في أضرار جسيمة للمركز مما أجبره على الإغلاق,اضطرت وكالة الأونروا إلى تعليق جميع الخدمات الصحية في مركزين صحيين بمدينة غزة منذ 13 سبتمبر/أيلول، بعد تعرضهما لأضرار جسيمة. وشمل ذلك تعليق العمل في مركز بيتش كامب الصحي، وهو المركز الصحي الوحيد التابع للأونروا العامل شمال وادي غزة. وكان هذا المركز يقدم سابقًا خدمات الرعاية الصحية، بما في ذلك رعاية المرضى الخارجيين، ورعاية الأم والطفل، والعلاج الطبيعي، وعلاج الأمراض غير المعدية، والتطعيم لأكثر من ألف مريض يوميًا. وفي 13 سبتمبر/أيلول 2025، أفادت التقارير بتأثر مركز صحي تابع للأونروا بشكل غير مباشر جراء غارة جوية استهدفت مجمع مدرسة الأونروا المجاور في بيتش كامب، غرب مدينة غزة. وأُفيد بوقوع أضرار جسيمة في المركز الصحي، دون وقوع إصابات بين موظفي الأونروا.,
INC-300,UNRWA Health Centre,FAC-038,إطلاق نار حي / إطلاق نار,تعرضت بوابة مركز الأونروا الصحي لإطلاق نار إسرائيلي.,في التاسع من أكتوبر/تشرين الأول، أفادت التقارير بتعرض الجانب الشمالي من مدرسة تابعة للأونروا وبوابة مركز صحي تابع لها في منطقة النصيرات لإطلاق نار من قبل القوات الإسرائيلية. ولم ترد أنباء عن وقوع إصابات بين موظفي الأونروا، بينما تم الإبلاغ عن أضرار طفيفة.,
INC-301,UNRWA Health Centre,FAC-038,إطلاق نار حي / إطلاق نار,إطلاق نار في منطقة المركز الصحي يتسبب في أضرار للمبنى,في 9 ديسمبر/كانون الأول 2025، أفادت التقارير بتعرض مركز صحي تابع للأونروا في المغازي لإصابة غير مباشرة برصاصتين على الأقل نتيجة إطلاق نار عشوائي من قبل القوات الإسرائيلية في المناطق الواقعة شرق المغازي الشرقية، المنطقة الوسطى. ولم ترد أنباء عن وقوع إصابات بين موظفي الأونروا، بينما وردت أنباء عن أضرار طفيفة في المركز. وفي 13 ديسمبر/كانون الأول 2025، أفادت التقارير بتعرض مركز صحي تابع للأونروا في المغازي لإصابة برصاصة نتيجة عملية عسكرية للقوات الإسرائيلية في المناطق المجاورة، المغازي الشرقية، جنوب قطاع غزة. وردت أنباء عن أضرار طفيفة في المركز، ولم ترد أنباء عن وقوع إصابات بين موظفي الأونروا. وفي 14 ديسمبر/كانون الأول 2025، أفادت التقارير بتعرض مركز صحي تابع للأونروا لإصابة برصاص نتيجة عمليات للقوات الإسرائيلية في المناطق المجاورة، المغازي الشرقية، جنوب قطاع غزة. وردت أنباء عن أضرار طفيفة في المركز، ولم ترد أنباء عن وقوع إصابات بين موظفي الأونروا.,
INC-302,UNRWA Health Centre,FAC-038,قذيفة دبابة,تعرض مركز جباليا الصحي لقصف بقذيفة دبابة,في 25 يناير/كانون الثاني، أفادت التقارير بتعرض مركز صحي تابع للأونروا لقصف مباشر بالدبابات الإسرائيلية في مخيم جباليا، شمال قطاع غزة. وأُبلغ عن أضرار جسيمة لحقت بالمنشأة، ولم تُسجل أي إصابات بين موظفي الأونروا.,
INC-303,UNRWA Health Centre,FAC-038,إطلاق نار حي / إطلاق نار,مركز صحي يتعرض لهجوم بالرصاص,في 30 يناير، أفادت التقارير بتعرض مركز صحي تابع للأونروا لإصابة غير مباشرة جراء إطلاق نار من طائرة مسيرة تابعة للقوات الإسرائيلية في ماغازي. وأُبلغ عن أضرار طفيفة في المنشأة، ولم تُسجل أي إصابات بين موظفي الأونروا.,
INC-304,UNRWA Health Centre,FAC-038,اشتباكات مسلحة (في المنطقة المجاورة),تعرض مركز صحي لحريق ناجم عن طائرة رباعية المراوح طائشة,في 24 مارس/آذار، أفادت التقارير بتعرض مركز صحي تابع للأونروا في منطقة البريج بالمنطقة الوسطى لإصابة غير مباشرة برصاصة ناجمة عن قصف جوي من طائرات بدون طيار تابعة للقوات الإسرائيلية. وأُبلغ عن أضرار طفيفة لحقت بالمنشأة، دون وقوع إصابات بين موظفي الأونروا.,
INC-305,UNRWA Health Centre,FAC-038,إطلاق نار حي / إطلاق نار,تضرر مركز صحي جراء إطلاق النار من جراء القتال في المنطقة,في 16 أبريل/نيسان، أفادت التقارير بتعرض مركز صحي تابع للأونروا في منطقة ماغازي لإطلاق نار كثيف من قبل القوات الإسرائيلية في شرق ماغازي، المنطقة الوسطى. وأُبلغ عن أضرار طفيفة في المركز، دون وقوع إصابات بين موظفي الأونروا.,
INC-306,UNRWA Health Centre,FAC-038,غير محدد الهوية,تعرض مركز المغازي الصحي للقصف مما أدى إلى اندلاع حريق,في 27 ديسمبر/كانون الأول، حوالي الساعة 4:30 مساءً، أفادت التقارير أن القوات الإسرائيلية قصفت مركز ماغازي الصحي، مما أدى إلى اندلاع حريق في المبنى. ولم ترد أنباء عن وقوع إصابات.,
INC-307,Al-Aqsa Martyrs Hospital,FAC-006,الإضرابات,استهدفت غارة جوية إسرائيلية مستودعات الأدوية الملحقة بمستشفى الأقصى، كما لحقت أضرار طفيفة بمبنى المستشفى.,قصفت القوات الإسرائيلية مستودعين طبيين متصلين بمستشفى شهداء الأقصى، ودمرت الإمدادات المخزنة هناك، بما في ذلك محاليل الحقن الوريدي، والمواد المستخدمة في غسيل الكلى ووحدات العناية المركزة.,
INC-308,Dr Abdul Aziz Rantisi Children's Specialty Hospital,FAC-011,,,,
,,,,,,
,,,,,,
,,,,,,
,,,,,,
,,,,,,
,,,,,,
,,,,,,
,,,,,,
,,,,,,
,,,,,,
,,,,,,
,,,,,,
,,,,,,
,,,,,,
,,,,,,
,,,,,,
,,,,,,
,,,,,,
,,,,,,
,,,,,,
,,,,,,
,,,,,,
,,,,,,
,,,,,,
,,,,,,
,,,,,,
,,,,,,
,,,,,,
,,,,,,
,,,,,,
,,,,,,
,,,,,,
,,,,,,
,,,,,,
,,,,,,
,,,,,,
,,,,,,
,,,,,,
,,,,,,
,,,,,,
,,,,,,
,,,,,,
,,,,,,
,,,,,,
,,,,,,
,,,,,,
,,,,,,
,,,,,,
,,,,,,
,,,,,,
,,,,,,
,,,,,,
,,,,,,
,,,,,,
,,,,,,
,,,,,,
,,,,,,
,,,,,,
,,,,,,
,,,,,,
,,,,,,
,,,,,,
,,,,,,
,,,,,,
,,,,,,
,,,,,,
,,,,,,
,,,,,,
INC-377, ,ID Not Found,,,,
INC-378, ,ID Not Found,,,,
,,,,,,
,,,,,,
,,,,,,
,,,,,,
,,,,,,
,,,,,,
,,,,,,
,,,,,,
,,,,,,
,,,,,,
,,,,,,
,,,,,,
,,,,,,
,,,,,,
,,,,,,
,,,,,,
,,,,,,
,,,,,,
,,,,,,
,,,,,,
,,,,,,
,,,,,,
,,,,,,
,,,,,,
,,,,,,
,,,,,,
,,,,,,
,,,,,,
,,,,,,
,,,,,,
,,,,,,
,,,,,,
,,,,,,
,,,,,,
,,,,,,
,,,,,,
,,,,,,
,,,,,,
,,,,,,
,,,,,,
,,,,,,
,,,,,,
,,,,,,
,,,,,,
,,,,,,
,,,,,,
,,,,,,
,,,,,,
,,,,,,
,,,,,,
,,,,,,
,,,,,,
,,,,,,
,,,,,,
,,,,,,
,,,,,,
,,,,,,
,,,,,,
,,,,,,
,,,,,,
,,,,,,
,,,,,,
,,,,,,
,,,,,,
,,,,,,
,,,,,,
,,,,,,
,,,,,,
,,,,,,
,,,,,,
,,,,,,
,,,,,,
,,,,,,
,,,,,,
,,,,,,
,,,,,,
,,,,,,
,,,,,,
,,,,,,
,,,,,,
,,,,,,
,,,,,,
,,,,,,
,,,,,,
,,,,,,
,,,,,,
,,,,,,
,,,,,,
,,,,,,
,,,,,,
,,,,,,
,,,,,,
,,,,,,
,,,,,,
,,,,,,
,,,,,,
,,,,,,
,,,,,,
,,,,,,
,,,,,,
,,,,,,
,,,,,,
,,,,,,
,,,,,,
,,,,,,
,,,,,,
,,,,,,
,,,,,,
,,,,,,
,,,,,,
,,,,,,
,,,,,,
,,,,,,
,,,,,,
,,,,,,
,,,,,,
,,,,,,
,,,,,,
,,,,,,
,,,,,,