incident_id,facility_id,facility_name,starting_date,ending_date,attack_type,result,description,full_discription,source_url_1,source_url_2,archived_resources,has_image,image_url,archived_image,video_url,archived_video,civilians_killed,civilians_injured,hw_killed,hw_injured,added_by,reviewed_by,,submission_id,added_by,reviewed_by
INC-000,FAC-009,Al Ahli Arab Hospital,2023-12-04,,Bombardment,"4 December, the surroundings of Al Ahli Hospital, Gaza city, were bombarded, with several fatalities reported. ",,,https://www.ochaopt.org/content/hostilities-gaza-strip-and-israel-flash-update-59,,,No,,,,,,,,,,GS,View Incident,,,
INC-001,FAC-000,Al-Shifa Medical Complex,2023-11-10,,105mm artillery illumination flare round,one injured from the civilians sheltering the hospital compound.,"In the early hours of the mourning, a civilian sheltering in the hospital compound was injured by a munition fragment.",,https://www.theguardian.com/world/2023/dec/01/hospital-damage-in-gaza-during-israeli-offensive-a-visual-investigation,,,Yes,https://www.aljazeera.com/wp-content/uploads/2024/04/AFP__20240408__34NT7MH__v1__HighRes__PalestinianIsraelConflict-1712614597.jpg?resize=770%2C513&quality=80,,,,,1,,,,ysn,View Incident,,,
INC-002,FAC-000,Al-Shifa Medical Complex,2023-11-10,,120mm high explosive tank shell,damage in wall of the hospital and a part of the ceiling collapsed.,"Remnants of munitions appear to show a tail for a 120mm high-explosive Israeli tank shell, the aftermath of the targeting shows two large holes in a wall of the hospital, and part of a ceiling collapsed.",,https://www.theguardian.com/world/2023/dec/01/hospital-damage-in-gaza-during-israeli-offensive-a-visual-investigation,,,Yes,https://www.aljazeera.com/wp-content/uploads/2024/04/AFP__20240408__34NT7MH__v1__HighRes__PalestinianIsraelConflict-1712614597.jpg?resize=770%2C513&quality=80,,,,,,,,,ysn,View Incident,,,
INC-003,FAC-000,Al-Shifa Medical Complex,2023-11-10,,Unidentified,"a pierced tin roof of a shelter in the hospital and people, including children injured.",A video shows structural damage to the roof of a shelter in the hospital and people including injured children on the floor.,,https://www.theguardian.com/world/2023/dec/01/hospital-damage-in-gaza-during-israeli-offensive-a-visual-investigation,,,Yes,,,,,,,,,,ysn,View Incident,,,
INC-004,FAC-009,Al Ahli Arab Hospital,2023-10-14,,Missile Strike,"The Diagnostic Cancer Treatment Centre was hit by an Israeli rocket. Two upper floors of the centre, which houses the ultrasound and mammography wards, were severely damaged.
 Four medical staff were injured in the blast.","The Diagnostic Centre is the Crown Jewel of Ahli Hospital, providing cancer diagnosis as a prelude to various treatment options both at Ahli and in other facilities",,https://www.anglicannews.org/news/2023/10/anglican-run-al-ahli-arab-hospital-in-gaza-damaged-by-israeli-rocket-fire-as-conflict-continues.aspx,https://afedj.org/ahli-hospital-struck-by-rocket-fire/,,Yes,"""https://www.anglicannews.org/news/2023/10/anglican-run-al-ahli-arab-hospital-in-gaza-damaged-by-israeli-rocket-fire-as-conflict-continues.aspx""""https://www.facebook.com/AVHJerusalem/posts/yesterday-at-700-pm-al-ahli-arab-hospital-in-gaza-which-is-our-partner-in-the-di/699695938874919/?_rdc=2&_rdr""",,,,,,,4,,GS,View Incident,,,
INC-005,FAC-009,Al Ahli Arab Hospital,2023-10-17,,Bombardment,471 people were killed and 342 injured,"A devastating explosion, possibly by an airstrike had hit the courtyard of the Hospital, igniting the parked vehicules and killing hundreds of people camped on the surrounding lawns. The area was densely populated by IDP whom fled due to the intanse bombardments in the surrounding neighbors.",,https://forensic-architecture.org/investigation/israeli-disinformation-al-ahli-hospital,"https://forensic-architecture.org/investigation/israeli-disinformation-al-ahli-hospital , https://www.hrw.org/news/2023/11/26/gaza-findings-october-17-al-ahli-hospital-explosion , https://www.bbc.co.uk/news/world-middle-east-67144061 , https://www.bbc.co.uk/news/world-middle-east-67216929 , https://www.aljazeera.com/news/2023/10/19/what-hit-ahli-hospital-in-gaza , https://www.aljazeera.com/gallery/2023/10/17/photos-an-israeli-air-raid-on-al-ahli-arab-hospital-kills-an-estimated-500 , https://www.muslimaid.org/media-centre/blog/muslim-aid-condemns-al-ahli-hospital-bombing-in-gaza/ , https://www.michiganpublic.org/2023-10-18/heres-the-available-evidence-of-what-happened-at-al-ahli-arab-hospital-in-gaza , https://abcnews.com/International/hundreds-killed-strike-gaza-hospital-gaza-health-ministry/story?id=104049667 , https://unpacked.media/unpacking-the-gaza-hospital-blast-and-the-misinformation-that-followed/ , https://www.france24.com/en/middle-east/20231018-what-we-know-about-the-deadly-blast-at-gaza-city-s-al-ahli-hospital , https://www.972mag.com/al-ahli-hospital-gaza-blast/""""https://prc.org.uk/upload/library/files/Alahli-Hospital-MassacreEN.pdf , https://liberationnews.org/debunking-israels-lies-about-the-bombing-of-al-ahli-arab-hospital-in-gaza/ , https://apnews.com/article/israel-palestinians-hamas-war-hospital-rocket-gaza-8bc239d2efe0cff3998b2154d9220a83 , https://www.lemonde.fr/en/international/article/2023/10/19/gaza-hospital-what-detailed-image-analysis-reveals-about-deadly-al-ahli-arab-hospital-blast_6189013_4.html , https://www.wsj.com/world/middle-east/what-we-know-about-the-gaza-hospital-blast-b238a40d , https://www.theguardian.com/world/video/2023/oct/18/gaza-footage-shows-ahli-arab-hospital-blast-video , https://www.npr.org/2023/10/19/1207173798/fake-accounts-old-videos-and-rumors-fuel-chaos-around-gaza-hospital-explosion , https://www.indy100.com/news/israel-bomb-hospital-gaza-hamas , https://www.smh.com.au/world/middle-east/hamas-says-hundreds-killed-in-israeli-airstrike-on-gaza-city-hospital-20231018-p5ed3n.html , https://www.itv.com/watch/news/what-we-know-about-the-strike-on-gazas-al-ahli-arab-hospital/znspkw3 , https://www.facebook.com/trtworld/videos/israels-narrative-of-al-ahli-arab-hospital-attack-a-closer-look/716457469813692/ , https://www.cbc.ca/news/world/al-ahli-hospital-strike-gaza-1.6999842",,Yes,,,https://forensic-architecture.org/investigation/when-it-stopped-being-a-war,,471,342,,,,ysn,View Incident,,,
INC-006,FAC-009,Al Ahli Arab Hospital,2023-11-16,2023-11-18,Siege / Encirclement,"On 16 November Israeli forces, including tanks, initiated a siege on the Hospital. This continued until 18th November amid heavy bombardment and gunfire.",Medical teams were unable to move outside and reach those who are injured safely throughout the seige.,,"https://www.ochaopt.org/content/hostilities-gaza-strip-and-israel-flash-update-41""""https://www.ochaopt.org/content/hostilities-gaza-strip-and-israel-flash-update-42""""https://www.ochaopt.org/content/hostilities-gaza-strip-and-israel-flash-update-43""",,,No,,,,,,,,,,GS,View Incident,,,
INC-007,FAC-009,Al Ahli Arab Hospital,2023-12-14,,Airstrike,"An airstrike on 14th Dec hit the vicinity, causing large damage to hospital facilities. No reported casualties",,,https://www.ochaopt.org/content/hostilities-gaza-strip-and-israel-flash-update-70,,,No,,,,,,,,,,GS,View Incident,,,
INC-008,FAC-009,Al Ahli Arab Hospital,2024-07-08,,Forced Evacuation,Evacuated in fear of intensified military activities,"As of 8 July, the Al Ahli Baptist Hospital was evacuated in fear of intensified military activities that would render them inaccessible or non-functional, and critical patients were transferred to other hospitals.",,https://www.ochaopt.org/content/humanitarian-situation-update-188-gaza-strip,,,No,,,,,,,,,,GS,View Incident,,,
INC-009,FAC-009,Al Ahli Arab Hospital,2024-12-08,,Overwhelmed / Capacity Crisis,Overwhelmed by the mass casualty incident,"Some 70 bodies were transported to the hospital, and some could not be identified as their bodies were disfigured in the explosion.  The hospital was overwhelmed by the mass casualty incident amid a critical shortage of medications, clean water and hospital beds.",,https://www.ochaopt.org/content/humanitarian-situation-update-203-gaza-strip,,,No,,,,,,,,,,GS,View Incident,,,
INC-010,FAC-009,Al Ahli Arab Hospital,2025-04-13,,Strike / Forced Evacuation,"On 13 April, Al-Ahli Hospital was hit by two strikes that destroyed the emergency building of the hospital. The reception department, laboratory and pharmacy were all destroyed, while the church that hosted many patients sustained damage. The lab is the only lab providing certain testing in Gaza. Hospital out of service temporarily."," Prior to the strikes, the Israeli military reportedly issued an evacuation order, forcing medical staff and patients to evacuate. While no immediate casualties were reported, a child reportedly died due to the disruption of medical care during the evacuation process. According to the MoH General Director, Dr. Munir Al Bursh, the reception department, laboratory and pharmacy were all destroyed, while the church that hosted many patients sustained damage. MoH stated that the hospital has been rendered out of service temporarily and all services were directed to three other hospitals, including a field hospital in Gaza city.",,https://www.ochaopt.org/content/humanitarian-situation-update-280-gaza-strip2,"https://www.theguardian.com/world/2025/apr/13/gaza-city-hospital-hit-ahli-baptist-civil-defence-agency-israel-intensifies-military-operations,https://www.cbc.ca/news/world/gaza-al-ahli-hospital-patients-evacuated-israeli-strike-1.7510471-katz,https://news.un.org/en/story/2025/04/1162191,https://www.churchtimes.co.uk/articles/2025/17-april/news/world/church-leaders-condemn-latest-strikes-on-al-ahli-hospital-in-gaza,https://www.nytimes.com/2025/04/15/world/middleeast/gaza-hospital-israel-military.html,https://www.reuters.com/world/middle-east/israeli-missiles-strike-gaza-hospital-patients-evacuated-2025-04-13/,https://anglicanalliance.org/palm-sunday-air-strikes-against-al-ahli-hospital-in-gaza-city/,https://uspg.org.uk/news/palm-sunday-gaza-statement/,https://www.newarab.com/news/israeli-strike-destroys-northern-gazas-last-remaining-hospital,https://mondoweiss.net/2025/04/israel-just-bombed-the-last-operational-hospital-in-northern-gaza-again/,https://www.wsws.org/en/articles/2025/04/14/ftkr-a14.html,https://www.timesofisrael.com/liveblog_entry/un-chief-deeply-alarmed-by-idf-strike-on-gaza-hospital-on-sunday/,https://www.cbc.ca/news/world/gaza-al-ahli-hospital-patients-evacuated-israeli-strike-1.7510471",,Yes,"""https://www.aljazeera.com/news/2025/4/13/israeli-forces-bomb-al-ahli-hospital-in-gaza-forcing-patients-to-flee""""https://news.sky.com/story/israeli-air-strike-hits-gaza-hospital-13347901""""https://anglicanoverseasaid.org.au/2025/04/14/palm-sunday-bombing-of-al-ahli-arab-hospital-in-gaza/""",,"""https://www.youtube.com/watch?v=cySrQNecEQg""""https://media.un.org/unifeed/en/asset/d336/d3360571""""https://www.youtube.com/watch?v=K4z1ejgMT1c""",,1,,,,,GS,View Incident,,,
INC-011,FAC-009,Al Ahli Arab Hospital,2025-05-06,,Airstrike,Airstrike hit the yard of Al Ahli Arab Hospital killing four journalists and and injuring three,,,https://www.ochaopt.org/content/humanitarian-situation-update-296-gaza-strip,https://www.middleeasteye.net/news/israeli-strikes-ahli-baptist-hospital-gaza-city-kills-journalists,,Yes,,,https://www.youtube.com/watch?v=BEwbCRtSem8,,4,3,,,,GS,View Incident,,,
INC-012,FAC-009,Al Ahli Arab Hospital,2025-09-08,,Missile Strike,"A missile struck the courtyard of the Al-Ahli Arab Hospital in Gaza City with a single missile on 8 September, killing one person and wounding several others.",,,https://cnewa.org/gaza-christian-hospital-hit-by-missile/,,,No,,,,,1,,,,,GS,View Incident,,,
INC-013,FAC-009,Al Ahli Arab Hospital,2025-08-17,,Drone Strike,seven Palestinian males were reportedly killed and others injured in the yard of Al Ahli Hospital,,,https://www.ochaopt.org/content/humanitarian-situation-update-315-gaza-strip,https://episcopalnewsservice.org/2025/08/18/al-ahli-hospital-in-gaza-city-suffers-damage-from-fire-set-by-outlaws-attack-by-idf-drone/,,No,,,,,7,5,,,,GS,View Incident,,,
INC-014,FAC-036,UAE Field Hospital,2024-04-03,,Airstrike (Vicinity)," On 2 March, Israeli airstrikes on tents housing IDPs and people gathered in front of Al Emirati field hospital were hit. 11 people were killed, and some 50 others were injured. ",Among the fatalities was a nurse and a member of the field hospital’s ambulance crew.,,https://www.ochaopt.org/content/hostilities-gaza-strip-and-israel-flash-update-131,https://www.un.org/sg/en/content/highlight/2024-03-04.html,,No,,,,,9,50,2,,,GS,View Incident,,,
INC-015,FAC-036,UAE Field Hospital,2024-06-14,,Access Limited,Remains only partially functional amid severe access challenges,,,https://www.ochaopt.org/content/humanitarian-situation-update-179-gaza-strip,,,No,,,,,,,,,,GS,View Incident,,,
INC-016,FAC-023,Al Helou International Hospital,2023-01-11,,shelling,the hospital was direcly struck by shelling,"On the 1st November at 20:00, the Al Hilo Hospital, also in Gaza city, was reportedly struck by shelling; the hospital had absorbed and replaced Shifa hospital’s maternity ward, which is being used now to treat the wounded.",,https://www.ochaopt.org/content/hostilities-gaza-strip-and-israel-flash-update-26,,,No,,,,,,,,,,Ali,View Incident,,,
INC-017,FAC-023,Al Helou International Hospital,2025-10-28,,strike,sustained damage due to nearby strikes,,,https://www.ochaopt.org/content/humanitarian-situation-update-327-gaza-strip,,,,,,,,,,,,,Ali,View Incident,,,
INC-018,FAC-015,Al Karama Specialized Hospital,2023-10-17,,Forced Evacuation,hospital had to be evacuated and are no longer operational,Reported by WHO as one of 4 hospitals in Northern Gaza that had had to be evacuated.,,https://www.ochaopt.org/content/hostilities-gaza-strip-and-israel-flash-update-12,,,,,,,,,,,,,ysn,View Incident,,,
INC-019,FAC-005,Al-Amal Hospital,2023-12-04,,bombardment-vicinity,Intense bombing 500 meters from hospital,"A video shows intense shelling that occurred hours ago in Khan Younis, south of the Gaza Strip, just 500 meters from the PRCS headquarters and Al-Amal Hospital.",,https://x.com/PalestineRCS/status/1731771874009297338,,,Yes,,, https://x.com/PalestineRCS/status/1731771874009297338,,,,,,,Tally,View Incident,,,
INC-020,FAC-005,Al-Amal Hospital,2023-12-08,,bombardment,"Hospital hit and damaged [OCHA flash update #63], windows shattered and doors broken due to bombing in the area [Muslim Network TV]","Al-Amal hospital and the ajacent PRCS headquarters were hit during bombardments in the area. A house near the hospital was targeted, leading to the shattering of glass and breaking of doors at Al-Amal. At the time there were 14,000 displaced people inside and the incident led to widespread panic.",,https://www.ochaopt.org/content/hostilities-gaza-strip-and-israel-flash-update-63,"https://www.muslimnetwork.tv/several-killed-in-israeli-airstrike-in-gaza-strips-khan-younis/ , https://x.com/PalestineRCS/status/1733070757310144906",,Yes,,,https://x.com/PalestineRCS/status/1733123689401458759?ref_src=twsrc%5Etfw%7Ctwcamp%5Etweetembed%7Ctwterm%5E1733123689401458759%7Ctwgr%5Ed2accc1786a79afdbcc8efc92d0e8948f1ef57be%7Ctwcon%5Es1_&ref_url=https%3A%2F%2Fwww.aljazeera.com%2Fnews%2Fliveblog%2F2023%2F12%2F8%2Fisrael-hamas-war-live-palestinians-demand-end-to-israels-gaza-onslaught,,,,,,,Tally,View Incident,,,
INC-021,FAC-005,Al-Amal Hospital,2023-11-14,,Unspecified,"Power outage affected the hospital, followed by a failure of its sole generator.","On 14 November, a power outage affected Al-Amal Hospital in Khan Younis, in the south, following a failure of its sole generator, according to PRCS. This put 90 patients at risk, including 25 in critical condition. Additionally, 9,000 IDPs are seeking refuge at the hospital and PRCS premises.",,https://www.ochaopt.org/content/hostilities-gaza-strip-and-israel-flash-update-39 ,,,No,,,,,,,,,,Tally,View Incident,,,
INC-022,FAC-005,Al-Amal Hospital,2023-11-12,2023-11-15,siege,For three consecutive days the main generator shut down due to lack of fuel.,"For three consecutive days, the main generator at Al-Amal hospital in Khan Younis shut down due to lack of fuel. The hospital has been running one small generator which is supplying electricity to the labour room and the lights in the reception area. Over 8,000 IDPs are sheltering in this highly overcroweded facility. On 15 Novermber the only operating generator stopped working, severing communications in the hospital and putting 90 patients lives at riks, including 25 patients in intensive care.",,https://www.ochaopt.org/content/hostilities-gaza-strip-and-israel-flash-update-40,https://www.palestinercs.org/public/files/image/2023/News/latestresponse23012023/PRCS%20%20OR%20%20158.pdf,,No,,,,,,,,,,Tally,View Incident,,,
INC-023,FAC-005,Al-Amal Hospital,2023-12-20,,unidentified-vicinity,12 injured (including PRCS staff) during targeting in area of Al-Amal hospital and PRCS headquarters,12 Injuries among the PRCS teams and displaced individuals due to the Israeli occupation warplanes targeting the vicinity of Al-Amal Hospital and the PRCS headquarters in Khan Younis which currently shelters around 14000 people. [PRCS on X],,https://x.com/PalestineRCS/status/1737422394602471892,,,Yes,,,https://x.com/PalestineRCS/status/1737422394602471892,,,12,,,,Tally,View Incident,,,
INC-024,FAC-005,Al-Amal Hospital,2023-12-21,2023-12-22,unidentified-vicinity,"Vicinity struck, shrapnel scattered in hospital scaring patients","On 21 and 22 December, the vicinities of Al-Amal and European hospitals, both located in Khan Younis in the south of Gaza and operational medical facilities were struck. While no casualties were reported, PRCS announced that shrapnel scattered into the building of Al-Amal Hospital, causing fear and panic among patients and IDPs.",,https://www.ochaopt.org/content/hostilities-gaza-strip-and-israel-flash-update-76,https://x.com/PalestineRCS/status/1737787660834386214,,No,,,,,,,,,,Tally,View Incident,,,
INC-025,FAC-005,Al-Amal Hospital,2023-12-24,,drone strike,"13 year old boy, Amir Rami Ouda, killed by drone shot while he and his family were sheltering in Al-Amal/PRCS headquarters","Amir and his family thought they would find safety within the PRCS facility, but tragically, they were mistaken. Today, the 13-year-old child lost his life at the PRCS Al-Amal Hospital in Khan Younis after being shot by an Israeli drone [PRCS on X]. Amir and his family were told to stay inside the PRCS facility because it was a safe zone, and Amir was playing with his cousins when he was killed",,https://www.palestinercs.org/public/files/image/2023/News/latestresponse23012023/en%20242%202023.pdf,"https://x.com/QudsNen/status/1738849466965221428 , https://aje.io/53epb7?update=2577183 , https://x.com/PalestineRCS/status/1738908991281918312 ",,Yes,,,https://x.com/PalestineRCS/status/1738908991281918312,,1,,,,,Tally,View Incident,,,
INC-026,FAC-005,Al-Amal Hospital,2023-12-27,2023-12-28,strikes-vicinity,Hospital vicinity struck for second day in a row and for fifth time this week [OCHA flash update #79]. Ten people killed and 21 injured as a result of latest strike and 31 reportedly killed 25 injured the previous day [WAFA].,"On 28 December, the vicinity of Al-Amal hospital was struck for the second day in a row and for the fifth time this week, according to the Palestine Red Crescent Society (PRCS). Ten people were reportedly killed as a result of this latest strike and 31 were reported killed the previous day. In both incidents, dozens were reportedly wounded. It is estimated that 14,000 IDPs are sheltering in the hospital and its surroundings.",,https://www.ochaopt.org/content/hostilities-gaza-strip-and-israel-flash-update-79,"https://english.wafa.ps/Pages/Details/140358 , www.aljazeera.com%2Fnews%2Fliveblog%2F2023%2F12%2F28%2Fisrael-hamas-war-live-israel-kills-palestinians-in-central-gaza-attacks , https://x.com/PalestineRCS/status/1740372039507099684/photo/1 , https://x.com/PalestineRCS/status/1740276619775021118?ref_src=twsrc%5Etfw%7Ctwcamp%5Etweetembed%7Ctwterm%5E1740276619775021118%7Ctwgr%5Eb7173b761bd84219a948f3ebd8e3c415a4fd9e3a%7Ctwcon%5Es1_&ref_url=https%3A%2F%2Fwww.aljazeera.com%2Fnews%2Fliveblog%2F2023%2F12%2F28%2Fisrael-hamas-war-live-israel-kills-palestinians-in-central-gaza-attacks , https://aje.io/trvz4m?update=2583195 , https://aje.io/trvz4m?update=2582688 , https://x.com/PalestineRCS/status/1739977947417821346?ref_src=twsrc%5Etfw%7Ctwcamp%5Etweetembed%7Ctwterm%5E1739977947417821346%7Ctwgr%5E860b5b6fb1f5d1bcaf8c822d2d4e085e0ac7dd89%7Ctwcon%5Es1_&ref_url=https%3A%2F%2Fwww.aljazeera.com%2Fnews%2Fliveblog%2F2023%2F12%2F27%2Fisrael-hamas-war-live-israel-vows-to-intensify-gaza-fighting ",,Yes,,,"https://x.com/PalestineRCS/status/1740405521834738161?ref_src=twsrc%5Etfw%7Ctwcamp%5Etweetembed%7Ctwterm%5E1740405521834738161%7Ctwgr%5E521e56e19a845e3808808042844bf90a34100329%7Ctwcon%5Es1_&ref_url=https%3A%2F%2F , https://x.com/PalestineRCS/status/1740294232504439285?ref_src=twsrc%5Etfw%7Ctwcamp%5Etweetembed%7Ctwterm%5E1740294232504439285%7Ctwgr%5Eb7173b761bd84219a948f3ebd8e3c415a4fd9e3a%7Ctwcon%5Es1_&ref_url=https%3A%2F%2Fwww.aljazeera.com%2Fnews%2Fliveblog%2F2023%2F12%2F28%2Fisrael-hamas-war-live-israel-kills-palestinians-in-central-gaza-attacks , https://x.com/PalestineRCS/status/1740067937644355999?ref_src=twsrc%5Etfw%7Ctwcamp%5Etweetembed%7Ctwterm%5E1740067937644355999%7Ctwgr%5E860b5b6fb1f5d1bcaf8c822d2d4e085e0ac7dd89%7Ctwcon%5Es1_&ref_url=https%3A%2F%2Fwww.aljazeera.com%2Fnews%2Fliveblog%2F2023%2F12%2F27%2Fisrael-hamas-war-live-israel-vows-to-intensify-gaza-fighting ",,41,46,,,,Tally,View Incident,,,
INC-027,FAC-005,Al-Amal Hospital,2024-02-01,,invasion,"Israeli military stormed courtyard for the third time, opened fire hitting five vehicles, including three ambulances","Heavy fighting in the vicinity of Nasser and the Al-Amal hospitals in Khan Younis has continued, jeopardizing the safety of medical staff, the wounded and the sick, as well as thousands of internally displaced persons (IDPs) seeking refuge at the hospitals. On 1 February, the Palestine Red Crescent Society (PRCS) reported that the Israeli military stormed the courtyards of the hospital for the third time and opened fire, hitting five vehicles, including three ambulances.",,https://www.ochaopt.org/content/hostilities-gaza-strip-and-israel-flash-update-108 ,"https://aje.io/5g3kdw?update=2668497 , https://aje.io/5g3kdw?update=2669254 ",,No,,,,,,,,,,Tally,View Incident,,,
INC-028,FAC-005,Al-Amal Hospital,2024-01-23,,shelling-vicinity,"One person killed at entrence to Al-Amal as a result of shelling in the area, and an evacuation order was issued by Israel for an area that includes Al Amal","On 23 January, the vicinity of Al-Amal Hospital, in Khan Younis, was reportedly shelled, amid intense fighting around the hospital; one Palestinian was reportedly killed at the entrance of Al Amal Hospital.",,https://www.ochaopt.org/content/hostilities-gaza-strip-and-israel-flash-update-101,"https://x.com/PalestineRCS/status/1749749183643283740?ref_src=twsrc%5Etfw%7Ctwcamp%5Etweetembed%7Ctwterm%5E1749749183643283740%7Ctwgr%5E9072b36b3601ebade08ebe058902c1203b1cf717%7Ctwcon%5Es1_&ref_url=https%3A%2F%2Fwww.aljazeera.com%2Fnews%2Fliveblog%2F2024%2F1%2F23%2Fisraels-war-on-gaza-ground-shaking-in-hospital-amid-israeli-attacks , https://aje.io/6ly68o?update=2640692 , https://www.youtube.com/watch?v=ou8_UMrX4yk ",,No,,,,,1,,,,,Tally,View Incident,,,
INC-029,FAC-005,Al-Amal Hospital,2024-01-24,,strike,PRCS headquarters at Al-Amal struck killing 3 and injuring  at least 2,"On 24 January, the entrance of the PRCS headquarters was reportedly struck, killing at least three Palestinians and injuring 2 others. The PRCS stated that they have been forced to ask IDPs taking shelter in the compound to donate blood, as staff are unable to access blood banks.",,https://www.ochaopt.org/content/hostilities-gaza-strip-and-israel-flash-update-101 ,"https://x.com/PalestineRCS/status/1750223196589064604?ref_src=twsrc%5Etfw%7Ctwcamp%5Etweetembed%7Ctwterm%5E1750223196589064604%7Ctwgr%5E67caef9006690d62f8df1733f131f6d16502ae8e%7Ctwcon%5Es1_&ref_url=https%3A%2F%2Fwww.aljazeera.com%2Fnews%2Fliveblog%2F2024%2F1%2F24%2Fisraels-war-on-gaza-live-14-killed-as-israel-hits-two-homes-in-jabalia , https://x.com/PalestineRCS/status/1750192020776186166?ref_src=twsrc%5Etfw%7Ctwcamp%5Etweetembed%7Ctwterm%5E1750192020776186166%7Ctwgr%5E67caef9006690d62f8df1733f131f6d16502ae8e%7Ctwcon%5Es1_&ref_url=https%3A%2F%2Fwww.aljazeera.com%2Fnews%2Fliveblog%2F2024%2F1%2F24%2Fisraels-war-on-gaza-live-14-killed-as-israel-hits-two-homes-in-jabalia , https://x.com/PalestineRCS/status/1750142580384223677?ref_src=twsrc%5Etfw%7Ctwcamp%5Etweetembed%7Ctwterm%5E1750142580384223677%7Ctwgr%5E67caef9006690d62f8df1733f131f6d16502ae8e%7Ctwcon%5Es1_&ref_url=https%3A%2F%2Fwww.aljazeera.com%2Fnews%2Fliveblog%2F2024%2F1%2F24%2Fisraels-war-on-gaza-live-14-killed-as-israel-hits-two-homes-in-jabalia , https://aje.io/bj3a9f?update=2644385 , https://www.ochaopt.org/content/hostilities-gaza-strip-and-israel-flash-update-102 ",,No,,,,,3,2,,,,Tally,View Incident,,,
INC-030,FAC-005,Al-Amal Hospital,2024-01-27,,bombardment-vicinty,"Heavy bombardment in area, threatening safety of patients and hospital staff","The occupation continues to bombard the vicinity of the hospital and open fire, jeopardizing the safety of medical staff, the wounded, patients, and approximately 7000 displaced individuals who sought refuge there to escape Israeli bombardment.",,https://www.ochaopt.org/content/hostilities-gaza-strip-and-israel-flash-update-104,https://reliefweb.int/report/occupied-palestinian-territory/palestine-red-crescent-society-calls-international-community-provide-protection-its-headquarters-and-medical-and-ems-teams-khan-yunis-enar?_gl=1*gdoink*_ga*NTAxNTI1MzAwLjE3NzM3Njg1NDA.*_ga_E60ZNX2F68*czE3NzUwNjU5MzckbzckZzEkdDE3NzUwNjkyNDUkajYwJGwwJGgw,,No,,,,,,,,,,Tally,View Incident,,,
INC-031,FAC-005,Al-Amal Hospital,2024-01-30,,"shrapnel, evacuation, raid","Shrapnel fell on hospital reprotedly killing one and injuring 9, PRCS reported hospital was later raided and people were forced to evacuate at gunpoint, IDF denies this. Additionally the surgical ward went out of service on 29 Jan due to lack of oxygen supplies. Fighting in the area has hindered the ability of ambulence and personal from accessing injured people.","On 30 Jan shrapnel fell on Al-Amal and PRCS headquarters, killing one and injuring nine; the IDF ordered people to evacuate the hospital building at gunpoint (OCHA Flash Update #106). Later, Israeli forces stormed the hospital, destroying one of the buildings walls and firing live ammunication and smoke bombs. There were an estimated 7,000 IDPs taking shelter in the facility at the time and WAFA reports that the invasion led to a fire breaking out among the tents of some displaced people. ",,https://www.ochaopt.org/content/hostilities-gaza-strip-and-israel-flash-update-106,"https://x.com/PalestineRCS/status/1752355885832110114?s=20 , https://english.wafa.ps/Pages/Details/141209#:~:text=Al%2DAmal%20hospital%20in%20Gaza%2C%20demand%20evacuation%20at,2024%20(WAFA)%20Israeli%20occupation%20forces%20this%20evening , https://www.cnn.com/2024/01/30/middleeast/idf-khan-younis-hospital-intl , https://english.wafa.ps/Pages/Details/141208 , https://aje.io/av8a82?update=2662702 , https://www.un.org/unispal/document/thematic-report-attacks-on-hospitals-31dec24/ ",,No,,,https://x.com/PalestineRCS/status/1752319005359034796?ref_src=twsrc%5Etfw%7Ctwcamp%5Etweetembed%7Ctwterm%5E1752319005359034796%7Ctwgr%5E5496d3f3e6aaf78b2bd721d4762f94709a803ee5%7Ctwcon%5Es1_&ref_url=https%3A%2F%2Fwww.newarab.com%2Fnews%2Fgaza-israel-returns-dozens-exhumed-bodies,,1,9,,,,Tally,View Incident,,,
INC-032,FAC-005,Al-Amal Hospital,2024-01-31,,"gunfire, invasion","The hospital courtyard was stormed by Israeli forces. Two hospital staff killed by Israeli gunfire at the gate of the hospital and according to one Al Jazeera report at least 10 people were injured. A Woman and an infant died at the hospital due to the lack of oxygen supplies. Al Jazeera reported that 12 people were killed and 6 injured, but the PRCS post on X that they list as the source of this information is unavailable and these numbers do not appear in other sources","On 31 January, the Palestine Red Crescent Society (PRCS) reported that one staff member at Al-Amal Hospital had been killed by gunfire near the hospital gates. On the same day, an older woman and an infant died in Al-Amal hospital due to the lack of oxygen that they were depending on and were buried in the hospital yard, according to PRCS. On 31 January, PRCS reported that the courtyard of Al-Amal Hospital was stormed and that Israeli Forces were positioned in front of the ER external gate... On 31 and 30 January, attacks were reported near Al-Amal Hospital and the PRCS headquarters in Khan Younis.  [OCHA 107]",,https://www.ochaopt.org/content/hostilities-gaza-strip-and-israel-flash-update-107,"https://aje.io/5g3kdw?update=2667643 , https://aje.io/i37ezs?update=2664531 ,  https://reliefweb.int/report/occupied-palestinian-territory/ifrc-three-palestine-red-crescent-members-killed-unacceptable , https://x.com/PalestineRCS/status/1752617466042163322 , https://x.com/PalestineRCS/status/1752782168357548065?ref_src=twsrc%5Etfw%7Ctwcamp%5Etweetembed%7Ctwterm%5E1752782168357548065%7Ctwgr%5Ea789729772131ee94d6ff8ac3d7cf1e4cab87495%7Ctwcon%5Es1_&ref_url=https%3A%2F%2Fwww.aljazeera.com%2Fnews%2Fliveblog%2F2024%2F1%2F31%2Fisraels-war-on-gaza-live-severe-hunger-in-gaza-as-aid-trucks-surrounded , https://x.com/PalestineRCS/status/1752760526252200009?ref_src=twsrc%5Etfw%7Ctwcamp%5Etweetembed%7Ctwterm%5E1752760526252200009%7Ctwgr%5Ea789729772131ee94d6ff8ac3d7cf1e4cab87495%7Ctwcon%5Es1_&ref_url=https%3A%2F%2Fwww.aljazeera.com%2Fnews%2Fliveblog%2F2024%2F1%2F31%2Fisraels-war-on-gaza-live-severe-hunger-in-gaza-as-aid-trucks-surrounded , https://x.com/PalestineRCS/status/1752681313109172282?ref_src=twsrc%5Etfw%7Ctwcamp%5Etweetembed%7Ctwterm%5E1752681313109172282%7Ctwgr%5Ea789729772131ee94d6ff8ac3d7cf1e4cab87495%7Ctwcon%5Es1_&ref_url=https%3A%2F%2Fwww.aljazeera.com%2Fnews%2Fliveblog%2F2024%2F1%2F31%2Fisraels-war-on-gaza-live-severe-hunger-in-gaza-as-aid-trucks-surrounded , https://x.com/PalestineRCS/status/1753037664704409856 ",,No,,,,,,10,2,,,Tally,View Incident,,,
INC-033,FAC-005,Al-Amal Hospital,2024-01-02,,strike,"5 people killed, and 3 injured, including a first responder, extensive damage to facility","Al-Amal hospital was struck resulting in the death of five displaced individuals, including a five day old baby, and three injuries. One of the injured was a first responder volunteer. The strike severely damaged the hospital building and many of the 14000 people sheltering there decided to leave. The displaced people remaining at the hospital are concerned for their safety and are considereing leaving.",,https://www.ochaopt.org/content/hostilities-gaza-strip-and-israel-flash-update-82,"https://x.com/DrTedros/status/1742297186614816836/video/2 , https://x.com/PalestineRCS/status/1742261949562232883 , https://www.facebook.com/reel/318143097856794 ",,Yes,,,"https://www.unocha.org/media-centre/gaza-al-amal-hospital-2-january-2024, https://x.com/PalestineRCS/status/1742261949562232883 , https://www.facebook.com/reel/318143097856794 ",,5,2,,1,,Tally,View Incident,,,
INC-034,FAC-005,Al-Amal Hospital,2024-02-14,2024-02-15,shelling-vicinity,Building sustained damage due to intense shelling in the vicinity of the hospital,"On 14 and 15 February, PRCS reported that Al-Amal hospital building sustained damage due to intense shelling in the vicinity of the hospital.",,https://www.ochaopt.org/content/hostilities-gaza-strip-and-israel-flash-update-119,https://x.com/PalestineRCS/status/1757913574431920631?s=20,,No,,,,,,,,,,Tally,View Incident,,,
INC-035,FAC-005,Al-Amal Hospital,2024-02-16,,unidentified,"Second floor hit by tank fire, damaged two nursing stations","Occupation tanks have just targeted the second floor of Al-Amal Hospital in Khan Yunis, resulting in very severe damage in two nursing rooms, but there were no injuries among the staff or patients. It's worth noting that occupation tanks have been stationed at the hospital gates for two weeks, preventing the entry of any aid or logistical supplies.",,https://x.com/PalestineRCS/status/1758443176707178754 ,,,Yes,https://www.facebook.com/PalestineRCS/posts/pfbid09isjDDMDrMWL1yUM69iAwo5sbpqaF63C4r3KMhRh6hLRXYiuWYHcJuoJMMkLPUdel,,,,,,,,,Tally,View Incident,,,
INC-036,FAC-005,Al-Amal Hospital,2024-02-18,,artillery shelling,"Third floor damaged by artillary fire, central maintanance room destroyed","On 18 February, PRCS reported that the third floor of the hospital sustained damage by artillery shelling and the destruction of the central maintenance room. ",,https://www.ochaopt.org/content/hostilities-gaza-strip-and-israel-flash-update-121,"https://x.com/PalestineRCS/status/1759115199854850395?s=20 , https://english.wafa.ps/Pages/Details/141767 ",,Yes,https://www.facebook.com/PalestineRCS/posts/pfbid0fRmpuGQdyCcWTi4SsggJJ3JccFQNGQZuLNrpxU8Y9SEsSJmxjC9aRVg99jdXLvkvl,,,,,,,,,Tally,View Incident,,,
INC-037,FAC-005,Al-Amal Hospital,2024-02-19,,artillery shelling,"Bombardments causing damage to building including the water desalination plant which was put out of commission, leaving only three days of drinkable water","On 19 February, PRCS reported that the water desalination station at the facility is no longer functional after being hit by Israeli forces, and that available drinking water is only sufficient for three days. The facility already faces a lack of fuel reserves to generate electricity for high-risk patients and a near exhaustion of food supplies and has reportedly sustained damage due to recent artillery shelling.",,https://www.ochaopt.org/content/hostilities-gaza-strip-and-israel-flash-update-122,"https://x.com/PalestineRCS/status/1759577522528764227 , https://www.facebook.com/watch/?v=1366316280923065 ",,Yes,https://x.com/PalestineRCS/status/1759657556224483493,,,,,,,,,Tally,View Incident,,,
INC-038,FAC-005,Al-Amal Hospital,2024-02-20,,Bombardment,"Attack targeting the third and fourth floor of the hospital led to the injury of 4 individuals, and the burning of two rooms","Al-Amal Hospital is currently under multiple attacks, as Israeli forces have directly targeted the third floor of the hospital, resulting in the burning of two rooms. Additionally, the hospital’s water lines were targeted. Furthermore, a house opposite the hospital was targeted while the PRCS team and a delegation from UNRWA were present in the courtyard of Al-Amal Hospital (PRCS on Facebook). In a post on X, PRCS states that 3 patient companions were injured during the attack while Humanitarian Response Report No: 3/2024 says that 4 staff and patients were injured, due to lack of clarity, this is recorded as 4 civilian injuries. Addtionally different sources report that the third or fourth floor of the hospital was targeted. ",,https://www.ochaopt.org/content/hostilities-gaza-strip-and-israel-flash-update-123,"https://reliefweb.int/report/occupied-palestinian-territory/humanitarian-response-report-no-32024-february-17-21-2024-2400-enar#:~:text=Al%2DAmal%20Hospital:%20it%20has,near%20exhaustion%20of%20food%20supplies. , https://www.facebook.com/PalestineRCS/posts/pfbid01EfXUZ7srCh64fDRyWHRgcj4GXSWr1GAzeBr4Nn2A9GbtjvYWv6UE6sChfyB9Jt4l , https://www.facebook.com/PalestineRCS/posts/pfbid0xvt4DqkyB8o8pnPUTgiz3kU83yGv6qi9nNWu3Xr7gNrGNQtYEJCYovA97cR6SPGl , https://x.com/PalestineRCS/status/1759982450933944757?s=20 ",,Yes,,,https://www.facebook.com/PalestineRCS/videos/1779563122669580/,,,4,,,,Tally,View Incident,,,
INC-039,FAC-005,Al-Amal Hospital,2024-01-03,,vicinity bombed,Vicinity of Al-Amal and PRCS bombed multiple times,"On 3 January, the vicinity of Al-Amal hospital and Palestine Red Crescent Society (PRCS) in Khan Younis was bombed multiple times throughout the day. Casualty numbers are unconfirmed as of yet. Multiple displaced families that had been sheltering in the building and in the PRCS headquarters attempted to evacuate as a result of the bombing on 2 January. A training centre run by PRCS within the hospital complex was severely damaged. OCHA and the World Health Organization (WHO) visited the hospital, witnessing extensive damage and displacement of civilians. An estimated 14,000 people were sheltering at the hospital at the time of the attack.",,https://www.ochaopt.org/content/hostilities-gaza-strip-and-israel-flash-update-83,https://english.wafa.ps/Pages/Details/140465,,No,,,,,,,,,,Tally,View Incident,,,
INC-040,FAC-005,Al-Amal Hospital,2024-03-24,2024-03-26,Invasion / Ground Assault,"Israeli military has forced hospital staff and wounded patients to evacuate Al-Amal Hospital and closed the entrances with dirt barriers, the hospital is no longer operational.","In Khan Younis, amid intensive military operations, the Israeli military has forced hospital staff and wounded patients to evacuate Al-Amal Hospital using smoke bombs, they have also closed the hospital gate and block roads with dirt barriers, according to the Palestine Red Crescent Society (PRCS). Starting on the night of 24 March, staff and patients were stuck in ambulances outside the hospital for 20 hours due to the damage to roads around the hospital and dirt barriers that the IDF built. When two individuals tried to move debris from the road they were fired at by IDF soldiers (PRCS on X). On 25 March, PRCS, the International Committee of the Red Cross (ICRC), and OCHA evacuated six patients and a companion, 27 staff, and retrieved the bodies of two people who were killed inside the hospital, including a PRCS volunteer who was a member of the Emergency Operations Room. As of 26 March, both the hospital and the nearby PRCS headquarters have ceased functioning. On the same day, IFRC issued a statement, emphasizing that sustained hostilities in and around Al-Amal Hospital for over 40 days have placed PRCS teams and patients in grave danger, and that the “forced closure of Al-Amal Hospital, one of the few remaining medical facilities in the south [and the second PRCS hospital to shut down], has profound implications, leaving countless lives at risk.” [OCHA Flash Update #147]",,https://www.ochaopt.org/content/hostilities-gaza-strip-and-israel-flash-update-147,"https://www.ifrc.org/article/ifrc-statement-closure-al-amal-hospital-gaza , https://x.com/PalestineRCS/status/1772625220915888309 , https://x.com/PalestineRCS/status/1772374518058680709?s=20 , https://x.com/IDF/status/1772176376197521626 , https://x.com/PalestineRCS/status/1772223582417965154?s=20 , https://x.com/PalestineRCS/status/1771842738457116737 , https://english.wafa.ps/Pages/Details/142688 ",,Yes,,,https://www.youtube.com/watch?v=qJ-bvHAHqD4,,1,,1,,,Tally,View Incident,,,
INC-041,FAC-005,Al-Amal Hospital,2024-01-04,,vicinity bombed,"3rd consecutive day of bombardment in area of Al-Amal hospital resulting in multiple deaths and injuires, and damage to communications","On 4 January, the vicinity of Al-Amal hospital and Palestine Red Crescent Society (PRCS) in Khan Younis was struck for the third consecutive day. PRCS reported that seven IDPs sheltering in the compound, including a five-day-old baby, had been killed [five deaths, including the baby happened on 2 Jan, 2 other deaths occured on 3 or 4 Jan], while another 11 people were injured over the three days of bombardment [ 3 people injured on 2 Jan, 8 other injuries occured on 3 or 4 Jan]. PRCS also reported that dozens of residential buildings and people gathered at the entrance of Al-Amal Hospital had been hit, resulting in dozens more deaths and injuries [OCHA Flash Update #84]. In addition, the shelling resulted in the destruction of the transmitter station of the PRCS communications VHF, which is the only means of communication in the PRCS headquarters of Khan Yunis after the destruction of all means of communication in the Khan Yunis Governorate. The damage to the VHF communications system is a major obstacle to the response of ambulance crews to the wounded, the sick, and humanitarian cases [PRCS report 4 Jan 2024].",,https://www.ochaopt.org/content/hostilities-gaza-strip-and-israel-flash-update-84,https://www.palestinercs.org/public/files/image/2024/statements/en%20Al%20Amal%20Hospital%20statement%2004012024.pdf,,No,,,,,2,8,,,,Tally,View Incident,,,
INC-042,FAC-005,Al-Amal Hospital,2024-08-24,,drone strike,Second floor of the Hospital’s Rehabilitation block struck by Israeli drones,"Today, the second floor of PRCS Al-Amal Hospital's ""Rehabilitation Department"" was directly fired upon by Israeli drones. It is important to note that patients were present in the department for monitoring and treatment, but no staff or patients were harmed. [PRCS on X]",,https://www.ochaopt.org/content/humanitarian-situation-update-209-gaza-strip,https://x.com/PalestineRCS/status/1827343615989104963,,No,,,,,,,,,,Tally,View Incident,,,
INC-043,FAC-005,Al-Amal Hospital,2024-04-09,,unidentified,Footage released on PRCS facebook showing damage to Al-Amal hospital after Israeli forces withdrew,"The deliberate destruction carried out by Israeli occupation soldiers inside the PRCS Al-Amal Hospital in Khan Yunis has resulted in extensive devastation, rendering the hospital incapable of providing services to patients and wounded individuals. Following their invasion, the soldiers utilized force, gunfire, and smoke bombs to coerce everyone inside to evacuate [PRCS on Facebook].",,https://www.facebook.com/reel/957102225874566,,,Yes,,,"https://www.facebook.com/reel/957102225874566 , https://www.facebook.com/reel/974524121055351 , https://www.facebook.com/reel/417990014165900 , https://genocide.live/224 ",,,,,,,Tally,View Incident,,,
INC-044,FAC-005,Al-Amal Hospital,2025-06-09,,"hostility-vicinity, access limited","Hospital is essentially out of service due to hostility in area, new patients cannot access hospital because of restricted access","Access to the hospital is obstructed, preventing new patients from reaching care, and leading to more preventable deaths. The hospital still has patients who need care, but is not accepting new ones. Two emergency medical teams - one national, the other international - are still doing their best to serve the remaining patients with the limited medical supplies left on the premises.",,https://www.ochaopt.org/content/humanitarian-situation-update-296-gaza-strip,https://x.com/DrTedros/status/1932146182673019239,,No,,,,,,,,,,Tally,View Incident,,,
INC-045,FAC-006,Al-Aqsa Martyrs Hospital,2024-03-31,,Unidentified,Tent hit in the courtyard of Al Aqsa Hospital,"While he WHO team was at the medical facility, and IDP tent was hit in the countryard of the Hospital, killing four civilians and injuring at leat 17 others, including eight journalists,",,https://www.ochaopt.org/content/hostilities-gaza-strip-and-israel-flash-update-149,https://x.com/DrTedros/status/1774477221278765248?s=20,,,,,,,4,17,,,,ysn,View Incident,,,
INC-046,FAC-006,Al-Aqsa Martyrs Hospital,2024-09-05,,Airstrike (Helicopter),Five Palestinians were reportedly killed and fifteen were injured when internally displaced people’s (IDP) tents were hit near the external clinics of the Hospital,"Five Palestinians were reportedly killed, and 15 others were injured, including children, when internally displaced people’s (IDP) tents were hit by an IDF Helicopter near the external clinics of the Hospital, The strike resulted in the destruction and burning of many tents located in the area,",,https://www.ochaopt.org/content/humanitarian-situation-update-214-gaza-strip,,,Yes,,,"https://www.youtube.com/watch?v=NPQ-vHQ34nE&t=17s , https://web.facebook.com/watch/?v=1566031537325544",,5,15,,,,ysn,View Incident,,,
INC-047,FAC-006,Al-Aqsa Martyrs Hospital,2025-09-01,,Airstrike,"IDP tents were shelled by Isearli warplanes, resulting in a number of injuries and material damage","According to the Gaza Government Media Office statement, Israeli warplanes shelled tents sheltering displaced Paletinians within the walls of the Hospital, whish resulted in a number of injuries and material damage,",,https://www.aa.com.tr/en/middle-east/israeli-warplanes-target-hospital-in-central-gaza/3674854,,,,,,,,,,,,,ysn,View Incident,,,
INC-048,FAC-006,Al-Aqsa Martyrs Hospital,2025-06-04,,Strikes,"roof of administration building was hit, damage to water tanks and solar panels","according to the Ministry of Health the roof of the administration building was hit. The spokesperson of the hospital said that three strikes hit the hospital, resulting in damages to the water tanks and solar panels. The spokesperson noted that medical staff continue to operate in the hospital.",,https://www.ochaopt.org/content/humanitarian-situation-update-294-gaza-strip,,,No,,,,,,,,,,ysn,View Incident,,,
INC-049,FAC-006,Al-Aqsa Martyrs Hospital,2025-05-17,2025-05-19,Direct Strike (Vicinity),indirect damage to building,"Between 17 and 19 May, Al Aqsa Hospital, in Deir al Balah, the Jordanian Field Hospital, in Khan Younis, and Kamal Adwan Hospital, in North Gaza, sustained indirect damage when nearby Israeli strikes impacted their premises or surroundings.",,https://www.ochaopt.org/content/humanitarian-situation-update-290-gaza-strip,,,,,,,,,,,,,ysn,View Incident,,,
INC-050,FAC-006,Al-Aqsa Martyrs Hospital,2025-06-30,,Direct Strike,"the courtyard was hit targeting an IDP tent, injuring five people, including two journalists. The hospital’s internal medicine department and its oxygen supply line sustained damage","on 30th of June, a tent sheltering IDPs in the countryard of the Hospital was repotedly hit, injuring five people, including two journalists, according to WHO. The hospital’s internal medicine department and its oxygen supply line sustained damage",,https://www.unocha.org/publications/report/occupied-palestinian-territory/humanitarian-situation-update-302-gaza-strip-enarhe,,,,,,,,,5,,,,ysn,View Incident,,,
INC-051,FAC-003,Al-Awda Hospital,2023-11-09,,Bombardment,"one injured paramedic, and two ambulances appear damaged.","With one PCR parademic injured, images show two Palestinian Red Crescent ambulances near the hospital that appear damaged. Another video shows people appearing to shelter inside an ambulance amid heavy bombardment.",,https://www.theguardian.com/world/2023/dec/01/hospital-damage-in-gaza-during-israeli-offensive-a-visual-investigation,https://www.palestinercs.org/public/files/image/2023/News/latestresponse23012023/PRCS%20%20OR%20%20146.pdf,,Yes,https://www.theguardian.com/world/2023/dec/01/hospital-damage-in-gaza-during-israeli-offensive-a-visual-investigation#img-7,,,,,,,1,,Mohamed,View Incident,,,
INC-052,FAC-003,Al-Awda Hospital,2023-11-10,,Bombardment (Vicinity),Vicinity bombardment. Some ambulances got out of services,"A number of medical staff at the hospital, in addition to a number of Palestinian Red Crescent Society paramedics, were injured during repeated bombings by occupation forces in the vicinity of the hospital, which also caused severe damage to the hospital and to several ambulances. ",,https://www.ochaopt.org/content/hostilities-gaza-strip-and-israel-flash-update-35,https://gazahcsector.palestine-studies.org/en/node/77,,No,,,https://www.facebook.com/awdaps/videos/%D9%85%D8%A4%D8%AA%D9%85%D8%B1-%D8%B5%D8%AD%D9%81%D9%8A-%D9%85%D8%B4%D8%AA%D8%B1%D9%83-%D9%85%D8%B9-%D8%B7%D9%88%D8%A7%D9%82%D9%85-%D8%A7%D9%84%D9%87%D9%84%D8%A7%D9%84-%D8%A7%D9%84%D8%A3%D8%AD%D9%85%D8%B1-%D8%A7%D9%84%D9%81%D9%84%D8%B3%D8%B7%D9%8A%D9%86%D9%8A-%D8%AA%D9%86%D8%AF%D9%8A%D8%AF%D9%8B%D8%A7-%D8%A8%D8%AE%D8%B1%D9%88%D8%AC-%D8%B3%D9%8A%D8%A7%D8%B1%D8%A7%D8%AA-%D8%A5%D8%B3%D8%B9%D8%A7%D9%81-%D8%A7%D9%84%D8%B9/341318311840073/,,,,,,,Mohamed,View Incident,,,
INC-053,FAC-003,Al-Awda Hospital,2023-11-21,,attack,"Attack killed three doctors, one patient companion, and injured many patients","Al-Awda Hopital was bombed with an airstrike with the third and fourth floor of the building taking a direct hit. This was responsible for killing of three medical personnel, Two MSF doctors — Dr. Mahmoud Abu Nujaila and Dr. Ahmad Al Sahar — and a third Ministry of Health doctor, Dr. Ziad Al-Tatari, and one patient companion. Also it included MSF staff and patients who were severely injured",,https://www.unocha.org/publications/report/occupied-palestinian-territory/hostilities-gaza-strip-and-israel-flash-update-46,https://reliefweb.int/report/occupied-palestinian-territory/msf-doctors-killed-strike-al-awda-hospital-northern-gaza-enar,,,,,,,,,3,,,Mohamed,View Incident,,,
INC-054,FAC-003,Al-Awda Hospital,2023-12-07,,"shelling, sniper fire",Sustained damage due to Israeli shelling. Israeli sniper fire into the hospital.,Al-Awda Hospital in Jabalia — one of only two still operational hospitals in the north — was surrounded by Israeli forces and sustained damage due to Israeli shelling. Israeli sniper fire into the hospital was also reported,,https://www.unocha.org/publications/report/occupied-palestinian-territory/hostilities-gaza-strip-and-israel-flash-update-62,,,,,,,,,,,,,Mohamed,View Incident,,,
INC-055,FAC-003,Al-Awda Hospital,2023-12-09,,fighting-vicinity,Hospital surrounded by israeli troops and two health workers were dead,"On 9 December, for the third consecutive day, Al-Awda Hospital in Jabalia was reportedly surrounded by Israeli troops and tanks, and fighting was ongoing in its vicinity. Two health workers were reportedly shot and killed. ",,https://www.unocha.org/publications/report/occupied-palestinian-territory/hostilities-gaza-strip-and-israel-flash-update-64,,,,,,,,,,,,Mohamed,,View Incident,,,
INC-056,FAC-003,Al-Awda Hospital,2023-12-09,,fighting-vicinity,"Surrounded by Israeli troops and tanks, and fighting in its vicinity. Two health workers were reportedly shot and killed.","Surrounded by israeli troops and tanks, and fighting is ongoing for the third consecutive day, two health workers were reportedly shot and killed in Al-Awda hospital",,https://www.unocha.org/publications/report/occupied-palestinian-territory/hostilities-gaza-strip-and-israel-flash-update-64,,,,,,,,,,2,,,Mohamed,View Incident,,,
INC-057,FAC-003,Al-Awda Hospital,2023-12-13,,encirclement,Remains surrounded by Israeli troops and tanks,"For the eighth consecutive day, Al Awda Hospital, remains surrounded by Israeli troops and tanks, and fighting with armed Palestinian groups is reported in its vicinity. Reportedly, 250 doctors, patients, and their family members are trapped inside the hospital.",,https://www.unocha.org/publications/report/occupied-palestinian-territory/hostilities-gaza-strip-and-israel-flash-update-68,,,,,,,,,,,,,Mohamed,View Incident,,,
INC-058,FAC-003,Al-Awda Hospital,2024-01-24,,hit,Five people killed,At least five Palestinians were killed by an Israeli air attack on the al-Awda Hospital compound in the Jabalia refugee camp in northern Gaza. Sections of the hospital are out of service and several ambulances have been damaged.,,https://aje.io/av8a82?update=2660721,,,Yes,,,https://aje.io/av8a82?update=2660721,,5,,,,,Mohamed,View Incident,,,
INC-059,FAC-004,Al-Awda Hospital - Nusseirat,2024-04-22,,Drone Strike,Fifth floor and roof of the administration building was hit by an Israeli drone strike disturping the solar panel,"The fifth floor and roof of the administration building of Al-Awda Hospital was hit by an Israeli drone strike, disrupting the facility’s solar energy system and damaging water and fuel tanks.",,http://ochaopt.org/content/hostilities-gaza-strip-and-israel-flash-update-157,https://insecurityinsight.org/wp-content/uploads/2024/04/27.-09-22-April-2024-Attacks-on-Health-Care-in-Israel-and-the-oPt.pdf,,No,,,,,,,,,,Mohamed,View Incident,,,
INC-060,FAC-003,Al-Awda Hospital,2024-05-19,,besieged,Al Awda Hospital has been besieged and is currently inaccessible,"Al-Awda Hospital in northern Gaza has been under siege since 19 May, with no one allowed to leave or enter; 148 hospital staff, 22 patients and their companions are still trapped inside. Medical staff inside the hospital reported an attack on 20 May, with snipers aiming at the building and an artillery rocket hitting the fifth floor, where the administration department is located.",,https://www.unocha.org/publications/report/occupied-palestinian-territory/hostilities-gaza-strip-and-israel-flash-update-168,https://news.un.org/en/story/2024/05/1150016,,,,,,,,,,,,Mohamed,View Incident,,,
INC-061,FAC-003,Al-Awda Hospital,2024-05-23,,Forced Evacuation,Most of staff and patients are forced to evacuate,"After a four‑day siege, Israeli tanks approached the hospital and troops used loudspeakers to order all patients and staff to evacuate leaving small group of medical staff with a handful of critically ill patients who could not be moved, under military supervision.",,https://www.nytimes.com/2024/05/23/world/middleeast/israeli-forces-raided-a-major-hospital-in-northern-gaza-forcing-patients-and-staff-to-evacuate.html,https://www.youtube.com/watch?v=Lu7V04EDcXU&t=27s,,,,,,,,,,,Mohamed,,View Incident,,,
INC-062,FAC-003,Al-Awda Hospital,2024-10-03,,hit,The fifth floor and courtyard were hit,The hospital's fifth floor and courtyard were hit with no casualties reported.,,https://www.unocha.org/publications/report/occupied-palestinian-territory/humanitarian-situation-update-245-gaza-strip,https://gazahcsector.palestine-studies.org/en/node/77,,,,,,,,,,,,Mohamed,View Incident,,,
INC-063,FAC-003,Al-Awda Hospital,2024-12-07,,Shot,A volunteer nurse who was fatally shot in the chest while looking out of a window,"The UN Human Rights Office verified multiple cases of people being shot dead at Al Awda Hospital in Jabalya, including a volunteer nurse who was fatally shot in the chest while looking out of a window on 7 December 2023.",,https://www.ohchr.org/en/press-releases/2024/12/pattern-israeli-attacks-gaza-hospitals-raises-grave-concerns-report,,,,,,,,,,1,,Mohamed,,View Incident,,,
INC-064,FAC-003,Al-Awda Hospital,2024-12-24,,Tank Shell,Military tanks attacked the third floor of the eastern wing ,"Military tanks reportedly attacked the third floor of the eastern wing of the Al Awda Hospital, causing panic among the 31 patients, their companions and the 65 medical and administrative personnel inside. In previous days, Al Awda had already sustained significant damage due to multiple airstrikes on its vicinity. Parts of the building caught fire, which also spread to nearby residential buildings.",,https://www.unocha.org/publications/report/occupied-palestinian-territory/humanitarian-situation-update-249-gaza-strip,https://www.aljazeera.com/news/2024/12/24/gaza-appeals-for-help-as-israeli-army-attacks-key-hospitals,,,,,,,,,,,,Mohamed,View Incident,,,
INC-065,FAC-003,Al-Awda Hospital,2025-01-03,,Evacuation Order,Evacuation order after daily attacks near or on its premises,"The Al Awda Hospital, the last partially functioning hospital in North Gaza, was ordered by Israeli forces to immediately evacuate patients and staff. While Al Awda continues to operate, access to the facility, where 34 patients and 63 staff remain, is very limited amid ongoing hostilities in the area.",,https://www.aljazeera.com/news/2024/12/24/gaza-appeals-for-help-as-israeli-army-attacks-key-hospitals,https://www.unocha.org/publications/report/occupied-palestinian-territory/gaza-humanitarian-response-update-22-december-2024-4-january-2025,,,,,,,,,,,,Mohamed,View Incident,,,
INC-066,FAC-003,Al-Awda Hospital,2025-05-15,2025-05-19,"airstrikes, airstrikes-vicinity",Limited ability for hospital to provide health services,"On 15, 18 and 19 May, Al Awda Hospital, in North Gaza, sustained damage due to airstrikes, including a direct Israeli strike near its main gate and multiple airstrikes on areas in its immediate vicinity.",,https://www.unocha.org/publications/report/occupied-palestinian-territory/hostilities-gaza-strip-and-israel-flash-update-290,,,No,,,,,,,,,,Mohamed,View Incident,,,
INC-067,FAC-003,Al-Awda Hospital,2025-05-15,2025-05-23,hit,Hospital was repeatedly hit facing the imminent risk of closure,"Between 15 and 23 May, Al-Awda Hospital, in North Gaza, was repeatedly hit. After both the Indonesian and Kamal Adwan hospitals went out of service, Al Awda became the only hospital in the governorate that remains partially functional, albeit under extreme conditions.",,https://www.unocha.org/publications/report/occupied-palestinian-territory/humanitarian-situation-update-292-gaza-strip,,,,,,,,,,,,,Mohamed,View Incident,,,
INC-068,FAC-003,Al-Awda Hospital,2025-05-22,,Tank Shell,Israeli IOF tanks injured medical personnel and volunteers and burnt departments,"Israeli tanks that had surrounded al-'Awda Hospital directly targeted the hospital's Specialized Surgery Department and medicine warehouse. The attack ignited a fire in the warehouse, which medical crews were unable to extinguish due to the IOF's ongoing gunfire. It also destroyed the hospital's water and fuel tanks and caused extensive damage to its infrastructure. The Israeli tanks then stormed the hospital courtyards, set fire to the outpatient clinic tents, and injured several medical personnel and volunteers.",,https://pchrgaza.org/al-awda-hospital-bombed-israeli-occupation-forces-bomb-last-functioning-hospital-in-northern-gaza-denying-hundreds-of-thousands-access-to-healthcare/#377f550e-03b0-43ef-b960-ce3c77c83be3,https://www.unocha.org/publications/report/occupied-palestinian-territory/humanitarian-situation-update-292-gaza-strip,,,,,,,,,,,,Mohamed,View Incident,,,
INC-069,FAC-003,Al-Awda Hospital,2025-05-22,,airstrikes,"hospital’s third and fourth floors were reportedly hit, injuring two health workers. Patient tents caught fire, which also burned all medical supplies in the warehouse and destroyed vehicles in the basement.","On 22 May, the hospital’s third and fourth floors were reportedly hit, injuring two health workers. Patient tents, including one provided by WHO, caught fire, which also burned all medical supplies in the warehouse and destroyed vehicles in the basement. Al Awda faces an imminent risk of closure due to ongoing insecurity and restricted access, according to WHO.",,https://www.ochaopt.org/content/humanitarian-situation-update-292-gaza-strip,https://www.facebook.com/awdaps/photos/urgent-appeal-issued-by-al-awda-health-and-community-associationdate-may-22-2025/670980945567955/,,Yes,https://pchrgaza.org/wp-content/uploads/2025/05/8xBvv.jpg,,,,,,,2,,ASB,View Incident,,,
INC-070,FAC-003,Al-Awda Hospital,2025-05-29,,evacuated,was forcibly evacuated and rendered out of service.,,,Humanitarian Situation Update #294 | Gaza Strip | United Nations Office for the Coordination of Humanitarian Affairs - Occupied Palestinian Territory,,,,,,,,,,,,,,View Incident,,,
INC-071,FAC-003,Al-Awda Hospital,2025-05-29,,evacuation,hospital evacuated and rendered out of service,"On 29 May, Al Awda Hospital, the last minimally functional hospital in North Gaza, was forcibly evacuated and rendered out of service. According to the hospital’s Director, Mohammad Salha, Israeli forces “informed us that either we evacuate the hospital immediately or they will forcibly evacuate it.” Dr. Salha stated that 82 medical staff and 13 patients were forced to evacuate under extremely difficult conditions. With all roads leading to the hospital blocked or destroyed, ambulances could not reach the hospital and patients had to be carried for over 200 metres before reaching MoH ambulances that transferred them to Al Shifa Hospital in Gaza city, he added. Between 15 and 23 May, the hospital was repeatedly hit and faced critical shortages of medicines. On 24 and 27 May, the World Health Organization (WHO) managed to reach the facility and transferred critical patients to Al Shifa Hospital in Gaza city.",,"Humanitarian Situation Update #294 | Gaza Strip | United Nations Office for the Coordination of Humanitarian Affairs - Occupied Palestinian Territory , https://www.facebook.com/watch/?mibextid=wwXIfr&v=1413109099886187&rdid=ytko1E4P1B3ytfsz",,,Yes,,,,,,,,,,,View Incident,,,
INC-072,FAC-003,Al-Awda Hospital,2025-08-01,,evacuation,"The last partially functioning hospital in North Gaza, was ordered by Israeli forces to immediately evacuate patients and staff. on 3 January. The hospital’s fuel tank and last remaining generator were also recently destroyed after it was directly targeted.",,,Humanitarian Situation Update #253 | Gaza Strip | United Nations Office for the Coordination of Humanitarian Affairs - Occupied Palestinian Territory,,,,,,,,,,,,,,View Incident,,,
INC-073,FAC-003,Al-Awda Hospital,2025-09-30,,hit,"Western gate was hit injuring hospital staff (number of injuries not specified), a security officer who has injured in the hit died a week later (October 7) from his injuries",,,"Humanitarian Situation Update #329 | Gaza Strip | United Nations Office for the Coordination of Humanitarian Affairs - Occupied Palestinian Territory , https://www.reutersconnect.com/item/israeli-forces-target-al-awda-hospital-in-gaza/dGFnOnJldXRlcnMuY29tLDIwMjU6bmV3c21sX01UMUFOQURMMDAwUUowUzZK",,,Yes,,,,,,,,,,,View Incident,,,
INC-074,FAC-004,Al-Awda Hospital - Nusseirat,2024-10-22,,hit,resulting in casualties,,,Humanitarian Situation Update #231 | Gaza Strip | United Nations Office for the Coordination of Humanitarian Affairs - Occupied Palestinian Territory,,,,,,,,,,,,,,View Incident,,,
INC-075,FAC-024,Al-Khair Hospital,2023-12-25,,hit,hit and destroyed,,,https://www.ochaopt.org/content/hostilities-gaza-strip-and-israel-flash-update-77,,,No,,,,,,,,,,Ali,View Incident,,,
INC-076,FAC-024,Al-Khair Hospital,2024-01-22,,raid,"Israeli Forces raided hospital, women and children told to evacuate towards Rafah, some staff arrested [OCHA Flash Update #100]. Israeli forces cut off routes to Al-Amal hospital and Nassar Medical Complex [Institute for Palestine Studies]",,,https://www.ochaopt.org/content/hostilities-gaza-strip-and-israel-flash-update-100,"https://www.theguardian.com/world/2024/jan/23/us-calls-on-israel-to-protect-staff-and-patients-as-military-reportedly-storms-gaza-hospital,https://arabi21.com/story/1568264/%D8%A7%D9%84%D8%A7%D8%AD%D8%AA%D9%84%D8%A7%D9%84-%D9%8A%D9%82%D8%AA%D8%AD%D9%85-%D9%85%D8%B3%D8%AA%D8%B4%D9%81%D9%89-%D8%BA%D8%B1%D8%A8-%D8%AE%D8%A7%D9%86%D9%8A%D9%88%D9%86%D8%B3-%D9%88%D9%8A%D8%AD%D8%AA%D8%AC%D8%B2-%D8%A7%D9%84%D8%B7%D9%88%D8%A7%D9%82%D9%85-%D8%A7%D9%84%D8%B7%D8%A8%D9%8A%D8%A9-%D8%B4%D8%A7%D9%87%D8%AF",,Yes,,,,,,,,,,Ali,View Incident,,,
INC-077,FAC-008,Al-Quds Hospital,2023-02-11,2023-08-11,Airstrike,"the building next to the hospital was severely damaged. The inside of the hospital sustained damage, glasses shattered, partient beds and hospital equipments and the ceiling were damaged.",Several videos shows the entrance of the hospital after the damage from aerial bombardment. Satellite imagery reported by the Guardian on 11 November shows damage to roads and buildings around the hospital.,,https://www.theguardian.com/world/2023/dec/01/hospital-damage-in-gaza-during-israeli-offensive-a-visual-investigation,,,Yes,,,,,,,,,,,View Incident,,,
INC-078,FAC-008,Al-Quds Hospital,2023-03-11,,airstrike,"directly hit, large but unconfirmed number of casualties","On the 3rd November, at about the same time, Al Quds hospital in Gaza city and the Indonesian hospital in northern Gaza were hit, reportedly during airstrikes, resulting in a large yet unconfirmed number of casualties.",,https://www.ochaopt.org/content/hostilities-gaza-strip-and-israel-flash-update-28,,,No,,,,,,,,,,,View Incident,,,
INC-079,FAC-008,Al-Quds Hospital,2023-04-11,,airstrike,"the entrance of hospital was hit, two people were killed and the entrance was damaged.","On 4 November, the entrances of both Nasser Children's Hospital in Gaza city and Al Quds Hospital in Gaza city were reportedly hit during Israeli airstrikes. Two people were reportedly killed, dozens were injured, and damage was caused to the entrances of these health facilities. Al Quds Hospital is currently a refuge for about 14,000 IDPs.",,https://www.ochaopt.org/content/hostilities-gaza-strip-and-israel-flash-update-29,,,No,,,,,,,,,,,View Incident,,,
INC-080,FAC-008,Al-Quds Hospital,2023-05-11,,strikes-vicinity,"two patients and 12 people sheltering at the hospital were reported injured, and the hospital also sustained damage.",,,Hostilities in the Gaza Strip and Israel | Flash Update #30 | United Nations Office for the Coordination of Humanitarian Affairs - Occupied Palestinian Territory,,,,,,,,,,,,,,View Incident,,,
INC-081,FAC-008,Al-Quds Hospital,2023-08-11,,siege,"the main generator was shut down, the surgical ward, oxygen generation plant and MRI ward have shut down.","On 8 November, Al Quds Hospital in Gaza city announced that its main generator had been shut down, and a smaller generator is being used instead to reduce fuel consumption. As a result, the surgical ward, oxygen generation plant and MRI ward, have had to shut down. The hospital will provide two hours of electricity a day for IDPs taking shelter in its facilities. The hospital has been isolated from neighbouring areas and is facing a severe shortage of food, baby formula, medicine and disposables.",,https://www.ochaopt.org/content/hostilities-gaza-strip-and-israel-flash-update-34,,,No,,,,,,,,,,,View Incident,,,
INC-082,FAC-008,Al-Quds Hospital,2023-08-11,,strikes-vicinity,Areas in close proximity were struck,,,Hostilities in the Gaza Strip and Israel | Flash Update #33 | United Nations Office for the Coordination of Humanitarian Affairs - Occupied Palestinian Territory,,,,,,,,,,,,,,View Incident,,,
INC-083,FAC-008,Al-Quds Hospital,2023-10-11,,bombardment,the intensive care unit sustained damage,,,https://www.ochaopt.org/content/hostilities-gaza-strip-and-israel-flash-update-35,,,No,,,,,,,,,,,View Incident,,,
INC-084,FAC-008,Al-Quds Hospital,2023-10-28,2023-10-29,bombardment,"the viscinity of the hospital was hit, sustaining bombarded, which affected staff and patients and 14.000 IDPs taking shelter in the area.","on two separate occasions, the vicinity of the Al Quds hospital in the North of Gaza was bombarded; affecting staff, patients and 14,000 IDPs",,https://www.ochaopt.org/content/hostilities-gaza-strip-and-israel-flash-update-23,,,No,,,,,,,,,,,View Incident,,,
INC-085,FAC-008,Al-Quds Hospital,2023-10-29,2023-10-30,bombardment-vicinity,"bombarded causing damage, repeated evacuation orders over previous days.","On 28 and 29 October, the vicinities of Al Quds hospital in Gaza city reportedly bombarded, causing damage.",,Hostilities in the Gaza Strip and Israel | Flash Update #23 | United Nations Office for the Coordination of Humanitarian Affairs - Occupied Palestinian Territory,,,,,,,,,,,,,,View Incident,,,
INC-086,FAC-008,Al-Quds Hospital,2023-10-29,2023-10-30,unidentified,"surrounding area of the hospital were hit, the hospital windows were hit and smoke is shown coming from the infrastructure.",,,https://www.theguardian.com/world/2023/dec/01/hospital-damage-in-gaza-during-israeli-offensive-a-visual-investigation,,,Yes,,,,,,,,,,,View Incident,,,
INC-087,FAC-008,Al-Quds Hospital,2023-10-30,,bombardment-vicinity,"The bombardments targeted PRCS warehouses next to the hospital, which led to severe debris and dust entered the hospital, provocing inhalation and suffocation among patients, medical staff, and IDPs.","One of the attacks on 30 October was against the PRCS warehouses next to Al Quds Hospital, in Tel Al Hawa neighbourhood of Gaza city, where damages due to nearby bombardment resulted in severe debris and dust entering the hospital with inhalation and suffocation among patients, staff, and IDPs.",,"https://www.ochaopt.org/content/hostilities-gaza-strip-and-israel-flash-update-24""https://edition.cnn.com/interactive/2024/01/middleeast/gaza-hospitals-destruction-investigation-intl-cmd/""",,,Yes,,,,,,,,,,,View Incident,,,
INC-088,FAC-008,Al-Quds Hospital,2023-11-11,,"encirclement , snipers shots","the hospital generator has failed, and unfixable due to sniper fire","On 11 November, it was reported that Al Quds hospital’s generator had failed, and technicians were unable to fix it due to sniper fire. Out of the most critical patients, seven are in the ICU and three babies are in incubators.",,https://www.ochaopt.org/content/hostilities-gaza-strip-and-israel-flash-update-36,,,No,,,,,,,,,,,View Incident,,,
INC-089,FAC-008,Al-Quds Hospital,2023-11-13,,"siege , encirclement, bombardment","the medical staff, patients, and their families, remain besieged in the hospital with no food, water, or electricity","On 13 November, a joint convoy of the PRCS with the International Committee of the Red Cross (ICRC) heading to Al Quds hospital in Gaza city to evacuate patients, was forced to return after it left Khan Younis, due to the relentless bombardment and insecurity around the hospital. The medical team, patients, and their families, reportedly remain besieged in the hospital with no food, water, or electricity",,https://www.ochaopt.org/content/hostilities-gaza-strip-and-israel-flash-update-38,,,No,,,,,,,,,,,View Incident,,,
INC-090,FAC-008,Al-Quds Hospital,2023-11-14,,heavy fighting - vicinity,,,,Hostilities in the Gaza Strip and Israel | Flash Update #39 | United Nations Office for the Coordination of Humanitarian Affairs - Occupied Palestinian Territory,,,,,,,,,,,,,,View Incident,,,
INC-091,FAC-008,Al-Quds Hospital,2023-12-11,,,No longer operational due to the depletion of available fuel and power outage.,,,Hostilities in the Gaza Strip and Israel | Flash Update #37 | United Nations Office for the Coordination of Humanitarian Affairs - Occupied Palestinian Territory,,,,,,,,,,,,,,View Incident,,,
INC-092,FAC-008,Al-Quds Hospital,2024-05-29,,bombardment,"teams were forced to evacuate due to growing insecurity, including artillery and air bombardments",,,Hostilities in the Gaza Strip and Israel | Flash Update #172 | United Nations Office for the Coordination of Humanitarian Affairs - Occupied Palestinian Territory,,,,,,,,,,,,,,View Incident,,,
INC-093,FAC-008,Al-Quds Hospital,2025-09-14,,unspecified,"Israeli forces targeted a residential building less than 50 metres from Al Quds Hospital, causing severe damage to the hospital, its administrative offices, and neighboring buildings.",,,Humanitarian Situation Update #323 | Gaza Strip | United Nations Office for the Coordination of Humanitarian Affairs - Occupied Palestinian Territory,,,,,,,,,,,,,,View Incident,,,
INC-094,FAC-008,Al-Quds Hospital,2025-09-23,,shooting,The oxygen station stopped functioning after being hit by gunfire from Israeli forces,,,Humanitarian Situation Update #326 | Gaza Strip | United Nations Office for the Coordination of Humanitarian Affairs - Occupied Palestinian Territory,,,,,,,,,,,,,,View Incident,,,
INC-095,FAC-011,Dr Abdul Aziz Rantisi Children's Specialty Hospital,2023-11-05,2023-11-06,Unidentified,"damage to the third floor and parts of the second floor of the hospital, an ambulance was damaged as well.","Video footage from the Hospital's gates shows a direct hit on the third floor window with images from inside the hospital showing damage to the medical material, Also an ambulance in the hospital's parking lot shows damage traces,
",,https://www.theguardian.com/world/2023/dec/01/hospital-damage-in-gaza-during-israeli-offensive-a-visual-investigation,,,Yes,,,https://uploads.guim.co.uk/2023/11/23/Rantisi.mp4,,,,,,,ysn,View Incident,,,
INC-096,FAC-011,Dr Abdul Aziz Rantisi Children's Specialty Hospital,2023-11-09,2023-11-10,Siege / Encirclement,"The hospital's vacinity was being encircled with drone footage from IDf showing the presence of 13 tanks surrounding the facility,","Videos taken from the hospital window show two tanks in the surrounding streets.
IDF drone footage released on 14 November – three days after the period studied by the Guardian – shows four Israeli tanks parked next to the hospital, and nine tanks in the streets surrounding the hospital.
The hospital was bombed five times according to officials cited by AL Jazeera",,https://www.theguardian.com/world/2023/dec/01/hospital-damage-in-gaza-during-israeli-offensive-a-visual-investigation,"https://www.aa.com.tr/ar/إسرائيل/قصف-إسرائيلي-يستهدف-مستشفى-الرنتيسي-للأطفال-في-غزة/3049177 , https://www.aljazeera.com/news/liveblog/2023/11/10/israel-hamas-war-live-fears-grow-for-palestinians-at-gaza-hospitals",,Yes,https://archive.org/details/image_2026-05-01_161651339,,,,,,,,,ysn,View Incident,,,
INC-097,FAC-011,Dr Abdul Aziz Rantisi Children's Specialty Hospital,2025-09-16,,Unidentified,"Attacked causing significant damage to rooftop water tanks, electrical and communication systems and some medical equipment.","According to the director-general of the World Health Organization Tedros Abhanom Ghebreyesus ""Al-Rantisi Hospital in #Gaza City was attacked yesterday while 80 patients were inside. No casualties were reported but the strikes caused panic among patients and staff. Significant damage to rooftop water tanks, electrical and communication systems, and some medical equipment were reported.
40 patients fled for safety, while 40 others, including 4 children in the intensive care and 8 newborns, remain inside.""",,https://www.unocha.org/publications/report/occupied-palestinian-territory/humanitarian-situation-update-323-gaza-strip,https://x.com/DrTedros/status/1968373487711748470,,Yes,"https://x.com/DrTedros/status/1968373487711748470/photo/1 , https://x.com/DrTedros/status/1968373487711748470/photo/2 , https://x.com/DrTedros/status/1968373487711748470/photo/4",,,,,,,,,ysn,View Incident,,,
INC-098,FAC-011,Dr Abdul Aziz Rantisi Children's Specialty Hospital,2025-09-19,2025-09-21,Cessation of Operations,"sustained severe damage from a direct strike on 16/09/2025 and most of its medical equipment, according to the Health Cluster, were transferred to Al Helou, As Sahaba and Patient Friendly hospitals, all in Gaza city, on 21 September","Israeli bombardment around medical facilities has forced the shutdown of Al-Rantisi Children’s Hospital and Gaza City’s Eye Hospital, the only public eye-care center in the territory, the Health Ministry said Monday.",,https://www.unocha.org/publications/report/occupied-palestinian-territory/humanitarian-situation-update-326-gaza-strip,https://www.aa.com.tr/en/middle-east/israeli-attacks-force-gaza-city-s-only-eye-hospital-children-s-facility-out-of-service/3694853,,,,,,,,,,,,ysn,View Incident,,,
INC-099,FAC-000,Al-Shifa Medical Complex,2023-11-03,,Missile Strike / Spike NLOS (Viscinity),"At least 13 people were killed and at least  26 injured, ambulances were hit","On the afternoon of 3 November, a convoy of ambulances evacuating patients from Shifa hospital in Gaza city to the Rafah crossing with Egypt, was struck three times in the vicinity of the hospital. Initial reports indicate that at least 13 people were killed and 26 injured.",,https://www.ochaopt.org/content/hostilities-gaza-strip-and-israel-flash-update-28,https://www.wsj.com/livecoverage/israel-hamas-war-gaza-strip-2023-11-04/card/palestinian-health-group-says-15-killed-in-israeli-attack-on-ambulance-convoy-5tPTa8OuT1Fak7a9xzW4,,Yes,https://images.wsj.net/im-881424?width=620&height=413&pixel_ratio=1.5,,,,13,26,,,,Emre,View Incident,,,
INC-100,FAC-000,Al-Shifa Medical Complex,2023-11-09,,airstrike-viscinity,"the vicinity of the hospital was hit five times, seven people were killed, along with damage to the maternity ward.","Since 9 November afternoon, Israeli bombardments around hospitals in the north intensified. The vicinity of Shifa hospital was hit five times during this period, with at least seven fatalities reported, along with damage to the maternity ward.",,https://www.ochaopt.org/content/hostilities-gaza-strip-and-israel-flash-update-34,"https://www.ochaopt.org/content/hostilities-gaza-strip-and-israel-flash-update-35 , https://edition.cnn.com/interactive/2024/01/middleeast/gaza-hospitals-destruction-investigation-intl-cmd/",,No,,,,,7,,,,,Emre,View Incident,,,
INC-101,FAC-000,Al-Shifa Medical Complex,2023-10-28,2023-10-29,bombardment-vicinity,"bombarded causing damage, repeated evacuation orders over previous days.","On 28 and 29 October, the vicinities of Shifa hospital in Gaza city reportedly bombarded, causing damage.",,https://www.ochaopt.org/content/hostilities-gaza-strip-and-israel-flash-update-23,,,No,,,,,,,,,,Emre,View Incident,,,
INC-102,FAC-000,Al-Shifa Medical Complex,2023-11-11,2023-11-16,Siege,"40 patients died, 3 premature babies died.","The MoH in Gaza stated that, between 11 November and 16 November, 40 patients, including 3 premature babies, have died in Shifa Hospital due to lack of electricity. On 16 November, a patient who suffered from kidney failure died because dialysis machines at Shifa had stopped working.",,https://www.ochaopt.org/content/hostilities-gaza-strip-and-israel-flash-update-41,https://www.aljazeera.com/news/2023/11/15/israeli-forces-raid-gazas-al-shifa-hospital-in-targeted-operation,,Yes,,,"https://youtu.be/WsL80OgCeRs , https://www.aljazeera.com/news/2023/11/15/israeli-forces-raid-gazas-al-shifa-hospital-in-targeted-operation",,40,,,,,Emre,View Incident,,,
INC-103,FAC-000,Al-Shifa Medical Complex,2023-11-11,,"siege , encirclement",a patient in ICU and two incubated babies died due to absence of electricity.,"On 11 November, the Director of Shifa hospital was cited in the media as stating that there was no more food, water or electricity. A patient in the Intesive Care Unit and two incubated babies reportedly died as their life support machines shut down due to absence of electricity. It is estimated that 15,000 people are still sheltering within Shifa Hospital.",,https://www.ochaopt.org/content/hostilities-gaza-strip-and-israel-flash-update-36,,,No,,,,,,,,,,,View Incident,,,
INC-104,FAC-000,Al-Shifa Medical Complex,2023-11-13,2023-11-15,bombardment,"the specialized surgeries department, the coronary care division, and a warehouse were hit and damaged.","Prior to the Israeli military raid into the Shifa hospital compound, according to the MoH in Gaza, bombardments hit and damaged parts of it, including the specialized surgeries department, the coronary care division, and a warehouse. After the troops entered, patients, staff and IDPs were reporteldy relocated within the compound.",,https://www.ochaopt.org/content/hostilities-gaza-strip-and-israel-flash-update-40,,,No,,,,,,,,,,,View Incident,,,
INC-105,FAC-000,Al-Shifa Medical Complex,2023-11-13,,"siege , encirclement , snipers shots","people in and near the hospital, a technical worker, a patient and IDPs, have been shot by snipers.","In the past 24 hours, bombardments and clashes between Israeli troops and Palestinian armed groups around Shifa hospital continued. People in and near the hospital, including a technical worker, a patient and IDPs, have reportedly been shot by snipers. The ICU facility, the maternity ward, and the top floor of the surgery building, were hit and damaged A fire broke near the department treating patients with kidney disorders",,https://www.ochaopt.org/content/hostilities-gaza-strip-and-israel-flash-update-38,,,No,,,,,,,,,,,View Incident,,,
INC-106,FAC-000,Al-Shifa Medical Complex,2023-11-13,,unidentified,"ICU facility, the maternity ward, and the top floor of the surgery building, were hit and damaged. A fire broke near the department treating patients with kidney disorder.","In the past 24 hours, bombardments and clashes between Israeli troops and Palestinian armed groups around Shifa hospital continued. People in and near the hospital, including a technical worker, a patient and IDPs, have reportedly been shot by snipers. The ICU facility, the maternity ward, and the top floor of the surgery building, were hit and damaged A fire broke near the department treating patients with kidney disorders",,https://www.ochaopt.org/content/hostilities-gaza-strip-and-israel-flash-update-38,,,No,,,,,,,,,,,View Incident,,,
INC-107,FAC-000,Al-Shifa Medical Complex,2023-11-14,,fighting-vicinity,,,,https://www.unocha.org/publications/report/occupied-palestinian-territory/hostilities-gaza-strip-and-israel-flash-update-39,,,,,,,,,,,,,,View Incident,,,
INC-108,FAC-000,Al-Shifa Medical Complex,2023-11-15,,Bombardment and invasion,"Damaged parts, including the specialized surgeries department, the coronary care division, and a warehouse. Israeli troops, including tanks, entered Al-Shifa compound. People were interogated.","On 15 November, Israeli troops, including tanks, entered Shifa hospital compound in Gaza city and reportedly took control of several sections, searched them and interrogated people.",,"https://www.ochaopt.org/content/hostilities-gaza-strip-and-israel-flash-update-40""https://www.bbc.co.uk/news/live/world-middle-east-67400490""""https://www.bbc.co.uk/news/world-middle-east-67424064""",,,Yes,,,,,,,,,,,View Incident,,,
INC-109,FAC-000,Al-Shifa Medical Complex,2023-11-15,2023-11-21,Invasion / Ground Assault,"the hospital is no longer operational, not admitting new patients. Israeli operations within the hospital.","Israeli operations at Shifa Hospital continued on 20 November for the fifth consecutive day. Nineteen health workers and 259 patients remain in Shifa, according to MoH in Gaza, as of 19 November, facing critical shortages of power, water, and medical supplies. This includes two people in intensive care, 22 dialysis patients, 32 stretcher patients, and 27 patients with spinal injuries, who will be prioritized for the next evacuation. The hospital is no longer operational and is not admitting new patients.",,https://www.ochaopt.org/content/hostilities-gaza-strip-and-israel-flash-update-45,,,No,,,,,,,,,,,View Incident,,,
INC-110,FAC-000,Al-Shifa Medical Complex,2023-11-23,,invasion,Israeli operations continue within the hospital.,,,https://www.unocha.org/publications/report/occupied-palestinian-territory/hostilities-gaza-strip-and-israel-flash-update-48,,,,,,,,,,,,,,View Incident,,,
INC-111,FAC-000,Al-Shifa Medical Complex,2023-11-28,2023-10-29,airstrike-viscinity,"residential buildings surrounding the hospital were hit, reportedly by airstrikes","in a 24 hours time lapse, residential buildings near the Indonesian Hospital and AL-Shifa Hospital, were hit, reportedly by airstrikes.",,https://www.ochaopt.org/content/hostilities-gaza-strip-and-israel-flash-update-46,,,No,,,,,,,,,,,View Incident,,,
INC-112,FAC-000,Al-Shifa Medical Complex,2023-12-11,,Bombardments and clashes around the hospital,"Some patients fleeing have come under fire, resulting in casualties.",,,https://www.ochaopt.org/content/hostilities-gaza-strip-and-israel-flash-update-37,,,,,,,,,,,,,,View Incident,,,
INC-113,FAC-000,Al-Shifa Medical Complex,2023-11-11,2023-11-24,Invasion / Ground Assault,"Hospital declared fully non-operational by around 18 November.
179 bodies buried in a mass grave inside the compound (15 Nov).
31 premature babies evacuated to Rafah (19 Nov), 5 had already died.
25 health workers and 259 patients still trapped inside as of 20–21 Nov.
Hospital not destroyed totally, still partially standing, but non-functional.","Israeli forces first cut off fuel and power to Al-Shifa on 11 November, causing the deaths of patients including premature babies whose life support stopped working. Snipers were reported around the hospital, shooting at people trying to flee. On 15 November, troops and tanks formally entered and raided the compound, searching sections and interrogating people. The operation continued for at least 8 consecutive days. By 18 November, the hospital was fully non-operational. A mass grave was dug inside the compound for 179 bodies that could not be removed. Premature babies were eventually evacuated on 19 November, though 5 had already died. The hospital director and paramedics were arrested.",,https://www.unocha.org/publications/report/occupied-palestinian-territory/hostilities-gaza-strip-and-israel-flash-update-48  ,"https://www.ochaopt.org/content/hostilities-gaza-strip-and-israel-flash-update-36 , https://www.ochaopt.org/content/hostilities-gaza-strip-and-israel-flash-update-37 , https://www.ochaopt.org/content/hostilities-gaza-strip-and-israel-flash-update-38 , https://www.unocha.org/publications/report/occupied-palestinian-territory/hostilities-gaza-strip-and-israel-flash-update-39, https://www.ochaopt.org/content/hostilities-gaza-strip-and-israel-flash-update-40 , https://www.ochaopt.org/content/hostilities-gaza-strip-and-israel-flash-update-41 , https://www.unocha.org/publications/report/occupied-palestinian-territory/hostilities-gaza-strip-and-israel-flash-update-43 , https://www.ochaopt.org/content/hostilities-gaza-strip-and-israel-flash-update-45 , https://www.ochaopt.org/content/hostilities-gaza-strip-and-israel-flash-update-46",,Yes,https://www.gettyimages.nl/fotos/al-shifa-ziekenhuis,,,,45,,3,,,Emre,View Incident,,,
INC-114,FAC-000,Al-Shifa Medical Complex,2023-12-17,2023-12-18,Strikes,Strikes on 17 & 18th on entrance gate and surgery department.,"On 17 December, at least 31 people were reportedly killed in Al Shifa Hospital in Gaza city. Three people were reportedly shot and injured inside the hospital compound, and another three persons were shot and injured when they were trying to fetch water near the hospital gate. On 18 December, in the early morning, Al Shifa Hospital was struck again, including the entrance gate and the Surgery Building. Reportedly, the strikes killed five people, including children. At about 10:30, the hospital was struck again where IDPs were sheltering, reportedly killing 26 Palestinians and injuring others.",,https://www.ochaopt.org/content/hostilities-gaza-strip-and-israel-flash-update-72,,,,,,,,57,,,,,Emre,View Incident,,,
INC-115,FAC-000,Al-Shifa Medical Complex,2024-03-18,2024-04-01,Invasion / Ground Assault,"Hospital completely destroyed — in ruins, permanently non-functional
All buildings and departments destroyed
~1,050 surrounding houses burned or damaged
Gaza lost its only teaching hospital — 750 beds, 26 operating theatres, serving 250,000 people annually
WHO called it ""ripping the heart out of the health system in Gaza""
Only 10 hospitals partially functional across all of Gaza after this","On 18 March 2024, Israeli forces entered Al-Shifa Hospital in Gaza City, the largest hospital in Gaza. Israeli forces said Hamas had regrouped there. The operation lasted 14 days and ended on 1 April 2024 when Israeli forces withdrew.During the operation, heavy fighting took place inside and around the hospital. Medical staff and patients were locked in one building with no food, clean water, or working toilet. Civil defense teams were blocked from entering to help the wounded.When Israeli forces left on 1 April, the hospital was completely destroyed and can no longer function as a hospital.",,,"https://www.ochaopt.org/content/hostilities-gaza-strip-and-israel-flash-update-141 , https://www.ochaopt.org/content/hostilities-gaza-strip-and-israel-flash-update-142 , https://www.unocha.org/publications/report/occupied-palestinian-territory/hostilities-gaza-strip-and-israel-flash-update-143 , https://www.unocha.org/publications/report/occupied-palestinian-territory/hostilities-gaza-strip-and-israel-flash-update-144-enarhe , https://www.unocha.org/publications/report/occupied-palestinian-territory/hostilities-gaza-strip-and-israel-flash-update-145 , https://www.unocha.org/publications/report/occupied-palestinian-territory/hostilities-gaza-strip-and-israel-flash-update-146-enarhe , https://www.ochaopt.org/content/hostilities-gaza-strip-and-israel-flash-update-147 , https://www.ochaopt.org/content/hostilities-gaza-strip-and-israel-flash-update-149 , https://www.bbc.com/news/world-middle-east-68705765 ",,,https://www.gettyimages.nl/fotos/al-shifa-ziekenhuis,,,,21,,,,,Emre,View Incident,,,
INC-116,FAC-000,Al-Shifa Medical Complex,2024-03-04,,Siege / Invasion,World Health Organization reports hospital is now in ruins.,,,https://www.ochaopt.org/content/hostilities-gaza-strip-and-israel-flash-update-149,"Hostilities in the Gaza Strip and Israel | Flash Update #149 | United Nations Office for the Coordination of Humanitarian Affairs - Occupied Palestinian Territory""""https://www.aljazeera.com/news/longform/2024/4/18/satellite-images-reveal-israeli-destruction-of-hospitals-in-gaza""",,Yes,,,,,,,,,,,View Incident,,,
INC-117,FAC-000,Al-Shifa Medical Complex,2024-03-18,,"bombardment, fighting vicinity","Fire at the entrance to the surgery department building, resulting in multiple fatalities and injuries.","Fire erupted at the entrance to the surgeries department building, resulting in multiple fatalities and injuries.",,https://www.ochaopt.org/content/hostilities-gaza-strip-and-israel-flash-update-141,"Hostilities in the Gaza Strip and Israel | Flash Update #141 | United Nations Office for the Coordination of Humanitarian Affairs - Occupied Palestinian TerritoryYou can click the  *right button* on the mouse and select *copy link*.  
https://www.theguardian.com/world/gallery/2026/mar/09/a-giant-cat-and-a-back-to-the-future-reunion-photos-of-the-day-monday?CMP=share_btn_url#img-17.",,Yes,,,,,,,,,,,View Incident,,,
INC-118,FAC-000,Al-Shifa Medical Complex,2024-03-18,2024-04-01,Siege / Invasion,21 patients died due to forced displacement and denial of medical care during the raid;approximately 16 were ICU patients who died after being moved without equipment,"During the two weeks raid on Al-Shifa hospital,WHO reported 21 patients died after being moved multiple times and held without medical care.16 ICU patients died after being forcibly relcoated as staff no longer had the equipment to treat them.",,https://www.bbc.com/news/world-middle-east-68705765,,,No,21,,,,,,,,,,View Incident,,,
INC-119,FAC-013,Beit Hanoun Hospital,2023-10-14,,Destroyed,"hospital damaged, patients had to be evacuated",Reported by WHO as one of 4 hospitals in Northern Gaza that had had to be evacuated.,,https://www.ochaopt.org/content/hostilities-gaza-strip-and-israel-flash-update-8,,,Yes,,,https://www.youtube.com/shorts/w2jEf9LoR-0,,,,,,,ysn,View Incident,,,
INC-120,FAC-013,Beit Hanoun Hospital,2023-10-11,,Airstrike (Vicinity),"hospital rendered inaccessible, ambulance hit, 4 paramedics killed","During the past 24 hours, airstrikes have targeted areas near the Beit Hanoun hospital and a healthcare facility in Gaza city, causing damage to the surrounding areas of both facilities and rendering them inaccessible. The Palestinian Red Cresent Society (PRCS) reported that four of its paramedics were killed while on duty, when an ambulance was targeted in Beit Hanoun area.  Since 7 October, the World Health Organization (WHO) has documented 33 attacks that resulted in eleven fatalities and 16 injuries among healthcare staff and have affected 18 healthcare facilities and 20 ambulances.",,https://www.ochaopt.org/content/hostilities-gaza-strip-and-israel-flash-update-5,,,,,,,,,,4,,,GS,View Incident,,,
INC-121,FAC-010,Gaza European Hospital,2023-12-08,2023-12-10,Bombardment (Vicinity),Access to healthcare impeded; ambulance attack injured paramedics; hospital operations affected amid ongoing bombardment,"The vicinity of the European Gaza Hospital in Khan Younis was repeatedly bombarded for at least three consecutive days (8–10 December 2023), impeding access to healthcare for dozens of injured people. The hospital was sheltering about 70,000 internally displaced persons (IDPs). On 9 December, an ambulance near the hospital reportedly came under fire by Israeli forces.",,https://www.unocha.org/publications/report/occupied-palestinian-territory/hostilities-gaza-strip-and-israel-flash-update-64,https://www.unocha.org/publications/report/occupied-palestinian-territory/hostilities-gaza-strip-and-israel-flash-update-65,,No,,,,,,,,2,,Emre,View Incident,,,
INC-122,FAC-010,Gaza European Hospital,2023-11-14,,siege,"The hospital had run out of water, affecting 400 patients and thousands of IDPs.","On 14 November, the Nursing Director at the European Gaza Hospital was quoted in a media outlet as stating that the hospital had run out of water. This would affect over 400 patients and thousands of IDPs sheltering on the premises.",,https://www.ochaopt.org/content/hostilities-gaza-strip-and-israel-flash-update-39,,,No,,,,,,,,,,Emre,View Incident,,,
INC-123,FAC-010,Gaza European Hospital,2023-12-21,2023-12-22,strikes-vicinity,hospital vicinity struck,"The areas around Al Amal Hospital and European Gaza Hospital in Khan Younis were struck during ongoing hostilities. Shrapnel reportedly scattered into nearby medical facilities, causing fear and panic among patients and displaced people sheltering nearby.",,https://www.ochaopt.org/content/hostilities-gaza-strip-and-israel-flash-update-76,,,No,,,,,,,,,,Emre,View Incident,,,
INC-124,FAC-010,Gaza European Hospital,2023-12-29,2023-12-30,airstrikes-vicinity,"Unconfirmed number of civilians injured and five people killed. 5 deaths, are not confirmed inside hospital or not.",Airstrike occurred near European Gaza Hospital area in Khan Younis; surrounding civilian area affected,,https://www.ochaopt.org/content/hostilities-gaza-strip-and-israel-flash-update-81,,,No,,,,,5,,,,,Emre,View Incident,,,
INC-125,FAC-010,Gaza European Hospital,2024-07-01,2024-07-02,evacuation,Hospital evacuated and became non-functional; patients and staff evacuated.,"The Israeli military issued an evacuation order affecting eastern Khan Younis and Rafah. Although the European Gaza Hospital was later clarified as not directly included in the order, fear and prior experience caused patients and medical staff to flee. By 2 July, all patients and staff (about 320 people) had left, and the hospital became completely empty. Patients were transferred mainly to Nasser Medical Complex, which became overcrowded.",,https://www.ochaopt.org/content/humanitarian-situation-update-187-gaza-strip,,,,,,,,,,,,,Emre,View Incident,,,
INC-126,FAC-010,Gaza European Hospital,2024-08-01,,drone strike - vicinity,No confirmed casualties reported,The area around the Gaza European Hospital in Khan Younis was reportedly struck by drones. The report notes no clear information on deaths or injuries from this incident.,,https://www.unocha.org/publications/report/occupied-palestinian-territory/hostilities-gaza-strip-and-israel-flash-update-87,,,,,,,,,,,,,Emre,View Incident,,,
INC-127,FAC-010,Gaza European Hospital,2025-05-13,,airstrike,"Hospital severely damaged and rendered non-functional; evacuation hub disrupted; critical infrastructure (including oxygen lines and sewage systems) destroyed; hospital effectively taken out of service. Nineteen people were reportedly killed and more than 40 were injured, including four journalists. Following the attack, Médecins Sans Frontières (MSF) operating at the hospital had to suspend the outpatient consultations and reduce the number of MSF staff in the facility.","The European Gaza Hospital in Khan Younis was hit by Israeli airstrikes targeting its internal yards and surrounding area. The strikes caused major structural damage and led to the collapse of key medical infrastructure. The hospital, which served as a major medical evacuation and treatment hub, became non-functional. Evacuation operations were ongoing at the time, and WHO later confirmed coordinated evacuees were not harmed during the evacuation process itself, despite the attack on the facility.",,https://www.ochaopt.org/content/humanitarian-situation-update-288-gaza-strip,"https://www.ochaopt.org/content/humanitarian-situation-update-290-gaza-strip , https://www.bbc.com/news/articles/cx2jvx3yjg3o",,Yes,,,"https://www.youtube.com/watch?v=GDppabLoCcg , https://www.theguardian.com/world/video/2025/may/14/cctv-footage-captures-moment-israeli-airstrike-hits-gaza-hospital-video",,19,40,,,,Emre,View Incident,,,
INC-128,FAC-007,Indonesian Hospital,2023-02-11,,Siege (fuel shortage),Ceased to operate,Ceased to operate due to lack of fuel.,"On 2 November, the MoH reported that the main electricity generator of the Indonesian Hospital, in northern Gaza, had ceased to operate due to lack of fuel. This hospital has been receiving hundreds of people injured during the recent hostilities in Jabalia camp. Exposing hundreds of patients with serious injuries to imminent risk of death or lifelong disabilities. Shifa Hospital in Gaza city is reportedly almost out of fuel. Since the start of hostilities, 14 out of 35 hospitals with inpatient capacities are not functioning and 51 (71 per cent) of all primary care facilities across Gaza (72) are not functioning due to damage or lack of fuel.",https://www.ochaopt.org/content/hostilities-gaza-strip-and-israel-flash-update-27,,,,,,,,,,,,,Ali,View Incident,,,
INC-129,FAC-007,Indonesian Hospital,2023-03-11,,airstrike,"directly hit, large but unconfirmed number of casualties","On the 3rd November, at about the same time, Al Quds hospital in Gaza city and the Indonesian hospital in northern Gaza were hit, reportedly during airstrikes, resulting in a large yet unconfirmed number of casualties.",,https://www.ochaopt.org/content/hostilities-gaza-strip-and-israel-flash-update-28,,,No,,,,,,,,,,Ali,View Incident,,,
INC-130,FAC-007,Indonesian Hospital,2023-05-11,,strikes-vicinity,strikes continued in the close vicinity,,,https://www.ochaopt.org/content/hostilities-gaza-strip-and-israel-flash-update-30,,,,,,,,,14,,,,Ali,View Incident,,,
INC-131,FAC-007,Indonesian Hospital,2023-11-05,,strikes-vicinity,"Areas close to the hospital were struck, killing people and damaging buildings and equipment.",,,https://www.ochaopt.org/content/hostilities-gaza-strip-and-israel-flash-update-30,,,,,,,,,,,,,Ali,View Incident,,,
INC-132,FAC-007,Indonesian Hospital,2023-09-11,,bombardment-viscinity,"surrounding areas were damaged, death and injuries were reported, and the internal ceiling of the hospital shows damage.","Incidents of bombardment near the hospital are reported by videos that shows hits close to the hospital entrance, with people rushing from the outside to shelter inside the hospital building.",,https://www.theguardian.com/world/2023/dec/01/hospital-damage-in-gaza-during-israeli-offensive-a-visual-investigation,https://www.ochaopt.org/content/hostilities-gaza-strip-and-israel-flash-update-35,,Yes,,,,,,,,,,Ali,View Incident,,,
INC-133,FAC-007,Indonesian Hospital,2023-10-28,2023-10-29,airstrike-vicinity,"residential buildings surrounding the hospital were hit, reportedly by airstrikes","in a 24 hours time lapse, residential buildings near the Indonesian Hospital and AL-Shifa Hospital, were hit, reportedly by airstrikes.",,https://www.ochaopt.org/content/hostilities-gaza-strip-and-israel-flash-update-23,,,No,,,,,,,,,,Ali,View Incident,,,
INC-134,FAC-007,Indonesian Hospital,2023-10-29,,bombardment-vicinity,"bombarded causing damage, repeated evacuation orders over previous days.","On 28 and 29 October, the vicinities of the Indonesian hospital in northern Gaza was reportedly bombarded, causing damage.",,https://www.ochaopt.org/content/hostilities-gaza-strip-and-israel-flash-update-23,,,,,,,,,,,,,Ali,View Incident,,,
INC-135,FAC-007,Indonesian Hospital,2023-11-20,2023-11-21,"beseiged, under attack",resulting in at least 12 fatalities.,,,https://www.ochaopt.org/content/hostilities-gaza-strip-and-israel-flash-update-46,,,,,,,,,,,,,Ali,View Incident,,,
INC-136,FAC-007,Indonesian Hospital,2023-11-22,,Heavy strikes,"Heavy strikes were reported on and around the hospital, hitting surgery department",some 500 patients and staff were evacuated from the hospital,,https://www.ochaopt.org/content/hostilities-gaza-strip-and-israel-flash-update-47,,,,,,,,,,,,,Ali,View Incident,,,
INC-137,FAC-007,Indonesian Hospital,2023-11-23,,Hit,"The hospital continues to be surrounded by Israeli tanks. At about 22:00 on 23rd November, the hospital was hit again and sustained damage",,,https://www.ochaopt.org/content/hostilities-gaza-strip-and-israel-flash-update-48,,,,,,,,,,,,,Ali,View Incident,,,
INC-138,FAC-007,Indonesian Hospital,2023-11-24,,airstrike,Subsequently troops invaded the hospital,,,https://www.ochaopt.org/content/hostilities-gaza-strip-and-israel-flash-update-48,,,,,,,,,,,,,Ali,View Incident,,,
INC-139,FAC-007,Indonesian Hospital,2023-12-26,,strike,hit and destroyed on 25th December,,,https://www.ochaopt.org/content/hostilities-gaza-strip-and-israel-flash-update-77,,,,,,,,,,,,,Ali,View Incident,,,
INC-140,FAC-007,Indonesian Hospital,2024-03-06,,shelling,Still out of service and the hospital has recently been impacted by shelling,,,https://www.ochaopt.org/content/humanitarian-situation-update-174-gaza-strip,,,,,,,,,,,,,Ali,View Incident,,,
INC-141,FAC-007,Indonesian Hospital,2024-03-12,,unidentified fire,"Israeli forces opened fire resulting in the injury of one doctor, the destruction of three electricity generators, and damage to the hospital's third floor and water tanks",,,https://www.ochaopt.org/content/humanitarian-situation-update-243-gaza-strip,,,,,,,,,,,1,,Ali,View Incident,,,
INC-142,FAC-007,Indonesian Hospital,2024-04-29,,unidentified,three Palestinian children were reportedly killed and two injured in strikes near the Indonesian Hospital on 25th March,,,,,,,,,,,3,,,,,Ali,View Incident,,,
INC-143,FAC-007,Indonesian Hospital,2024-05-15,,out of service,As of 15 May out of service,,"Access to critical health services continues to shrink as additional evacuation orders are issued and military operations intensify in areas where these services are found. On 14 May, Médecins Sans Frontières (MSF) announced that it had withdrawn from the Indonesian Field Hospital after providing post-operative care for injured patients at the facility since December 2023. The NGO reported taking this decision following the “advancing offensive” in Rafah and the “pattern of systematic attacks against medical facilities and civilian infrastructure” it had witnessed since the beginning of the conflict, adding that its teams have endured 26 violent incidents since October 2023, including “airstrikes damaging hospitals, tanks being fired at agreed deconflicted shelters, ground offensives into medical centres, and convoys fired upon.” While downsizing its footprint in Rafah, MSF has now resumed operations at the Nasser Medical Complex in Khan Younis, providing orthopaedical surgery and care for burns, among other services.  ",https://www.ochaopt.org/content/hostilities-gaza-strip-and-israel-flash-update-166,,,,,,,,,,,,,Ali,View Incident,,,
INC-144,FAC-007,Indonesian Hospital,2024-10-12,,attack,"attacked on four occasions between 2 and 8 December, resulting in the injury of three medical staff and six patients and damage to its electricity generator and water tanks.",,"The Indonesian Emergency Medical Team (EMT), which had been deployed to the hospital by the World Health Organization (WHO) on 1 December following five access denials, was forced to evacuate as displaced people, caregivers, and many injured patients began fleeing the hospital and panic spread, according to the WHO Director-General, Tedros Adhanom Ghebreyesus. The WHO chief added that 33 people were killed just outside Kamal Adwan amid intense bombardment and hostilities near the hospital, which he described as one of the last lifelines for the people of North Gaza. Moreover, on four occasions between 2 and 8 December, the Indonesian Hospital in Beit Lahiya was attacked, resulting in the injury of three medical staff and six patients and damage to its electricity generator and water tanks. Also in North Gaza, the fifth floor and courtyard of Al Awda Hospital in Jabalya were reportedly hit on 3 December, with no casualties reported.",https://www.ochaopt.org/content/humanitarian-situation-update-245-gaza-strip,,,,,,,,,6,,3,,Ali,View Incident,,,
INC-145,FAC-007,Indonesian Hospital,2024-10-22,,hit,"top floors and front yard of the Indonesian Hospital, which hosted more than 40 trauma and chronic patients as well as medical staff, were hit and had a total power outage",,"On 18 and 19 October, Israeli strikes reportedly impacted all three remaining hospitals in the North Gaza governorate – Kamal Adwan, Indonesian and Al-Awda. According to MoH, the top floors and front yard of the Indonesian Hospital, which hosted more than 40 trauma and chronic patients as well as medical staff, were hit and had a total power outage. Two critical patients subsequently died amid lack of electricity and supplies, MoH added. Al-Awda Hospital and the entrance to the laboratory of Kamal Adwan were also hit, resulting in casualties, Al-Awda Health and Community Association and MoH reported. On 21 October, a complex mission led by the World Health Organization (WHO), together with OCHA, the United Nations Mine Action Service (UNMAS) and the Palestine Red Crescent Society (PRCS), managed to evacuate 14 critical patients, alongside 10 caregivers, from Kamal Adwan to Al Shifa Hospital in the Gaza governorate. The mission, which departed from Deir al Balah on 20 October, had to spend the night at the Kamal Adwan Hospital due to intense fighting in the area and was only able to proceed to Al Shifa the following day. Overall, as of 21 October, 100 in-patients remained hospitalized at Kamal Adwan, including seven adults and seven children in the Intensive Care Unit, with a constant influx of new casualties flooding the emergency department; some 200 trauma patients arrived in the space of 24 hours between 20 and 21 October, including 53 already deceased. On 21 October, the Director of Kamal Adwan reported that blood units had been exhausted, medical crews have been working restlessly without food, a number of patients had succumbed to their wounds amid capacity constraints, and other wounded persons were lying in the streets with no possibility to rescue them. Meanwhile, communication challenges caused by internet outages are hampering efforts to ascertain conditions at the Indonesian and Al Awda hospitals, informs the Health Cluster. Moreover, no UNRWA medical points are currently operational in North Gaza.",https://www.ochaopt.org/content/humanitarian-situation-update-231-gaza-strip,,,,,,,,,,,,,Ali,View Incident,,,
INC-146,FAC-007,Indonesian Hospital,2024-10-29,,wall demolition,WHO observed on 24 October that the facility’s boundary wall had been demolished,,,https://www.ochaopt.org/content/humanitarian-situation-update-233-gaza-strip,,,,,,,,,,,,,Ali,View Incident,,,
INC-147,FAC-007,Indonesian Hospital,2024-12-24,,invasion,"On 24 December, the Israeli military entered, ordering patients, caregivers and staff to evacuate.",,,https://www.ochaopt.org/content/humanitarian-situation-update-249-gaza-strip,,,,,,,,,,,,,Ali,View Incident,,,
INC-148,FAC-007,Indonesian Hospital,2025-05-16,2025-05-18,"attacks, access limited","structural damage rendering hospital out of service, severe shortage of blood, Israeli forces blocked access to the hospital, destroyed its northern gate, and bulldozed the courtyard","Between 15 and 23 May, Al-Awda Hospital, in North Gaza, was repeatedly hit. After both the Indonesian and Kamal Adwan hospitals went out of service, Al Awda became the only hospital in the governorate that remains partially functional, albeit under extreme conditions. Since 19 May, ongoing hostilities and precarious road access have prevented patients from reaching the hospital. On 21 May, the hospital’s third floor was reportedly hit, injuring a staff member. Hostilities in the area also damaged the hospital’s water tank and pipeline. On 22 May, the hospital’s third and fourth floors were reportedly hit, injuring two health workers. Patient tents, including one provided by WHO, caught fire, which also burned all medical supplies in the warehouse and destroyed vehicles in the basement. Al Awda faces an imminent risk of closure due to ongoing insecurity and restricted access, according to WHO.",,https://www.ochaopt.org/content/humanitarian-situation-update-290-gaza-strip,,,,,,,,,2,,,,Ali,View Incident,,,
INC-149,FAC-007,Indonesian Hospital,2025-05-19,,hit,hospital backup generators were struck causing a large fire and total blackout,"On 19 May, the hospital’s backup generators were struck, causing a massive fire and total blackout. On 20 May, WHO reported that intense hostilities left the hospital barely functional, with roads bulldozed and only 15 people remaining inside in urgent need of food and water.",,https://www.ochaopt.org/content/humanitarian-situation-update-290-gaza-strip,,,,,,,,,,,,,Ali,View Incident,,,
INC-150,FAC-017,International Eye Hospital,2023-08-10,2023-09-10,,"the ground floor of the building was decimated, the building was hit again, reducing it to rubble.","""One image shows the decimated ground floor of the building. The building was probably hit again, reducing it to rubble. A large crater is visible in satellite imagery showing the aftermath of what appears to be an Israeli airstrike.""",,https://www.theguardian.com/world/2023/dec/01/hospital-damage-in-gaza-during-israeli-offensive-a-visual-investigation ,https://edition.cnn.com/interactive/2024/01/middleeast/gaza-hospitals-destruction-investigation-intl-cmd/,,Yes,https://i.guim.co.uk/img/media/00764394cb9b7bd106c5101ef5da1d81eae8db55/0_0_1800_1080/master/1800.jpg?width=1900&dpr=1&s=none&crop=none,,,,,,,,,ysn,View Incident,,,
INC-151,FAC-037,International Medical Corps Field Hospital,2024-06-05,,Armed Clashes / Fighting,escalation of fighting forced it to relocate to its second field hospital in Deir al Balah,"On 5 June, the International Medical Corps (IMC) announced that the escalation of fighting had forced it to relocate all equipment and operations from its 160-bed field hospital in Rafah governorate to its second field hospital in Deir al Balah, thereby allowing it to continue to provide critical health services “while protecting the safety and security of its patients and staff.”",,https://www.ochaopt.org/content/humanitarian-situation-update-176-gaza-strip,,,,,,,,,,,,,ysn,View Incident,,,
INC-152,FAC-029,Jordanian Field Hospital,2023-11-15,,Artillery Shelling,seven of the medical staff were injured,"On 15 November, at about 20:30, a shell fired by Israeli forces hit the Jordanian field hospital in Gaza city, injuring seven of the medical team, who were members of the Jordanian Royal Medical Services.",,https://www.ochaopt.org/content/hostilities-gaza-strip-and-israel-flash-update-41,,,No,,,,,,,,7,,ysn,View Incident,,,
INC-153,FAC-029,Jordanian Field Hospital,2025-09-22,,Artillery Shelling,"continuous shelling caused damage to the hospital and its aquipments, also obstructing the routes surrounding it","Announced relocation of the hospital from the Tal al Hawa area of Gaza city to Khan Younis, citing staff safety concerns.  JAF noted that continuous shelling and heavy bombing in recent weeks had caused damage to the hospital’s façade and equipment, the hospital had become increasingly isolated, and the road leading to the hospital has become dangerous.",,https://www.unocha.org/publications/report/occupied-palestinian-territory/humanitarian-situation-update-326-gaza-strip,,,,,,,,,,,,,ysn,View Incident,,,
INC-154,FAC-030,Jordanian Field Hospital - Khan Yunis,2023-09-12,,Artillery Shelling,material damage caused,"On 9 December, the vicinity of the Hospital was shelled, which caused material damage. No casualties were reported.",,https://www.unocha.org/publications/report/occupied-palestinian-territory/hostilities-gaza-strip-and-israel-flash-update-65,,,,,,,,,,,,,ysn,View Incident,,,
INC-155,FAC-030,Jordanian Field Hospital - Khan Yunis,2024-01-17,,Artillery Shelling,Heavily damaged and one staff members and one patient were injured.,"On 17 January, the Jordanian Army quoted in media stated that their field hospital in Khan Younis was heavily damaged and one of its staff members and one patient were injured, amid shelling by Israeli forces in the area.",,https://www.ochaopt.org/content/hostilities-gaza-strip-and-israel-flash-update-95,,,,,,,,,2,,1,,ysn,View Incident,,,
INC-156,FAC-030,Jordanian Field Hospital - Khan Yunis,2025-05-17,2025-05-19,Direct Strike (Vicinity),"indirect damage to vicinity, impacting premises or surroundings","Between 17 and 19 May, the Facility with many others in Gaza, sustained indirect damage when nearby Israeli strikes impacted their premises or surroundings.",,https://www.ochaopt.org/content/humanitarian-situation-update-290-gaza-strip,,,,,,,,,,,,,ysn,View Incident,,,
INC-157,FAC-001,Kamal Adwan Hospital,2023-04-12,,airstrike,"Two series of airstrikes hit the, in Jabalia, with four fatalities and nine injuries reported in one of them",,,https://www.ochaopt.org/content/hostilities-gaza-strip-and-israel-flash-update-59,,,,,,,,4,,,,,Ali,View Incident,,,
INC-158,FAC-001,Kamal Adwan Hospital,2023-06-12,,fighting - vicinity,Intense fighting in its vicinity required patient evacuation,,,https://www.ochaopt.org/content/hostilities-gaza-strip-and-israel-flash-update-61,,,,,,,,,,,,,Ali,View Incident,,,
INC-159,FAC-001,Kamal Adwan Hospital,2023-07-11,,strikes-vicinity,"Areas close to the hospital were struck, killing people and damaging buildings and equipment.",,,https://www.ochaopt.org/content/hostilities-gaza-strip-and-israel-flash-update-30,,,,,,,,,,,,,Ali,View Incident,,,
INC-160,FAC-001,Kamal Adwan Hospital,2023-11-12,,unidentified,Maternity department was hit.,,,https://www.ochaopt.org/content/hostilities-gaza-strip-and-israel-flash-update-66,,,,,,,,,,,,,Ali,View Incident,,,
INC-161,FAC-001,Kamal Adwan Hospital,2023-11-22,,bombardment,Heavy bombardment resulting in dozens killed,,,https://www.ochaopt.org/content/hostilities-gaza-strip-and-israel-flash-update-47,,,,,,,,,,,,,Ali,View Incident,,,
INC-162,FAC-001,Kamal Adwan Hospital,2023-11-23,,bombardment-vicinity,Hospital vicinity heavily bombarded,,,https://www.ochaopt.org/content/hostilities-gaza-strip-and-israel-flash-update-48,,,,,,,,,,,,,Ali,View Incident,,,
INC-163,FAC-001,Kamal Adwan Hospital,2023-12-12,,invasion,Raided by Israeli forces,,,https://www.ochaopt.org/content/hostilities-gaza-strip-and-israel-flash-update-67,,,,,,,,,,,,,Ali,View Incident,,,
INC-164,FAC-001,Kamal Adwan Hospital,2023-12-13,,invasion,"Raided by Israeli troops, accompanied by tanks",,,https://www.ochaopt.org/content/hostilities-gaza-strip-and-israel-flash-update-68,,,,,,,,,,,,,Ali,View Incident,,,
INC-165,FAC-001,Kamal Adwan Hospital,2023-12-14,,invasion,"Raided by Israeli troops, accompanied by tanks",,,https://www.ochaopt.org/content/hostilities-gaza-strip-and-israel-flash-update-69,,,,,,,,,,,,,Ali,View Incident,,,
INC-166,FAC-001,Kamal Adwan Hospital,2023-12-16,,invasion,Israeli forces withdrew from after four days of besieging the facility,,,https://www.ochaopt.org/content/hostilities-gaza-strip-and-israel-flash-update-71,,,,,,,,,,,,,Ali,View Incident,,,
INC-167,FAC-001,Kamal Adwan Hospital,2024-02-29,,unidentified,Rendered out of service due to the lack of electricity and fuel for its generator.,,,https://www.ochaopt.org/content/hostilities-gaza-strip-and-israel-flash-update-129,,,,,,,,,,,,,Ali,View Incident,,,
INC-168,FAC-001,Kamal Adwan Hospital,2024-03-12,,Airstrikes - vicinity,Head of the Intensive Care Unit (ICU) at killed in an Israeli airstrike. Small diameter bombs outside the reception and emergency ward.,,,https://www.ochaopt.org/content/humanitarian-situation-update-243-gaza-strip,,,,,,,,,,,,,Ali,View Incident,,,
INC-169,FAC-001,Kamal Adwan Hospital,2024-05-11,,hit,The third floor of the hospital was directly hit twice on 31 October and 3 November.,,,https://www.ochaopt.org/content/humanitarian-situation-update-235-gaza-strip,,,,,,,,,,,,,Ali,View Incident,,,
INC-170,FAC-001,Kamal Adwan Hospital,2024-05-20,,hostilities-vicinity,Access increasingly difficult; intense hostilities have occurred in the vicinity of the hospital,,,https://www.ochaopt.org/content/hostilities-gaza-strip-and-israel-flash-update-168,,,,,,,,,,,,,Ali,View Incident,,,
INC-171,FAC-001,Kamal Adwan Hospital,2024-05-22,,"beseiged, under attack","Hit four times on 21 May, resulting in damage to the intensive care unit, reception, administration, and roof.",Kamal Adwan Hospital is no longer functional.,,https://www.ochaopt.org/content/hostilities-gaza-strip-and-israel-flash-update-169,,,,,,,,,,,,,Ali,View Incident,,,
INC-172,FAC-001,Kamal Adwan Hospital,2024-05-24,,evacuated,All health workers and patients have been evacuated,,,https://www.ochaopt.org/content/hostilities-gaza-strip-and-israel-flash-update-170,,,,,,,,,,,,,Ali,View Incident,,,
INC-173,FAC-001,Kamal Adwan Hospital,2024-10-12,,"bombing, shelling","On four occasions between 3 and 7 December was attacked by fire, bombs and shells, resulting in the killing of seven people including four medics and a child, the injury of at least three medical staff as well as patients and companions, and damage to water and fuel tanks and the oxygen station. On 6 December, Israeli tanks surrounded the hospital and ordered people to evacuate.",,,https://www.ochaopt.org/content/humanitarian-situation-update-245-gaza-strip,,,,,,,,3,,4,3,,Ali,View Incident,,,
INC-174,FAC-001,Kamal Adwan Hospital,2024-10-22,,hit,entrance to the laboratory of Kamal Adwan also hit,,,https://www.ochaopt.org/content/humanitarian-situation-update-231-gaza-strip,,,,,,,,,,,,,Ali,View Incident,,,
INC-175,FAC-001,Kamal Adwan Hospital,2024-10-29,,invasion,"On 25/26th October, Israeli soldiers entered the hospital. Some staff were injured while three ambulances, a transport vehicle and the solar panel electricity generation system were destroyed. Of the hospital’s 70-member team, 44 male staff members were detained.",,,https://www.ochaopt.org/content/humanitarian-situation-update-233-gaza-strip,,,,,,,,,,,,,Ali,View Incident,,,
INC-176,FAC-001,Kamal Adwan Hospital,2024-11-12,2024-12-17,attacks,"Between 11 and 17 December, near daily attacks on or very close to the facility, with debris and explosions shattering doors and windows, causing further damage to water tanks, the electricity generators and the oxygen supply network, and igniting a fire on the hospital’s third floor",,,https://www.ochaopt.org/content/humanitarian-situation-update-247-gaza-strip,,,,,,,,,,,,,Ali,View Incident,,,
INC-177,FAC-001,Kamal Adwan Hospital,2024-11-19,,hit,"A hit at the hospital gate killed Six Palestinians and injured others. On the 18 November, shrapnel hit personnel in the intensive care unit",,,https://www.ochaopt.org/content/humanitarian-situation-update-239-gaza-strip,,,,,,,,6,,,,,Ali,View Incident,,,
INC-178,FAC-001,Kamal Adwan Hospital,2024-11-26,,hit,"Has continued to come under attack, with at least seven attacks",,,https://www.ochaopt.org/content/humanitarian-situation-update-241-gaza-strip,,,,,,,,,,,,,Ali,View Incident,,,
INC-179,FAC-001,Kamal Adwan Hospital,2024-12-17,,hit,"17 December, was hit in front of the western gate where eight Palestinians were reportedly killed. Also bullets penetrated the Intensive Care Unit, where they ignited a fire, as well as the maternity ward, and the specialized surgery department,",,,https://www.ochaopt.org/content/humanitarian-situation-update-249-gaza-strip,,,,,,,,8,,,,,Ali,View Incident,,,
INC-180,FAC-001,Kamal Adwan Hospital,2024-12-31,,invasion,"Raided by Israeli forces and rendered out of service. Some areas of the hospital were burned and severely damaged during the raid, including the laboratory, surgical unit, engineering and maintenance department, operations theatre, and medical store.",,,https://www.ochaopt.org/content/humanitarian-situation-update-251-gaza-strip,,,,,,,,,,,,,Ali,View Incident,,,
INC-181,FAC-001,Kamal Adwan Hospital,2025-05-17,2025-05-19,strikes-vicinity,indirect damage to building,,,https://www.ochaopt.org/content/humanitarian-situation-update-290-gaza-strip,,,,,,,,,,,,,Ali,View Incident,,,
INC-182,FAC-050,Kuwait Field Hospital,2024-05-27,,Ceased operations,"Ceased operations on 27 May, two staff killed near hospital gate","Al Kuwaiti Hospital in Rafah ceased operations on 27 May; according to media reports quoting the hospital’s director, this occurred after two medical staff were killed when the hospital’s gate was hit.",,https://www.ochaopt.org/content/hostilities-gaza-strip-and-israel-flash-update-172,"https://www.aljazeera.com/news/2024/5/28/rafah-residents-face-further-danger-as-israel-hits-citys-two-hospitals , https://www.mirror.co.uk/news/world-news/rafah-hospital-gaza-out-service-32904752 ",,Yes,,,https://www.aljazeera.com/news/2024/5/28/rafah-residents-face-further-danger-as-israel-hits-citys-two-hospitals,,,,2,,,Tally,View Incident,,,
INC-183,FAC-050,Kuwait Field Hospital,2025-04-15,,Direct Strike,"On 15 April, one staff of the Kuwaiti field hospital was reportedly killed and nine others among the medical staff and patients were injured when the back entrance of the hospital was hit.","According to a press release by the Hospital's athority, A missile hit the north entrance of the facility in the morning, which led to the killing of one medical staff member, and the injury of nine (9) medical staff members and patients,",,https://www.ochaopt.org/content/humanitarian-situation-update-280-gaza-strip,,,No,,,,,9,,1,,,GS,View Incident,,,
INC-184,FAC-050,Kuwait Field Hospital,2025-04-22,,Strikes,"Hospital gate hit, killing one worker and destruction of 4 ambulances","On 22 April, the gate of the Kuwaiti Field Hospital was hit, resulting in the death of one staff member and destruction of four ambulances",,https://www.ochaopt.org/content/humanitarian-situation-update-284-gaza-strip,,,No,,,,,,,1,,,Tally,View Incident,,,
INC-185,FAC-050,Kuwait Field Hospital,2025-05-17,,Direct Strike (Vicinity),surgical operations suspended due to damage to hospital generator and other departments,"On 17 May, an IDP tent adjacent to Al Kuwaiti Field Hospital was reportedly hit, killing six Palestinians. The hospital announced the suspension of surgical operations until further notice due to severe damage to the hospital’s generator and other departments. On 19 May, following partial repairs, the hospital announced the resumption of operations in the surgical department for emergency cases only.",,https://www.ochaopt.org/content/humanitarian-situation-update-290-gaza-strip,https://t.me/QudsN/406731,,No,,,,,,,,,,GS,View Incident,,,
INC-186,FAC-041,MSF Clinic,2023-11-20,2023-11-20,tank shell,"damage to the building, five MSF cars were burned and crushed.","On 20 November, a clinic operated by Médecins Sans Frontières (MSF) in Gaza city was hit, resulting in damage to the building and five MSF cars burned and crushed by tank shelling. A total of 21 people are in the clinic, and might be in extreme danger and their status is unknown, the organization has warned.",,https://www.ochaopt.org/content/hostilities-gaza-strip-and-israel-flash-update-45,,,Yes,,,https://www.facebook.com/doctorswithoutborderscanada/videos/nov-20-video-of-five-msf-vehicles-and-damage-caused-to-the-msf-clinic-in-gaza-ci/677982847742775/,,,,,,,Emre,View Incident,,,
INC-187,FAC-040,MSF Premise 01,2023-11-14,2023-11-14,live ammunition,"the live ammunition was fired into the premise where more than 100 people, including medical staff and their families had taken shelter.","On 14 November, Médecins Sans Frontières reported that live ammunition had been fired into one of three of their premises (near Shifa Hospital), where more than 100 people, including staff and their families, had taken shelter.",,https://www.ochaopt.org/content/hostilities-gaza-strip-and-israel-flash-update-39,,,No,,,,,,,,,,Emre,View Incident,,,
INC-188,FAC-042,MSF Urgent Care Unit - Khan Younis,2025-04-01,2025-04-01,Airstrike,"On 1st April, an MSF staff  member, working at the MSF urgent care unit was killed along with his wife and 28-year-old daughter.","A staff member working with Médecins Sans Frontières was killed along with two family members during an airstrike in Khan Younis, Gaza, amid ongoing hostilities affecting civilians and medical personnel.",,https://www.ochaopt.org/content/humanitarian-situation-update-278-gaza-strip,,,No,,,,,2,,1,,,Emre,View Incident,,,
INC-189,FAC-012,Muhammad Al-Durrah Children's Hospital,2023-10-07,2023-10-12,Strike / Forced Evacuation,"Out of service, patients evacuated","Along with 23 hospitals in the nothern area of Gaza whom received evacuation orders and sustained intimidation and direct targeting. From the period of the seventh of the 7th of October to the 12th of the same month, the Hospital was damaged and the patients had to be evacuated.",,https://www.ochaopt.org/content/hostilities-gaza-strip-and-israel-flash-update-8,,,No,,,,,,,,,,GS,View Incident,,,
INC-190,FAC-012,Muhammad Al-Durrah Children's Hospital,2023-10-14,,Forced Evacuation,"hospital damaged, patients had to be evacuated",Reported by WHO as one of 4 hospitals in Northern Gaza that had had to be evacuated.,,https://www.ochaopt.org/content/hostilities-gaza-strip-and-israel-flash-update-9,,,,,,,,,,,,,GS,View Incident,,,
INC-191,FAC-012,Muhammad Al-Durrah Children's Hospital,2025-04-23,,Unidentified,"On 23 April, attacks on Al Durrah Paediatric Hospital in Gaza city resulted in damage to the intensive care unit (ICU) department and the hospital's solar panels.",,,https://www.ochaopt.org/content/humanitarian-situation-update-284-gaza-strip,"جريدة القدسhttps://en.safa.news/post/4170/Gaza-s-Last-Pediatric-Hospital-Destroyed-in-Israeli-Strike,",,Yes,"Instagram, https://english.palinfo.com/news/2025/04/23/337937/ , https://www.ilkha.com/english/world/israeli-artillery-targets-gazas-al-durrah-children-s-hospital-severely-damaging-icu-453723",,,,,,,,,GS,View Incident,,,
INC-192,FAC-018,Muhammad Youssef Al-Najjar Hospital,2024-05-07,,Forced Evacuation,Evacuation order issued resulting in hospital being evacuated on 7 May,"The hospital’s dialysis department, WHO reported, was the only one surviving in Gaza and represented a lifeline for patients suffering from kidney failure. Following the hospital evacuation, 1,500 patients with kidney failure who previously received treatment there. ",,https://www.ochaopt.org/content/hostilities-gaza-strip-and-israel-flash-update-163,,,No,,,,,,,,,,GS,View Incident,,,
INC-193,FAC-018,Muhammad Youssef Al-Najjar Hospital,2024-05-07,2025-02-02,Destroyed,Hospital largely destroyed following earlier evacuation,,,"https://www.facebook.com/MOHGaza1994/videos/%D9%88%D8%B2%D8%A7%D8%B1%D8%A9-%D8%A7%D9%84%D8%B5%D8%AD%D8%A9-%D8%A7%D9%84%D9%81%D9%84%D8%B3%D8%B7%D9%8A%D9%86%D9%8A%D8%A9-%D8%BA%D8%B2%D8%A9%D8%AC%D8%A7%D9%86%D8%A8-%D9%85%D9%86-%D8%AC%D9%88%D9%84%D8%A9-%D8%AA%D9%81%D9%82%D8%AF%D9%8A%D8%A9-%D9%84%D9%88%D9%83%D9%8A%D9%84-%D8%A7%D9%84%D9%88%D8%B2%D8%A7%D8%B1%D8%A9-%D8%AF%D9%8A%D9%88%D8%B3%D9%81-%D8%A3%D8%A8%D9%88-%D8%A7%D9%84%D8%B1%D9%8A%D8%B4-%D9%88%D8%A7%D9%84%D9%88/2393418047659817/%D8%A7%D9%84%D9%81%D9%84%D8%B3%D8%B7%D9%8A%D9%86%D9%8A%D8%A9-%D8%BA%D8%B2%D8%A9%D8%AC%D8%A7%D9%86%D8%A8-%D9%85%D9%86-%D8%AC%D9%88%D9%84%D8%A9-%D8%AA%D9%81%D9%82%D8%AF%D9%8A%D8%A9-%D9%84%D9%88%D9%83%D9%8A%D9%84-%D8%A7%D9%84%D9%88%D8%B2%D8%A7%D8%B1%D8%A9-%D8%AF%D9%8A%D9%88%D8%B3%D9%81-%D8%A3%D8%A8%D9%88-%D8%A7%D9%84%D8%B1%D9%8A%D8%B4-%D9%88%D8%A7%D9%84%D9%88/2393418047659817/  It portrays a visit to a number of hospitals, showing damage. It is not clear to me as to which hospital(s) it is portraying. Does the Arabic clarify this?",,,,,,,,,,,,,,View Incident,,,
INC-194,FAC-002,Nasser Medical Complex,2023-11-04,,Airstrike,"the entrance of hospital was hit, two people were killed and the entrance was damaged.","On 4 November, the entrances of both Nasser Children's Hospital in Gaza city and Al Quds Hospital in Gaza city were reportedly hit during Israeli airstrikes. Two people were reportedly killed, dozens were injured, and damage was caused to the entrances of these health facilities.",,https://www.ochaopt.org/content/hostilities-gaza-strip-and-israel-flash-update-29,,,No,,,,,,,,,,ysn,View Incident,,,
INC-195,FAC-002,Nasser Medical Complex,2023-11-08,2023-11-10,Unidentified,holes in the walls of multiple rooms including an imaging room.,"Footage appears to show extensive damage, including holes in the walls of multiple rooms, including one used for imaging.",,https://www.theguardian.com/world/2023/dec/01/hospital-damage-in-gaza-during-israeli-offensive-a-visual-investigation,,,Yes,,,https://uploads.guim.co.uk/2023/11/28/Al_Nasr_2.mp4,,,,,,,ysn,View Incident,,,
INC-196,FAC-002,Nasser Medical Complex,2023-11-09,,Airstrike,"three people were killed and dozens injured. The pediatric hospital stopped operations after sustaining significant damage,","An Naser Children’s Hospital in Gaza city was hit during an airstrike, reportedly killing three people and injuring dozens more. This has led to the cessation of operations of the Hospital,",,"https://www.ochaopt.org/content/hostilities-gaza-strip-and-israel-flash-update-34, https://www.ochaopt.org/content/hostilities-gaza-strip-and-israel-flash-update-35",,,No,,,,,3,12,,,,ysn,View Incident,,,
INC-197,FAC-002,Nasser Medical Complex,2023-11-10,,Siege / Encirclement,the hospital is encircled,"By noon, Israeli ground forces reportedly completed the encirclement of four hospitals in An Nasser area of Gaza city. One of them, a pediatric hospital, stopped operations on 9 November after sustaining significant damage.",,https://www.ochaopt.org/content/hostilities-gaza-strip-and-israel-flash-update-35,,,No,,,,,,,,,,ysn,View Incident,,,
INC-198,FAC-002,Nasser Medical Complex,2023-12-09,,Shelling (Vicinity),"material damage caused, with no casualties reported,","On 9th December, the vicinity of the Hospital was shelled, which caused material damage, no casualties were reported,",,https://www.unocha.org/publications/report/occupied-palestinian-territory/hostilities-gaza-strip-and-israel-flash-update-65,,,,,,,,,,,,,ysn,View Incident,,,
INC-199,FAC-002,Nasser Medical Complex,2023-10-30,,Unidentified (Vicinity),the viscinity of the hospital was targeted which caused damage.,"On 30 October, Israeli forces continued for the second consecutive day to target the vicinity of hospitals causing damage to An Nasser hospital, the Turkish Friendship Hospital (the only cancer hospital), and an UNRWA health centre.",,https://www.ochaopt.org/content/hostilities-gaza-strip-and-israel-flash-update-24,,,No,,,,,,,,,,ysn,View Incident,,,
INC-200,FAC-002,Nasser Medical Complex,2023-12-13,,Bombardment (Vicinity),Vicinity repeatedly bombarded,"On the 13th of December, the vicinity of the Hopsital was repeatadly bombarded, impeding the access of dozens of casualties,",,https://www.ochaopt.org/content/hostilities-gaza-strip-and-israel-flash-update-68,,,,,,,,,,,,,ysn,View Incident,,,
INC-201,FAC-002,Nasser Medical Complex,2023-12-18,,Artillery Shelling,"Hit at least twice on 17 December. An artillery shell struck the maternity ward, the ordonnance didn't explode, it hit a child in the head, killing the 13 year old Dina Lyad Abu Mohsen, ","The Hospital was subjected to Israeli artillery shelling overnight which resulted in the death of a young girl, the Palestinian Ministry of Health in Gaza announced Monday. The ministry said in a brief statement on Telegram that 13-year-old Donia Abu Mohsen “was martyred and joined all her family members after the maternity building in Nasser Medical Complex was targeted,” it said.
According to the ministry, Donia lost her parents and all her siblings in the war, and she remained alone after losing a leg in a previous Israeli airstrike.",,https://www.aa.com.tr/en/middle-east/israeli-artillery-targets-nasser-medical-complex-gaza-health-ministry/3086410,,,Yes,,,https://web.archive.org/web/20251031160404/https://www.youtube.com/watch?v=sPaJGJgaJsI,,1,,,,,ysn,View Incident,,,
INC-202,FAC-002,Nasser Medical Complex,2024-01-21,2024-02-14,Siege / Encirclement / Snipers,"The siege imposed on the Hospital, with its population of 300 medical staff, 450 injured, and arround 10000 IDPs, was done by encircling it with military vehicles and snipers positionning on its surroundings. the  IDF snipers reportedly killed 26 civilians and injured15 others, while some of the bodies remained unreachable by the medical staff and were desecrated by stray animals. The humanitarian situation got critical with the medical staff and civilians running out of food, the sewage flooding the emergency department, and the accumulation of medical waste in the facility, also the fuel shortage and the generators shutting down due to it has led to the death of a 10 year old boy.","On 21 January, a video from Basam Yosef shows the moment IDF tanks besieged and cut off the road leading to the Hospital. 
By 22nd January the Ministry of Health, by his spokesperson's message on telegram reported that citizens are forced to burry 40 martyrs in a mass grave in the Hospital court. 
On January 23 Israel ordered the evacuation for the surrounding area of the Hospital.
In 24th January, the OCHA report that the Hospital is ""minimally functionning"", as it is surrounded by the Israely military and is experiencing intese fighting, and is no longer able to receive patients or supplies.
By January 25, the MoH spokesperson declared that the Hospital is working with only 10% of it's normal capacity, with acute shortage on food, and anethetics and analgesics, and a quantity of fuel that would not suffice for 5 days.
Medecins Sans Frontières (MSF) declared in January 26 that the Hospital,whish is the largest remaining health facility at the time, can no longer provide vital medical services.
By January 28, the MoF spokesperson declared that the burried inside the court of the Hospital have reached 150 martyrs and 30 unkown martyrs remains in the morgue, also the water reservoir tanks got hit by drones and shrapnels leading to leakage in the ICU, and a shortage of water for dialysis.
On January 29, a video footage from the Hospital shows the mass burial of 35 martyrs in the courtyard.
By January 30, OCHA reported casualties amid attacks in the vicinity of the hospital and surrounding areas.
In January 31, the MoH through his official spokesperson warned from a possible health catastrophe due to the accumulation of medical waste inside the Hospital, and food shortage.
One the 5th of February, video footage from the Hospital shows smoke dissipating from what seems to be the aftermath of a strike in the Hospital vicinity.
On February 6, the MoH made an official statement declaring that the siege imposed on the Hospital put the lifes of 300 medical staff, 450 injured, and arround 10000 IDPs at risk. With no food entering the Hospital, and no medicine and no analgesis, anesthetics, or medical surgeries equipments.
As the siege continued, allegations of Israeli snipers targeting people in the Hospital and its vacinity became numerous. On the 7th of February, a Palestinian woman was reportedly shot and killed while purpotedly fetchning water from the Hospital, And on the next day February 8, a nurse was reportedly shot and critically ijured while inside the operations room in the Hospital, in addition of two incidents where Israeli forces fired at a group of people at the entrance of the Hospital and another group in its vicinity, killing four and three Palestinians repectively.
On February 9, the Israeli snipers continue to target civilians near the Hospital with two Palestinians killed near the facility. All while the vicinity of the Hospital is repeatdly hit with strikes from the IDF. 
On the 10th February, the MoH reported continuous sniper fire targeting medical staff and IDPs taking refuge inside the Hospital, the targeting included the Hospital's entrance, its different structures and its courtyards, this has led to the death of four Palestinians.
On the same day, video footage from the within the Hospital shows and IDF armored vehicle and a Bulddozer positionned in the Hospital's gate. 
In February 11, two Palestinians were reportedly shot and killed in front of the gate of the Hospital, one of them is the journalist yasser mamdouh, Meanwhile, OCHA report that several fatalities have been lying on the ground around the hospital, for several days, and have been unreachable due to continued attacks in the Hospital's vicinity. On the same day, a video footage from within the Hospital shows two Palestinians bodies with the captions reading ""Martyr's bodies that the IDF executed in front of the Hospital's entrance and prohibited medical staff from reaching them"", the video shows cats feeding on the bodies. On the same day, a video footage from within the Hospital shows the aftermath of a strike that targeted the medical staff romm that served as a dorm room.
On February 12, the MoH reported seven Palestinians killed and fourteen injured by sniper fire in the Hospital's courtyard. The same authority also declared that the medical staff, the hospitalized, and the IDPs have run out of food.
In February 13, the MoH declared that the IDF have ordered the evacuation of all the IDPs from the Hospital, also reporting that the targeting of schools nearby and them catching fire have led to the burning of the Hospital's medical equipments storage room completely. MSF reported that the medical staff and patients were told they may remain with a limit of one caretaker per patient.
The IDF have desttroyed the north gate of the Hospital.
This same day saw the killing of three palestinians and the injuring of ten others inside the Hospital by sniper fire. While a generators running out of fuel and ceasing work led to the death of a ten year old child. 
 Another video footage shared by ALJAZEERA shows a Palestinian child shot by IDF snipers at the entrance of the Hospital, with his body unreachable by medcial staff being eated by cats.",,https://www.ochaopt.org/content/hostilities-gaza-strip-and-israel-flash-update-102,"https://www.aljazeera.net/news/2024/1/22/مغردون-سيناريو-الشفاء-يتكرر-في-مجمع , https://t.me/MOHMediaGaza/4818 , https://t.me/MOHMediaGaza/4846 , https://www.doctorswithoutborders.org/latest/nasser-hospital-collapses-cutting-access-health-care-southern-gaza , https://www.aa.com.tr/ar/إسرائيل/صحة-غزة-نفاد-أدوية-بمستشفى-ناصر-المحاصر-ودفن-شهداء-في-ساحتها/3120896 , https://www.aljazeera.net/video/2024/1/29/دفن-35-شهيدا-بمقابر-جماعية-داخل-مجمع , https://www.ochaopt.org/content/hostilities-gaza-strip-and-israel-flash-update-107 ,  https://www.aa.com.tr/ar/الدول-العربية/صحة-غزة-حياة-آلاف-المرضى-والنازحين-بمجمع-ناصر-في-خطر-شديد-/3129335 , https://www.ochaopt.org/content/hostilities-gaza-strip-and-israel-flash-update-114 ,  https://www.ochaopt.org/content/hostilities-gaza-strip-and-israel-flash-update-115 , https://www.ochaopt.org/content/hostilities-gaza-strip-and-israel-flash-update-116 , https://www.aljazeera.net/news/2024/2/11/الاحتلال-يستولي-على-مفاتيح-سيارات , https://www.ochaopt.org/content/hostilities-gaza-strip-and-israel-flash-update-117 , https://t.me/MOHMediaGaza/4978 , https://www.ochaopt.org/content/hostilities-gaza-strip-and-israel-flash-update-118 , https://www.aljazeera.net/news/2024/2/14/الاحتلال-يجبر-النازحين-على-إخلاء-مجمع-2 , ",,Yes,,,"https://www.instagram.com/p/C2Zp3Gjt9gc/?utm_source=ig_embed&utm_campaign=embed_video_watch_again , https://t.me/QudsN/368852 ,  
https://t.me/QudsN/369068 , https://www.instagram.com/p/C3Mz8Kzt8_0/?utm_source=ig_embed&utm_campaign=invalid&ig_rid=96861198-1074-4c6d-b635-2701f597e045 , https://web.facebook.com/reel/300288569355036 , ",,27,14,,1,,ysn,View Incident,,,
INC-203,FAC-002,Nasser Medical Complex,2024-02-14,,Forced Evacuation,"the IDF issues ordered the IDPs to evacuate the Hospital, whish led to the displacement of more than 8000 Palestinians. Only arround 2500 remained in the Hospital, including health workers and their families, with arround 1500 IDPs, and patients and their caretakers.  ","After the evacuation order being issued by the IDF to the Hospital administration on 13 February. The MoH reports that as of 14 February, only 2500 people remained in the Hospital, including about 1500 IDPs, about 490  health workers and their families, and 600 patients and their companions, including eighteen patients in the ICU, thirthy five in the dialysis, and three babies in incubators.
By 19:00, a handcuffed Palestinian detainee who was allegedly sent by IDF to deliver a message to IDPs that remained in the Hospital, was reportedly shot and killed afterwards.",,https://www.ochaopt.org/content/hostilities-gaza-strip-and-israel-flash-update-119,https://web.facebook.com/MOHGaza1994/posts/719695030335442/?paipv=0&eav=AfZ3LS8Ew4JEex2-xFikshDGpuI7tmn9TvAQmUTb7IN1I77ZLW1IzCyEQnQ1m8T91us&_rdc=1&_rdr#,,,,,,,1,,,,,ysn,View Incident,,,
INC-204,FAC-002,Nasser Medical Complex,2024-02-15,2024-02-25,Raid,"The IDF raided the Hospital after a besieging it for more than 23 days, this resulted in the death of 8 patients in the ICU, the detention of arround 200 people including 70 administration and medical staff. Later on, on April 23, the Palestinian authorities declared finding up to 310 palestinians burried by the IDF in a mass grave in the Hospital courtyard.","On 15 February, IDF reportedly entered te Hospital, including the maternity department, according to the MoH. The MoH also reported that hundreds of patients and staff had been relocated to a building within the hospital coumpound, where they lacked food, water, and baby forula, and that the Hospital generators had stopped functionning, putting at risk the lives of six patients on ventilators in the ICU.
On the morning of 16 February, the MoH reported that five ICU patients died due to the depletion of oxygen. The IDF also ordered women and children to relocate to the maternity ward that was transformed into a military barrack.
On 18 February, the IDF conducted interrogations of some medcial staff, while they were handcuffed, beating and stripping them of their clothes.
By February 20, the ICU was no longer functionning, and the bodies of eight patients that died due to the lack of oxygen remained there decomposing. 
One February 22, the MoH reported that four Military Personnel Vehicles have entered the Hospital. 
On the evening of the same day, the MoH reported that the IDF ceased to occupy the Hospital, and repositionned on its surroundings, continuing the obstruction of access to it.
",,https://www.ochaopt.org/content/hostilities-gaza-strip-and-israel-flash-update-119,"https://x.com/MSF/status/1758107841297105037 , https://www.ochaopt.org/content/hostilities-gaza-strip-and-israel-flash-update-120 , https://t.me/MOHMediaGaza/5015 , https://www.wafa.ps/Pages/Details/90325 , https://t.me/MOHMediaGaza/5054 , https://www.aa.com.tr/ar/إسرائيل/صحة-غزة-الجيش-الإسرائيلي-يعاود-اقتحام-مشفى-ناصر-ويقتل-23-وسط-القطاع-/3145343 , https://www.aljazeera.net/news/2024/2/25/مستشفى-ناصر , https://www.alarabiya.net/arab-and-world/2024/04/23/الأمم-المتحدة-تحقق-في-العثور-على-أكثر-من-300-جثة-في-مقبرتين-جماعيتين-بغزة",,,,,,,8,,,,,ysn,View Incident,,,
INC-205,FAC-002,Nasser Medical Complex,2025-03-23,,Direct Strike,"a strike on the surgical ward of the medical complexe killed two patients, 35 in-patient beds were destroyed,","On 23 March, a strike on the surgical ward of Naser Medical Complex in Khan Younis, currently the largest hospital in the Gaza Strip, killed two patients, including a 16-year-old boy, and injured eight others, and destroyed 35 in-patients beds.",,https://www.ochaopt.org/content/humanitarian-situation-update-275-gaza-strip,,,No,,,,,2,,,,,ysn,View Incident,,,
INC-206,FAC-002,Nasser Medical Complex,2025-05-13,,Airstrike,"40 inpatient beds and 10 intensive care beds rendered out of service, two killed (one a journaist being treated at the hospital at time of hit), 12 injured","The director of field hospitals at the MoH, Dr. Marwan Al-Hams, reported that this is the second attack on Nasser Hospital within two months. It rendered 40 inpatient beds and 10 intensive care unit beds out of service. The hospital’s director informed WHO that two people were killed and 12 others, including patients and medical staff, were injured. The journalist Hassan Salih was targeted and killed in the attack while he was receiving treatment in his hospital bed following an injury he sustained when a tent for journalists was previously targeted.",,https://www.ochaopt.org/content/humanitarian-situation-update-288-gaza-strip,"https://www.facebook.com/watch/?mibextid=wwXIfr&v=694104496360241&rdid=9lbhotKwTSimO6cr , https://pjs.ps/ar/page-3325.html",,Yes,,,https://web.facebook.com/watch/?mibextid=wwXIfr&v=694104496360241&rdid=9lbhotKwTSimO6cr&_rdc=1&_rdr#,,2,12,,,,ysn,View Incident,,,
INC-207,FAC-002,Nasser Medical Complex,2025-05-19,,Direct Strike,"supplies and solutions wharehouse hit, 30% of warehouse facility destroyed","On 19 May, the medical supplies and solutions warehouse in Nasser Medical Complex, in Khan Younis, was hit and destroyed, with no casualties reported. According to WHO, around 30 per cent of the warehouse was destroyed. The warehouse was built by WHO and included critical supplies such as IV fluids and dialysis solutions. Medical Aid for Palestine (MAP) also reported that the attack rendered what little remains unusable, including vital materials provided by MAP. Describing the catastrophic conditions at the hospital, MAP said that “patients are forced to sleep in hallways, with beds scattered across every available space. Six operating theatres are running non-stop, yet the constant influx of casualties far exceeds capacity…[The] ICU, designed for 12 patients, now houses more than 24. An emergency extension was created after recent bombings damaged the surgical department, but it fails to meet basic standards.”",,https://www.ochaopt.org/content/humanitarian-situation-update-290-gaza-strip,"https://www.doctorswithoutborders.org/latest/palestinians-gaza-are-being-deliberately-asphyxiated-israeli-forces#:~:text=On%20May%2019%2C%20Israeli%20forces,low%20due%20to%20the%20siege.",,Yes,https://www.doctorswithoutborders.org/sites/default/files/styles/large_image_large_mobile_480x320/public/20250520_NasserHospital_06.jpeg?itok=ckF-k4v2,,,,,,,,,ysn,View Incident,,,
INC-208,FAC-002,Nasser Medical Complex,2025-06-18,,Evacuation Order,"Displacement order for area around Nassar Medical Complex continues, staff unable to access hospital due to safety concerns and lack of fuel for trasportation, maternity ward closed June 19","On 18 June, WHO Director-General, Tedros Adhanom Ghebreyesus, stated that the Hospital is struggling to operate under severe strain and critical shortages. The Hospital is located within an area that was placed under a displacement order, and many health workers cannot reach it due to safety concerns or lack of fuel for transportation.",,https://www.ochaopt.org/content/humanitarian-situation-update-300-gaza-strip,,,No,,,,,,,,,,ysn,View Incident,,,
INC-209,FAC-002,Nasser Medical Complex,2025-08-25,,Direct Strike,"The Hospital was hit by two strikes carried out by Israeli forces, killing 22 Palestinians, including two who died of their wounds on 27 August according to MoH.","hit by two strikes, killing 22 Palestinians, including two who died of their wounds on 27 August. Among the fatalities were one female photojournalist, four male journalists, a Palestinian Civil Defence (PCD) driver, a doctor and three other medical staff. Over 30 people were reportedly injured, including one doctor and one nurse, critically ill patients who were receiving care at the complex, two journalists, one Palestine Red Crescent Society (PRCS) paramedic, and seven PCD officers who got injured live on the news while attempting to rescue the injured and retrieve the fatalities from the first strike.",,https://www.ochaopt.org/content/humanitarian-situation-update-317-gaza-strip,,,,,,,,22,30,4,2,,ysn,View Incident,,,
INC-210,FAC-002,Nasser Medical Complex,2025-09-29,,Live Fire / Gunfire,a nurse was critically injured by a gunshot to the head while performing his duties inside the hospital.," On 29 September, at the Nasser Medical Complex in Khan Younis, a nurse was critically injured by a gunshot to the head while performing his duties inside the hospital.",,https://www.ochaopt.org/content/humanitarian-situation-update-327-gaza-strip,,,,,,,,,,,1,,ysn,View Incident,,,
INC-211,FAC-002,Nasser Medical Complex,2025-06-12,,Evacuation Order,Displacement order for area around Nassar Medical Complex and Israeli troops and tanks in area,"On 12 June, a displacement order affected the area surrounding Nasser Medical Complex, the last major functioning hospital in southern Gaza. On the same day, Medical Aid Palestine (MAP) reported that Israeli tanks and troops were in close proximity to the hospital, warning that if the hospital is forced to shut down, hundreds of thousands of people would lose access to critical care and the outcome would be “beyond catastrophic.” The hospital has 540 beds, including 51 patients in the intensive care unit (ICU), and is operating at 150 per cent of its bed capacity, MAP reported. Describing the harrowing conditions, Dr. Mohammad Saqr, Director of Nursing at Nasser, told MAP that they “are resorting to placing patients in corridors and on balconies as a last resort, because [they] cannot turn our backs on them,” adding that most of the received patients have been injured by direct sniper fire to the head or chest and that 95 per cent of incoming patients are acutely malnourished.",,https://www.unocha.org/publications/report/occupied-palestinian-territory/humanitarian-situation-update-297-gaza-strip,,,No,,,,,,,,,,ysn,View Incident,,,
INC-212,FAC-043,Noura Al-Kaabi Specialist Dialysis Centre,,,unspecified,destroyed,,,Humanitarian Situation Update #294 | Gaza Strip | United Nations Office for the Coordination of Humanitarian Affairs - Occupied Palestinian Territory,,,,,,,,,,,,,,View Incident,,,
INC-213,FAC-026,Palestine Medical Relief Center for the Rehabilitation of the Disabled,2023-10-25,,Bombardment,the building was destroyed,,,https://www.theguardian.com/world/2023/dec/01/hospital-damage-in-gaza-during-israeli-offensive-a-visual-investigation,,,Yes,,,,,,,,,,,View Incident,,,
INC-214,FAC-028,Patient Friends Association Hospital,2024-02-15,,unidentified,The hospital has been rendered out of service after sustaining severe damage in early February.,,,https://www.ochaopt.org/content/hostilities-gaza-strip-and-israel-flash-update-119,,,,,,,,,,,,,Ali,View Incident,,,
INC-215,FAC-028,Patient Friends Association Hospital,2024-07-08,,evacuated,Evacuated in fear of intensified military activities,,,https://www.ochaopt.org/content/humanitarian-situation-update-188-gaza-strip,,,,,,,,,,,,,Ali,View Incident,,,
INC-216,FAC-039,Primary Care Clinic,2023-10-30,,unidentified,destruction of the infrastructure,"Three attacks from the 30th to the 31st of October have affected three health facilities, from which a primary care clinic is reported as destroyed.",,https://www.ochaopt.org/content/hostilities-gaza-strip-and-israel-flash-update-25,,,No,,,,,,,,,,,View Incident,,,
INC-217,FAC-032,Red Cross Field Hospital - Rafah,2025-07-04,,shooting,staff member was injured by a stray bullet while on duty.,,,https://www.ochaopt.org/content/humanitarian-situation-update-304-gaza-strip,,,,,,,,,,,2,,,View Incident,,,
INC-218,FAC-014,Sheikh Hamad Hospital for Rehabilitation and Prosthetics,2023-10-07,2023-10-12,evacuation,"Out of service, patients evacuated","Along with 23 hospitals in the nothern area of Gaza whom received evacuation orders and sustained intimidation and direct targeting. From the period of the seventh of the 7th of October to the 12th of the same month, the Hospital was damaged and the patients had to be evacuated.",,https://www.ochaopt.org/content/hostilities-gaza-strip-and-israel-flash-update-8,https://genocide.live/uploads/debunk-idf-claims-about-terror-tunnel-in-sheikh-hamad-hospital-1,,Yes,,,,,,,,,,Ali,View Incident,,,
INC-219,FAC-014,Sheikh Hamad Hospital for Rehabilitation and Prosthetics,2023-10-14,,unidentified,"hospital damaged, patients had to be evacuated",Reported by WHO as one of 4 hospitals in Northern Gaza that had had to be evacuated.,,https://www.ochaopt.org/content/hostilities-gaza-strip-and-israel-flash-update-8,,,,,,,,,,,,,Ali,View Incident,,,
INC-220,FAC-014,Sheikh Hamad Hospital for Rehabilitation and Prosthetics,2025-05-19,,hit,severe damage and disruption fo services,,,https://www.ochaopt.org/content/humanitarian-situation-update-290-gaza-strip,,,No,,,,,,,,,,Ali,View Incident,,,
INC-221,FAC-022,Turkish Friendship Hospital,2023-11-01,,Siege (fuel shortage),"due to the siege, the hospital ran out of fuel and was forced to stop most of its activites","On 1 November, the Turkish-Palestinian Friendship hospital in Gaza city reportedly ran out of fuel and was forced to stop most of its activities, rendering 70 cancer patients at serious life risk.",,https://www.ochaopt.org/content/hostilities-gaza-strip-and-israel-flash-update-26,,,No,,,,,,,,,,ysn,View Incident,,,
INC-222,FAC-022,Turkish Friendship Hospital,2023-10-17,,Siege (fuel shortage),large parts of the Hospital's services stopped due to fuel shortage,"The Dr Sobhu SKIK, Director General of the Turkish-Palestinian Friendship Hospital, through the official social media account of the Ministry of Health in Gaza declared that many services the Hospitals provided will be Halted, and others could be under 48H if the facility didn't receive any fuel,",,https://www.independent.com.mt/articles/2023-10-17/world-news/As-Biden-heads-to-Israel-and-Jordan-aid-is-held-up-for-a-Gaza-on-the-verge-of-total-collapse-6736255671 ,,,No,,,,,,,,,,ysn,View Incident,,,
INC-223,FAC-022,Turkish Friendship Hospital,2023-10-29,,Unidentified (Vicinity),the targeting of the Hospital's viscinity led to some damages on its buildings,"after the Hospital suffered from the fuel shortages, the targeting of the visvinity was condemned by Turkish officials through the Turkish ministry of foreign affairs",,https://www.trtarabi.com/article/15629669,,,No,,,,,,,,,,ysn,View Incident,,,
INC-224,FAC-022,Turkish Friendship Hospital,2023-10-30,2023-10-31,Aerial Bombardment,"the third floor was hit and damaged, the smoke caused suffocation and panic among the medical staff and IDPs.","The hospital was hit for the second night in a row. The hospital was directly hit in an aerial bombardment, with damage to the third floor and smoke causing suffocation and panic among the staff and people sheltering there. On 30 October, WHO’s Director-General stated that “cancer patients are already fragile, and it’s imperative to do everything possible to ensure they’re receiving the care they need. It’s truly a matter of life or death.”",,https://www.ochaopt.org/content/hostilities-gaza-strip-and-israel-flash-update-25,,,No,,,,,,,,,,ysn,View Incident,,,
INC-225,FAC-022,Turkish Friendship Hospital,2023-10-30,,Bombardment (Vicinity),"wall in one area of the hospital was caved in, also blast damage to two rooms and to its oxygen and water supply were was reported by the Hospital administration.","Reported as the only dedicated cancer hospital in the Gaza Strip, a video show the infrastructure envelopped in dense clouds of smoke after a nearby hit.",,https://www.ochaopt.org/content/hostilities-gaza-strip-and-israel-flash-update-24,https://www.theguardian.com/world/2023/dec/01/hospital-damage-in-gaza-during-israeli-offensive-a-visual-investigation,,Yes,https://archive.org/details/Turkish_Friendship_Hospital_30102023,,,,,,,,,ysn,View Incident,,,
INC-226,FAC-022,Turkish Friendship Hospital,2025-03-21,,Demolition,"On 21 March, Israeli forces destroyed the hospital, the only specialized cancer hospital in Gaza","On 21 March, Israeli forces destroyed the Turkish-Palestinian Friendship Hospital in Al Mughraqa area of southern Gaza city. The video footage shows the destruction of the facility being filmed by the IDF,",,https://www.ochaopt.org/content/humanitarian-situation-update-275-gaza-strip,,,Yes,,,https://www.youtube.com/shorts/mokk_-u50m4,,,,,,,ysn,View Incident,,,
INC-227,FAC-038,UNRWA Health Centre,2023-10-30,,Unspecified,Israeli forces targeted vicinity of the health centre,"on 30 October, Israeli forces continued for the second consecutive day to target the vicinity of hospitals causing damage to An Nasser hospital, the Turkish Friendship Hospital (the only cancer hospital), and an UNRWA health centre.",,https://www.ochaopt.org/content/hostilities-gaza-strip-and-israel-flash-update-24,,,No,,,,,,,,,,Tally,View Incident,,,
INC-228,FAC-019,Wafaa Medical Rehabilitation and Specialized Surgery Hospital,2023-11-18,,Airstrike,"Reportedly hit by an airstrike killing two people, including the director, and injuring 15 others",,,https://www.unocha.org/publications/report/occupied-palestinian-territory/hostilities-gaza-strip-and-israel-flash-update-43,,,,,,,,1,15,1,,,Ali,View Incident,,,
INC-229,FAC-019,Wafaa Medical Rehabilitation and Specialized Surgery Hospital,2024-12-29,,Strikes,"Forces reportedly struck the upper floor, resulting in seven people killed",,,https://www.unocha.org/publications/report/occupied-palestinian-territory/humanitarian-situation-update-251-gaza-strip-enarhe,,,,,,,,7,,,,,Ali,View Incident,,,
INC-230,FAC-025,Yafa Hospital,2023-08-12,,Bombardment,Hit and damaged,"Occupation forces bombed the vicinity of the Yafa Medical Hospital, including directly targeting the Jaffa Mosque located next to it, putting the hospital out of service. The operating, emergency, and surgical departments were severely affected by the attack. At the time, the hospital was one of 12 hospitals in the southern Gazan Strip that continue to function partially",,https://www.ochaopt.org/content/hostilities-gaza-strip-and-israel-flash-update-63,https://gazahcsector.palestine-studies.org/en/node/5,,Yes,https://www.instagram.com/p/C0mfNM-SLhi/?img_index=7,,,,,,,,,Tally,View Incident,,,
INC-231,FAC-005,Al-Amal Hospital,2023-12-01,,Bombardment (Vicinity),Fire belt bombardment in the vicinity of Al-Amal,"The captured video from yesterday reveals a fire belt bombardment near PRCS Al-Amal Hospital and its headquarters in Khan Yunis, providing a firsthand glimpse into the challenging circumstances in the southern #Gaza Strip. In Gaza there is no safe place. (PRCS twitter)",,https://x.com/PalestineRCS/status/1731034803468693535,,,Yes,,,https://x.com/PalestineRCS/status/1731034803468693535,,,,,,,Tally,View Incident,,,
INC-232,FAC-011,Dr Abdul Aziz Rantisi Children's Specialty Hospital,2023-11-10,,Forced Evacuation,"The Rantisi Specialised Hospital for Children and the nearby Al-Nasr hospital, in the north of Gaza City, were evacuated on Friday,","The IDF released to the BBC details of phone conversations between an official at Rantisi and a senior officer in the IDF, in which they discussed arrangements to get ambulances to evacuate patients.
The hospital official asked about hundreds of displaced civilians camped out at the two hospitals. The Israeli officer told them to leave via the main entrance at 11:20 and explained in detail which streets they should walk along to leave Gaza City. And he twice told the hospital official to make sure civilians were carrying something white to show they were not combatants. ""They will all go out with their hands in the air,"" the hospital official said. ""Perfect,"" the Israeli said.",,https://www.bbc.com/news/world-middle-east-67401064,,,Yes,https://web.archive.org/web/20260201165728/https://ichef.bbci.co.uk/ace/standard/776/cpsprodpb/vivo/live/images/2023/11/10/4a3a5e58-c119-49cd-9443-034751749c93.jpg.webp,,,,,,,,,ysn,View Incident,,,
INC-233,FAC-002,Nasser Medical Complex,2023-02-14,,Unidentified,"The third floor and the orthopaedic department of the Hospital were hit, leaving one doctor injured, and killing one patient respectively.","On 14 February, MoH in Gaza reported that a doctor was injured when the third floor of the hospital was hit. Also, the orthopaedic department was hit, killing one patient and injuring many others.",,https://www.ochaopt.org/content/hostilities-gaza-strip-and-israel-flash-update-119,https://www.ochaopt.org/content/hostilities-gaza-strip-and-israel-flash-update-119,,,,,,,1,,,1,,ysn,View Incident,,,
INC-234,FAC-005,Al-Amal Hospital,2024-01-26,,Artillery Shelling (Vicinity),Damage to the hospital and artillery fragments inside the building,PRCS reported damages to the hospital building and fragments of artillery shelling scattered inside it due to a reported attack in the vicinity of the hospital,,https://www.ochaopt.org/content/hostilities-gaza-strip-and-israel-flash-update-103,,,No,,,,,,,,,,Tally,View Incident,,,
INC-235,FAC-005,Al-Amal Hospital,2024-01-29,,Unspecified,Satelite pictures taken on 29 Jan show the damage done to Al-Amal hospital and the surrounding neighborhood ,"Sanad, our [Al Jazeera's] verification unit, has done an analysis of satellite images taken on January 29 that captured the impact of Israel’s military operations near Al-Amal Hospital in Khan Younis.",,https://aje.io/i37ezs?update=2665759,,,Yes,https://aje.io/i37ezs?update=2665759,,,,,,,,,Tally,View Incident,,,
INC-236,FAC-005,Al-Amal Hospital,2024-02-02,,Drone Strike,"Staff member killed at PRCS headquarters (Reliefweb). According to an OHCHR report, an Israeli drone opened fire on PRCS, killing 5, including the Director of the Youth and Volunteers Department, and injuring 6","On 2 February, an Israeli Air Force (IAF) drone reportedly opened fire towards the PRCS HQ, killing five Palestinians, including the Director of the Youth and Volunteers Department in PRCS, and injuring six others. ",,https://www.un.org/unispal/wp-content/uploads/2024/12/20241231-attacks-hospitals-gaza-en.pdf,"https://reliefweb.int/report/occupied-palestinian-territory/ifrc-three-palestine-red-crescent-members-killed-unacceptable , https://x.com/PalestineRCS/status/1753849364030599188 , https://x.com/PalestineRCS/status/1753413275511927158 ",,No,,,,,4,6,1,,,Tally,View Incident,,,
INC-237,FAC-005,Al-Amal Hospital,2024-02-07,,Live Fire / Gunfire,"IDF vehicles in front of the hospital fired directly at it, injuring two","On 7 February, IDF vehicles positioned in front of Al-Amal Hospital fired directly at the hospital (UN Thematic Report). Two people were injured during the attack and one patient died due to the lack of oxygen supplies at the hospital (Institute for Palestinian Studies)",,https://www.un.org/unispal/wp-content/uploads/2024/12/20241231-attacks-hospitals-gaza-en.pdf,"https://www.facebook.com/PalestineRCS/posts/pfbid02XmcahKisBJwp4RQnkG36t1xQqAH3idcNtBnkiQ4bqSyLJTLvEHY7m2QPnkarUtkil , https://www.facebook.com/PalestineRCS/posts/pfbid029zP2Mq4etR2FiMf6XozjYCnvSNHdXsXwuo8RNwTFLmaWU8Y7xUPvfGe31i9xUEiLl , https://www.facebook.com/PalestineRCS/posts/pfbid02XXXUKBMwREdoMkP9S7WVcEaSuKNuyVrukBWHfop4bDZDaMQJksmHn42ZqjbsAZZml , https://gazahcsector.palestine-studies.org/en/node/76 ",,No,,,,,,2,,,,Tally,View Incident,,,
INC-238,FAC-005,Al-Amal Hospital,2024-02-09,,Invasion / Ground Assault,"Irsaeli forces stormed the hospital and 8 staff members, including 4 doctors, 4 injured individuals, and 5 patient companions.","Occupation forces stormed Al-Amal Hospital, raiding it for about 10 hours, during which they searched the hospital, smashed some devices, equipment and furniture, detained the staff, interrogated them, beat and humiliated them. Eight PRCS staff members, including four doctors, four patients, and five companions were arrested. Occupation forces also prevented staff and patients' companions from drinking and using the restroom. The PRCS announced that it had lost contact with its staff in the hospital and that the occupation forces stole money from it and staff and patients.",,https://gazahcsector.palestine-studies.org/en/node/76,"https://x.com/PalestineRCS/status/1755929388036595958 , https://x.com/PalestineRCS/status/1756054550513861032 , https://www.facebook.com/PalestineRCS/posts/pfbid02VAMjWdR1PPR7wodbBKMWe6xtK5rXCB9pViYBZJ29D8Kc2CfQWiCpijipRhEE7dLYl , https://www.facebook.com/PalestineRCS/posts/pfbid02xkWCvt9k23T3g2rmpqe1DYJe6V6VcbtMt6gZazjYBzkaYaRPvYuoXGGbSysyMVdyl ",,No,,,,,,,,,,Tally,View Incident,,,
INC-239,FAC-005,Al-Amal Hospital,2024-02-11,,Artillery Shelling,Hospital shelled causing damage to the building and put the only remaining ambulance out of service,"Occupation forces targeted the main gate of the hospital, which led to damage to the building and put the only remaining PRCS vehicle out of service",,https://gazahcsector.palestine-studies.org/en/node/76,"https://www.muslimnetwork.tv/israeli-forces-bomb-hospital-in-gazas-khan-younis/ , https://www.facebook.com/PalestineRCS/posts/pfbid032Z7GCGiVKq9sLLPLKGkcgVQEdYxJVAprW4LKCQyQZUUhb6MPqrZWYzsuRYyjy65il ",,Yes,,,https://x.com/PalinfoAr/status/1757164164097733030,,,,,,,Tally,View Incident,,,
INC-240,FAC-005,Al-Amal Hospital,2024-02-13,,Unidentified (Vicinity),"Intense fighting in the vicinity of Al-Amal, the hospital is also dealing with shortages of medical supplies and fuel","Intense fighting in Khan Younis, particularly near... Al-Amal hospitals, continues to jeopardize the safety of medical staff, the wounded and the sick as well as internally displaced persons (IDPs). Al-Amal Hospital continues to contend with acute shortages of fuel and medical supplies and currently has only one functional operating room.",,https://www.ochaopt.org/content/hostilities-gaza-strip-and-israel-flash-update-117,,,No,,,,,,,,,,Tally,View Incident,,,
INC-241,FAC-005,Al-Amal Hospital,2024-01-22,2024-03-26,Siege,"Siege by israeli military lasting from January to March of 2024, PRCS reported that 27 individuals died over the course of the seige","Israeli forces besieged Al-Amal hospital and the PRCS headquarters from January to March of 2024. Many sources split this siege into two seperate events, the first spanning from 22 Jan 2024, to 9 Feb 2024 when IDF forces raided the hospital, and then a second siege starting in early to mid Feb 2024 and lasting until 25 March 2024. Access to the hospital was restricted, leading to danger to patients and staff. The siege also prevented the movement of supplies into the hospital, resulting in shortages of oxygen, blood, and medical supplies as well as food, water, and fuel. By the end of the siege patients and staff were forced to evacuate the building and Al-Amal was no longer operational. PRCS reported that 27 individuals died during the siege; those individuals deaths have been recorded on the specific dates and with the specific indcidents that led to their deaths. Over the course of the siege, Al-Amal continued to be targeted by shelling, gunfire, invasions, and other violence.",,https://www.ochaopt.org/content/hostilities-gaza-strip-and-israel-flash-update-101,"https://x.com/PalestineRCS/status/1759489970178338896 , https://reliefweb.int/report/occupied-palestinian-territory/humanitarian-response-report-no-32024-february-17-21-2024-2400-enar#:~:text=Al%2DAmal%20Hospital:%20it%20has,near%20exhaustion%20of%20food%20supplies. , https://english.wafa.ps/Pages/Details/141767 , https://x.com/PalestineRCS/status/1750502791296995678?ref_src=twsrc%5Etfw%7Ctwcamp%5Etweetembed%7Ctwterm%5E1750502791296995678%7Ctwgr%5Edebb2eb1b186cbff46156291450d86e8e7a56cc8%7Ctwcon%5Es1_&ref_url=https%3A%2F%2Fwww.aljazeera.com%2Fnews%2Fliveblog%2F2024%2F1%2F25%2Fisraels-war-on-gaza-live-israel-kills-9-in-un-shelter-sparking-outrage , https://www.ifrc.org/article/ifrc-statement-closure-al-amal-hospital-gaza , https://www.ohchr.org/sites/default/files/documents/countries/opt/20241231-attacks-hospitals-gaza-en.pdf https://www.ochaopt.org/content/hostilities-gaza-strip-and-israel-flash-update-121 , https://www.ochaopt.org/content/hostilities-gaza-strip-and-israel-flash-update-132 , https://www.ochaopt.org/content/hostilities-gaza-strip-and-israel-flash-update-102 , https://www.ochaopt.org/content/hostilities-gaza-strip-and-israel-flash-update-103  ",,Yes,,,"https://www.youtube.com/watch?v=ou8_UMrX4yk , https://www.youtube.com/watch?v=qJ-bvHAHqD4 , https://www.youtube.com/watch?v=rt2QPl1lm5o&t=60s ",,,,,,,Tally,View Incident,,,
INC-242,FAC-005,Al-Amal Hospital,2024-02-17,,Unspecified,PRCS published images of two doctors that were detained from Al-Amal on 9 Feb showing signs of torture after return on 16 Feb,"On 17 February, PRCS published images showing signs of what they assess to be torture of two doctors who had been detained from Al-Amal hospital by Israeli forces on 9 February. Twelve PRCS staff members continue to be detained by Israeli forces, according to PRCS. ",,https://www.ochaopt.org/content/hostilities-gaza-strip-and-israel-flash-update-121,"https://x.com/PalestineRCS/status/1758853332926353605?s=20 , https://x.com/PalestineRCS/status/1758428788541587659 ",,Yes,,,,,,,,,,Tally,View Incident,,,
INC-243,FAC-005,Al-Amal Hospital,2025-08-02,,Artillery Shelling,"PRCS headquarters in Khan Younis were shelled resulting in 1 death, 3 injuries, and a fire breaking out","The administrative headquarters of Al-Amal City, affiliated with the PRCS in Khan Yunis and located next to Al-Amal Hospital, was directly hit by Israeli artillery fire, resulting in the death of one of the society's cadres, Omar Mansour Hamdan Salim, and the injury of a number of employees, in addition to severe material damage. The PRCS stated that the first shell targeted the upper floors of the building, followed by a second shell while employees were inspecting the damage, and then a third shell targeted the first floor during attempts to extinguish the fire, indicating repeated targeting of the site during rescue operations.",,https://www.ochaopt.org/content/humanitarian-situation-update-311-gaza-strip,"https://www.ifrc.org/press-release/ifrc-condemns-attack-palestine-red-crescent-headquarters-khan-younis-and-killing , https://www.facebook.com/PalestineRCS/posts/pfbid02jbYxoU1jFSfnYi7JpQ99qdEfLEN5ZFbtw2Vi9iMKYxWK5MoPWhULP7kiaAmgASVtl , https://www.facebook.com/PalestineRCS/posts/pfbid02fK6gvPzTD5c27oqbPk9du1WMNBSovyQmpyfQQSSWHanzCMwB9eVHG1hAFDsXLYm3l , https://gazahcsector.palestine-studies.org/en/node/76 ",,Yes,https://www.facebook.com/PalestineRCS/posts/pfbid033Dye45UtV846RewEgFg7eSXGkT8BYFRhrdLvWDMXeHjpDJyvmVeVAmf7rZC1Cyxdl ,,https://www.facebook.com/PalestineRCS/videos/1779563122669580/,,,1,1,2,,Tally,View Incident,,,
INC-244,FAC-050,Kuwait Field Hospital,2024-06-07,,Unspecified,Hospital was struck causing a fire ,"Zionist forces have attacked the Kuwait Specialty Hospital in the city of Rafah, south
of the Gaza Strip, setting large parts of it on fire.
In a press statement, Director of the Kuwaiti Hospital, Dr Suhaib Al-Hams, condemned occupiers
systematic targeting of hospitals in the Gaza Strip
and putting them out of service. He described the
health situation in Rafah as extremely catastrophic
after all Rafah hospit",,https://kuwaittimes.com/uploads/pdf/2024/06/09/kt_pdf-20240609-1.pdf?ts=221032,https://www.facebook.com/Kuwait.hos/posts/pfbid02UT99WXiQEfkXFR9pR8fG6dgnuxoGqqCvJJvBspML6FQHmKn1fX2BY93Tnh2FACTJl,,No,,,,,,,,,,Tally,View Incident,,,
INC-245,FAC-050,Kuwait Field Hospital,2023-12-20,,Airstrike (Vicinity),Israeli military bombarded the area near the hospital,"Al Jazeera correspondent Hani Mahmoud was reporting live when an Israeli missile strike pounded buildings behind him. He continued to report as people fled the scene, close to the Kuwaiti Hospital in a densely populated residential area in Rafah in southern Gaza.",,https://www.aljazeera.com/video/newsfeed/2023/12/20/israeli-strike-hits-during-live-report-near-hospital-in-rafah,,,Yes,,,"https://www.youtube.com/watch?v=WaAO7tAQ8JA , https://www.aljazeera.com/video/newsfeed/2023/12/20/israeli-strike-hits-during-live-report-near-hospital-in-rafah ",,,,,,,Tally,View Incident,,,
INC-246,FAC-038,UNRWA Health Centre,2026-05-06,,Live Fire / Gunfire,UNRWA Health Centre in Maghazi Camp was struck with bullets causing minor damage,"On 6 May, an UNRWA Health Centre in Maghazi Camp was reportedly struck by bullets due to shooting by Israeli forces in East Maghazi. Minor damage to the health centre and no casualties among the staff were reported.",,https://www.unrwa.org/resources/reports/unrwa-situation-report-221-humanitarian-crisis-gaza-strip-and-occupied-west-bank,,,No,,,,,,,,,,Tally,View Incident,,,
INC-247,FAC-038,UNRWA Health Centre,2023-10-10,,Shrapnel,Shrapnel found in health centre in Northern area,Shrapnel was found in a health centre in the northern area.,,https://www.unrwa.org/resources/reports/unrwa-situation-report-3-situation-gaza-strip,,,No,,,,,,,,,,Tally,View Incident,,,
INC-248,FAC-038,UNRWA Health Centre,2023-10-11,,Airstrike,Health centre in Gaza City affected by airstrike,An UNRWA health centre in Gaza City as well as three trucks parked outside the centre were affected by collateral damage due to an airstrike targeting a building nearby. ,,https://www.unrwa.org/resources/reports/unrwa-situation-report-5-situation-gaza-strip,,,No,,,,,,,,,,Tally,View Incident,,,
INC-249,FAC-038,UNRWA Health Centre,2023-10-11,,Siege (fuel shortage),Two health centres are running critically low on fuel and will have to close if they do not get more,"Diesel reserves to run the health centres are critically decreasing. The current stock of diesel at Shaboura Health Centre in Rafah is for one day, while in Khan Younis health centre the stock is for two days. If stocks of diesel are not replenished by tomorrow (12 October), there is a high risk that these two health centres will have to close.  ",,https://www.unrwa.org/resources/reports/unrwa-situation-report-5-situation-gaza-strip,,,No,,,,,,,,,,Tally,View Incident,,,
INC-250,FAC-038,UNRWA Health Centre,2023-10-20,,Unspecified,Collateral damage to health centre,"An UNRWA health centre in Nuseirat Camp in the Middle Area, was also affected by collateral damage.  ",,https://www.unrwa.org/resources/reports/unrwa-situation-report-10-gaza-strip-and-west-bank-including-east-jerusalem,,,No,,,,,,,,,,Tally,View Incident,,,
INC-251,FAC-038,UNRWA Health Centre,2023-11-10,,Airstrikes (Vicinity),Health centre impacted by a strike in the vicinity,Two UNRWA schools and one health centre in Khan Younis were indirectly impacted when a strike hit a mosque nearby.,,https://www.unrwa.org/resources/reports/unrwa-situation-report-27-situation-gaza-strip-and-west-bank-including-east-Jerusalem,,,No,,,,,,,,,,Tally,View Incident,,,
INC-252,FAC-038,UNRWA Health Centre,2023-11-11,,Unspecified,Health centre in Rimal area of Gaza City impacted by a strike,"One UNRWA school and one health centre in the Rimal area of Gaza City were impacted by a strike. According to reports received by UNRWA between 1,000 and 2,500 IDPs were sheltering in the health centre. UNRWA was able to coordinate the safe evacuation of a group of IDPs from the health centre to the south of Wadi Gaza; however, the others still remain in the health centre.",,https://www.unrwa.org/resources/reports/unrwa-situation-report-28-situation-gaza-strip-and-west-bank-including-east-Jerusalem,https://www.ochaopt.org/content/hostilities-gaza-strip-and-israel-flash-update-37,,No,,,,,,,,,,Tally,View Incident,,,
INC-253,FAC-038,UNRWA Health Centre,2023-11-12,,Invasion / Ground Assault,Israeli forces invaded two health centres forcing IDPs to leave and firing artillery at the centres. They also allegedly used the centres for Israeli military operations.,"UNRWA received extremely concerning reports that Israeli Security Forces (ISF) entered one school and two health centres in Gaza city with tanks and used the installations for military operations. The reports received by UNRWA state that ISF conducted interrogations and arrests of IDPs in the installations. In one health centre, five people were reportedly killed. According to the reports, IDPs were subsequently forced to leave the UNRWA installations and move south towards Wadi Gaza. Witnesses reported that Israeli Forces then struck the two health centres with artillery fire. UNRWA is further verifying these reports. If confirmed, the military use of UNRWA facilities raises serious concerns, as such use puts civilians at serious risk of harm. Directing attacks against civilian objects is a serious violation of international law. Health centres, in particular, are also afforded special protection against attack.",,https://www.unrwa.org/resources/reports/unrwa-situation-report-29-situation-gaza-strip-and-west-bank-including-east-Jerusalem,https://www.ochaopt.org/content/hostilities-gaza-strip-and-israel-flash-update-38,,No,,,,,5,,,,,Tally,View Incident,,,
INC-254,FAC-038,UNRWA Health Centre,2023-11-24,,Direct Strike,Health centre hit causing damage,One health centre in the Middle Areas was directly struck resulting in severe damage to the building.,,https://www.unrwa.org/resources/reports/unrwa-situation-report-38-situation-gaza-strip-and-west-bank-including-east-Jerusalem,,,No,,,,,,,,,,Tally,View Incident,,,
INC-255,FAC-038,UNRWA Health Centre,2023-12-02,,Airstrikes (Vicinity),Health centre damaged by a nearby strike,"After further verifications, nine additional incidents impacting UNRWA installations were reported across the Gaza Strip. Six schools, one health centre, one centre for the visually impaired and one training centre sustained collateral damage due to strikes nearby.",,https://www.unrwa.org/resources/reports/unrwa-situation-report-44-situation-gaza-strip-and-west-bank-including-east-Jerusalem,,,No,,,,,,,,,,Tally,View Incident,,,
INC-256,FAC-038,UNRWA Health Centre,2023-12-06,,Cessation of Operations,Health centre in southern area closed due to hostilities,"On 6 December, one of the nine active health centres in the southern area was closed due to the escalation of hostilities in Khan Younis.",,https://www.unrwa.org/resources/reports/unrwa-situation-report-47-situation-gaza-strip-and-west-bank-including-east-Jerusalem,https://www.ochaopt.org/content/hostilities-gaza-strip-and-israel-flash-update-63,,No,,,,,,,,,,Tally,View Incident,,,
INC-257,FAC-038,UNRWA Health Centre,2023-12-08,,Unspecified,A health centre was impacted by an unspecified event,"On 8 December, so far 13 incidents have been reported impacting UNRWA installations (11 schools and two health facilities) and the IDPs sheltering there.  While verification of details and casualty figures is ongoing, initial reports indicate the following: four incidents impacted UNRWA installations with no casualties, including a distribution centre and a health centre in Jabalia...",,https://www.unrwa.org/resources/reports/unrwa-situation-report-48-situation-gaza-strip-and-west-bank-including-east-Jerusalem,,,No,,,,,,,,,,Tally,View Incident,,,
INC-258,FAC-038,UNRWA Health Centre,2023-12-10,,Forced Evacuation,Reports of forced evacuation and firing at a health centres in Jabalia,"Two health centres in Jabalia were impacted – in  one, IDPs suffered from smoke inhalation; and at the other, hosting around 7,000 people, two people  were reportedly shot outside the facilities  when they attempted to leave the shelter, which was directly struck multiple times.",,https://www.unrwa.org/resources/reports/unrwa-situation-report-50-situation-gaza-strip-and-west-bank-including-east-Jerusalem,"https://x.com/PalestineRCS/status/1733883435800744331 , https://www.unrwa.org/resources/reports/unrwa-situation-report-49-situation-gaza-strip-and-west-bank-including-east-Jerusalem ",,Yes,https://www.unrwa.org/resources/reports/unrwa-situation-report-115-situation-gaza-strip-and-west-bank-including-east-Jerusalem,,,,2,1,,,,Tally,View Incident,,,
INC-259,FAC-038,UNRWA Health Centre,2024-01-10,,Shrapnel,Shrapnel hit guard area of a health centre,"On 10 Jan 2024, shrapnel hit the guard's room of a health centre in the middle areas causing some damage. No injuries were reported.",,https://www.unrwa.org/resources/reports/unrwa-situation-report-63-situation-gaza-strip-and-west-bank-including-east-0,,,No,,,,,,,,,,Tally,View Incident,,,
INC-260,FAC-038,UNRWA Health Centre,2024-01-16,,Strikes,"Health centre in Gaza City directly hit, destroying two rooms, killing three IDPs, and injuring many","On 16 January, a Health Centre in Gaza City was reportedly directly struck whereby at least two rooms were reportedly hit. Three IDPs sheltering at the health centre were reportedly killed and many others were injured. UNRWA is working to determine the number of IDPs inside the health centre at the time of the incident and the number of injuries.",,https://www.unrwa.org/resources/reports/unrwa-situation-report-66-situation-gaza-strip-and-west-bank-including-east-Jerusalem,,,No,,,,,3,,,,,Tally,View Incident,,,
INC-261,FAC-038,UNRWA Health Centre,2024-01-20,,Live Fire / Gunfire,The wall of a health centre was struck by stray bullets,"On 20 January 2024, two stray bullets hit the western building of a health centre in Khan Younis, which also hosts UNRWA Area Operations Room from where emergency operations are coordinated. No injuries were reported.",,https://www.unrwa.org/resources/reports/unrwa-situation-report-67-situation-gaza-strip-and-west-bank-including-east-Jerusalem,,,No,,,,,,,,,,Tally,View Incident,,,
INC-262,FAC-038,UNRWA Health Centre,2024-01-22,,Cessation of Operations,Two health centres in Khan Younis closed.,"On 22 January, only four (out of 22) UNRWA health centres were operational.  This follows the closure of two health centres in Khan Younis following ISF military operations.",,https://www.unrwa.org/resources/reports/unrwa-situation-report-69-situation-gaza-strip-and-west-bank-including-east-Jerusalem,,,Yes,,,https://www.facebook.com/reel/1623846851725340,,,,,,,Tally,View Incident,,,
INC-263,FAC-038,UNRWA Health Centre,2023-11-16,,Strikes,Health centre struck causing damage to the building,"On 16 November 2023, a health centre in Gaza town was directly struck, resulting in damage to the building and the boundary wall.",,https://www.unrwa.org/resources/reports/unrwa-situation-report-70-situation-gaza-strip-and-west-bank-including-east-Jerusalem,,,No,,,,,,,,,,Tally,View Incident,,,
INC-264,FAC-038,UNRWA Health Centre,2024-01-30,,Airstrike (Vicinity),Health centre damged when a nearby school was hit,A health centre in the Middle Area sustained collateral damage when a nearby school was impacted. No injuries were reported.,,https://www.unrwa.org/resources/reports/unrwa-situation-report-72-situation-gaza-strip-and-west-bank-including-east-Jerusalem,,,No,,,,,,,,,,Tally,View Incident,,,
INC-265,FAC-038,UNRWA Health Centre,2024-02-12,,Airstrike (Vicinity),All windows on the third floor broken due to stike on nearby mosque,"On 12 February 2024, a health centre in Rafah sustained collateral damages due to a strike hitting a mosque nearby. All the windows on the third floor from the northern side of the building were broken. No injuries were reported among the IDPs sheltering in the health centre.",,https://www.unrwa.org/resources/reports/unrwa-situation-report-77-situation-gaza-strip-and-west-bank-including-east-Jerusalem,,,No,,,,,,,,,,Tally,View Incident,,,
INC-266,FAC-038,UNRWA Health Centre,2023-12-17,,Strikes,Gaza city health centre damaged in strikes,"On 17 December 2023, a health centre in Gaza City reportedly sustained severe damages as a result of different strikes from air and from land.",,https://www.unrwa.org/resources/reports/unrwa-situation-report-79-situation-gaza-strip-and-west-bank-including-east-Jerusalem,,,No,,,,,,,,,,Tally,View Incident,,,
INC-267,FAC-038,UNRWA Health Centre,2024-01-15,,Shelling,Health centre was shelled and demolished by IDF,"On 15 January 2024, a health centre in Khan Younis was directly hit by several tank shells. Additionally, IDF reportedly demolished parts of the outer courtyard of the health centre and made excavations inside the health centre’s yard. No injuries were reported, but the building structure sustained damages.",,https://www.unrwa.org/resources/reports/unrwa-situation-report-86-situation-gaza-strip-and-west-bank-including-east-Jerusalem,,,No,,,,,,,,,,Tally,View Incident,,,
INC-268,FAC-038,UNRWA Health Centre,2024-03-13,,Strikes,Building damaged by direct hit,"On 13 March 2024 (estimated date, to be confirmed), a health centre in northern Gaza was directly hit resulting in damage to the building.",,https://www.unrwa.org/resources/reports/unrwa-situation-report-104-situation-gaza-strip-and-west-bank-including-east-Jerusalem,,,No,,,,,,,,,,Tally,View Incident,,,
INC-269,FAC-038,UNRWA Health Centre,2024-05-05,,Shrapnel,"Nearby house was hit, resulting in damage to the centre and injurty to an IDP","On 5 May 24, as a result of a strike on a house adjacent to the  Health Centre in Rafah, a displaced child who was inside the health centre sustained a minor injury due to shrapnel that hit his foot. The health centre sustained damages whereby the solar panels, windows, water tanks and walls were damaged.",,https://www.unrwa.org/resources/reports/unrwa-situation-report-106-situation-gaza-strip-and-west-bank-including-east-Jerusalem,,,No,,,,,,1,,,,Tally,View Incident,,,
INC-270,FAC-038,UNRWA Health Centre,2024-05-10,,Shelling,Wall of the health centre was damaged by shelling,"On 10 May, in the early hours, the eastern outside wall of a health centre in Gaza City was reportedly damaged by shelling.  Nearly 2,300 people were reportedly sheltering in the health centre at the time of the incident.",,https://www.unrwa.org/resources/reports/unrwa-situation-report-107-situation-gaza-strip-and-west-bank-including-east-Jerusalem,,,No,,,,,,,,,,Tally,View Incident,,,
INC-271,FAC-038,UNRWA Health Centre,2024-05-13,,Invasion / Ground Assault,Israeli forces destroyed an outer wall along with the pharmacy and medical store at a health centre and forced IDPs to evacuate,"On 13 May 2024, the ISF reportedly entered a health centre in Gaza City and demolished an external wall, the pharmacy and the medicine  store . Additionally, the IDPs sheltering in the health centre were reportedly forced by the ISF to evacuate. According to information available to UNRWA, in the week prior to the incident, nearly 2,300 IDPs were sheltering in the health centre; however, since 11 May 2024, IDPs started to flee to West Gaza due to increased ISF military operations and heavy bombardments in the area.",,https://www.unrwa.org/resources/reports/unrwa-situation-report-108-situation-gaza-strip-and-west-bank-including-east-Jerusalem,,,No,,,,,,,,,,Tally,View Incident,,,
INC-272,FAC-038,UNRWA Health Centre,2024-05-14,,Direct Strike,"Health centre was directly struck, killing 11 and injuring 25, and causing significant damage to the building","On 14 May 2024,  11 IDPs were killed and 25 others were injured when a health centre in Gaza city was directly hit . The health centre sustained severe damage including the complete destruction of the guard rooms, the large generator's room and its fuel tank, the electrical generators, the water tanks and the solar panels. At the time of the incident, six IDPs families (about 50 IDPs) were still sheltering in the health centre and they were forced to evacuate to west Gaza City.",,https://www.unrwa.org/resources/reports/unrwa-situation-report-108-situation-gaza-strip-and-west-bank-including-east-Jerusalem,,,No,,,,,11,25,,,,Tally,View Incident,,,
INC-273,FAC-038,UNRWA Health Centre,2024-05-09,2024-05-21,Siege,UNRWA health centres not receiving medical supplies or medications due to Rafah and Kerem Shalom crossing closures,"UNRWA health centres in the last 12 days have not received any medical supplies due to Rafah and Kerem Shalom crossing closure/disruptions.  This affects the stock of medicines, mainly general items such as antibiotics for children and anti-epileptic drugs. Certain laboratory and dental items and vaccines are out of stock.",,https://www.unrwa.org/resources/reports/unrwa-situation-report-108-situation-gaza-strip-and-west-bank-including-east-Jerusalem,"https://www.unrwa.org/resources/reports/unrwa-situation-report-109-situation-gaza-strip-and-west-bank-including-east-Jerusalem , https://www.unrwa.org/resources/reports/unrwa-situation-report-110-situation-gaza-strip-and-west-bank-including-east-Jerusalem , https://www.unrwa.org/resources/reports/unrwa-situation-report-111-situation-gaza-strip-and-west-bank-including-east-Jerusalem ",,No,,,,,,,,,,Tally,View Incident,,,
INC-274,FAC-038,UNRWA Health Centre,2024-05-17,,Shelling,A centre was shelled causing damage and a fire in the building,"On 17 May 2024,  ISF tank reportedly shelled a health centre in North Gaza causing damage (including from fire) to the building. The extent of the damage is at present unconfirmed. It was also reported that IDPs sheltering in the building were forced to evacuate. ",,https://www.unrwa.org/resources/reports/unrwa-situation-report-111-situation-gaza-strip-and-west-bank-including-east-Jerusalem,,,No,,,,,,,,,,Tally,View Incident,,,
INC-275,FAC-038,UNRWA Health Centre,2024-05-27,,Shelling,Second floor of health centre was shelled,"On 27 May 2024, an ISF tank reportedly shelled the second floor of a health center in Middle Area causing damage, full extent of which is yet to be confirmed. No injuries were reported. ",,https://www.unrwa.org/resources/reports/unrwa-situation-report-111-situation-gaza-strip-and-west-bank-including-east-Jerusalem,,,No,,,,,,,,,,Tally,View Incident,,,
INC-276,FAC-038,UNRWA Health Centre,2024-05-30,,Shelling,Third floor of health centre shlled,"On 30 May 2024, at 11:00 an ISF tank reportedly shelled the third floor of the east side of a health centre in Middle Area, causing the building to sustain damage, extent of which is yet to be verified. No injuries were reported.",,https://www.unrwa.org/resources/reports/unrwa-situation-report-111-situation-gaza-strip-and-west-bank-including-east-Jerusalem,,,No,,,,,,,,,,Tally,View Incident,,,
INC-277,FAC-038,UNRWA Health Centre,2024-06-04,,Shelling,"Health centre being used as a shelter shelled, killing one and injuring others","On 4 June 2024, ISF reportedly shelled a health centre which is currently also being used as an emergency shelter in Middle Area, killing one child and injuring several IDPs.",,https://www.unrwa.org/resources/reports/unrwa-situation-report-112-situation-gaza-strip-and-west-bank-including-east-Jerusalem,,,No,,,,,1,,,,,Tally,View Incident,,,
INC-278,FAC-038,UNRWA Health Centre,2024-06-05,,Shelling,"Health centre shelled, causing damage","On 5 June 2024, an ISF tank reportedly shelled a health centre which is currently also being used as an emergency shelter in Middle Area, causing the building to sustain damage, the extent of which is at present unknown.",,https://www.unrwa.org/resources/reports/unrwa-situation-report-112-situation-gaza-strip-and-west-bank-including-east-Jerusalem,,,No,,,,,,,,,,Tally,View Incident,,,
INC-279,FAC-038,UNRWA Health Centre,2024-07-24,,Forced Evacuation,Evacuation orders for al Mawasi area in Khan Younis forcing four health centres to close,"The evacuation orders directly impact health and WASH services, with four health centres and medical points and 10 critical WASH facilities having to stop operations.",,https://www.unrwa.org/resources/reports/unrwa-situation-report-124-situation-gaza-strip-and-west-bank-including-east-Jerusalem,,,No,,,,,,,,,,Tally,View Incident,,,
INC-280,FAC-038,UNRWA Health Centre,2024-08-13,,Cessation of Operations,One health centre forced to close due to increased fighting in the area,"Since the last update, one UNRWA health centre has been closed due to heavy bombardment near the health centre and increased insecurity and fighting in the area.    ",,https://www.unrwa.org/resources/reports/unrwa-situation-report-128-situation-gaza-strip-and-west-bank-including-east-Jerusalem,,,No,,,,,,,,,,Tally,View Incident,,,
INC-281,FAC-038,UNRWA Health Centre,2024-10-06,,Cessation of Operations,Multiple health centres froced to close due to evacuation orders and heavy fighting,"While health services continued, medical points in Gaza and northern Gaza were closed due to insecurity and evacuation orders and two health centres in Gaza City and northern Gaza were also closed due to heavy and continuous airstrikes in or near Jabalia camp. ",,https://www.unrwa.org/resources/reports/unrwa-situation-report-142-situation-gaza-strip-and-west-bank-including-east-jerusalem,,,No,,,,,,,,,,Tally,View Incident,,,
INC-282,FAC-038,UNRWA Health Centre,2024-10-23,,Forced Evacuation,IDPs were forced to evacuate from a health centre,"On 23 October 2024, the Israeli Forces reportedly forcefully evacuated IDPs sheltering inside an UNRWA health centre and an UNRWA school in Jabalia towards West Gaza City and the south of the Gaza Strip.",,https://www.unrwa.org/resources/reports/unrwa-situation-report-145-situation-gaza-strip-and-west-bank-including-east-jerusalem,,,No,,,,,,,,,,Tally,View Incident,,,
INC-283,FAC-038,UNRWA Health Centre,2024-11-05,2024-11-08,Unspecified,"Image showing Israeli soldier and tank outside UNRWA Rafah health centre, with damage to the building. A video posted a few days later shows IDF soldeirs on the roof of the health centre videoing demolition of surrounding neighborhood","On 5 November 2024, an image was published online displaying Israeli Forces tanks and a soldier inside the grounds of UNRWA Rafah Health Centre in Rafah. The image shows damage to this UN installation. On 8 November 2024, a video was circulated publicly displaying Israeli soldiers on the roof of the Rafah Health Centre, in Rafah Camp. An image posted in an article from +972 Magazine states that the majority of the damage done to the health centre occured on 15 July 2024, but there do not seem to be other articles or reports that confirm this.",,https://www.unrwa.org/resources/reports/unrwa-situation-report-147-situation-gaza-strip-and-west-bank-including-east-jerusalem,https://www.972mag.com/search/?q=unrwa+Rafah%2C+July+15%2C+2024,,Yes,https://x.com/trackingisrael/status/1853533825986441704/photo/2,,"https://x.com/trackingisrael/status/1856425742940410200 , https://x.com/GeoConfirmed/status/1855278207945023496 ",,,,,,,Tally,View Incident,,,
INC-284,FAC-038,UNRWA Health Centre,2024-10-06,2024-11-07,Destroyed,Reports that the health centre in Jabalia was severely damaged,"On 7 November 2024, UNRWA received reports of severe destruction of the Jabalia Health Centre that reportedly occurred in the context of the Israeli Forces military operation in Jabalia which started on 6 October 2024. A video posted online shows this UN installation burnt and severely damaged. The exact date this damage occured is not stated. Additionally, the Jabalia health centre was severely damage in July of 2024 and it is unclear what destruction was done in July and what was done in October/November.",,https://www.unrwa.org/resources/reports/unrwa-situation-report-147-situation-gaza-strip-and-west-bank-including-east-jerusalem,,,Yes,https://x.com/UNRWA/status/1845413880039616588/photo/1,,https://x.com/trackingisrael/status/1858957201160769618,,,,,,,Tally,View Incident,,,
INC-285,FAC-038,UNRWA Health Centre,2025-01-08,,Airstrike (Vicinity),Strike in the vicinity of the health centre,"On 8 January, the Israeli Forces reportedly conducted a strike in the vicinity of an UNRWA health centre in Deir al-Balah Camp. It was reported that four Palestinians were killed, and others were injured outside the installation. Minor damage to the windows of the health centre was also reported.",,https://www.unrwa.org/resources/reports/unrwa-situation-report-155-situation-gaza-strip-and-west-bank-including-east-jerusalem,,,No,,,,,,,,,,Tally,View Incident,,,
INC-286,FAC-038,UNRWA Health Centre,2025-01-18,,Artillery Shelling,Health centre in Al Maghazi directly hit by artillery shelling,"On 18 January, the Israeli Forces directly struck, with an artillery shell, the third floor of an UNRWA health centre in Al Maghazi. The extent of damage to the health centre is under verification.",,https://www.unrwa.org/resources/reports/unrwa-situation-report-156-situation-gaza-strip-and-west-bank-including-east-jerusalem,,,No,,,,,,,,,,Tally,View Incident,,,
INC-287,FAC-038,UNRWA Health Centre,2025-03-20,,Airstrike (Vicinity),Health centre damaged by a nearby strike,"On 20 March, an UNRWA health centre in Ma’an area, east of Khan Younis, reportedly sustained minor damage due to a nearby Israeli Forces airstrike. No injuries were reported. ",,https://www.unrwa.org/resources/reports/unrwa-situation-report-165-situation-gaza-strip-and-west-bank-including-east-jerusalem,,,No,,,,,,,,,,Tally,View Incident,,,
INC-288,FAC-038,UNRWA Health Centre,2025-03-21,,Airstrike (Vicinity),Health centre was impacted by nearby strike,"On 21 March, an Israeli Forces airstrike in Al Naser Area, northwest Gaza City, reportedly impacted an UNRWA health centre in Rimal, causing minor damage.",,https://www.unrwa.org/resources/reports/unrwa-situation-report-165-situation-gaza-strip-and-west-bank-including-east-jerusalem,,,No,,,,,,,,,,Tally,View Incident,,,
INC-289,FAC-038,UNRWA Health Centre,2025-04-02,,Unspecified,"First floor of Jabalia health centre struck, destroying two rooms and killing 15 people sheltering there","On 2 April, the Israeli Forces hit two rooms on the first floor of an UNRWA destroyed Health Centre in Jabalia. The site was used as an UNRWA-managed shelter for 160 displaced families (or around 735 people) when it was hit. The UNRWA personnel managing the shelter did not receive any warning signals prior to the strike. Fifteen displaced people, including nine children, were reported killed in the strike. UNRWA Commissioner-General posted on X (previously known as Twitter) that “The total disregard of UN staff, premises or operations is a profound defiance of international law” and called once again for “independent investigations to find out the circumstances of each of these attacks and the serious violations.”",,https://www.unrwa.org/resources/reports/unrwa-situation-report-166-situation-gaza-strip-and-west-bank-including-east-jerusalem,https://x.com/UNLazzarini/status/1907486323553734859,,No,,,,,15,,,,,Tally,View Incident,,,
INC-290,FAC-038,UNRWA Health Centre,2025-05-09,,Airstrike (Vicinity),A health centre was damaged when nearby UNRWA offices were hit,"On 9 May, an UNRWA Office was reportedly directly struck twice by Israeli Forces airstrikes in Jabalia, resulting in its complete destruction. Three nearby UNRWA installations – a distribution centre, a non-food items store and a health centre – sustained moderate to severe damage due to the impact of the airstrikes. No injuries were reported among UNRWA personnel.",,https://www.unrwa.org/resources/reports/unrwa-situation-report-171-situation-gaza-strip-and-west-bank-including-east-jerusalem,,,No,,,,,,,,,,Tally,View Incident,,,
INC-291,FAC-038,UNRWA Health Centre,2025-05-17,,Airstrike (Vicinity),Nearby airstrike shattered the windows of a health centre,"On 17 May, an UNRWA health centre in Hamad City, northern Gaza, was reportedly indirectly impacted by a nearby Israeli Forces airstrike, resulting in shattered windows.",,https://www.unrwa.org/resources/reports/unrwa-situation-report-172-situation-gaza-strip-and-west-bank-including-east-jerusalem,,,No,,,,,,,,,,Tally,View Incident,,,
INC-292,FAC-038,UNRWA Health Centre,2025-05-17,,Airstrike (Vicinity),Airstrike in the vicinity resulted in shattered windows,"On 17 May, an UNRWA training centre and a health centre in Qarrara, east Khan Younis, were reportedly indirectly impacted by an Israeli Forces airstrike and artillery shelling, resulting in shattered windows.",,https://www.unrwa.org/resources/reports/unrwa-situation-report-172-situation-gaza-strip-and-west-bank-including-east-jerusalem,,,No,,,,,,,,,,Tally,View Incident,,,
INC-293,FAC-038,UNRWA Health Centre,2025-06-04,,Live Fire / Gunfire,Health centre struck by stray bullets,"On 4 June, two stray bullets (source of bullets unknown) struck the northeast side of the second floor of an UNRWA health centre in Khan Younis. Minor damage to the facility but no casualties among UNRWA personnel were reported.",,https://www.unrwa.org/resources/reports/unrwa-situation-report-175-situation-gaza-strip-and-west-bank-including-east-jerusalem,,,No,,,,,,,,,,Tally,View Incident,,,
INC-294,FAC-038,UNRWA Health Centre,2025-06-25,,Shrapnel,Solar panels at health centre damaged by shrapnel or bullets,"On 25 June 2025, two solar panels of an UNRWA health centre in Khan Younis were reportedly found damaged due to shrapnel or bullets (the source of the bullets/shrapnel is unknown).",,https://www.unrwa.org/resources/reports/unrwa-situation-report-178-situation-gaza-strip-and-west-bank-including-east-jerusalem,,,No,,,,,,,,,,Tally,View Incident,,,
INC-295,FAC-038,UNRWA Health Centre,2025-08-02,,Unidentified (Vicinity),Israeli explosive caused damage to health centre in Khan Younis,"On 2 August, an UNRWA health centre in Khan Younis was reportedly indirectly impacted by the detonation of an explosive-laden robotic device by Israeli Forces in the nearby area. Minor damage to the facility and no casualties among UNRWA personnel were reported.",,https://www.unrwa.org/resources/reports/unrwa-situation-report-183-situation-gaza-strip-and-west-bank-including-east-jerusalem,,,No,,,,,,,,,,Tally,View Incident,,,
INC-296,FAC-038,UNRWA Health Centre,2025-08-05,,Airstrike (Vicinity),Direct strikes close to a health centre led to damage,"Late Report: On 5 August 2025, an UNRWA health centre was reportedly impacted by an Israeli Forces airstrike at Sheikh Radwan, northeast of Gaza city, when structures close to the installation were reportedly directly struck. Significant damage to the facility and no casualties among UNRWA personnel were reported.",,https://www.unrwa.org/resources/reports/unrwa-situation-report-184-situation-gaza-strip-and-west-bank-including-east-jerusalem,,,No,,,,,,,,,,Tally,View Incident,,,
INC-297,FAC-038,UNRWA Health Centre,2025-09-02,,Tank Shell,Tank shell hit a health centre causing damage,"On 2 September 2025, an UNRWA health centre located in Daraj, east of Gaza City was reportedly struck by an Israeli Forces tank shell. Minor damage to the facility and no casualties among UNRWA personnel were reported.",,https://www.unrwa.org/resources/reports/unrwa-situation-report-188-situation-gaza-strip-and-west-bank-including-east-jerusalem,,,No,,,,,,,,,,Tally,View Incident,,,
INC-298,FAC-038,UNRWA Health Centre,2025-09-12,,Cessation of Operations,Health centre had to close after a nearby strike caused damage to the building,"On 12 September 2025, an UNRWA health centre was reportedly impacted due to an airstrike in Al-Nasser Neighbourhood, west of Gaza City. Significant damage to the facility and no casualties among UNRWA personnel were reported.",,https://www.unrwa.org/resources/reports/unrwa-situation-report-189-situation-gaza-strip-and-west-bank-including-east-jerusalem,https://www.ochaopt.org/content/humanitarian-situation-update-323-gaza-strip,,No,,,,,,,,,,Tally,View Incident,,,
INC-299,FAC-038,UNRWA Health Centre,2025-09-13,,Cessation of Operations,A strike on a nearby school caused significant damage to the centre forcing it to close,"UNRWA was forced to suspend all health services in two facilities in Gaza City since 13 September after they sustained significant damage. This includes the suspension of activities at Beach Camp Health Centre, the only functioning UNRWA health centre north of Wadi Gaza. Previously, this facility provided health care services including outpatient care, Maternal and Child Healthcare, Physiotherapy, treatment for Non-Communicable Diseases and vaccination to over 1,000 patients on a daily basis. On 13 September 2025, an UNRWA health centre was reportedly indirectly impacted by an airstrike at the adjacent UNRWA school compound in Beach Camp, west of Gaza City. in the nearby areas in Beach Camp. Significant damage to the health facility and no casualties among UNRWA personnel were reported.",,https://www.unrwa.org/resources/reports/unrwa-situation-report-189-situation-gaza-strip-and-west-bank-including-east-jerusalem,https://www.ochaopt.org/content/humanitarian-situation-update-323-gaza-strip,,No,,,,,,,,,,Tally,View Incident,,,
INC-300,FAC-038,UNRWA Health Centre,2025-10-09,,Live Fire / Gunfire,UNRWA health centre gate struck by Israeli gunfire,"On 9 October, the northern side of an UNRWA school and the gate of an UNRWA health centre in Nuseirat were reportedly struck by Israeli forces shooting in the area. No casualties among UNRWA staff members were reported, while minor damage was reported.",,https://www.unrwa.org/resources/reports/unrwa-situation-report-193-situation-gaza-strip-and-west-bank-including-east-jerusalem,,,No,,,,,,,,,,Tally,View Incident,,,
INC-301,FAC-038,UNRWA Health Centre,2025-12-09,2025-12-15,Live Fire / Gunfire,Gunfire in area of health centre causing damage to the structure,"On 9 December 2025, an UNRWA health centre in Maghazi was reportedly indirectly struck by at least two bullets due to random shooting by Israeli forces in the areas east of Eastern Maghazi, Middle Area.  No casualties among UNRWA personnel were reported, while minor damage to the facility was reported. On 13 December 2025, an UNRWA health centre in Maghazi was reportedly struck by a bullet due to an Israeli forces military operation in nearby areas, East Maghazi, South Gaza. Minor damage to the facility and no casualties among UNRWA personnel were reported. On 14 December 2025, an UNRWA health centre was reportedly struck by bullets due to Israeli forces operations in the nearby areas, East Maghazi, South Gaza. Minor damage to the facility and no casualties among UNRWA personnel were reported.",,https://www.unrwa.org/resources/reports/unrwa-situation-report-201-situation-gaza-strip-and-west-bank-including-east-jerusalem,https://www.unrwa.org/resources/reports/unrwa-situation-report-202-situation-gaza-strip-and-west-bank-including-east-jerusalem,,No,,,,,,,,,,Tally,View Incident,,,
INC-302,FAC-038,UNRWA Health Centre,2026-01-25,,Tank Shell,Jabalia health centre was struck by tank shell,"On 25 January, an UNRWA Health Centre was reportedly directly struck by Israeli forces’ tank shelling in Jabalia Camp, North Gaza. Significant damage to the facility was reported, and no casualties among UNRWA personnel were recorded.",,https://www.unrwa.org/resources/reports/unrwa-situation-report-207-situation-gaza-strip-and-west-bank-including-east-jerusalem,,,No,,,,,,,,,,Tally,View Incident,,,
INC-303,FAC-038,UNRWA Health Centre,2026-01-30,,Live Fire / Gunfire,Health centre struck by bullets,"On 30 January, an UNRWA health centre was reportedly indirectly impacted by bullets due to shooting by an Israeli forces quadcopter in Maghazi. Minor damage to the facility was reported, and no casualties among UNRWA personnel were recorded.",,https://www.unrwa.org/resources/reports/unrwa-situation-report-208-situation-gaza-strip-and-west-bank-including-east-jerusalem,,,No,,,,,,,,,,Tally,View Incident,,,
INC-304,FAC-038,UNRWA Health Centre,2026-03-24,,Armed Clashes (Vicinity),Health centre hit by stray quadcopter fire,"On 24 March, an UNRWA Health Centre in Bureij, Middle Area was reportedly indirectly struck by a bullet due to nearby quadcopter fire by Israeli forces. Minor damage to the facility was reported, with no casualties among UNRWA personnel.",,https://www.unrwa.org/resources/reports/unrwa-situation-report-215-humanitarian-crisis-gaza-strip-and-occupied-west-bank,,,No,,,,,,,,,,Tally,View Incident,,,
INC-305,FAC-038,UNRWA Health Centre,2026-04-16,,Live Fire / Gunfire,Health centre impacted by bullets from fighting in the area,"On 16 April, an UNRWA health centre in Maghazi area was reportedly impacted by multiple bullets due to Israeli forces shooting in East Maghazi, Middle Area. Minor damage to the facility was reported, with no casualties among UNRWA personnel.",,https://www.unrwa.org/resources/reports/unrwa-situation-report-218-humanitarian-crisis-gaza-strip-and-occupied-west-bank,,,No,,,,,,,,,,Tally,View Incident,,,
INC-306,FAC-038,UNRWA Health Centre,2023-12-27,,Unidentified,Al Maghazi health centre was struck causing a fire,"On 27 December, at about 16:30, Israeli forces reportedly hit the Maghazi Health Centre, causing fire in the premises. No casualties were reported. ",,https://www.ochaopt.org/content/hostilities-gaza-strip-and-israel-flash-update-79,,,No,,,,,,,,,,Tally,View Incident,,,
INC-307,FAC-006,Al-Aqsa Martyrs Hospital,2026-08-01,,Strikes,An Israeli strike hit medicine warehouses attached to Al-Aqsa hospital. The hospital building also sustained minor damage.,"Israeli forces struck two medical warehouses connected to Al-Aqsa Martyrs Hospital, destroying the supplies stored there, including IV fluids, and materials used for dyalysis and intensive care patients",,"""https://www.ochaopt.org/content/humanitarian-situation-report-7-august-2026"","" https://www.aljazeera.com/news/2026/8/1/israeli-strikes-kill-four-across-gaza-destroy-medical-supply-warehouse""",https://www.reuters.com/world/middle-east/israeli-strikes-kill-two-gaza-destroy-medicine-storage-warehouses-2026-08-01/,,Yes,https://www.reuters.com/world/middle-east/israeli-strikes-kill-two-gaza-destroy-medicine-storage-warehouses-2026-08-01/,,,,,,,,Tally,,View Incident,,,
INC-308,FAC-011,Dr Abdul Aziz Rantisi Children's Specialty Hospital,,,,,,,,,,,,,,,,,,,,,View Incident,,,
INC-309,FAC-006,Al-Aqsa Martyrs Hospital,2026-08-02,,,,,,,,,,,,,,,,,,,,View Incident,,,
INC-310,FAC-006,Al-Aqsa Martyrs Hospital,2026-08-02,,,,,,,,,,,,,,,,,,,,View Incident,,,
,,,,,,,,,,,,,,,,,,,,,,,View Incident,,,
,,,,,,,,,,,,,,,,,,,,,,,View Incident,,,
,,,,,,,,,,,,,,,,,,,,,,,View Incident,,,
,,,,,,,,,,,,,,,,,,,,,,,View Incident,,,
,,,,,,,,,,,,,,,,,,,,,,,View Incident,,,
,,,,,,,,,,,,,,,,,,,,,,,View Incident,,,
,,,,,,,,,,,,,,,,,,,,,,,View Incident,,,
,,,,,,,,,,,,,,,,,,,,,,,View Incident,,,
,,,,,,,,,,,,,,,,,,,,,,,View Incident,,,
,,,,,,,,,,,,,,,,,,,,,,,View Incident,,,
,,,,,,,,,,,,,,,,,,,,,,,View Incident,,,
,,,,,,,,,,,,,,,,,,,,,,,View Incident,,,
,,,,,,,,,,,,,,,,,,,,,,,View Incident,,,
,,,,,,,,,,,,,,,,,,,,,,,View Incident,,,
,,,,,,,,,,,,,,,,,,,,,,,View Incident,,,
,,,,,,,,,,,,,,,,,,,,,,,View Incident,,,
,,,,,,,,,,,,,,,,,,,,,,,View Incident,,,
,,,,,,,,,,,,,,,,,,,,,,,View Incident,,,
,,,,,,,,,,,,,,,,,,,,,,,View Incident,,,
,,,,,,,,,,,,,,,,,,,,,,,View Incident,,,
,,,,,,,,,,,,,,,,,,,,,,,View Incident,,,
,,,,,,,,,,,,,,,,,,,,,,,View Incident,,,
,,,,,,,,,,,,,,,,,,,,,,,View Incident,,,
,,,,,,,,,,,,,,,,,,,,,,,View Incident,,,
,,,,,,,,,,,,,,,,,,,,,,,View Incident,,,
,,,,,,,,,,,,,,,,,,,,,,,View Incident,,,
,,,,,,,,,,,,,,,,,,,,,,,,,,
,,,,,,,,,,,,,,,,,,,,,,,,,,
,,,,,,,,,,,,,,,,,,,,,,,,,,
,,,,,,,,,,,,,,,,,,,,,,,,,,
,,,,,,,,,,,,,,,,,,,,,,,,,,
,,,,,,,,,,,,,,,,,,,,,,,,,,
,,,,,,,,,,,,,,,,,,,,,,,,,,
,,,,,,,,,,,,,,,,,,,,,,,,,,
,,,,,,,,,,,,,,,,,,,,,,,,,,
,,,,,,,,,,,,,,,,,,,,,,,,,,
,,,,,,,,,,,,,,,,,,,,,,,,,,
,,,,,,,,,,,,,,,,,,,,,,,,,,
,,,,,,,,,,,,,,,,,,,,,,,,,,
,,,,,,,,,,,,,,,,,,,,,,,,,,
,,,,,,,,,,,,,,,,,,,,,,,,,,
,,,,,,,,,,,,,,,,,,,,,,,,,,
,,,,,,,,,,,,,,,,,,,,,,,,,,
,,,,,,,,,,,,,,,,,,,,,,,,,,
,,,,,,,,,,,,,,,,,,,,,,,,,,
,,,,,,,,,,,,,,,,,,,,,,,,,,
,,,,,,,,,,,,,,,,,,,,,,,,,,
,,,,,,,,,,,,,,,,,,,,,,,,,,
,,,,,,,,,,,,,,,,,,,,,,,,,,
,,,,,,,,,,,,,,,,,,,,,,,,,,
,,,,,,,,,,,,,,,,,,,,,,,,,,
,,,,,,,,,,,,,,,,,,,,,,,,,,
,,,,,,,,,,,,,,,,,,,,,,,,,,
,,,,,,,,,,,,,,,,,,,,,,,,,,
,,,,,,,,,,,,No,,,,,,,,,,,,,,
,,,,,,,,,,,,No,,,,,,,,,,,,,,
,,,,,,,,,,,,No,,,,,,,,,,,,,,
,,,,,,,,,,,,No,,,,,,,,,,,,,,
,,,,,,,,,,,,No,,,,,,,,,,,,,,
,,,,,,,,,,,,No,,,,,,,,,,,,,,
,,,,,,,,,,,,No,,,,,,,,,,,,,,
,,,,,,,,,,,,No,,,,,,,,,,,,,,
,,,,,,,,,,,,No,,,,,,,,,,,,,,
,,,,,,,,,,,,No,,,,,,,,,,,,,,
,,,,,,,,,,,,No,,,,,,,,,,,,,,
,,,,,,,,,,,,No,,,,,,,,,,,,,,
,,,,,,,,,,,,No,,,,,,,,,,,,,,
,,,,,,,,,,,,No,,,,,,,,,,,,,,
,, ,,,,,,,,,,No,,,,,,,,,,,,,,
,, ,,,,,,,,,,No,,,,,,,,,,,,,,
,,,,,,,,,,,,No,,,,,,,,,,,,,,
,,,,,,,,,,,,No,,,,,,,,,,,,,,
,,,,,,,,,,,,No,,,,,,,,,,,,,,
,,,,,,,,,,,,No,,,,,,,,,,,,,,
,,,,,,,,,,,,No,,,,,,,,,,,,,,
,,,,,,,,,,,,No,,,,,,,,,,,,,,
,,,,,,,,,,,,No,,,,,,,,,,,,,,
,,,,,,,,,,,,No,,,,,,,,,,,,,,