id,village_name,name_ar,region,period,date,date_precision,district,population,population_year,current_status,displacement_method,coordinates_lat,coordinates_lng,coords_source,additional_notes,source,source_url,image_url,image_credit,oral_history_interviews,record_origin,data_notes
1,Shatta,شطّة,Historic Palestine (inside 1949 Armistice Line),1947-1949,1935-01-01,month,Beisan,255,1945,depopulated_built_over,unknown,32.552238,35.426387,Palestine Open Maps,Village,Palestine Open Maps; Zochrot,https://palopenmaps.org/en/maps/shatta | https://www.zochrot.org/villages/village_details/55802/en,https://raw.githubusercontent.com/PalOpenMaps/pom-data/main/assets/img/og/shatta.jpg,"Palestine Open Maps – 1940s Survey of Palestine 1:20,000 map excerpt",,added from Palestine Open Maps,displacement method not in source – see Morris (2004) / Khalidi (1992)
2,al-Khalasa,الخلصة,Historic Palestine (inside 1949 Armistice Line),1947-1949,1947-12-17,day,Beersheba,50,1945,depopulated,unknown,31.096100,34.651200,Palestine Open Maps,Village,Palestine Open Maps; Zochrot; Abu Sitta Atlas #134,https://palopenmaps.org/en/maps/al-khalasa | https://www.zochrot.org/villages/village_details/49174/en,,,,added from Palestine Open Maps,displacement method not in source – see Morris (2004) / Khalidi (1992)
3,al-Muwaylih,المويلح,Historic Palestine (inside 1949 Armistice Line),1947-1949,1947-12-31,day,Jaffa,360,1945,depopulated,unknown,32.120706,34.924031,Palestine Open Maps,Village,Palestine Open Maps; Zochrot; Palestine Remembered; PalQuest; Abu Sitta Atlas #336,https://palopenmaps.org/en/maps/al-muwaylih | https://www.zochrot.org/villages/village_details/49286/en | https://www.palestineremembered.com/Jaffa/al-Muwaylih/ | https://www.palquest.org/en/place/16859/al-muwaylih/,https://raw.githubusercontent.com/PalOpenMaps/pom-data/main/assets/img/og/al-muwaylih.jpg,"Palestine Open Maps – 1940s Survey of Palestine 1:20,000 map excerpt",,added from Palestine Open Maps,displacement method not in source – see Morris (2004) / Khalidi (1992)
4,al-Mas'udiyya,المسعودية,Historic Palestine (inside 1949 Armistice Line),1947-1949,1948-01-01,month,Jaffa,850,1945,depopulated_built_over,fear_of_attack,32.085431,34.782261,Palestine Open Maps,Fear of attack,Palestine Open Maps; Zochrot; Palestine Remembered; PalQuest; Abu Sitta Atlas #335,https://palopenmaps.org/en/maps/al-masudiyya | https://www.zochrot.org/villages/village_details/49275/en | https://www.palestineremembered.com/Jaffa/al-Mas%27udiyya/ | https://www.palquest.org/en/place/16848/al-masudiyya/,https://raw.githubusercontent.com/PalOpenMaps/pom-data/main/assets/img/og/al-masudiyya.jpg,"Palestine Open Maps – 1940s Survey of Palestine 1:20,000 map excerpt",,"original file, verified against Palestine Open Maps",name standardised (was 'Mas'udiya'); date 1947-12-25→1948-01-01
5,al-Mirr,المر,Historic Palestine (inside 1949 Armistice Line),1947-1949,1948-01-02,day,Jaffa,170,1945,depopulated,fear_of_attack,32.111954,34.915585,Palestine Open Maps,Fear of attack,Palestine Open Maps; Zochrot; Palestine Remembered; PalQuest; Abu Sitta Atlas #337,https://palopenmaps.org/en/maps/al-mirr | https://www.zochrot.org/villages/village_details/49250/en | https://www.palestineremembered.com/Jaffa/al-Mirr/ | https://www.palquest.org/en/place/16853/al-mirr/,https://raw.githubusercontent.com/PalOpenMaps/pom-data/main/assets/img/og/al-mirr.jpg,"Palestine Open Maps – 1940s Survey of Palestine 1:20,000 map excerpt",,"original file, verified against Palestine Open Maps",date 1948-03-01→1948-01-02
6,Bethlehem (Galilee),بيت لحم,Historic Palestine (inside 1949 Armistice Line),1947-1949,1948-01-04,day,Haifa,370,1945,depopulated_built_over,military_assault,32.736576,35.191496,Palestine Open Maps,Military assault,Palestine Open Maps; Palestine Remembered; Abu Sitta Atlas #267,https://palopenmaps.org/en/maps/bethlehem-galilee | https://www.palestineremembered.com/GeoPoints/Beit_Lehem_3258/,https://raw.githubusercontent.com/PalOpenMaps/pom-data/main/assets/img/og/bethlehem-galilee.jpg,"Palestine Open Maps – 1940s Survey of Palestine 1:20,000 map excerpt",,"original file, verified against Palestine Open Maps",name standardised (was 'Beit Lahm'); population 350→370 (1945 Village Statistics); date 1948-04-15→1948-01-04
7,Waldheim (Umm Al 'Amad),فالدهايم / ام العمد,Historic Palestine (inside 1949 Armistice Line),1947-1949,1948-01-04,day,Haifa,260,1945,depopulated_built_over,military_assault,32.730176,35.170942,Palestine Open Maps,Military assault,Palestine Open Maps; Palestine Remembered; Abu Sitta Atlas #269,https://palopenmaps.org/en/maps/waldheim-umm-al-amad | https://www.palestineremembered.com/GeoPoints/Waldheim__Umm_al__Amad__1686/,https://raw.githubusercontent.com/PalOpenMaps/pom-data/main/assets/img/og/waldheim-umm-al-amad.jpg,"Palestine Open Maps – 1940s Survey of Palestine 1:20,000 map excerpt",1,"original file, verified against Palestine Open Maps",name standardised (was 'Waldheim'); population 150→260 (1945 Village Statistics); date 1948-04-15→1948-01-04
8,Lifta,لفتا,Historic Palestine (inside 1949 Armistice Line),1947-1949,1948-01-15,day,Jerusalem,2550,1945,depopulated,military_assault,31.797430,35.196205,Palestine Open Maps,Military assault,Palestine Open Maps; Zochrot; Palestine Remembered; PalQuest; Abu Sitta Atlas #360,https://palopenmaps.org/en/maps/lifta | https://www.zochrot.org/villages/village_details/49239/en | https://www.palestineremembered.com/Jerusalem/Lifta/ | https://www.palquest.org/en/place/17085/lifta/,https://raw.githubusercontent.com/PalOpenMaps/pom-data/main/assets/img/og/lifta.jpg,"Palestine Open Maps – 1940s Survey of Palestine 1:20,000 map excerpt",,"original file, verified against Palestine Open Maps",
9,Mansurat al-Khayt,منصورة الخيط,Historic Palestine (inside 1949 Armistice Line),1947-1949,1948-01-18,day,Safad,200,1945,depopulated,military_assault,32.971641,35.615934,Palestine Open Maps,Military assault,Palestine Open Maps; Zochrot; Palestine Remembered; PalQuest; Abu Sitta Atlas #410,https://palopenmaps.org/en/maps/mansurat-al-khayt | https://www.zochrot.org/villages/village_details/49262/en | https://www.palestineremembered.com/Safad/Mansurat-al-Khayt/ | https://www.palquest.org/en/place/17093/mansurat-al-khayt/,https://raw.githubusercontent.com/PalOpenMaps/pom-data/main/assets/img/og/mansurat-al-khayt.jpg,"Palestine Open Maps – 1940s Survey of Palestine 1:20,000 map excerpt",,"original file, verified against Palestine Open Maps",name standardised (was 'Mansurat Al Kheit'); population 260→200 (1945 Village Statistics)
10,al-Jammasin al-Gharbi,الجماسين الغربي,Historic Palestine (inside 1949 Armistice Line),1947-1949,1948-01-26,day,Jaffa,1080,1945,depopulated_built_over,unknown,32.091464,34.796871,Palestine Open Maps,Village,Palestine Open Maps; Zochrot; Palestine Remembered; PalQuest; Abu Sitta Atlas #339,https://palopenmaps.org/en/maps/al-jammasin-al-gharbi | https://www.zochrot.org/villages/village_details/49093/en | https://www.palestineremembered.com/Jaffa/al-Jammasin-al-Gharbi/ | https://www.palquest.org/en/place/17021/al-jammasin-al-gharbi/,https://raw.githubusercontent.com/PalOpenMaps/pom-data/main/assets/img/og/al-jammasin-al-gharbi.jpg,"Palestine Open Maps – 1940s Survey of Palestine 1:20,000 map excerpt",,added from Palestine Open Maps,displacement method not in source – see Morris (2004) / Khalidi (1992)
11,Qisariya,قيسارية,Historic Palestine (inside 1949 Armistice Line),1947-1949,1948-02-15,day,Haifa,960,1945,depopulated,forced_expulsion,32.502329,34.892349,Palestine Open Maps,Expulsion,Palestine Open Maps; Zochrot; Palestine Remembered; PalQuest; Abu Sitta Atlas #261,https://palopenmaps.org/en/maps/qisarya | https://www.zochrot.org/villages/village_details/49464/en | https://www.palestineremembered.com/Haifa/Qisarya/ | https://www.palquest.org/en/place/17120/qisariya/,https://raw.githubusercontent.com/PalOpenMaps/pom-data/main/assets/img/og/qisarya.jpg,"Palestine Open Maps – 1940s Survey of Palestine 1:20,000 map excerpt",,"original file, verified against Palestine Open Maps",name standardised (was 'Qisarya')
12,Wadi 'Ara,وادي عارة,Historic Palestine (inside 1949 Armistice Line),1947-1949,1948-02-27,day,Haifa,230,1945,depopulated_built_over,fear_of_attack,32.474645,35.031780,Palestine Open Maps,Fear of attack,Palestine Open Maps; Zochrot; Palestine Remembered; PalQuest; Abu Sitta Atlas #262,https://palopenmaps.org/en/maps/wadi-ara | https://www.zochrot.org/villages/village_details/49142/en | https://www.palestineremembered.com/Haifa/Wadi-%27Ara/ | https://www.palquest.org/en/place/17170/wadi-ara/,,,,"original file, verified against Palestine Open Maps",name standardised (was 'Wadi'Ara')
13,al-Haram,الحرم,Historic Palestine (inside 1949 Armistice Line),1947-1949,1948-03-02,day,Jaffa,520,1945,depopulated_built_over,fear_of_attack,32.188045,34.806491,Palestine Open Maps,Fear of attack,Palestine Open Maps; Zochrot; Palestine Remembered; PalQuest; Abu Sitta Atlas #338,https://palopenmaps.org/en/maps/al-haram | https://www.zochrot.org/villages/village_details/49184/en | https://www.palestineremembered.com/Jaffa/al-Haram/ | https://www.palquest.org/en/place/16820/al-haram/,https://raw.githubusercontent.com/PalOpenMaps/pom-data/main/assets/img/og/al-haram.jpg,"Palestine Open Maps – 1940s Survey of Palestine 1:20,000 map excerpt",,"original file, verified against Palestine Open Maps",date 1948-02-03→1948-03-02
14,al-Manara,المنارة,Historic Palestine (inside 1949 Armistice Line),1947-1949,1948-03-02,day,Tiberias,580,1945,depopulated,military_assault,32.755170,35.543215,Palestine Open Maps,Military assault,Palestine Open Maps; Zochrot; Palestine Remembered; PalQuest; Abu Sitta Atlas #488,https://palopenmaps.org/en/maps/al-manara | https://www.zochrot.org/villages/village_details/49271/en | https://www.palestineremembered.com/Tiberias/al-Manara/ | https://www.palquest.org/en/place/16838/al-manara/,https://raw.githubusercontent.com/PalOpenMaps/pom-data/main/assets/img/og/al-manara.jpg,"Palestine Open Maps – 1940s Survey of Palestine 1:20,000 map excerpt",,"original file, verified against Palestine Open Maps",district corrected Safad→Tiberias; population 490→580 (1945 Village Statistics); date 1948-03-15→1948-03-02
15,al-Ghubayya al-Tahta,الغبيّة التحتا,Historic Palestine (inside 1949 Armistice Line),1947-1949,1948-03-12,day,Haifa,1130,1945,depopulated,military_assault,32.607960,35.144831,Palestine Open Maps,Military assault,Palestine Open Maps; Zochrot; Palestine Remembered; Abu Sitta Atlas #271,https://palopenmaps.org/en/maps/al-ghubayya-al-tahta | https://www.zochrot.org/villages/village_details/49410/en | https://www.palestineremembered.com/Haifa/al-Ghubayya-al-Fawqa/,https://raw.githubusercontent.com/PalOpenMaps/pom-data/main/assets/img/og/al-ghubayya-al-tahta.jpg,"Palestine Open Maps – 1940s Survey of Palestine 1:20,000 map excerpt",,"original file, verified against Palestine Open Maps",population 1030→1130 (1945 Village Statistics); date 1948-04-08→1948-03-12
16,Khirbat al-Shuna,خربة الشونة,Historic Palestine (inside 1949 Armistice Line),1947-1949,1948-03-15,day,Haifa,,,depopulated,unknown,32.534896,34.948036,Palestine Open Maps,Village,Palestine Open Maps; Palestine Remembered; Abu Sitta Atlas #266,"https://palopenmaps.org/en/maps/khirbat-al-shuna | https://www.palestineremembered.com/Haifa/al-Shuna,-Khirbat/",https://raw.githubusercontent.com/PalOpenMaps/pom-data/main/assets/img/og/khirbat-al-shuna.jpg,"Palestine Open Maps – 1940s Survey of Palestine 1:20,000 map excerpt",,added from Palestine Open Maps,displacement method not in source – see Morris (2004) / Khalidi (1992)
17,Arab Abu Rizik,,Historic Palestine (inside 1949 Armistice Line),1947-1949,1948-03-15,day,Jaffa,1420,unverified,destroyed,fear_of_attack,32.0667,34.8833,original file (unverified),Fear of attack,,,,,,original file,"not found in Palestine Open Maps – verify name, date, population and coordinates"
18,Jalil,,Historic Palestine (inside 1949 Armistice Line),1947-1949,1948-03-15,day,Jaffa,1030,unverified,destroyed,fear_of_attack,32.1333,34.8333,original file (unverified),Fear of attack,,,,,,original file,"not found in Palestine Open Maps – verify name, date, population and coordinates"
19,Raml Zayta,رمل زيتا,Historic Palestine (inside 1949 Armistice Line),1947-1949,1948-03-15,day,Tulkarem,140,1945,depopulated,unknown,32.423878,34.955246,Palestine Open Maps,Unknown,Palestine Open Maps; Palestine Remembered; PalQuest; Abu Sitta Atlas #517,https://palopenmaps.org/en/maps/raml-zeita | https://www.palestineremembered.com/Tulkarm/Raml-Zayta/ | https://www.palquest.org/en/place/17124/raml-zayta/,https://raw.githubusercontent.com/PalOpenMaps/pom-data/main/assets/img/og/raml-zeita.jpg,"Palestine Open Maps – 1940s Survey of Palestine 1:20,000 map excerpt",,"original file, verified against Palestine Open Maps",name standardised (was 'Raml Zeita'); population 190→140 (1945 Village Statistics); date 1948-04-15→1948-03-15
20,Kirad al-Ghannama,كراد الغنامة,Historic Palestine (inside 1949 Armistice Line),1947-1949,1948-03-16,day,Safad,350,1945,depopulated,fear_of_attack,33.022946,35.587964,Palestine Open Maps,Capitulation,Palestine Open Maps; Zochrot; Palestine Remembered; PalQuest; Abu Sitta Atlas #417,https://palopenmaps.org/en/maps/kirad-al-ghannama | https://www.zochrot.org/villages/village_details/49212/en | https://www.palestineremembered.com/Safad/Kirad-al-Ghannama/ | https://www.palquest.org/en/place/17081/kirad-al-ghannama/,https://raw.githubusercontent.com/PalOpenMaps/pom-data/main/assets/img/og/kirad-al-ghannama.jpg,"Palestine Open Maps – 1940s Survey of Palestine 1:20,000 map excerpt",,"original file, verified against Palestine Open Maps",district corrected Tiberias→Safad; population 360→350 (1945 Village Statistics); date 1948-04-22→1948-03-16
21,Jammasin,,Historic Palestine (inside 1949 Armistice Line),1947-1949,1948-03-17,day,Jaffa,1510,unverified,destroyed,fear_of_attack,32.0333,34.8500,original file (unverified),Fear of attack,,,,,,original file,"not found in Palestine Open Maps – verify name, date, population and coordinates"
22,Qumya,قومية,Historic Palestine (inside 1949 Armistice Line),1947-1949,1948-03-26,day,Beisan,440,1945,depopulated_built_over,fear_of_attack,32.565374,35.394997,Palestine Open Maps,Fear of attack,Palestine Open Maps; Zochrot; Palestine Remembered; PalQuest; Abu Sitta Atlas #95,https://palopenmaps.org/en/maps/qumya | https://www.zochrot.org/villages/village_details/49462/en | https://www.palestineremembered.com/Baysan/Qumya/ | https://www.palquest.org/en/place/17122/qumya/,https://raw.githubusercontent.com/PalOpenMaps/pom-data/main/assets/img/og/qumya.jpg,"Palestine Open Maps – 1940s Survey of Palestine 1:20,000 map excerpt",,"original file, verified against Palestine Open Maps",name standardised (was 'Quimiya'); district corrected Nazareth→Beisan
23,Abu Kishk,أبو كشك,Historic Palestine (inside 1949 Armistice Line),1947-1949,1948-03-30,day,Jaffa,1900,1945,depopulated_built_over,fear_of_attack,32.135460,34.865227,Palestine Open Maps,Fear and capitulation,Palestine Open Maps; Zochrot; Palestine Remembered; PalQuest; Abu Sitta Atlas #341,https://palopenmaps.org/en/maps/abu-kishk | https://www.zochrot.org/villages/village_details/49214/en | https://www.palestineremembered.com/Jaffa/Abu-Kishk/ | https://www.palquest.org/en/place/16783/abu-kishk/,https://raw.githubusercontent.com/PalOpenMaps/pom-data/main/assets/img/og/abu-kishk.jpg,"Palestine Open Maps – 1940s Survey of Palestine 1:20,000 map excerpt",,"original file, verified against Palestine Open Maps",name standardised (was 'Arab Abu Kischk')
24,al-Sawalima,السوالمة,Historic Palestine (inside 1949 Armistice Line),1947-1949,1948-03-30,day,Jaffa,800,1945,depopulated,fear_of_attack,32.116538,34.847719,Palestine Open Maps,Fear and capitulation,Palestine Open Maps; Zochrot; Palestine Remembered; PalQuest; Abu Sitta Atlas #342,https://palopenmaps.org/en/maps/al-sawalima | https://www.zochrot.org/villages/village_details/49332/en | https://www.palestineremembered.com/Jaffa/al-Sawalima/ | https://www.palquest.org/en/place/16887/al-sawalima/,https://raw.githubusercontent.com/PalOpenMaps/pom-data/main/assets/img/og/al-sawalima.jpg,"Palestine Open Maps – 1940s Survey of Palestine 1:20,000 map excerpt",,"original file, verified against Palestine Open Maps",name standardised (was 'Arab Al Sawalima')
25,al-Shaykh Muwannis,الشيخ مونس,Historic Palestine (inside 1949 Armistice Line),1947-1949,1948-03-30,day,Jaffa,1930,1945,depopulated_built_over,military_assault,32.108147,34.804773,Palestine Open Maps,Military assault and fear,Palestine Open Maps; Zochrot; Palestine Remembered; PalQuest; Abu Sitta Atlas #343,https://palopenmaps.org/en/maps/al-shaykh-muwannis | https://www.zochrot.org/villages/village_details/49480/en | https://www.palestineremembered.com/Jaffa/al-Shaykh-Muwannis/ | https://www.palquest.org/en/place/16890/al-shaykh-muwannis/,https://raw.githubusercontent.com/PalOpenMaps/pom-data/main/assets/img/og/al-shaykh-muwannis.jpg,"Palestine Open Maps – 1940s Survey of Palestine 1:20,000 map excerpt",,"original file, verified against Palestine Open Maps",name standardised (was 'Cheikh Muwannis')
26,al-Tira,الطيرة,Historic Palestine (inside 1949 Armistice Line),1947-1949,1948-04-01,month,Beisan,150,1945,depopulated,unknown,32.648424,35.458170,Palestine Open Maps,Village (Mixed population in 1945),Palestine Open Maps; Zochrot; Palestine Remembered; PalQuest; Abu Sitta Atlas #97,https://palopenmaps.org/en/maps/al-tira-beisan | https://www.zochrot.org/villages/village_details/49194/en | https://www.palestineremembered.com/Baysan/al-Tira/ | https://www.palquest.org/en/place/16898/al-tira/,https://raw.githubusercontent.com/PalOpenMaps/pom-data/main/assets/img/og/al-tira-beisan.jpg,"Palestine Open Maps – 1940s Survey of Palestine 1:20,000 map excerpt",,added from Palestine Open Maps,displacement method not in source – see Morris (2004) / Khalidi (1992)
27,Arab Zahrat al-Dumayri,عرب ظهرة الضميري,Historic Palestine (inside 1949 Armistice Line),1947-1949,1948-04-01,month,Haifa,720,1945,depopulated,unknown,32.458374,34.906941,Palestine Open Maps,Village,Palestine Open Maps; Zochrot; Palestine Remembered; Abu Sitta Atlas #304,https://palopenmaps.org/en/maps/arab-zahrat-al-dumayri | https://www.zochrot.org/villages/village_details/48977/en | https://www.palestineremembered.com/Haifa/Arab-Zahrat-al-Dumayri/,,,,added from Palestine Open Maps,displacement method not in source – see Morris (2004) / Khalidi (1992)
28,Barrat Qisarya,برّة قيسارية,Historic Palestine (inside 1949 Armistice Line),1947-1949,1948-04-01,month,Haifa,,,depopulated_built_over,unknown,32.509562,34.910635,Palestine Open Maps,Village,Palestine Open Maps; Zochrot; Palestine Remembered; Abu Sitta Atlas #303,https://palopenmaps.org/en/maps/barrat-qisarya | https://www.zochrot.org/villages/village_details/49038/en | https://www.palestineremembered.com/Haifa/Barrat-Qisarya/,https://raw.githubusercontent.com/PalOpenMaps/pom-data/main/assets/img/og/barrat-qisarya.jpg,"Palestine Open Maps – 1940s Survey of Palestine 1:20,000 map excerpt",,added from Palestine Open Maps,displacement method not in source – see Morris (2004) / Khalidi (1992)
29,Daliyat al-Rawha',دالية الروحاء,Historic Palestine (inside 1949 Armistice Line),1947-1949,1948-04-01,month,Haifa,280,1945,depopulated,military_assault,32.602745,35.077539,Palestine Open Maps,Whispering and military assault,Palestine Open Maps; Zochrot; Palestine Remembered; PalQuest; Abu Sitta Atlas #263,https://palopenmaps.org/en/maps/daliyat-al-rawhaa | https://www.zochrot.org/villages/village_details/49114/en | https://www.palestineremembered.com/Haifa/Daliyat-al-Rawha%27/ | https://www.palquest.org/en/place/16966/daliyat-al-rawha/,https://raw.githubusercontent.com/PalOpenMaps/pom-data/main/assets/img/og/daliyat-al-rawhaa.jpg,"Palestine Open Maps – 1940s Survey of Palestine 1:20,000 map excerpt",,"original file, verified against Palestine Open Maps",name standardised (was 'Damoyat Al Ruha'); population 340→280 (1945 Village Statistics); date 1948-03-15→1948-04-01
30,Qira,قيرة,Historic Palestine (inside 1949 Armistice Line),1947-1949,1948-04-01,month,Haifa,480,1945,depopulated,whispering_campaign,32.645161,35.103046,Palestine Open Maps,Whispering campaign,Palestine Open Maps; Zochrot; Palestine Remembered; PalQuest; Abu Sitta Atlas #265,https://palopenmaps.org/en/maps/qira-haifa | https://www.zochrot.org/villages/village_details/49465/en | https://www.palestineremembered.com/Haifa/Qira/ | https://www.palquest.org/en/place/17119/qira/,https://raw.githubusercontent.com/PalOpenMaps/pom-data/main/assets/img/og/qira-haifa.jpg,"Palestine Open Maps – 1940s Survey of Palestine 1:20,000 map excerpt",,"original file, verified against Palestine Open Maps",name standardised (was 'Qira Wa Qamun'); population 260→480 (1945 Village Statistics); date 1948-03-15→1948-04-01
31,Arab Awassat,عرب العويسات,Historic Palestine (inside 1949 Armistice Line),1947-1949,1948-04-01,month,Jaffa,150,1945,depopulated_built_over,unknown,32.167300,34.854300,Palestine Open Maps,Village,Palestine Open Maps; Zochrot,https://palopenmaps.org/en/maps/arab-awassat | https://www.zochrot.org/villages/village_details/49001/en,,,,added from Palestine Open Maps,displacement method not in source – see Morris (2004) / Khalidi (1992)
32,Arab Shubaki,عرب الشوبكي,Historic Palestine (inside 1949 Armistice Line),1947-1949,1948-04-01,month,Jaffa,90,1945,depopulated_built_over,unknown,32.176800,34.852800,Palestine Open Maps,Village,Palestine Open Maps; Zochrot; Palestine Remembered,https://palopenmaps.org/en/maps/arab-shubaki | https://www.zochrot.org/villages/village_details/49493/en | https://www.palestineremembered.com/GeoPoints/Arab_al_Shubaki_8435/,,,,added from Palestine Open Maps,displacement method not in source – see Morris (2004) / Khalidi (1992)
33,Ijlil al-Qibliyya,إجليل القبلية,Historic Palestine (inside 1949 Armistice Line),1947-1949,1948-04-01,month,Jaffa,470,1945,depopulated,unknown,32.158905,34.811547,Palestine Open Maps,Village (Mixed population in 1945),Palestine Open Maps; Zochrot; Palestine Remembered; PalQuest; Abu Sitta Atlas #344,https://palopenmaps.org/en/maps/ijlil-al-qibliyya | https://www.zochrot.org/villages/village_details/48979/en | https://www.palestineremembered.com/Jaffa/Ijlil-al-Qibliyya/ | https://www.palquest.org/en/place/17006/ijlil-al-qibliyya/,https://raw.githubusercontent.com/PalOpenMaps/pom-data/main/assets/img/og/ijlil-al-qibliyya.jpg,"Palestine Open Maps – 1940s Survey of Palestine 1:20,000 map excerpt",,added from Palestine Open Maps,displacement method not in source – see Morris (2004) / Khalidi (1992)
34,Ijlil al-Shamaliyya,إجليل الشمالية,Historic Palestine (inside 1949 Armistice Line),1947-1949,1948-04-01,month,Jaffa,190,1945,depopulated,unknown,32.160502,34.813211,Palestine Open Maps,Village,Palestine Open Maps; Zochrot; Palestine Remembered; PalQuest; Abu Sitta Atlas #345,https://palopenmaps.org/en/maps/ijlil-al-shamaliyya | https://www.zochrot.org/villages/village_details/48980/en | https://www.palestineremembered.com/Jaffa/Ijlil-al-Shamaliyya/ | https://www.palquest.org/en/place/17007/ijlil-al-shamaliyya/,https://raw.githubusercontent.com/PalOpenMaps/pom-data/main/assets/img/og/ijlil-al-shamaliyya.jpg,"Palestine Open Maps – 1940s Survey of Palestine 1:20,000 map excerpt",,added from Palestine Open Maps,displacement method not in source – see Morris (2004) / Khalidi (1992)
35,Jarisha,جريشة,Historic Palestine (inside 1949 Armistice Line),1947-1949,1948-04-01,month,Jaffa,190,1945,depopulated,unknown,32.095865,34.808425,Palestine Open Maps,Village,Palestine Open Maps; Zochrot; Palestine Remembered; PalQuest; Abu Sitta Atlas #353,https://palopenmaps.org/en/maps/jarisha | https://www.zochrot.org/villages/village_details/49089/en | https://www.palestineremembered.com/Jaffa/Jarisha/ | https://www.palquest.org/en/place/17024/jarisha/,https://raw.githubusercontent.com/PalOpenMaps/pom-data/main/assets/img/og/jarisha.jpg,"Palestine Open Maps – 1940s Survey of Palestine 1:20,000 map excerpt",,added from Palestine Open Maps,displacement method not in source – see Morris (2004) / Khalidi (1992)
36,Shaykh Saeed al-Qurani,الشيخ سعيد القرعان,Historic Palestine (inside 1949 Armistice Line),1947-1949,1948-04-01,month,Jaffa,,,depopulated,unknown,32.129973,34.787967,Palestine Open Maps,Community,Palestine Open Maps; Zochrot,https://palopenmaps.org/en/maps/sheikh-saeed-al-qurani | https://www.zochrot.org/villages/village_details/49496/en,https://raw.githubusercontent.com/PalOpenMaps/pom-data/main/assets/img/og/sheikh-saeed-al-qurani.jpg,"Palestine Open Maps – 1940s Survey of Palestine 1:20,000 map excerpt",,added from Palestine Open Maps,displacement method not in source – see Morris (2004) / Khalidi (1992)
37,al-Jammasin al-Sharqi,الجماسين الشرقي,Historic Palestine (inside 1949 Armistice Line),1947-1949,1948-04-01,month,Jaffa,730,1945,depopulated_built_over,unknown,32.097793,34.830804,Palestine Open Maps,Village,Palestine Open Maps; Zochrot; Palestine Remembered; PalQuest; Abu Sitta Atlas #340,https://palopenmaps.org/en/maps/al-jammasin-al-sharqi | https://www.zochrot.org/villages/village_details/49087/en | https://www.palestineremembered.com/Jaffa/al-Jammasin-al-Sharqi/ | https://www.palquest.org/en/place/17022/al-jammasin-al-sharqi/,https://raw.githubusercontent.com/PalOpenMaps/pom-data/main/assets/img/og/al-jammasin-al-sharqi.jpg,"Palestine Open Maps – 1940s Survey of Palestine 1:20,000 map excerpt",,added from Palestine Open Maps,displacement method not in source – see Morris (2004) / Khalidi (1992)
38,Tall al-Hunud,تل الهنود,Historic Palestine (inside 1949 Armistice Line),1947-1949,1948-04-01,month,Tiberias,,,depopulated,unknown,32.860271,35.532372,Palestine Open Maps,Community,Palestine Open Maps; Zochrot; Palestine Remembered,https://palopenmaps.org/en/maps/tall-al-hunud | https://www.zochrot.org/villages/village_details/49501/en | https://www.palestineremembered.com/GeoPoints/Tall_al_Hunud_1644/,https://raw.githubusercontent.com/PalOpenMaps/pom-data/main/assets/img/og/tall-al-hunud.jpg,"Palestine Open Maps – 1940s Survey of Palestine 1:20,000 map excerpt",,added from Palestine Open Maps,displacement method not in source – see Morris (2004) / Khalidi (1992)
39,Bassat al-Falek (Birkat Ramadan),بصّة الفالق,Historic Palestine (inside 1949 Armistice Line),1947-1949,1948-04-01,month,Tulkarem,,,depopulated,unknown,32.247300,34.856800,Palestine Open Maps,Village,Palestine Open Maps; Zochrot,https://palopenmaps.org/en/maps/bassat-al-falek-birkat-ramadan | https://www.zochrot.org/villages/village_details/49063/en,https://raw.githubusercontent.com/PalOpenMaps/pom-data/main/assets/img/og/bassat-al-falek-birkat-ramadan.jpg,"Palestine Open Maps – 1940s Survey of Palestine 1:20,000 map excerpt",1,added from Palestine Open Maps,displacement method not in source – see Morris (2004) / Khalidi (1992)
40,Ghabat Kafr Sur,غابة كفر صور,Historic Palestine (inside 1949 Armistice Line),1947-1949,1948-04-01,month,Tulkarem,740,1945,depopulated,unknown,32.285587,34.862057,Palestine Open Maps,Community (Mixed population in 1945),Palestine Open Maps; Zochrot; Palestine Remembered; PalQuest; Abu Sitta Atlas #528,https://palopenmaps.org/en/maps/ghabat-kafr-sur | https://www.zochrot.org/villages/village_details/49384/en | https://www.palestineremembered.com/Tulkarm/Ghabat-Kafr-Sur/ | https://www.palquest.org/en/place/16991/ghabat-kafr-sur/,https://raw.githubusercontent.com/PalOpenMaps/pom-data/main/assets/img/og/ghabat-kafr-sur.jpg,"Palestine Open Maps – 1940s Survey of Palestine 1:20,000 map excerpt",,added from Palestine Open Maps,displacement method not in source – see Morris (2004) / Khalidi (1992)
41,Ghabat al-'Ababshina,غابة العبابشة,Historic Palestine (inside 1949 Armistice Line),1947-1949,1948-04-01,month,Tulkarem,,,depopulated,unknown,32.190870,34.846566,Palestine Open Maps,Community,Palestine Open Maps; Zochrot; Palestine Remembered,https://palopenmaps.org/en/maps/ghabat-ababisha | https://www.zochrot.org/villages/village_details/49382/en | https://www.palestineremembered.com/GeoPoints/Ghabat__Ababisha_1146/,https://raw.githubusercontent.com/PalOpenMaps/pom-data/main/assets/img/og/ghabat-ababisha.jpg,"Palestine Open Maps – 1940s Survey of Palestine 1:20,000 map excerpt",,added from Palestine Open Maps,displacement method not in source – see Morris (2004) / Khalidi (1992)
42,Khirbat al-Zababida,خربة الزبابدة,Historic Palestine (inside 1949 Armistice Line),1947-1949,1948-04-01,month,Tulkarem,,,depopulated,unknown,32.253983,34.838662,Palestine Open Maps,Community,Palestine Open Maps; Zochrot; Palestine Remembered; PalQuest; Abu Sitta Atlas #530,"https://palopenmaps.org/en/maps/khirbat-al-zababida | https://www.zochrot.org/villages/village_details/52444/en | https://www.palestineremembered.com/Tulkarm/al-Zababida,-Khirbat/ | https://www.palquest.org/en/place/17064/khirbat-al-zababida/",https://raw.githubusercontent.com/PalOpenMaps/pom-data/main/assets/img/og/khirbat-al-zababida.jpg,"Palestine Open Maps – 1940s Survey of Palestine 1:20,000 map excerpt",,added from Palestine Open Maps,displacement method not in source – see Morris (2004) / Khalidi (1992)
43,Wadi al-Hawarith,وادي الحوارث,Historic Palestine (inside 1949 Armistice Line),1947-1949,1948-04-01,month,Tulkarem,1330,1945,depopulated,military_assault,32.398889,34.880026,Palestine Open Maps,Military assault and fear,Palestine Open Maps; Zochrot; Palestine Remembered; PalQuest; Abu Sitta Atlas #518,https://palopenmaps.org/en/maps/wadi-al-hawarith | https://www.zochrot.org/villages/village_details/49140/en | https://www.palestineremembered.com/Tulkarm/Wadi-al-Hawarith/ | https://www.palquest.org/en/place/17172/wadi-al-hawarith/,,,,"original file, verified against Palestine Open Maps",population 1780→1330 (1945 Village Statistics); date 1948-03-15→1948-04-01
44,Tabsur,تبصر,Historic Palestine (inside 1949 Armistice Line),1947-1949,1948-04-03,day,Tulkarem,760,unverified,depopulated_built_over,forced_expulsion,32.193729,34.878590,Palestine Open Maps,Fear and expulsion,Palestine Open Maps; Zochrot; Palestine Remembered; PalQuest; Abu Sitta Atlas #522,https://palopenmaps.org/en/maps/tabsur | https://www.zochrot.org/villages/village_details/49499/en | https://www.palestineremembered.com/Tulkarm/Tabsur/ | https://www.palquest.org/en/place/17155/tabsur/,https://raw.githubusercontent.com/PalOpenMaps/pom-data/main/assets/img/og/tabsur.jpg,"Palestine Open Maps – 1940s Survey of Palestine 1:20,000 map excerpt",,"original file, verified against Palestine Open Maps",name standardised (was 'Tabsar')
45,Khirbat Bayt Lid,خربة بيت ليد,Historic Palestine (inside 1949 Armistice Line),1947-1949,1948-04-05,day,Tulkarem,460,1945,depopulated_built_over,fear_of_attack,32.318013,34.893369,Palestine Open Maps,Fear of attack,Palestine Open Maps; Zochrot; Palestine Remembered; PalQuest; Abu Sitta Atlas #523,"https://palopenmaps.org/en/maps/khirbat-bayt-lid | https://www.zochrot.org/villages/village_details/49018/en | https://www.palestineremembered.com/Tulkarm/Bayt-Lid,-Khirbat/ | https://www.palquest.org/en/place/16942/khirbat-bayt-lid/",https://raw.githubusercontent.com/PalOpenMaps/pom-data/main/assets/img/og/khirbat-bayt-lid.jpg,"Palestine Open Maps – 1940s Survey of Palestine 1:20,000 map excerpt",,"original file, verified against Palestine Open Maps",name standardised (was 'Khirbet Beit Lid'); population 190→460 (1945 Village Statistics)
46,Dayr Muhaysin,دير محيسن,Historic Palestine (inside 1949 Armistice Line),1947-1949,1948-04-06,day,Ramle,460,1945,depopulated,military_assault,31.828385,34.933223,Palestine Open Maps,Military assault,Palestine Open Maps; Zochrot; Palestine Remembered; PalQuest; Abu Sitta Atlas #32,https://palopenmaps.org/en/maps/dayr-muhaysin | https://www.zochrot.org/villages/village_details/49107/en | https://www.palestineremembered.com/al-Ramla/Dayr-Muhaysin/ | https://www.palquest.org/en/place/16979/dayr-muhaysin/,https://raw.githubusercontent.com/PalOpenMaps/pom-data/main/assets/img/og/dayr-muhaysin.jpg,"Palestine Open Maps – 1940s Survey of Palestine 1:20,000 map excerpt",,"original file, verified against Palestine Open Maps",name standardised (was 'Deir Muheisin'); district corrected Jerusalem→Ramle
47,Khulda,خلدة,Historic Palestine (inside 1949 Armistice Line),1947-1949,1948-04-06,day,Ramle,280,1945,depopulated,military_assault,31.819502,34.903640,Palestine Open Maps,Military assault,Palestine Open Maps; Zochrot; Palestine Remembered; PalQuest; Abu Sitta Atlas #33,https://palopenmaps.org/en/maps/khulda | https://www.zochrot.org/villages/village_details/49187/en | https://www.palestineremembered.com/al-Ramla/Khulda/ | https://www.palquest.org/en/place/17079/khulda/,https://raw.githubusercontent.com/PalOpenMaps/pom-data/main/assets/img/og/khulda.jpg,"Palestine Open Maps – 1940s Survey of Palestine 1:20,000 map excerpt",,"original file, verified against Palestine Open Maps",
48,Saydun,صيدون,Historic Palestine (inside 1949 Armistice Line),1947-1949,1948-04-06,day,Ramle,210,1945,depopulated,unknown,31.841523,34.904494,Palestine Open Maps,Unknown,Palestine Open Maps; Zochrot; Palestine Remembered; PalQuest; Abu Sitta Atlas #34,https://palopenmaps.org/en/maps/saydun | https://www.zochrot.org/villages/village_details/49360/en | https://www.palestineremembered.com/al-Ramla/Saydun/ | https://www.palquest.org/en/place/17143/saydun/,https://raw.githubusercontent.com/PalOpenMaps/pom-data/main/assets/img/og/saydun.jpg,"Palestine Open Maps – 1940s Survey of Palestine 1:20,000 map excerpt",,"original file, verified against Palestine Open Maps",name standardised (was 'Seidun'); district corrected Gaza→Ramle; date 1948-05-15→1948-04-06
49,al-Ghubayya al-Fawqa,الغبية الفوقا,Historic Palestine (inside 1949 Armistice Line),1947-1949,1948-04-09,day,Haifa,1310,1945,depopulated,military_assault,32.601400,35.150900,Palestine Open Maps,Military assault,Palestine Open Maps; Zochrot; PalQuest; Abu Sitta Atlas #270,https://palopenmaps.org/en/maps/al-ghubayya-al-fawqa | https://www.zochrot.org/villages/village_details/49409/en | https://www.palquest.org/en/place/16813/al-ghubayya-al-fawqa/,https://raw.githubusercontent.com/PalOpenMaps/pom-data/main/assets/img/og/al-ghubayya-al-fawqa.jpg,"Palestine Open Maps – 1940s Survey of Palestine 1:20,000 map excerpt",,"original file, verified against Palestine Open Maps",name standardised (was 'Ghubayya Al Fauqa'); population 990→1310 (1945 Village Statistics); date 1948-04-08→1948-04-09
50,Deir Yasin,دير ياسين,Historic Palestine (inside 1949 Armistice Line),1947-1949,1948-04-09,day,Jerusalem,610,1945,depopulated_built_over,massacre,31.786247,35.178431,Palestine Open Maps,Military assault and expulsion - Massacre,Palestine Open Maps; Zochrot; Palestine Remembered; PalQuest; Abu Sitta Atlas #365,https://palopenmaps.org/en/maps/dayr-yasin | https://www.zochrot.org/villages/village_details/49106/en | https://www.palestineremembered.com/Jerusalem/Dayr-Yasin/ | https://www.palquest.org/en/place/16983/deir-yasin/,https://raw.githubusercontent.com/PalOpenMaps/pom-data/main/assets/img/og/dayr-yasin.jpg,"Palestine Open Maps – 1940s Survey of Palestine 1:20,000 map excerpt",,"original file, verified against Palestine Open Maps",name standardised (was 'Deir Yassin'); population 600→610 (1945 Village Statistics)
51,al-Qastal,القسطل,Historic Palestine (inside 1949 Armistice Line),1947-1949,1948-04-09,day,Jerusalem,90,1945,depopulated_built_over,military_assault,31.795679,35.144211,Palestine Open Maps,Military assault,Palestine Open Maps; Zochrot; Palestine Remembered; PalQuest; Abu Sitta Atlas #364,https://palopenmaps.org/en/maps/al-qastal | https://www.zochrot.org/villages/village_details/49454/en | https://www.palestineremembered.com/Jerusalem/al-Qastal/ | https://www.palquest.org/en/place/16868/al-qastal/,https://raw.githubusercontent.com/PalOpenMaps/pom-data/main/assets/img/og/al-qastal.jpg,"Palestine Open Maps – 1940s Survey of Palestine 1:20,000 map excerpt",2,"original file, verified against Palestine Open Maps",date 1948-04-03→1948-04-09
52,Abu Shusha,أبو شوشة,Historic Palestine (inside 1949 Armistice Line),1947-1949,1948-04-10,day,Haifa,720,1945,depopulated,military_assault,32.614397,35.137713,Palestine Open Maps,Military assault,Palestine Open Maps; Zochrot; Palestine Remembered; PalQuest; Abu Sitta Atlas #272,https://palopenmaps.org/en/maps/abu-shusha-haifa | https://www.zochrot.org/villages/village_details/49492/en | https://www.palestineremembered.com/Haifa/Abu-Shusha/ | https://www.palquest.org/en/place/20608/abu-shusha/,https://raw.githubusercontent.com/PalOpenMaps/pom-data/main/assets/img/og/abu-shusha-haifa.jpg,"Palestine Open Maps – 1940s Survey of Palestine 1:20,000 map excerpt",,"original file, verified against Palestine Open Maps",population 620→720 (1945 Village Statistics); date 1948-04-09→1948-04-10
53,Arab al-Fuqara',عرب الفقراء,Historic Palestine (inside 1949 Armistice Line),1947-1949,1948-04-10,day,Haifa,310,1945,depopulated,forced_expulsion,32.451172,34.908908,Palestine Open Maps,Expulsion,Palestine Open Maps; Zochrot; Palestine Remembered; PalQuest; Abu Sitta Atlas #275,https://palopenmaps.org/en/maps/arab-al-fuqara | https://www.zochrot.org/villages/village_details/49435/en | https://www.palestineremembered.com/Haifa/Arab-al-Fuqara%27/ | https://www.palquest.org/en/place/16914/arab-al-fuqara/,https://raw.githubusercontent.com/PalOpenMaps/pom-data/main/assets/img/og/arab-al-fuqara.jpg,"Palestine Open Maps – 1940s Survey of Palestine 1:20,000 map excerpt",,"original file, verified against Palestine Open Maps",name standardised (was 'Arab Al Fuqara'); population 1230→310 (1945 Village Statistics)
54,Arab al-Nufay'at,عرب النفيعات,Historic Palestine (inside 1949 Armistice Line),1947-1949,1948-04-10,day,Haifa,820,1945,depopulated,forced_expulsion,32.423021,34.881561,Palestine Open Maps,Expulsion,Palestine Open Maps; Zochrot; Palestine Remembered; PalQuest; Abu Sitta Atlas #276,https://palopenmaps.org/en/maps/arab-al-nufayat | https://www.zochrot.org/villages/village_details/49313/en | https://www.palestineremembered.com/Haifa/Arab-al-Nufay%27at/ | https://www.palquest.org/en/place/16915/arab-al-nufayat/,https://raw.githubusercontent.com/PalOpenMaps/pom-data/main/assets/img/og/arab-al-nufayat.jpg,"Palestine Open Maps – 1940s Survey of Palestine 1:20,000 map excerpt",,"original file, verified against Palestine Open Maps",name standardised (was 'Arab Al Nufeiat')
55,Qalunya,قالونيا,Historic Palestine (inside 1949 Armistice Line),1947-1949,1948-04-11,day,Jerusalem,910,1945,depopulated,military_assault,31.796620,35.163641,Palestine Open Maps,Military assault,Palestine Open Maps; Zochrot; Palestine Remembered; PalQuest; Abu Sitta Atlas #363,https://palopenmaps.org/en/maps/qalunya | https://www.zochrot.org/villages/village_details/49444/en | https://www.palestineremembered.com/Jerusalem/Qalunya/ | https://www.palquest.org/en/place/17112/qalunya/,https://raw.githubusercontent.com/PalOpenMaps/pom-data/main/assets/img/og/qalunya.jpg,"Palestine Open Maps – 1940s Survey of Palestine 1:20,000 map excerpt",,"original file, verified against Palestine Open Maps",name standardised (was 'Qaluniya'); date 1948-04-15→1948-04-11
56,al-Kafrayn,الكفرين,Historic Palestine (inside 1949 Armistice Line),1947-1949,1948-04-12,day,Haifa,920,1945,depopulated,military_assault,32.573671,35.118489,Palestine Open Maps,Military assault,Palestine Open Maps; Zochrot; Palestine Remembered; PalQuest; Abu Sitta Atlas #278,https://palopenmaps.org/en/maps/al-kafrayn | https://www.zochrot.org/villages/village_details/49223/en | https://www.palestineremembered.com/Haifa/al-Kafrayn/ | https://www.palquest.org/en/place/16827/al-kafrayn/,https://raw.githubusercontent.com/PalOpenMaps/pom-data/main/assets/img/og/al-kafrayn.jpg,"Palestine Open Maps – 1940s Survey of Palestine 1:20,000 map excerpt",,"original file, verified against Palestine Open Maps",name standardised (was 'Kafrin'); population 430→920 (1945 Village Statistics)
57,Ayn al-Mansi,عين المنسي,Historic Palestine (inside 1949 Armistice Line),1947-1949,1948-04-12,day,Jenin,90,1945,depopulated,military_assault,32.593710,35.177929,Palestine Open Maps,Military assault,Palestine Open Maps; Zochrot; Palestine Remembered; PalQuest; Abu Sitta Atlas #399,https://palopenmaps.org/en/maps/ayn-al-mansi | https://www.zochrot.org/villages/village_details/53393/en | https://www.palestineremembered.com/Jinin/Ayn-al-Mansi/ | https://www.palquest.org/en/place/16924/ayn-al-mansi/,https://raw.githubusercontent.com/PalOpenMaps/pom-data/main/assets/img/og/ayn-al-mansi.jpg,"Palestine Open Maps – 1940s Survey of Palestine 1:20,000 map excerpt",,"original file, verified against Palestine Open Maps",name standardised (was 'Ein Al Mansi'); district corrected Nazareth→Jenin; date 1948-04-15→1948-04-12
58,Nasir al-Din,ناصر الدين,Historic Palestine (inside 1949 Armistice Line),1947-1949,1948-04-12,day,Tiberias,100,1945,depopulated,military_assault,32.780373,35.525329,Palestine Open Maps,Military assault and capitulation,Palestine Open Maps; Zochrot; Palestine Remembered; Abu Sitta Atlas #491,https://palopenmaps.org/en/maps/nasir-al-din | https://www.zochrot.org/villages/village_details/49316/en | https://www.palestineremembered.com/Tiberias/Nasir-al-Din/,https://raw.githubusercontent.com/PalOpenMaps/pom-data/main/assets/img/og/nasir-al-din.jpg,"Palestine Open Maps – 1940s Survey of Palestine 1:20,000 map excerpt",,"original file, verified against Palestine Open Maps",name standardised (was 'Khirbet Nasir Al Din'); population 90→100 (1945 Village Statistics)
59,Abu Zurayq,أبو زريق,Historic Palestine (inside 1949 Armistice Line),1947-1949,1948-04-13,day,Haifa,550,1945,depopulated,military_assault,32.635040,35.125851,Palestine Open Maps,Military assault and expulsion,Palestine Open Maps; Zochrot; Palestine Remembered; PalQuest; Abu Sitta Atlas #277,https://palopenmaps.org/en/maps/abu-zurayq | https://www.zochrot.org/villages/village_details/49161/en | https://www.palestineremembered.com/Haifa/Abu-Zurayq/ | https://www.palquest.org/en/place/16785/abu-zurayq/,https://raw.githubusercontent.com/PalOpenMaps/pom-data/main/assets/img/og/abu-zurayq.jpg,"Palestine Open Maps – 1940s Survey of Palestine 1:20,000 map excerpt",,"original file, verified against Palestine Open Maps",name standardised (was 'Abu Zureiq'); date 1948-04-12→1948-04-13
60,al-Mansi,المنسي,Historic Palestine (inside 1949 Armistice Line),1947-1949,1948-04-13,day,Haifa,1200,1945,depopulated,military_assault,32.594468,35.172532,Palestine Open Maps,Military assault,Palestine Open Maps; Zochrot; Palestine Remembered; PalQuest; Abu Sitta Atlas #279,https://palopenmaps.org/en/maps/al-mansi | https://www.zochrot.org/villages/village_details/49266/en | https://www.palestineremembered.com/Haifa/al-Mansi/ | https://www.palquest.org/en/place/16843/al-mansi/,https://raw.githubusercontent.com/PalOpenMaps/pom-data/main/assets/img/og/al-mansi.jpg,"Palestine Open Maps – 1940s Survey of Palestine 1:20,000 map excerpt",,"original file, verified against Palestine Open Maps",population 810→1200 (1945 Village Statistics); date 1948-04-12→1948-04-13
61,al-Naghnaghiyya,النغنغيّة,Historic Palestine (inside 1949 Armistice Line),1947-1949,1948-04-13,day,Haifa,1470,unverified,depopulated,military_assault,32.601000,35.156700,Palestine Open Maps,Military assault,Palestine Open Maps; Zochrot; Palestine Remembered; Abu Sitta Atlas #280,https://palopenmaps.org/en/maps/al-naghnaghiyya | https://www.zochrot.org/villages/village_details/49309/en | https://www.palestineremembered.com/Haifa/al-Naghnaghiyya/,https://raw.githubusercontent.com/PalOpenMaps/pom-data/main/assets/img/og/al-naghnaghiyya.jpg,"Palestine Open Maps – 1940s Survey of Palestine 1:20,000 map excerpt",,"original file, verified against Palestine Open Maps",name standardised (was 'Naghnaghiya'); date 1948-04-12→1948-04-13
62,Arab Al Bara,,Historic Palestine (inside 1949 Armistice Line),1947-1949,1948-04-15,day,Haifa,280,unverified,destroyed,forced_expulsion,32.5167,34.9833,original file (unverified),Fear and expulsion,,,,,,original file,"not found in Palestine Open Maps – verify name, date, population and coordinates"
63,Khirbat Ras 'Ali,خربة راس علي,Historic Palestine (inside 1949 Armistice Line),1947-1949,1948-04-15,day,Haifa,90,unverified,depopulated,unknown,32.772245,35.155476,Palestine Open Maps,Unknown,Palestine Open Maps; Abu Sitta Atlas #268,https://palopenmaps.org/en/maps/khirbat-ras-ali,https://raw.githubusercontent.com/PalOpenMaps/pom-data/main/assets/img/og/khirbat-ras-ali.jpg,"Palestine Open Maps – 1940s Survey of Palestine 1:20,000 map excerpt",,"original file, verified against Palestine Open Maps",name standardised (was 'Khirbet Ras Ali')
64,Khirbat al-Sarkas,خربة السركس,Historic Palestine (inside 1949 Armistice Line),1947-1949,1948-04-15,day,Haifa,750,1945,depopulated,forced_expulsion,32.446500,34.959600,Palestine Open Maps,Expulsion,Palestine Open Maps; Zochrot; Palestine Remembered; Abu Sitta Atlas #283,"https://palopenmaps.org/en/maps/khirbat-al-sarkas | https://www.zochrot.org/villages/village_details/49345/en | https://www.palestineremembered.com/Haifa/al-Sarkas,-Khirbat/",https://raw.githubusercontent.com/PalOpenMaps/pom-data/main/assets/img/og/khirbat-al-sarkas.jpg,"Palestine Open Maps – 1940s Survey of Palestine 1:20,000 map excerpt",,"original file, verified against Palestine Open Maps",name standardised (was 'Khirbet Al Sarkas'); population 130→750 (1945 Village Statistics)
65,Sarona,سارونة,Historic Palestine (inside 1949 Armistice Line),1947-1949,1948-04-15,day,Jaffa,150,1945,depopulated_appropriated,unknown,32.073563,34.788340,Palestine Open Maps,Unknown,Palestine Open Maps; Palestine Remembered; Abu Sitta Atlas #357,https://palopenmaps.org/en/maps/sarona | https://www.palestineremembered.com/GeoPoints/Sarona_1559/,https://raw.githubusercontent.com/PalOpenMaps/pom-data/main/assets/img/og/sarona.jpg,"Palestine Open Maps – 1940s Survey of Palestine 1:20,000 map excerpt",,"original file, verified against Palestine Open Maps",population 270→150 (1945 Village Statistics)
66,Bayt Naqquba,بيت نقوبا,Historic Palestine (inside 1949 Armistice Line),1947-1949,1948-04-15,day,Jerusalem,240,1945,depopulated_built_over,military_assault,31.803300,35.125267,Palestine Open Maps,Military assault,Palestine Open Maps; Zochrot; Palestine Remembered; PalQuest; Abu Sitta Atlas #361,https://palopenmaps.org/en/maps/bayt-naqquba | https://www.zochrot.org/villages/village_details/49932/en | https://www.palestineremembered.com/Jerusalem/Bayt-Naqquba/ | https://www.palquest.org/en/place/16945/bayt-naqquba/,https://raw.githubusercontent.com/PalOpenMaps/pom-data/main/assets/img/og/bayt-naqquba.jpg,"Palestine Open Maps – 1940s Survey of Palestine 1:20,000 map excerpt",,"original file, verified against Palestine Open Maps",name standardised (was 'Beit Naqquba')
67,Nitaf,نطاف,Historic Palestine (inside 1949 Armistice Line),1947-1949,1948-04-15,day,Jerusalem,40,1945,depopulated,unknown,31.837366,35.066722,Palestine Open Maps,Community,Palestine Open Maps; Zochrot; Palestine Remembered; PalQuest; Abu Sitta Atlas #366,https://palopenmaps.org/en/maps/nitaf | https://www.zochrot.org/villages/village_details/49299/en | https://www.palestineremembered.com/Jerusalem/Nitaf/ | https://www.palquest.org/en/place/17105/nitaf/,https://raw.githubusercontent.com/PalOpenMaps/pom-data/main/assets/img/og/nitaf.jpg,"Palestine Open Maps – 1940s Survey of Palestine 1:20,000 map excerpt",,added from Palestine Open Maps,displacement method not in source – see Morris (2004) / Khalidi (1992)
68,Bayyarat Hannun,بيّارة حنّون,Historic Palestine (inside 1949 Armistice Line),1947-1949,1948-04-15,day,Tulkarem,190,unverified,depopulated,forced_expulsion,32.293372,34.863311,Palestine Open Maps,Fear and expulsion,Palestine Open Maps; Zochrot; Palestine Remembered; Abu Sitta Atlas #520,https://palopenmaps.org/en/maps/bayyarat-hannun | https://www.zochrot.org/villages/village_details/49030/en | https://www.palestineremembered.com/Tulkarm/Bayyarat-Hannun/,https://raw.githubusercontent.com/PalOpenMaps/pom-data/main/assets/img/og/bayyarat-hannun.jpg,"Palestine Open Maps – 1940s Survey of Palestine 1:20,000 map excerpt",,"original file, verified against Palestine Open Maps",name standardised (was 'Bayarrat Hannun'); district corrected Haifa→Tulkarem
69,Khirbat Zalafa,خربة زلفة,Historic Palestine (inside 1949 Armistice Line),1947-1949,1948-04-15,day,Tulkarem,210,1945,depopulated,fear_of_attack,32.403918,34.942448,Palestine Open Maps,Fear of attack,Palestine Open Maps; Zochrot; Palestine Remembered; PalQuest; Abu Sitta Atlas #525,"https://palopenmaps.org/en/maps/khirbat-zalafa | https://www.zochrot.org/villages/village_details/52441/en | https://www.palestineremembered.com/Tulkarm/Zalafa,-Khirbat/ | https://www.palquest.org/en/place/17076/khirbat-zalafa/",https://raw.githubusercontent.com/PalOpenMaps/pom-data/main/assets/img/og/khirbat-zalafa.jpg,"Palestine Open Maps – 1940s Survey of Palestine 1:20,000 map excerpt",,"original file, verified against Palestine Open Maps",name standardised (was 'Khirbet Zalafa')
70,Khirbet Manshiya,خربة منشية,Historic Palestine (inside 1949 Armistice Line),1947-1949,1948-04-15,day,Tulkarem,260,1945,depopulated_built_over,fear_of_attack,32.394578,34.935351,Palestine Open Maps,Fear of attack,Palestine Open Maps; Zochrot; Palestine Remembered; Abu Sitta Atlas #524,https://palopenmaps.org/en/maps/khirbat-al-manshiyya | https://www.zochrot.org/villages/village_details/49270/en | https://www.palestineremembered.com/Tulkarm/al-Manshiyya/,https://raw.githubusercontent.com/PalOpenMaps/pom-data/main/assets/img/og/khirbat-al-manshiyya.jpg,"Palestine Open Maps – 1940s Survey of Palestine 1:20,000 map excerpt",,"original file, verified against Palestine Open Maps",
71,Umm Khalid,ام خالد,Historic Palestine (inside 1949 Armistice Line),1947-1949,1948-04-15,day,Tulkarem,970,1945,depopulated_built_over,unknown,32.329465,34.865319,Palestine Open Maps,Unknown,Palestine Open Maps; Zochrot; Palestine Remembered; PalQuest; Abu Sitta Atlas #519,https://palopenmaps.org/en/maps/umm-khalid | https://www.zochrot.org/villages/village_details/48992/en | https://www.palestineremembered.com/Tulkarm/Umm-Khalid/ | https://www.palquest.org/en/place/17168/umm-khalid/,https://raw.githubusercontent.com/PalOpenMaps/pom-data/main/assets/img/og/umm-khalid.jpg,"Palestine Open Maps – 1940s Survey of Palestine 1:20,000 map excerpt",,"original file, verified against Palestine Open Maps",
72,Wadi Qabbani,وادي قباني,Historic Palestine (inside 1949 Armistice Line),1947-1949,1948-04-15,day,Tulkarem,320,1945,depopulated,unknown,32.362329,34.919915,Palestine Open Maps,Unknown,Palestine Open Maps; Zochrot; Palestine Remembered; PalQuest; Abu Sitta Atlas #516,https://palopenmaps.org/en/maps/wadi-qabbani | https://www.zochrot.org/villages/village_details/49143/en | https://www.palestineremembered.com/Tulkarm/Wadi-Qabbani/ | https://www.palquest.org/en/place/17174/wadi-qabbani/,,,,"original file, verified against Palestine Open Maps",population 120→320 (1945 Village Statistics)
73,Hawsha,هوشة,Historic Palestine (inside 1949 Armistice Line),1947-1949,1948-04-16,day,Haifa,460,1945,depopulated,military_assault,32.793035,35.144202,Palestine Open Maps,Military assault,Palestine Open Maps; Zochrot; Palestine Remembered; Abu Sitta Atlas #282,https://palopenmaps.org/en/maps/hawsha | https://www.zochrot.org/villages/village_details/49127/en | https://www.palestineremembered.com/Haifa/Hawsha/,https://raw.githubusercontent.com/PalOpenMaps/pom-data/main/assets/img/og/hawsha.jpg,"Palestine Open Maps – 1940s Survey of Palestine 1:20,000 map excerpt",2,"original file, verified against Palestine Open Maps",district corrected Hebron→Haifa; population 200→460 (1945 Village Statistics); date 1948-11-15→1948-04-16
74,Khirbat al-Kasair,خربة الكسائر,Historic Palestine (inside 1949 Armistice Line),1947-1949,1948-04-16,day,Haifa,340,1945,depopulated,military_assault,32.793594,35.138673,Palestine Open Maps,Military assault,Palestine Open Maps; Zochrot; Palestine Remembered; Abu Sitta Atlas #284,"https://palopenmaps.org/en/maps/khirbat-al-kasair | https://www.zochrot.org/villages/village_details/49221/en | https://www.palestineremembered.com/Haifa/al-Kasayir,-Khirbat/",https://raw.githubusercontent.com/PalOpenMaps/pom-data/main/assets/img/og/khirbat-al-kasair.jpg,"Palestine Open Maps – 1940s Survey of Palestine 1:20,000 map excerpt",7,"original file, verified against Palestine Open Maps",name standardised (was 'Khirbet Kasayir'); district corrected Hebron→Haifa; population 530→340 (1945 Village Statistics); date 1948-11-15→1948-04-16
75,Saris,ساريس,Historic Palestine (inside 1949 Armistice Line),1947-1949,1948-04-16,day,Jerusalem,560,1945,depopulated,military_assault,31.797590,35.073588,Palestine Open Maps,Military assault,Palestine Open Maps; Zochrot; Palestine Remembered; PalQuest; Abu Sitta Atlas #367,https://palopenmaps.org/en/maps/saris | https://www.zochrot.org/villages/village_details/50180/en | https://www.palestineremembered.com/Jerusalem/Saris/ | https://www.palquest.org/en/place/17141/saris/,https://raw.githubusercontent.com/PalOpenMaps/pom-data/main/assets/img/og/saris.jpg,"Palestine Open Maps – 1940s Survey of Palestine 1:20,000 map excerpt",,"original file, verified against Palestine Open Maps",
76,Wadi Hunayn,وادي حنين,Historic Palestine (inside 1949 Armistice Line),1947-1949,1948-04-17,day,Ramle,1620,1945,depopulated_built_over,fear_of_attack,31.925829,34.791818,Palestine Open Maps,Capitulation,Palestine Open Maps; Zochrot; Palestine Remembered; PalQuest; Abu Sitta Atlas #37,https://palopenmaps.org/en/maps/wadi-haunayn | https://www.zochrot.org/villages/village_details/49132/en | https://www.palestineremembered.com/al-Ramla/Wadi-Hunayn/ | https://www.palquest.org/en/place/17173/wadi-hunayn/,https://raw.githubusercontent.com/PalOpenMaps/pom-data/main/assets/img/og/wadi-haunayn.jpg,"Palestine Open Maps – 1940s Survey of Palestine 1:20,000 map excerpt",,"original file, verified against Palestine Open Maps",name standardised (was 'Wadi Hunein')
77,Tiberias,طبريا,Historic Palestine (inside 1949 Armistice Line),1947-1949,1948-04-18,day,Tiberias,5310,1945,depopulated_appropriated,military_assault,32.786895,35.541156,Palestine Open Maps,Military assault on city,Palestine Open Maps; Zochrot; Palestine Remembered; Abu Sitta Atlas #493,https://palopenmaps.org/en/maps/tiberias | https://www.zochrot.org/villages/village_details/49199/en | https://www.palestineremembered.com/Tiberias/Tiberias/,https://raw.githubusercontent.com/PalOpenMaps/pom-data/main/assets/img/og/tiberias.jpg,"Palestine Open Maps – 1940s Survey of Palestine 1:20,000 map excerpt",4,"original file, verified against Palestine Open Maps",name standardised (was 'Arab Tiberias')
78,Arab al-Subeih,عرب الصبيح,Historic Palestine (inside 1949 Armistice Line),1947-1949,1948-04-19,day,Nazareth,1320,1945,depopulated,fear_of_attack,32.699665,35.405585,Palestine Open Maps,Capitulation,Palestine Open Maps; Palestine Remembered; Abu Sitta Atlas #405,https://palopenmaps.org/en/maps/arab-al-subeih | https://www.palestineremembered.com/GeoPoints/_Arab_Shibli_3012/,https://raw.githubusercontent.com/PalOpenMaps/pom-data/main/assets/img/og/arab-al-subeih.jpg,"Palestine Open Maps – 1940s Survey of Palestine 1:20,000 map excerpt",,"original file, verified against Palestine Open Maps",district corrected Tiberias→Nazareth; population 220→1320 (1945 Village Statistics)
79,Sarafand al-Kharab,صرفند الخراب,Historic Palestine (inside 1949 Armistice Line),1947-1949,1948-04-20,day,Ramle,1040,1945,depopulated_built_over,fear_of_attack,31.936149,34.805627,Palestine Open Maps,Fear of attack,Palestine Open Maps; Zochrot; Palestine Remembered; PalQuest; Abu Sitta Atlas #40,https://palopenmaps.org/en/maps/sarafand-al-kharab | https://www.zochrot.org/villages/village_details/49366/en | https://www.palestineremembered.com/al-Ramla/Sarafand-al-Kharab/ | https://www.palquest.org/en/place/17139/sarafand-al-kharab/,https://raw.githubusercontent.com/PalOpenMaps/pom-data/main/assets/img/og/sarafand-al-kharab.jpg,"Palestine Open Maps – 1940s Survey of Palestine 1:20,000 map excerpt",,"original file, verified against Palestine Open Maps",population 290→1040 (1945 Village Statistics)
80,Arab al-Zubayd,عرب الزبيد,Historic Palestine (inside 1949 Armistice Line),1947-1949,1948-04-20,day,Safad,275,unverified,depopulated,fear_of_attack,33.079548,35.572735,Palestine Open Maps,Fear of attack,Palestine Open Maps; Zochrot; Palestine Remembered; Abu Sitta Atlas #414,https://palopenmaps.org/en/maps/arab-al-zubayd | https://www.zochrot.org/villages/village_details/49159/en | https://www.palestineremembered.com/Safad/Arab-al-Zubayd/,https://raw.githubusercontent.com/PalOpenMaps/pom-data/main/assets/img/og/arab-al-zubayd.jpg,"Palestine Open Maps – 1940s Survey of Palestine 1:20,000 map excerpt",5,"original file, verified against Palestine Open Maps",name standardised (was 'Arab Zubeih')
81,al-'Ulmaniyya,العلمانية,Historic Palestine (inside 1949 Armistice Line),1947-1949,1948-04-20,day,Safad,260,1945,depopulated,military_assault,33.073124,35.586916,Palestine Open Maps,Military assault and expulsion,Palestine Open Maps; Zochrot; Palestine Remembered; PalQuest; Abu Sitta Atlas #413,https://palopenmaps.org/en/maps/al-ulmaniyya | https://www.zochrot.org/villages/village_details/49415/en | https://www.palestineremembered.com/Safad/al-%27Ulmaniyya/ | https://www.palquest.org/en/place/16792/al-ulmaniyya/,https://raw.githubusercontent.com/PalOpenMaps/pom-data/main/assets/img/og/al-ulmaniyya.jpg,"Palestine Open Maps – 1940s Survey of Palestine 1:20,000 map excerpt",,"original file, verified against Palestine Open Maps",name standardised (was 'Ulmaniya'); population 820→260 (1945 Village Statistics)
82,Birkat Ramadan,بركة رمضان,Historic Palestine (inside 1949 Armistice Line),1947-1949,1948-04-20,day,Tulkarem,290,unverified,depopulated,unknown,32.247258,34.856759,Palestine Open Maps,Unknown,Palestine Open Maps; Palestine Remembered; Abu Sitta Atlas #526,https://palopenmaps.org/en/maps/birkat-ramadan | https://www.palestineremembered.com/GeoPoints/Birket_Ramadan_919/,https://raw.githubusercontent.com/PalOpenMaps/pom-data/main/assets/img/og/birkat-ramadan.jpg,"Palestine Open Maps – 1940s Survey of Palestine 1:20,000 map excerpt",,"original file, verified against Palestine Open Maps",name standardised (was 'Birket Ramadan'); date 1948-04-15→1948-04-20
83,Miska,مسكة,Historic Palestine (inside 1949 Armistice Line),1947-1949,1948-04-20,day,Tulkarem,880,1945,depopulated,forced_expulsion,32.217317,34.924231,Palestine Open Maps,Expulsion,Palestine Open Maps; Zochrot; Palestine Remembered; PalQuest; Abu Sitta Atlas #527,https://palopenmaps.org/en/maps/miska | https://www.zochrot.org/villages/village_details/49248/en | https://www.palestineremembered.com/Tulkarm/Miska/ | https://www.palquest.org/en/place/17098/miska/,https://raw.githubusercontent.com/PalOpenMaps/pom-data/main/assets/img/og/miska.jpg,"Palestine Open Maps – 1940s Survey of Palestine 1:20,000 map excerpt",,"original file, verified against Palestine Open Maps",date 1948-04-15→1948-04-20
84,Haifa,حيفا,Historic Palestine (inside 1949 Armistice Line),1947-1949,1948-04-21,day,Haifa,62800,1945,depopulated_appropriated,military_assault,32.815367,35.001540,Palestine Open Maps,Military assault and abandonment on city,Palestine Open Maps; Zochrot; Palestine Remembered; Abu Sitta Atlas #286,https://palopenmaps.org/en/maps/haifa | https://www.zochrot.org/villages/village_details/49192/en | https://www.palestineremembered.com/Haifa/Haifa/,https://raw.githubusercontent.com/PalOpenMaps/pom-data/main/assets/img/og/haifa.jpg,"Palestine Open Maps – 1940s Survey of Palestine 1:20,000 map excerpt",37,"original file, verified against Palestine Open Maps",name standardised (was 'Arab Haifa'); population 71000→62800 (1945 Village Statistics)
85,al-Husayniyya,الحسينية,Historic Palestine (inside 1949 Armistice Line),1947-1949,1948-04-21,day,Safad,390,1945,depopulated,fear_of_attack,33.039400,35.582000,Palestine Open Maps,Capitulation,Palestine Open Maps; Zochrot; Palestine Remembered; Abu Sitta Atlas #415,https://palopenmaps.org/en/maps/al-husayniyya | https://www.zochrot.org/villages/village_details/49190/en | https://www.palestineremembered.com/Safad/al-Husayniyya/,https://raw.githubusercontent.com/PalOpenMaps/pom-data/main/assets/img/og/al-husayniyya.jpg,"Palestine Open Maps – 1940s Survey of Palestine 1:20,000 map excerpt",8,"original file, verified against Palestine Open Maps",name standardised (was 'Husseiniya'); population 170→390 (1945 Village Statistics)
86,al-Samra,السمرا,Historic Palestine (inside 1949 Armistice Line),1947-1949,1948-04-21,day,Tiberias,290,1945,depopulated_built_over,fear_of_attack,32.723054,35.617296,Palestine Open Maps,Capitulation,Palestine Open Maps; Zochrot; Palestine Remembered; PalQuest; Abu Sitta Atlas #496,https://palopenmaps.org/en/maps/al-samra | https://www.zochrot.org/villages/village_details/49338/en | https://www.palestineremembered.com/Tiberias/al-Samra/ | https://www.palquest.org/en/place/16880/al-samra/,https://raw.githubusercontent.com/PalOpenMaps/pom-data/main/assets/img/og/al-samra.jpg,"Palestine Open Maps – 1940s Survey of Palestine 1:20,000 map excerpt",,"original file, verified against Palestine Open Maps",
87,Kirad al-Baqqara,كراد البقارة,Historic Palestine (inside 1949 Armistice Line),1947-1949,1948-04-22,day,Safad,360,1945,depopulated,fear_of_attack,33.018730,35.602772,Palestine Open Maps,Capitulation,Palestine Open Maps; Zochrot; Palestine Remembered; PalQuest; Abu Sitta Atlas #416,https://palopenmaps.org/en/maps/kirad-al-baqqara | https://www.zochrot.org/villages/village_details/49213/en | https://www.palestineremembered.com/Safad/Kirad-al-Baqqara/ | https://www.palquest.org/en/place/17080/kirad-al-baqqara/,https://raw.githubusercontent.com/PalOpenMaps/pom-data/main/assets/img/og/kirad-al-baqqara.jpg,"Palestine Open Maps – 1940s Survey of Palestine 1:20,000 map excerpt",,"original file, verified against Palestine Open Maps",district corrected Tiberias→Safad; population 350→360 (1945 Village Statistics)
88,Tulayl,تليل,Historic Palestine (inside 1949 Armistice Line),1947-1949,1948-04-22,day,Safad,340,1945,depopulated,unknown,33.051171,35.619782,Palestine Open Maps,Date uncertain,Palestine Open Maps; Zochrot; Palestine Remembered; PalQuest; Abu Sitta Atlas #418,https://palopenmaps.org/en/maps/tulayl | https://www.zochrot.org/villages/village_details/49504/en | https://www.palestineremembered.com/Safad/Tulayl/ | https://www.palquest.org/en/place/17161/tulayl/,https://raw.githubusercontent.com/PalOpenMaps/pom-data/main/assets/img/og/tulayl.jpg,"Palestine Open Maps – 1940s Survey of Palestine 1:20,000 map excerpt",,"original file, verified against Palestine Open Maps",name standardised (was 'Tuleil'); population 60→340 (1945 Village Statistics); date 1948-04-15→1948-04-22
89,al-Majdal,المجدل,Historic Palestine (inside 1949 Armistice Line),1947-1949,1948-04-22,day,Tiberias,360,1945,depopulated_built_over,military_assault,32.824375,35.515864,Palestine Open Maps,Military assault and capitulation,Palestine Open Maps; Zochrot; Palestine Remembered; PalQuest; Abu Sitta Atlas #498,https://palopenmaps.org/en/maps/al-majdal-tiberias | https://www.zochrot.org/villages/village_details/49284/en | https://www.palestineremembered.com/Tiberias/al-Majdal/ | https://www.palquest.org/en/place/16836/al-majdal/,https://raw.githubusercontent.com/PalOpenMaps/pom-data/main/assets/img/og/al-majdal-tiberias.jpg,"Palestine Open Maps – 1940s Survey of Palestine 1:20,000 map excerpt",,"original file, verified against Palestine Open Maps",population 320→360 (1945 Village Statistics)
90,Balad al-Shaykh,بلد الشيخ,Historic Palestine (inside 1949 Armistice Line),1947-1949,1948-04-24,day,Haifa,4120,1945,depopulated_built_over,military_assault,32.772346,35.043038,Palestine Open Maps,Military assault and capitulation,Palestine Open Maps; Zochrot; Palestine Remembered; PalQuest; Abu Sitta Atlas #287,https://palopenmaps.org/en/maps/balad-al-shaykh | https://www.zochrot.org/villages/village_details/49032/en | https://www.palestineremembered.com/Haifa/Balad-al-Shaykh/ | https://www.palquest.org/en/place/16929/balad-al-shaykh/,https://raw.githubusercontent.com/PalOpenMaps/pom-data/main/assets/img/og/balad-al-shaykh.jpg,"Palestine Open Maps – 1940s Survey of Palestine 1:20,000 map excerpt",5,"original file, verified against Palestine Open Maps",name standardised (was 'Balad Al Sheikh'); date 1948-04-25→1948-04-24
91,al-Manshiyya,حيّ المنشيّة,Historic Palestine (inside 1949 Armistice Line),1947-1949,1948-04-24,day,Jaffa,13000,1945,depopulated_built_over,unknown,32.059200,34.759700,Palestine Open Maps,Unknown,Palestine Open Maps; Zochrot,https://palopenmaps.org/en/maps/al-manshiyya-jaffa | https://www.zochrot.org/villages/village_details/56077/en,,,,"original file, verified against Palestine Open Maps",name standardised (was 'Manshiya'); population 260→13000 (1945 Village Statistics); date 1948-05-15→1948-04-24
92,Ghuwayr Abu Shusha,غوير أبو شوشة,Historic Palestine (inside 1949 Armistice Line),1947-1949,1948-04-24,day,Tiberias,1240,1945,depopulated,military_assault,32.853400,35.507712,Palestine Open Maps,Military assault and capitulation,Palestine Open Maps; Zochrot; Palestine Remembered; PalQuest; Abu Sitta Atlas #495,https://palopenmaps.org/en/maps/ghuwayr-abu-shusha | https://www.zochrot.org/villages/village_details/49411/en | https://www.palestineremembered.com/Tiberias/Ghuwayr-Abu-Shusha/ | https://www.palquest.org/en/place/16993/ghuwayr-abu-shusha/,https://raw.githubusercontent.com/PalOpenMaps/pom-data/main/assets/img/og/ghuwayr-abu-shusha.jpg,"Palestine Open Maps – 1940s Survey of Palestine 1:20,000 map excerpt",3,"original file, verified against Palestine Open Maps",name standardised (was 'Ghuweir Abu Shusha'); date 1948-04-21→1948-04-24
93,Qannir,قنير,Historic Palestine (inside 1949 Armistice Line),1947-1949,1948-04-25,day,Haifa,750,1945,depopulated,fear_of_attack,32.528304,35.031120,Palestine Open Maps,Capitulation and fear,Palestine Open Maps; Zochrot; Palestine Remembered; PalQuest; Abu Sitta Atlas #288,https://palopenmaps.org/en/maps/qannir | https://www.zochrot.org/villages/village_details/49452/en | https://www.palestineremembered.com/Haifa/Qannir/ | https://www.palquest.org/en/place/17113/qannir/,https://raw.githubusercontent.com/PalOpenMaps/pom-data/main/assets/img/og/qannir.jpg,"Palestine Open Maps – 1940s Survey of Palestine 1:20,000 map excerpt",,"original file, verified against Palestine Open Maps",population 1200→750 (1945 Village Statistics)
94,Yajur,ياجور,Historic Palestine (inside 1949 Armistice Line),1947-1949,1948-04-25,day,Haifa,610,1945,depopulated,military_assault,32.758807,35.057672,Palestine Open Maps,Military assault and capitulation,Palestine Open Maps; Zochrot; Palestine Remembered; PalQuest; Abu Sitta Atlas #289,https://palopenmaps.org/en/maps/yajur | https://www.zochrot.org/villages/village_details/49208/en | https://www.palestineremembered.com/Haifa/Yajur/ | https://www.palquest.org/en/place/17176/yajur/,https://raw.githubusercontent.com/PalOpenMaps/pom-data/main/assets/img/og/yajur.jpg,"Palestine Open Maps – 1940s Survey of Palestine 1:20,000 map excerpt",2,"original file, verified against Palestine Open Maps",
95,Samakh,سمخ,Historic Palestine (inside 1949 Armistice Line),1947-1949,1948-04-27,day,Tiberias,3460,1945,depopulated_built_over,military_assault,32.704916,35.589416,Palestine Open Maps,Military assault,Palestine Open Maps; Zochrot; Palestine Remembered; PalQuest; Abu Sitta Atlas #500,https://palopenmaps.org/en/maps/samakh | https://www.zochrot.org/villages/village_details/49339/en | https://www.palestineremembered.com/Tiberias/Samakh/ | https://www.palquest.org/en/place/17136/samakh/,https://raw.githubusercontent.com/PalOpenMaps/pom-data/main/assets/img/og/samakh.jpg,"Palestine Open Maps – 1940s Survey of Palestine 1:20,000 map excerpt",,"original file, verified against Palestine Open Maps",date 1948-04-28→1948-04-27
96,Saqiya,ساقية,Historic Palestine (inside 1949 Armistice Line),1947-1949,1948-04-28,day,Jaffa,1100,1945,depopulated_built_over,military_assault,32.028979,34.842864,Palestine Open Maps,Military assault,Palestine Open Maps; Zochrot; Palestine Remembered; PalQuest; Abu Sitta Atlas #351,https://palopenmaps.org/en/maps/saqiya | https://www.zochrot.org/villages/village_details/49325/en | https://www.palestineremembered.com/Jaffa/Saqiya/ | https://www.palquest.org/en/place/17137/saqiya/,https://raw.githubusercontent.com/PalOpenMaps/pom-data/main/assets/img/og/saqiya.jpg,"Palestine Open Maps – 1940s Survey of Palestine 1:20,000 map excerpt",,"original file, verified against Palestine Open Maps",date 1948-04-25→1948-04-28
97,al-Khayriyya,الخيرية,Historic Palestine (inside 1949 Armistice Line),1947-1949,1948-04-28,day,Jaffa,1420,1945,depopulated,military_assault,32.036563,34.827151,Palestine Open Maps,Military assault,Palestine Open Maps; Zochrot; Palestine Remembered; PalQuest; Abu Sitta Atlas #349,https://palopenmaps.org/en/maps/al-khayriyya | https://www.zochrot.org/villages/village_details/49173/en | https://www.palestineremembered.com/Jaffa/al-Khayriyya/ | https://www.palquest.org/en/place/16828/al-khayriyya/,https://raw.githubusercontent.com/PalOpenMaps/pom-data/main/assets/img/og/al-khayriyya.jpg,"Palestine Open Maps – 1940s Survey of Palestine 1:20,000 map excerpt",,"original file, verified against Palestine Open Maps",name standardised (was 'Kheiriya'); date 1948-04-25→1948-04-28
98,Qatamon,القطمون,Historic Palestine (inside 1949 Armistice Line),1947-1949,1948-04-28,day,Jerusalem,,,depopulated_appropriated,unknown,31.763316,35.209621,Palestine Open Maps,Village,Palestine Open Maps; Abu Sitta Atlas #368,https://palopenmaps.org/en/maps/qatamon,https://raw.githubusercontent.com/PalOpenMaps/pom-data/main/assets/img/og/qatamon.jpg,"Palestine Open Maps – 1940s Survey of Palestine 1:20,000 map excerpt",,added from Palestine Open Maps,displacement method not in source – see Morris (2004) / Khalidi (1992)
99,Khirbat al-Damun,خربة الدامون,Historic Palestine (inside 1949 Armistice Line),1947-1949,1948-04-30,day,Haifa,340,1945,depopulated_built_over,military_assault,32.733100,35.022868,Palestine Open Maps,Fear and military assault,Palestine Open Maps; Zochrot; Palestine Remembered; PalQuest; Abu Sitta Atlas #292,"https://palopenmaps.org/en/maps/khirbat-al-damun | https://www.zochrot.org/villages/village_details/49125/en | https://www.palestineremembered.com/Haifa/al-Damun,-Khirbat/ | https://www.palquest.org/en/place/17049/khirbat-al-damun/",https://raw.githubusercontent.com/PalOpenMaps/pom-data/main/assets/img/og/khirbat-al-damun.jpg,"Palestine Open Maps – 1940s Survey of Palestine 1:20,000 map excerpt",,"original file, verified against Palestine Open Maps",name standardised (was 'Khirbet Al Damun'); district corrected Acre→Haifa; date 1948-04-15→1948-04-30
100,Salama,سلمة,Historic Palestine (inside 1949 Armistice Line),1947-1949,1948-04-30,day,Jaffa,6730,1945,depopulated_built_over,military_assault,32.050026,34.805480,Palestine Open Maps,Military assault,Palestine Open Maps; Zochrot; Palestine Remembered; PalQuest; Abu Sitta Atlas #350,https://palopenmaps.org/en/maps/salama-jaffa | https://www.zochrot.org/villages/village_details/49897/en | https://www.palestineremembered.com/Jaffa/Salama/ | https://www.palquest.org/en/place/17133/salama/,https://raw.githubusercontent.com/PalOpenMaps/pom-data/main/assets/img/og/salama-jaffa.jpg,"Palestine Open Maps – 1940s Survey of Palestine 1:20,000 map excerpt",,"original file, verified against Palestine Open Maps",population 6670→6730 (1945 Village Statistics); date 1948-04-25→1948-04-30
101,Khirbat al-Taqa,خربة الطاقة,Historic Palestine (inside 1949 Armistice Line),1947-1949,1948-05-01,month,Beisan,,,depopulated,unknown,32.612177,35.536909,Palestine Open Maps,Community,Palestine Open Maps; Zochrot; Palestine Remembered; Abu Sitta Atlas #106,"https://palopenmaps.org/en/maps/khirbat-al-taqa | https://www.zochrot.org/villages/village_details/49196/en | https://www.palestineremembered.com/Baysan/al-Taqa,-Khirbat/",https://raw.githubusercontent.com/PalOpenMaps/pom-data/main/assets/img/og/khirbat-al-taqa.jpg,"Palestine Open Maps – 1940s Survey of Palestine 1:20,000 map excerpt",,added from Palestine Open Maps,displacement method not in source – see Morris (2004) / Khalidi (1992)
102,Khirbat al-Zawiya,خربة الزاوية,Historic Palestine (inside 1949 Armistice Line),1947-1949,1948-05-01,month,Beisan,,,depopulated,unknown,32.597099,35.540579,Palestine Open Maps,Community,Palestine Open Maps; Zochrot; Palestine Remembered,"https://palopenmaps.org/en/maps/khirbat-al-zawiya | https://www.zochrot.org/villages/village_details/49149/en | https://www.palestineremembered.com/Baysan/al-Zawiya,-Khirbat/",https://raw.githubusercontent.com/PalOpenMaps/pom-data/main/assets/img/og/khirbat-al-zawiya.jpg,"Palestine Open Maps – 1940s Survey of Palestine 1:20,000 map excerpt",,added from Palestine Open Maps,displacement method not in source – see Morris (2004) / Khalidi (1992)
103,Masil al-Jizl,مسيل الجزل,Historic Palestine (inside 1949 Armistice Line),1947-1949,1948-05-01,month,Beisan,100,1945,depopulated,unknown,32.455550,35.557797,Palestine Open Maps,Community (Mixed population in 1945),Palestine Open Maps; Zochrot; Palestine Remembered; PalQuest; Abu Sitta Atlas #124,https://palopenmaps.org/en/maps/masil-al-jizl | https://www.zochrot.org/villages/village_details/49277/en | https://www.palestineremembered.com/Baysan/Masil-al-Jizl/ | https://www.palquest.org/en/place/17095/masil-al-jizl/,https://raw.githubusercontent.com/PalOpenMaps/pom-data/main/assets/img/og/masil-al-jizl.jpg,"Palestine Open Maps – 1940s Survey of Palestine 1:20,000 map excerpt",,added from Palestine Open Maps,displacement method not in source – see Morris (2004) / Khalidi (1992)
104,Umm 'Ajra,أم عجرة,Historic Palestine (inside 1949 Armistice Line),1947-1949,1948-05-01,month,Beisan,260,1945,depopulated,unknown,32.463412,35.523041,Palestine Open Maps,Community,Palestine Open Maps; Zochrot; Palestine Remembered; PalQuest; Abu Sitta Atlas #125,https://palopenmaps.org/en/maps/umm-ajra | https://www.zochrot.org/villages/village_details/48994/en | https://www.palestineremembered.com/Baysan/Umm-%27Ajra/ | https://www.palquest.org/en/place/17163/umm-ajra/,https://raw.githubusercontent.com/PalOpenMaps/pom-data/main/assets/img/og/umm-ajra.jpg,"Palestine Open Maps – 1940s Survey of Palestine 1:20,000 map excerpt",,added from Palestine Open Maps,displacement method not in source – see Morris (2004) / Khalidi (1992)
105,Zab'a,زبعة,Historic Palestine (inside 1949 Armistice Line),1947-1949,1948-05-01,month,Beisan,170,1945,depopulated,unknown,32.553703,35.548508,Palestine Open Maps,Community,Palestine Open Maps; Zochrot; Palestine Remembered; PalQuest; Abu Sitta Atlas #105,https://palopenmaps.org/en/maps/zaba | https://www.zochrot.org/villages/village_details/49158/en | https://www.palestineremembered.com/Baysan/Zab%27a/ | https://www.palquest.org/en/place/17183/zaba/,https://raw.githubusercontent.com/PalOpenMaps/pom-data/main/assets/img/og/zaba.jpg,"Palestine Open Maps – 1940s Survey of Palestine 1:20,000 map excerpt",,added from Palestine Open Maps,displacement method not in source – see Morris (2004) / Khalidi (1992)
106,al-Fatur,الفاتور,Historic Palestine (inside 1949 Armistice Line),1947-1949,1948-05-01,month,Beisan,110,1945,depopulated,unknown,32.396760,35.525703,Palestine Open Maps,Village,Palestine Open Maps; Zochrot; Palestine Remembered; PalQuest; Abu Sitta Atlas #101,https://palopenmaps.org/en/maps/al-fatur | https://www.zochrot.org/villages/village_details/49427/en | https://www.palestineremembered.com/Baysan/al-Fatur/ | https://www.palquest.org/en/place/16809/al-fatur/,https://raw.githubusercontent.com/PalOpenMaps/pom-data/main/assets/img/og/al-fatur.jpg,"Palestine Open Maps – 1940s Survey of Palestine 1:20,000 map excerpt",,added from Palestine Open Maps,displacement method not in source – see Morris (2004) / Khalidi (1992)
107,al-Hamra,الحمرا,Historic Palestine (inside 1949 Armistice Line),1947-1949,1948-05-01,day,Beisan,730,1945,depopulated,military_assault,32.427813,35.500416,Palestine Open Maps,Fear and military assault,Palestine Open Maps; Zochrot; Palestine Remembered; PalQuest; Abu Sitta Atlas #123,https://palopenmaps.org/en/maps/al-hamra-beisan | https://www.zochrot.org/villages/village_details/49179/en | https://www.palestineremembered.com/Baysan/al-Hamra/ | https://www.palquest.org/en/place/16818/al-hamra/,https://raw.githubusercontent.com/PalOpenMaps/pom-data/main/assets/img/og/al-hamra-beisan.jpg,"Palestine Open Maps – 1940s Survey of Palestine 1:20,000 map excerpt",,"original file, verified against Palestine Open Maps",district corrected Tiberias→Beisan
108,Arab al-Ghawarina,عرب الغوارنة,Historic Palestine (inside 1949 Armistice Line),1947-1949,1948-05-01,month,Haifa,720,1945,depopulated,military_assault,32.556000,34.915900,Palestine Open Maps,Whispering and military assault,Palestine Open Maps; Zochrot; Abu Sitta Atlas #281,https://palopenmaps.org/en/maps/arab-ghawarina | https://www.zochrot.org/villages/village_details/49000/en,https://raw.githubusercontent.com/PalOpenMaps/pom-data/main/assets/img/og/arab-ghawarina.jpg,"Palestine Open Maps – 1940s Survey of Palestine 1:20,000 map excerpt",,"original file, verified against Palestine Open Maps",population 1240→720 (1945 Village Statistics); date 1948-04-15→1948-05-01
109,Kabara,كبارة,Historic Palestine (inside 1949 Armistice Line),1947-1949,1948-05-01,month,Haifa,120,1945,depopulated,unknown,32.547401,34.922366,Palestine Open Maps,Community,Palestine Open Maps; Zochrot; Palestine Remembered; PalQuest; Abu Sitta Atlas #293,https://palopenmaps.org/en/maps/kabara | https://www.zochrot.org/villages/village_details/49216/en | https://www.palestineremembered.com/Haifa/Kabara/ | https://www.palquest.org/en/place/17031/kabara/,https://raw.githubusercontent.com/PalOpenMaps/pom-data/main/assets/img/og/kabara.jpg,"Palestine Open Maps – 1940s Survey of Palestine 1:20,000 map excerpt",,added from Palestine Open Maps,displacement method not in source – see Morris (2004) / Khalidi (1992)
110,Khirbat al-Mansura,خربة المنصورة,Historic Palestine (inside 1949 Armistice Line),1947-1949,1948-05-01,month,Haifa,220,1945,depopulated,unknown,32.675678,35.100521,Palestine Open Maps,Village,Palestine Open Maps; Zochrot; Palestine Remembered; Abu Sitta Atlas #290,https://palopenmaps.org/en/maps/khirbat-al-mansura | https://www.zochrot.org/villages/village_details/49265/en | https://www.palestineremembered.com/GeoPoints/al_Mansura_1397/,https://raw.githubusercontent.com/PalOpenMaps/pom-data/main/assets/img/og/khirbat-al-mansura.jpg,"Palestine Open Maps – 1940s Survey of Palestine 1:20,000 map excerpt",,added from Palestine Open Maps,displacement method not in source – see Morris (2004) / Khalidi (1992)
111,Kafr 'Ana,كفر عانة,Historic Palestine (inside 1949 Armistice Line),1947-1949,1948-05-01,month,Jaffa,2800,1945,depopulated_built_over,military_assault,32.024481,34.868310,Palestine Open Maps,Military assault,Palestine Open Maps; Zochrot; Palestine Remembered; PalQuest; Abu Sitta Atlas #348,https://palopenmaps.org/en/maps/kafr-ana | https://www.zochrot.org/villages/village_details/49234/en | https://www.palestineremembered.com/Jaffa/Kafr-%27Ana/ | https://www.palquest.org/en/place/17032/kafr-ana/,https://raw.githubusercontent.com/PalOpenMaps/pom-data/main/assets/img/og/kafr-ana.jpg,"Palestine Open Maps – 1940s Survey of Palestine 1:20,000 map excerpt",,"original file, verified against Palestine Open Maps",name standardised (was 'Kafr Ana'); date 1948-04-25→1948-05-01
112,Yazur,يازور,Historic Palestine (inside 1949 Armistice Line),1947-1949,1948-05-01,day,Jaffa,4030,1945,depopulated_built_over,military_assault,32.026368,34.804632,Palestine Open Maps,Capitulation and military assault,Palestine Open Maps; Zochrot; Palestine Remembered; PalQuest; Abu Sitta Atlas #354,https://palopenmaps.org/en/maps/yazur | https://www.zochrot.org/villages/village_details/49209/en | https://www.palestineremembered.com/Jaffa/Yazur/ | https://www.palquest.org/en/place/17180/yazur/,https://raw.githubusercontent.com/PalOpenMaps/pom-data/main/assets/img/og/yazur.jpg,"Palestine Open Maps – 1940s Survey of Palestine 1:20,000 map excerpt",,"original file, verified against Palestine Open Maps",
113,Jerusalem,القدس,Historic Palestine (inside 1949 Armistice Line),1947-1949,1948-05-01,month,Jerusalem,60080,1945,depopulated_appropriated,unknown,31.777812,35.232198,Palestine Open Maps,City (Mixed population in 1945),Palestine Open Maps; Zochrot; Palestine Remembered,https://palopenmaps.org/en/maps/jerusalem | https://www.zochrot.org/villages/village_details/49463/en | https://www.palestineremembered.com/GeoPoints/Jerusalem_528/,https://raw.githubusercontent.com/PalOpenMaps/pom-data/main/assets/img/og/jerusalem.jpg,"Palestine Open Maps – 1940s Survey of Palestine 1:20,000 map excerpt",7,added from Palestine Open Maps,displacement method not in source – see Morris (2004) / Khalidi (1992)
114,Umm Kalkha,أم كلخة,Historic Palestine (inside 1949 Armistice Line),1947-1949,1948-05-01,month,Ramle,60,1945,depopulated,unknown,31.811844,34.854374,Palestine Open Maps,Village,Palestine Open Maps; Zochrot; Palestine Remembered; PalQuest; Abu Sitta Atlas #36,https://palopenmaps.org/en/maps/umm-kalkha | https://www.zochrot.org/villages/village_details/48993/en | https://www.palestineremembered.com/al-Ramla/Umm-Kalkha/ | https://www.palquest.org/en/place/17167/umm-kalkha/,https://raw.githubusercontent.com/PalOpenMaps/pom-data/main/assets/img/og/umm-kalkha.jpg,"Palestine Open Maps – 1940s Survey of Palestine 1:20,000 map excerpt",,added from Palestine Open Maps,displacement method not in source – see Morris (2004) / Khalidi (1992)
115,al-Mansura,المنصورة,Historic Palestine (inside 1949 Armistice Line),1947-1949,1948-05-01,month,Ramle,90,1945,depopulated,military_assault,31.838008,34.856372,Palestine Open Maps,Military assault,Palestine Open Maps; Zochrot; Palestine Remembered; PalQuest; Abu Sitta Atlas #38,https://palopenmaps.org/en/maps/al-mansura-ramle | https://www.zochrot.org/villages/village_details/49261/en | https://www.palestineremembered.com/al-Ramla/al-Mansura/ | https://www.palquest.org/en/place/16845/al-mansura/,https://raw.githubusercontent.com/PalOpenMaps/pom-data/main/assets/img/og/al-mansura-ramle.jpg,"Palestine Open Maps – 1940s Survey of Palestine 1:20,000 map excerpt",,"original file, verified against Palestine Open Maps",district corrected Gaza→Ramle; date 1948-04-20→1948-05-01
116,al-Mukhayzin,المخيزن,Historic Palestine (inside 1949 Armistice Line),1947-1949,1948-05-01,month,Ramle,200,1945,depopulated,military_assault,31.802348,34.810491,Palestine Open Maps,Military assault,Palestine Open Maps; Zochrot; Palestine Remembered; PalQuest; Abu Sitta Atlas #39,https://palopenmaps.org/en/maps/al-mukhayzin | https://www.zochrot.org/villages/village_details/49288/en | https://www.palestineremembered.com/al-Ramla/al-Mukhayzin/ | https://www.palquest.org/en/place/16857/al-mukhayzin/,https://raw.githubusercontent.com/PalOpenMaps/pom-data/main/assets/img/og/al-mukhayzin.jpg,"Palestine Open Maps – 1940s Survey of Palestine 1:20,000 map excerpt",,"original file, verified against Palestine Open Maps",name standardised (was 'Mukheizin'); district corrected Gaza→Ramle; date 1948-04-20→1948-05-01
117,Khirbat al-Muntar,خربة المنطار,Historic Palestine (inside 1949 Armistice Line),1947-1949,1948-05-01,month,Safad,,,depopulated,unknown,32.978385,35.588264,Palestine Open Maps,Village,Palestine Open Maps; Zochrot; Palestine Remembered; Abu Sitta Atlas #487,"https://palopenmaps.org/en/maps/khirbat-al-muntar | https://www.zochrot.org/villages/village_details/49291/en | https://www.palestineremembered.com/Safad/al-Muntar,-Khirbat/",https://raw.githubusercontent.com/PalOpenMaps/pom-data/main/assets/img/og/khirbat-al-muntar.jpg,"Palestine Open Maps – 1940s Survey of Palestine 1:20,000 map excerpt",,added from Palestine Open Maps,displacement method not in source – see Morris (2004) / Khalidi (1992)
118,Khiyam al-Walid,خيام الوليد,Historic Palestine (inside 1949 Armistice Line),1947-1949,1948-05-01,day,Safad,280,1945,depopulated,fear_of_attack,33.143519,35.654346,Palestine Open Maps,Influenced by neighbors,Palestine Open Maps; Zochrot; Palestine Remembered; PalQuest; Abu Sitta Atlas #424,https://palopenmaps.org/en/maps/khiyam-al-walid | https://www.zochrot.org/villages/village_details/49167/en | https://www.palestineremembered.com/Safad/Khiyam-al-Walid/ | https://www.palquest.org/en/place/17077/khiyam-al-walid/,https://raw.githubusercontent.com/PalOpenMaps/pom-data/main/assets/img/og/khiyam-al-walid.jpg,"Palestine Open Maps – 1940s Survey of Palestine 1:20,000 map excerpt",,"original file, verified against Palestine Open Maps",name standardised (was 'Khirbet Khiyam Al Walid')
119,Madahil,مداخيل,Historic Palestine (inside 1949 Armistice Line),1947-1949,1948-05-01,month,Safad,280,unverified,depopulated,fear_of_attack,33.205314,35.642669,Palestine Open Maps,Fear of attack,Palestine Open Maps; Zochrot; Palestine Remembered; Abu Sitta Atlas #419,https://palopenmaps.org/en/maps/madahil | https://www.zochrot.org/villages/village_details/49256/en | https://www.palestineremembered.com/Safad/Madahil/,https://raw.githubusercontent.com/PalOpenMaps/pom-data/main/assets/img/og/madahil.jpg,"Palestine Open Maps – 1940s Survey of Palestine 1:20,000 map excerpt",,"original file, verified against Palestine Open Maps",date 1948-04-30→1948-05-01
120,Mazar' al-Daraja,مزارع الدرج,Historic Palestine (inside 1949 Armistice Line),1947-1949,1948-05-01,month,Safad,100,1945,depopulated,unknown,33.051300,35.640000,Palestine Open Maps,Village,Palestine Open Maps; Zochrot; Palestine Remembered; Abu Sitta Atlas #421,https://palopenmaps.org/en/maps/al-dirdara | https://www.zochrot.org/villages/village_details/49099/en | https://www.palestineremembered.com/GeoPoints/Mazari__al_Daraja_6022/,,,,added from Palestine Open Maps,displacement method not in source – see Morris (2004) / Khalidi (1992)
121,Mughr al-Druz,مُغر الدروز,Historic Palestine (inside 1949 Armistice Line),1947-1949,1948-05-01,month,Safad,,,depopulated,unknown,33.030000,35.559800,Palestine Open Maps,Community,Palestine Open Maps; Zochrot; Palestine Remembered,https://palopenmaps.org/en/maps/mughr-al-druz | https://www.zochrot.org/villages/village_details/49298/en | https://www.palestineremembered.com/GeoPoints/Mughr_al_Druz_1432/,https://raw.githubusercontent.com/PalOpenMaps/pom-data/main/assets/img/og/mughr-al-druz.jpg,"Palestine Open Maps – 1940s Survey of Palestine 1:20,000 map excerpt",,added from Palestine Open Maps,displacement method not in source – see Morris (2004) / Khalidi (1992)
122,al-Hamra,الحمراء,Historic Palestine (inside 1949 Armistice Line),1947-1949,1948-05-01,month,Safad,,,depopulated,unknown,33.153944,35.647212,Palestine Open Maps,Village,Palestine Open Maps; Zochrot; Palestine Remembered; Abu Sitta Atlas #423,https://palopenmaps.org/en/maps/al-hamra-safad | https://www.zochrot.org/villages/village_details/49183/en | https://www.palestineremembered.com/Safad/al-Hamra%27/,https://raw.githubusercontent.com/PalOpenMaps/pom-data/main/assets/img/og/al-hamra-safad.jpg,"Palestine Open Maps – 1940s Survey of Palestine 1:20,000 map excerpt",,added from Palestine Open Maps,displacement method not in source – see Morris (2004) / Khalidi (1992)
123,al-Manshiyya,المنشيّة,Historic Palestine (inside 1949 Armistice Line),1947-1949,1948-05-01,month,Safad,140,1945,depopulated,unknown,33.225000,35.605000,Palestine Open Maps,Village,Palestine Open Maps; Zochrot; Abu Sitta Atlas #460,https://palopenmaps.org/en/maps/al-manshiyya-safad | https://www.zochrot.org/villages/village_details/49267/en,https://raw.githubusercontent.com/PalOpenMaps/pom-data/main/assets/img/og/al-manshiyya-safad.jpg,"Palestine Open Maps – 1940s Survey of Palestine 1:20,000 map excerpt",,added from Palestine Open Maps,displacement method not in source – see Morris (2004) / Khalidi (1992)
124,al-Sanbariyya,السنبرية,Historic Palestine (inside 1949 Armistice Line),1947-1949,1948-05-01,day,Safad,130,1945,depopulated,unknown,33.234910,35.617436,Palestine Open Maps,Date uncertain,Palestine Open Maps; Zochrot; Palestine Remembered; PalQuest; Abu Sitta Atlas #425,https://palopenmaps.org/en/maps/al-sanbariyya | https://www.zochrot.org/villages/village_details/49342/en | https://www.palestineremembered.com/Safad/al-Sanbariyya/ | https://www.palquest.org/en/place/16882/al-sanbariyya/,https://raw.githubusercontent.com/PalOpenMaps/pom-data/main/assets/img/og/al-sanbariyya.jpg,"Palestine Open Maps – 1940s Survey of Palestine 1:20,000 map excerpt",,"original file, verified against Palestine Open Maps",name standardised (was 'Sanbariya'); population 350→130 (1945 Village Statistics)
125,Manshiyyat Samakh,منشية سمخ,Historic Palestine (inside 1949 Armistice Line),1947-1949,1948-05-01,month,Tiberias,,,depopulated,unknown,32.693088,35.559109,Palestine Open Maps,Village,Palestine Open Maps; Zochrot; Abu Sitta Atlas #489,https://palopenmaps.org/en/maps/manshiyyat-samakh | https://www.zochrot.org/villages/village_details/49269/en,https://raw.githubusercontent.com/PalOpenMaps/pom-data/main/assets/img/og/manshiyyat-samakh.jpg,"Palestine Open Maps – 1940s Survey of Palestine 1:20,000 map excerpt",,added from Palestine Open Maps,displacement method not in source – see Morris (2004) / Khalidi (1992)
126,al-'Ubaydiyya,العبيدية,Historic Palestine (inside 1949 Armistice Line),1947-1949,1948-05-01,month,Tiberias,870,1945,depopulated,fear_of_attack,32.689701,35.561671,Palestine Open Maps,Fear of attack,Palestine Open Maps; Zochrot; Palestine Remembered; PalQuest; Abu Sitta Atlas #490,https://palopenmaps.org/en/maps/al-ubaydiyya | https://www.zochrot.org/villages/village_details/49413/en | https://www.palestineremembered.com/Tiberias/al-%27Ubaydiyya/ | https://www.palquest.org/en/place/16791/al-ubaydiyya/,https://raw.githubusercontent.com/PalOpenMaps/pom-data/main/assets/img/og/al-ubaydiyya.jpg,"Palestine Open Maps – 1940s Survey of Palestine 1:20,000 map excerpt",,"original file, verified against Palestine Open Maps",name standardised (was 'Ubeidiya'); date 1948-03-05→1948-05-01
127,al-Dalhamiyya,الدلهمية,Historic Palestine (inside 1949 Armistice Line),1947-1949,1948-05-01,month,Tiberias,410,1945,depopulated,unknown,32.663041,35.599687,Palestine Open Maps,Village,Palestine Open Maps; Zochrot; Palestine Remembered; PalQuest; Abu Sitta Atlas #492,https://palopenmaps.org/en/maps/al-dalhamiyya | https://www.zochrot.org/villages/village_details/49118/en | https://www.palestineremembered.com/Tiberias/al-Dalhamiyya/ | https://www.palquest.org/en/place/16801/al-dalhamiyya/,https://raw.githubusercontent.com/PalOpenMaps/pom-data/main/assets/img/og/al-dalhamiyya.jpg,"Palestine Open Maps – 1940s Survey of Palestine 1:20,000 map excerpt",,added from Palestine Open Maps,displacement method not in source – see Morris (2004) / Khalidi (1992)
128,Fardisya,فرديسيا,Historic Palestine (inside 1949 Armistice Line),1947-1949,1948-05-01,month,Tulkarem,20,1945,depopulated,unknown,32.277298,35.013796,Palestine Open Maps,Village,Palestine Open Maps; Zochrot; Palestine Remembered; PalQuest; Abu Sitta Atlas #521,https://palopenmaps.org/en/maps/fardisya | https://www.zochrot.org/villages/village_details/49430/en | https://www.palestineremembered.com/Tulkarm/Fardisya/ | https://www.palquest.org/en/place/16988/fardisya/,https://raw.githubusercontent.com/PalOpenMaps/pom-data/main/assets/img/og/fardisya.jpg,"Palestine Open Maps – 1940s Survey of Palestine 1:20,000 map excerpt",,added from Palestine Open Maps,displacement method not in source – see Morris (2004) / Khalidi (1992)
129,al-Jalama,الجلمة,Historic Palestine (inside 1949 Armistice Line),1947-1949,1948-05-01,month,Tulkarem,70,1945,depopulated_built_over,unknown,32.392576,35.010244,Palestine Open Maps,Village,Palestine Open Maps; Zochrot; Palestine Remembered; Abu Sitta Atlas #514,https://palopenmaps.org/en/maps/al-jalama-tulkarm | https://www.zochrot.org/villages/village_details/49086/en | https://www.palestineremembered.com/Tulkarm/al-Jalama/,https://raw.githubusercontent.com/PalOpenMaps/pom-data/main/assets/img/og/al-jalama-tulkarm.jpg,"Palestine Open Maps – 1940s Survey of Palestine 1:20,000 map excerpt",,added from Palestine Open Maps,displacement method not in source – see Morris (2004) / Khalidi (1992)
130,Ayn Zeitim,عين زيتيم,Historic Palestine (inside 1949 Armistice Line),1947-1949,1948-05-02,day,Safad,820,1945,depopulated,military_assault,32.987017,35.492152,Palestine Open Maps,Military assault,Palestine Open Maps; Zochrot; Palestine Remembered; Abu Sitta Atlas #429,https://palopenmaps.org/en/maps/ayn-al-zaytun | https://www.zochrot.org/villages/village_details/49380/en | https://www.palestineremembered.com/Safad/Ayn-al-Zaytun/,https://raw.githubusercontent.com/PalOpenMaps/pom-data/main/assets/img/og/ayn-al-zaytun.jpg,"Palestine Open Maps – 1940s Survey of Palestine 1:20,000 map excerpt",6,"original file, verified against Palestine Open Maps",name standardised (was 'Ein Al Zeitun')
131,Biriyya,بيريا,Historic Palestine (inside 1949 Armistice Line),1947-1949,1948-05-02,day,Safad,240,1945,depopulated_built_over,military_assault,32.980001,35.498306,Palestine Open Maps,Military assault,Palestine Open Maps; Zochrot; Palestine Remembered; Abu Sitta Atlas #430,https://palopenmaps.org/en/maps/biriyya-safad | https://www.zochrot.org/villages/village_details/49008/en | https://www.palestineremembered.com/Safad/Biriyya/,https://raw.githubusercontent.com/PalOpenMaps/pom-data/main/assets/img/og/biriyya-safad.jpg,"Palestine Open Maps – 1940s Survey of Palestine 1:20,000 map excerpt",5,"original file, verified against Palestine Open Maps",name standardised (was 'Biriya')
132,Mughr al-Khayt,مغر الخيط,Historic Palestine (inside 1949 Armistice Line),1947-1949,1948-05-02,day,Safad,490,1945,depopulated,military_assault,32.989045,35.539756,Palestine Open Maps,Military assault,Palestine Open Maps; Zochrot; Palestine Remembered; PalQuest; Abu Sitta Atlas #431,https://palopenmaps.org/en/maps/mughr-al-khayt | https://www.zochrot.org/villages/village_details/49292/en | https://www.palestineremembered.com/Safad/Mughr-al-Khayt/ | https://www.palquest.org/en/place/17100/mughr-al-khayt/,https://raw.githubusercontent.com/PalOpenMaps/pom-data/main/assets/img/og/mughr-al-khayt.jpg,"Palestine Open Maps – 1940s Survey of Palestine 1:20,000 map excerpt",5,"original file, verified against Palestine Open Maps",name standardised (was 'Mughr Al Kheit')
133,al-'Imara,العمارة,Historic Palestine (inside 1949 Armistice Line),1947-1949,1948-05-03,day,Beersheba,50,1945,depopulated,unknown,31.314229,34.520389,Palestine Open Maps,Village,Palestine Open Maps; Zochrot; Abu Sitta Atlas #126,https://palopenmaps.org/en/maps/al-imara | https://www.zochrot.org/villages/village_details/49375/en,https://raw.githubusercontent.com/PalOpenMaps/pom-data/main/assets/img/og/al-imara.jpg,"Palestine Open Maps – 1940s Survey of Palestine 1:20,000 map excerpt",,added from Palestine Open Maps,displacement method not in source – see Morris (2004) / Khalidi (1992)
134,Aqir,عاقر,Historic Palestine (inside 1949 Armistice Line),1947-1949,1948-05-04,day,Ramle,2480,1945,depopulated_built_over,military_assault,31.859210,34.820771,Palestine Open Maps,Military assault,Palestine Open Maps; Zochrot; Palestine Remembered; PalQuest; Abu Sitta Atlas #41,https://palopenmaps.org/en/maps/aqir | https://www.zochrot.org/villages/village_details/49390/en | https://www.palestineremembered.com/al-Ramla/Aqir/ | https://www.palquest.org/en/place/16910/aqir/,https://raw.githubusercontent.com/PalOpenMaps/pom-data/main/assets/img/og/aqir.jpg,"Palestine Open Maps – 1940s Survey of Palestine 1:20,000 map excerpt",,"original file, verified against Palestine Open Maps",population 2430→2480 (1945 Village Statistics); date 1948-05-15→1948-05-04
135,Arab al-Shamalina,عرب الشمالنة,Historic Palestine (inside 1949 Armistice Line),1947-1949,1948-05-04,day,Safad,650,1945,depopulated,military_assault,32.903711,35.602211,Palestine Open Maps,Military assault and expulsion,Palestine Open Maps; Zochrot; Palestine Remembered; PalQuest; Abu Sitta Atlas #436,https://palopenmaps.org/en/maps/arab-al-shamalina | https://www.zochrot.org/villages/village_details/49485/en | https://www.palestineremembered.com/Safad/Arab-al-Shamalina/ | https://www.palquest.org/en/place/16918/arab-al-shamalina/,https://raw.githubusercontent.com/PalOpenMaps/pom-data/main/assets/img/og/arab-al-shamalina.jpg,"Palestine Open Maps – 1940s Survey of Palestine 1:20,000 map excerpt",,"original file, verified against Palestine Open Maps",district corrected Tiberias→Safad
136,Jubb Yusuf,جب يوسف,Historic Palestine (inside 1949 Armistice Line),1947-1949,1948-05-04,day,Safad,170,1945,depopulated,unknown,32.919482,35.536314,Palestine Open Maps,Village,Palestine Open Maps; Zochrot; Palestine Remembered; PalQuest; Abu Sitta Atlas #437,https://palopenmaps.org/en/maps/jubb-yusuf | https://www.zochrot.org/villages/village_details/49094/en | https://www.palestineremembered.com/Safad/Jubb-Yusuf/ | https://www.palquest.org/en/place/17028/jubb-yusuf/,https://raw.githubusercontent.com/PalOpenMaps/pom-data/main/assets/img/og/jubb-yusuf.jpg,"Palestine Open Maps – 1940s Survey of Palestine 1:20,000 map excerpt",,added from Palestine Open Maps,displacement method not in source – see Morris (2004) / Khalidi (1992)
137,Khirbat Karraza,خربة كرّازة,Historic Palestine (inside 1949 Armistice Line),1947-1949,1948-05-04,day,Safad,,,depopulated,unknown,32.911696,35.564125,Palestine Open Maps,Community,Palestine Open Maps; Zochrot; Palestine Remembered; Abu Sitta Atlas #434,"https://palopenmaps.org/en/maps/khirbat-karraza | https://www.zochrot.org/villages/village_details/49229/en | https://www.palestineremembered.com/Safad/Karraza,-Khirbat/",https://raw.githubusercontent.com/PalOpenMaps/pom-data/main/assets/img/og/khirbat-karraza.jpg,"Palestine Open Maps – 1940s Survey of Palestine 1:20,000 map excerpt",,added from Palestine Open Maps,displacement method not in source – see Morris (2004) / Khalidi (1992)
138,al-Butayha,البُطيحَة,Historic Palestine (inside 1949 Armistice Line),1947-1949,1948-05-04,day,Safad,,,depopulated,unknown,32.916491,35.623967,Palestine Open Maps,Village,Palestine Open Maps; Zochrot; Palestine Remembered; Abu Sitta Atlas #433,https://palopenmaps.org/en/maps/al-butayha | https://www.zochrot.org/villages/village_details/49044/en | https://www.palestineremembered.com/Safad/al-Butayha/,https://raw.githubusercontent.com/PalOpenMaps/pom-data/main/assets/img/og/al-butayha.jpg,"Palestine Open Maps – 1940s Survey of Palestine 1:20,000 map excerpt",,added from Palestine Open Maps,displacement method not in source – see Morris (2004) / Khalidi (1992)
139,al-Qudayriyya,القديرية,Historic Palestine (inside 1949 Armistice Line),1947-1949,1948-05-04,day,Safad,390,1945,depopulated,military_assault,32.904754,35.508986,Palestine Open Maps,Military assault and expulsion,Palestine Open Maps; Zochrot; Palestine Remembered; PalQuest; Abu Sitta Atlas #435,https://palopenmaps.org/en/maps/al-qudayriyya | https://www.zochrot.org/villages/village_details/49459/en | https://www.palestineremembered.com/Safad/al-Qudayriyya/ | https://www.palquest.org/en/place/16871/al-qudayriyya/,https://raw.githubusercontent.com/PalOpenMaps/pom-data/main/assets/img/og/al-qudayriyya.jpg,"Palestine Open Maps – 1940s Survey of Palestine 1:20,000 map excerpt",,"original file, verified against Palestine Open Maps",name standardised (was 'Qudeiriya'); district corrected Tiberias→Safad; population 330→390 (1945 Village Statistics)
140,al-Zanghariyya,الزنغرية,Historic Palestine (inside 1949 Armistice Line),1947-1949,1948-05-04,day,Safad,840,1945,depopulated,military_assault,32.941490,35.586348,Palestine Open Maps,Military assault and expulsion,Palestine Open Maps; Zochrot; Palestine Remembered; PalQuest; Abu Sitta Atlas #438,https://palopenmaps.org/en/maps/al-zanghariyya | https://www.zochrot.org/villages/village_details/49154/en | https://www.palestineremembered.com/Safad/al-Zanghariyya/ | https://www.palquest.org/en/place/17185/al-zanghariyya/,https://raw.githubusercontent.com/PalOpenMaps/pom-data/main/assets/img/og/al-zanghariyya.jpg,"Palestine Open Maps – 1940s Survey of Palestine 1:20,000 map excerpt",,"original file, verified against Palestine Open Maps",name standardised (was 'Zanghariya')
141,Arab AL Suyyad,,Historic Palestine (inside 1949 Armistice Line),1947-1949,1948-05-04,day,Tiberias,290,unverified,destroyed,military_assault,32.7833,35.5000,original file (unverified),Military assault and expulsion,,,,,,original file,"not found in Palestine Open Maps – verify name, date, population and coordinates"
142,al-Samakiyya,السمكية,Historic Palestine (inside 1949 Armistice Line),1947-1949,1948-05-04,day,Tiberias,380,1945,depopulated,unknown,32.883079,35.577480,Palestine Open Maps,Unknown,Palestine Open Maps; Zochrot; Palestine Remembered; PalQuest; Abu Sitta Atlas #502,https://palopenmaps.org/en/maps/al-samakiyya | https://www.zochrot.org/villages/village_details/49340/en | https://www.palestineremembered.com/Tiberias/al-Samakiyya/ | https://www.palquest.org/en/place/16878/al-samakiyya/,https://raw.githubusercontent.com/PalOpenMaps/pom-data/main/assets/img/og/al-samakiyya.jpg,"Palestine Open Maps – 1940s Survey of Palestine 1:20,000 map excerpt",,"original file, verified against Palestine Open Maps",name standardised (was 'Arab Al Samakiya'); district corrected Beersheba→Tiberias; population 650→380 (1945 Village Statistics); date 1948-05-15→1948-05-04
143,al-Tabigha,الطابغة,Historic Palestine (inside 1949 Armistice Line),1947-1949,1948-05-04,day,Tiberias,330,1945,depopulated,unknown,32.869831,35.543296,Palestine Open Maps,Village,Palestine Open Maps; Zochrot; Palestine Remembered; PalQuest; Abu Sitta Atlas #503,https://palopenmaps.org/en/maps/al-tabigha | https://www.zochrot.org/villages/village_details/49195/en | https://www.palestineremembered.com/Tiberias/al-Tabigha/ | https://www.palquest.org/en/place/16893/al-tabigha/,https://raw.githubusercontent.com/PalOpenMaps/pom-data/main/assets/img/og/al-tabigha.jpg,"Palestine Open Maps – 1940s Survey of Palestine 1:20,000 map excerpt",,added from Palestine Open Maps,displacement method not in source – see Morris (2004) / Khalidi (1992)
144,al-Jalama,الجلمة,Historic Palestine (inside 1949 Armistice Line),1947-1949,1948-05-05,day,Haifa,,,depopulated_built_over,unknown,32.722979,35.090569,Palestine Open Maps,Village,Palestine Open Maps; Zochrot; Palestine Remembered; Abu Sitta Atlas #296,https://palopenmaps.org/en/maps/al-jalama-haifa | https://www.zochrot.org/villages/village_details/49085/en | https://www.palestineremembered.com/Haifa/al-Jalama/,https://raw.githubusercontent.com/PalOpenMaps/pom-data/main/assets/img/og/al-jalama-haifa.jpg,"Palestine Open Maps – 1940s Survey of Palestine 1:20,000 map excerpt",,added from Palestine Open Maps,displacement method not in source – see Morris (2004) / Khalidi (1992)
145,Qatra,قطرة,Historic Palestine (inside 1949 Armistice Line),1947-1949,1948-05-06,day,Ramle,1210,1945,depopulated_built_over,military_assault,31.821944,34.778152,Palestine Open Maps,Military assault and expulsion,Palestine Open Maps; Zochrot; Palestine Remembered; PalQuest; Abu Sitta Atlas #50,https://palopenmaps.org/en/maps/qatra | https://www.zochrot.org/villages/village_details/49450/en | https://www.palestineremembered.com/al-Ramla/Qatra/ | https://www.palquest.org/en/place/17116/qatra/,https://raw.githubusercontent.com/PalOpenMaps/pom-data/main/assets/img/og/qatra.jpg,"Palestine Open Maps – 1940s Survey of Palestine 1:20,000 map excerpt",,"original file, verified against Palestine Open Maps",district corrected Gaza→Ramle; date 1948-05-15→1948-05-06
146,al-Shajara,الشجرة,Historic Palestine (inside 1949 Armistice Line),1947-1949,1948-05-06,day,Tiberias,770,1945,depopulated,military_assault,32.753737,35.399792,Palestine Open Maps,Military assault,Palestine Open Maps; Zochrot; Palestine Remembered; PalQuest; Abu Sitta Atlas #504,https://palopenmaps.org/en/maps/al-shajara | https://www.zochrot.org/villages/village_details/49481/en | https://www.palestineremembered.com/Tiberias/al-Shajara/ | https://www.palquest.org/en/place/17145/al-shajara/,https://raw.githubusercontent.com/PalOpenMaps/pom-data/main/assets/img/og/al-shajara.jpg,"Palestine Open Maps – 1940s Survey of Palestine 1:20,000 map excerpt",,"original file, verified against Palestine Open Maps",
147,Bir Salim,بيرسالم,Historic Palestine (inside 1949 Armistice Line),1947-1949,1948-05-09,day,Ramle,410,1945,depopulated_built_over,military_assault,31.926006,34.827597,Palestine Open Maps,Military assault,Palestine Open Maps; Zochrot; Palestine Remembered; PalQuest; Abu Sitta Atlas #43,https://palopenmaps.org/en/maps/bir-salim | https://www.zochrot.org/villages/village_details/49010/en | https://www.palestineremembered.com/al-Ramla/Bir-Salim/ | https://www.palquest.org/en/place/16958/bir-salim/,https://raw.githubusercontent.com/PalOpenMaps/pom-data/main/assets/img/og/bir-salim.jpg,"Palestine Open Maps – 1940s Survey of Palestine 1:20,000 map excerpt",,"original file, verified against Palestine Open Maps",population 210→410 (1945 Village Statistics)
148,Akbara,عكبرة,Historic Palestine (inside 1949 Armistice Line),1947-1949,1948-05-09,day,Safad,390,1945,depopulated,unknown,32.938914,35.498979,Palestine Open Maps,Village,Palestine Open Maps; Zochrot; Palestine Remembered; PalQuest; Abu Sitta Atlas #439,https://palopenmaps.org/en/maps/akbara | https://www.zochrot.org/villages/village_details/49397/en | https://www.palestineremembered.com/Safad/Akbara/ | https://www.palquest.org/en/place/16788/akbara/,https://raw.githubusercontent.com/PalOpenMaps/pom-data/main/assets/img/og/akbara.jpg,"Palestine Open Maps – 1940s Survey of Palestine 1:20,000 map excerpt",5,added from Palestine Open Maps,displacement method not in source – see Morris (2004) / Khalidi (1992)
149,al-Jau'na,الجاعونة,Historic Palestine (inside 1949 Armistice Line),1947-1949,1948-05-09,day,Safad,1150,1945,depopulated,fear_of_attack,32.971605,35.532379,Palestine Open Maps,Capitulation,Palestine Open Maps; Zochrot; Palestine Remembered; PalQuest; Abu Sitta Atlas #440,https://palopenmaps.org/en/maps/al-jauna | https://www.zochrot.org/villages/village_details/49080/en | https://www.palestineremembered.com/Safad/al-Ja%27una/ | https://www.palquest.org/en/place/17025/al-jauna/,https://raw.githubusercontent.com/PalOpenMaps/pom-data/main/assets/img/og/al-jauna.jpg,"Palestine Open Maps – 1940s Survey of Palestine 1:20,000 map excerpt",2,"original file, verified against Palestine Open Maps",name standardised (was 'Ja'una')
150,Arab Suqrir,عرب صقرير,Historic Palestine (inside 1949 Armistice Line),1947-1949,1948-05-10,day,Gaza,390,1945,depopulated,military_assault,31.824521,34.657625,Palestine Open Maps,Military assault,Palestine Open Maps; Zochrot; Palestine Remembered; PalQuest; Abu Sitta Atlas #228,https://palopenmaps.org/en/maps/arab-suqrir-abu-suweirih | https://www.zochrot.org/villages/village_details/49372/en | https://www.palestineremembered.com/Gaza/Arab-Suqrir/ | https://www.palquest.org/en/place/16920/arab-suqrir/,https://raw.githubusercontent.com/PalOpenMaps/pom-data/main/assets/img/og/arab-suqrir-abu-suweirih.jpg,"Palestine Open Maps – 1940s Survey of Palestine 1:20,000 map excerpt",,"original file, verified against Palestine Open Maps",name standardised (was 'Arab Sukrir'); district corrected Ramle→Gaza; date 1948-05-25→1948-05-10
151,Bayt Daras,بيت دراس,Historic Palestine (inside 1949 Armistice Line),1947-1949,1948-05-10,day,Gaza,2750,1945,depopulated,military_assault,31.722924,34.683176,Palestine Open Maps,Military assault,Palestine Open Maps; Zochrot; Palestine Remembered; PalQuest; Abu Sitta Atlas #215,https://palopenmaps.org/en/maps/bayt-daras | https://www.zochrot.org/villages/village_details/49058/en | https://www.palestineremembered.com/Gaza/Bayt-Daras/ | https://www.palquest.org/en/place/16952/bayt-daras/,https://raw.githubusercontent.com/PalOpenMaps/pom-data/main/assets/img/og/bayt-daras.jpg,"Palestine Open Maps – 1940s Survey of Palestine 1:20,000 map excerpt",,"original file, verified against Palestine Open Maps",name standardised (was 'Beit Datas'); date 1948-05-11→1948-05-10
152,Abil al-Qamh,آبل القمح,Historic Palestine (inside 1949 Armistice Line),1947-1949,1948-05-10,day,Safad,330,1945,depopulated,fear_of_attack,33.259893,35.580180,Palestine Open Maps,Fear and capitulation,Palestine Open Maps; Zochrot; Palestine Remembered; PalQuest; Abu Sitta Atlas #441,https://palopenmaps.org/en/maps/abil-al-qamh | https://www.zochrot.org/villages/village_details/48997/en | https://www.palestineremembered.com/Safad/Abil-al-Qamh/ | https://www.palquest.org/en/place/16779/abil-al-qamh/,https://raw.githubusercontent.com/PalOpenMaps/pom-data/main/assets/img/og/abil-al-qamh.jpg,"Palestine Open Maps – 1940s Survey of Palestine 1:20,000 map excerpt",,"original file, verified against Palestine Open Maps",population 450→330 (1945 Village Statistics)
153,Taytaba,طيطبا,Historic Palestine (inside 1949 Armistice Line),1947-1949,1948-05-10,day,Safad,530,1945,depopulated,unknown,33.013035,35.477266,Palestine Open Maps,Date uncertain,Palestine Open Maps; Zochrot; Palestine Remembered; PalQuest; Abu Sitta Atlas #427,https://palopenmaps.org/en/maps/taytaba | https://www.zochrot.org/villages/village_details/49197/en | https://www.palestineremembered.com/Safad/Taytaba/ | https://www.palquest.org/en/place/17160/taytaba/,https://raw.githubusercontent.com/PalOpenMaps/pom-data/main/assets/img/og/taytaba.jpg,"Palestine Open Maps – 1940s Survey of Palestine 1:20,000 map excerpt",3,"original file, verified against Palestine Open Maps",name standardised (was 'Teitaba'); date 1948-05-15→1948-05-10
154,al-Dawwara,الدوارة,Historic Palestine (inside 1949 Armistice Line),1947-1949,1948-05-10,day,Safad,700,1945,depopulated,whispering_campaign,33.178265,35.632400,Palestine Open Maps,Whispering campaign,Palestine Open Maps; Zochrot; Palestine Remembered; PalQuest; Abu Sitta Atlas #464,https://palopenmaps.org/en/maps/al-dawwara | https://www.zochrot.org/villages/village_details/49116/en | https://www.palestineremembered.com/Safad/al-Dawwara/ | https://www.palquest.org/en/place/16804/al-dawwara/,https://raw.githubusercontent.com/PalOpenMaps/pom-data/main/assets/img/og/al-dawwara.jpg,"Palestine Open Maps – 1940s Survey of Palestine 1:20,000 map excerpt",1,"original file, verified against Palestine Open Maps",date 1948-05-25→1948-05-10
155,al-Urayfiyya,العريفيـّة,Historic Palestine (inside 1949 Armistice Line),1947-1949,1948-05-10,day,Safad,,,depopulated,unknown,33.108179,35.650258,Palestine Open Maps,Village,Palestine Open Maps; Zochrot; Palestine Remembered; Abu Sitta Atlas #411,https://palopenmaps.org/en/maps/al-urayfiyya | https://www.zochrot.org/villages/village_details/49418/en | https://www.palestineremembered.com/Safad/al-%27Urayfiyya/,https://raw.githubusercontent.com/PalOpenMaps/pom-data/main/assets/img/og/al-urayfiyya.jpg,"Palestine Open Maps – 1940s Survey of Palestine 1:20,000 map excerpt",,added from Palestine Open Maps,displacement method not in source – see Morris (2004) / Khalidi (1992)
156,Farwana,فرونة,Historic Palestine (inside 1949 Armistice Line),1947-1949,1948-05-11,day,Beisan,330,1945,depopulated_built_over,military_assault,32.462777,35.493665,Palestine Open Maps,Military assault,Palestine Open Maps; Zochrot; Palestine Remembered; PalQuest; Abu Sitta Atlas #98,https://palopenmaps.org/en/maps/farwana | https://www.zochrot.org/villages/village_details/49431/en | https://www.palestineremembered.com/Baysan/Farwana/ | https://www.palquest.org/en/place/16989/farwana/,https://raw.githubusercontent.com/PalOpenMaps/pom-data/main/assets/img/og/farwana.jpg,"Palestine Open Maps – 1940s Survey of Palestine 1:20,000 map excerpt",,"original file, verified against Palestine Open Maps",
157,al-Ashrafiyya,الأشرفية,Historic Palestine (inside 1949 Armistice Line),1947-1949,1948-05-11,day,Beisan,230,1945,depopulated,fear_of_attack,32.469968,35.471325,Palestine Open Maps,Capitulation,Palestine Open Maps; Zochrot; Palestine Remembered; PalQuest; Abu Sitta Atlas #99,https://palopenmaps.org/en/maps/al-ashrafiyya | https://www.zochrot.org/villages/village_details/48989/en | https://www.palestineremembered.com/Baysan/al-Ashrafiyya/ | https://www.palquest.org/en/place/16790/al-ashrafiyya/,https://raw.githubusercontent.com/PalOpenMaps/pom-data/main/assets/img/og/al-ashrafiyya.jpg,"Palestine Open Maps – 1940s Survey of Palestine 1:20,000 map excerpt",,"original file, verified against Palestine Open Maps",name standardised (was 'Ashrafiya'); date 1948-05-12→1948-05-11
158,al-Batani al-Sharqi,البطاني الشرقي,Historic Palestine (inside 1949 Armistice Line),1947-1949,1948-05-11,day,Gaza,650,1945,depopulated,military_assault,31.752181,34.723135,Palestine Open Maps,Military assault,Palestine Open Maps; Zochrot; Palestine Remembered; PalQuest; Abu Sitta Atlas #221,https://palopenmaps.org/en/maps/al-batani-al-sharqi | https://www.zochrot.org/villages/village_details/49028/en | https://www.palestineremembered.com/Gaza/al-Batani-al-Sharqi/ | https://www.palquest.org/en/place/16796/al-batani-al-sharqi/,https://raw.githubusercontent.com/PalOpenMaps/pom-data/main/assets/img/og/al-batani-al-sharqi.jpg,"Palestine Open Maps – 1940s Survey of Palestine 1:20,000 map excerpt",,"original file, verified against Palestine Open Maps",date 1948-05-13→1948-05-11
159,al-Sawafir al-Shamaliyya,السوافير الشمالية,Historic Palestine (inside 1949 Armistice Line),1947-1949,1948-05-11,day,Gaza,680,1945,depopulated,fear_of_attack,31.714025,34.704208,Palestine Open Maps,Fear of attack,Palestine Open Maps; Zochrot; Palestine Remembered; PalQuest; Abu Sitta Atlas #225,https://palopenmaps.org/en/maps/al-sawafir-al-shamaliyya | https://www.zochrot.org/villages/village_details/49333/en | https://www.palestineremembered.com/Gaza/al-Sawafir-al-Shamaliyya/ | https://www.palquest.org/en/place/16885/al-sawafir-al-shamaliyya/,https://raw.githubusercontent.com/PalOpenMaps/pom-data/main/assets/img/og/al-sawafir-al-shamaliyya.jpg,"Palestine Open Maps – 1940s Survey of Palestine 1:20,000 map excerpt",,"original file, verified against Palestine Open Maps",population 1030→680 (1945 Village Statistics); date 1948-05-18→1948-05-11
160,Bayt Mahsir,بيت محسير,Historic Palestine (inside 1949 Armistice Line),1947-1949,1948-05-11,day,Jerusalem,2400,1945,depopulated_built_over,military_assault,31.794686,35.034346,Palestine Open Maps,Military assault,Palestine Open Maps; Zochrot; Palestine Remembered; PalQuest; Abu Sitta Atlas #369,https://palopenmaps.org/en/maps/bayt-mahsir | https://www.zochrot.org/villages/village_details/49019/en | https://www.palestineremembered.com/Jerusalem/Bayt-Mahsir/ | https://www.palquest.org/en/place/16943/bayt-mahsir/,https://raw.githubusercontent.com/PalOpenMaps/pom-data/main/assets/img/og/bayt-mahsir.jpg,"Palestine Open Maps – 1940s Survey of Palestine 1:20,000 map excerpt",,"original file, verified against Palestine Open Maps",name standardised (was 'Beit Mahsir'); date 1948-05-10→1948-05-11
161,Bashshit,بشيت,Historic Palestine (inside 1949 Armistice Line),1947-1949,1948-05-11,day,Ramle,1620,1945,depopulated_built_over,military_assault,31.823661,34.748555,Palestine Open Maps,Military assault,Palestine Open Maps; Zochrot; Palestine Remembered; PalQuest; Abu Sitta Atlas #44,https://palopenmaps.org/en/maps/bashshit | https://www.zochrot.org/villages/village_details/49039/en | https://www.palestineremembered.com/al-Ramla/Bashshit/ | https://www.palquest.org/en/place/16936/bashshit/,https://raw.githubusercontent.com/PalOpenMaps/pom-data/main/assets/img/og/bashshit.jpg,"Palestine Open Maps – 1940s Survey of Palestine 1:20,000 map excerpt",,"original file, verified against Palestine Open Maps",name standardised (was 'Bash-Shit'); district corrected Gaza→Ramle; population 620→1620 (1945 Village Statistics); date 1948-05-13→1948-05-11
162,Safad,صفد,Historic Palestine (inside 1949 Armistice Line),1947-1949,1948-05-11,day,Safad,9530,1945,depopulated_appropriated,military_assault,32.966917,35.495151,Palestine Open Maps,Military assault on city,Palestine Open Maps; Zochrot; Palestine Remembered; Abu Sitta Atlas #447,https://palopenmaps.org/en/maps/safad | https://www.zochrot.org/villages/village_details/49441/en | https://www.palestineremembered.com/Safad/Safad/,https://raw.githubusercontent.com/PalOpenMaps/pom-data/main/assets/img/og/safad.jpg,"Palestine Open Maps – 1940s Survey of Palestine 1:20,000 map excerpt",14,"original file, verified against Palestine Open Maps",name standardised (was 'Arab Safad'); population 9500→9530 (1945 Village Statistics)
163,al-Buwayziyya,البويزية,Historic Palestine (inside 1949 Armistice Line),1947-1949,1948-05-11,day,Safad,510,1945,depopulated,fear_of_attack,33.158274,35.569148,Palestine Open Maps,Capitulation,Palestine Open Maps; Zochrot; Palestine Remembered; PalQuest; Abu Sitta Atlas #445,https://palopenmaps.org/en/maps/al-buwayziyya | https://www.zochrot.org/villages/village_details/49041/en | https://www.palestineremembered.com/Safad/al-Buwayziyya/ | https://www.palquest.org/en/place/16965/al-buwayziyya/,https://raw.githubusercontent.com/PalOpenMaps/pom-data/main/assets/img/og/al-buwayziyya.jpg,"Palestine Open Maps – 1940s Survey of Palestine 1:20,000 map excerpt",8,"original file, verified against Palestine Open Maps",name standardised (was 'Buweiziya')
164,al-Khalisa,الخالصة,Historic Palestine (inside 1949 Armistice Line),1947-1949,1948-05-11,day,Safad,1840,1945,depopulated_built_over,whispering_campaign,33.214046,35.567408,Palestine Open Maps,Capitulation and whispering,Palestine Open Maps; Zochrot; Palestine Remembered; PalQuest; Abu Sitta Atlas #446,https://palopenmaps.org/en/maps/al-khalisa | https://www.zochrot.org/villages/village_details/49171/en | https://www.palestineremembered.com/Safad/al-Khalisa/ | https://www.palquest.org/en/place/20649/al-khalisa/,https://raw.githubusercontent.com/PalOpenMaps/pom-data/main/assets/img/og/al-khalisa.jpg,"Palestine Open Maps – 1940s Survey of Palestine 1:20,000 map excerpt",9,"original file, verified against Palestine Open Maps",
165,al-Zuq al-Tahtani,الزوق التحتاني,Historic Palestine (inside 1949 Armistice Line),1947-1949,1948-05-11,day,Safad,1050,1945,depopulated_built_over,fear_of_attack,33.215131,35.600930,Palestine Open Maps,Capitulation,Palestine Open Maps; Zochrot; Palestine Remembered; PalQuest; Abu Sitta Atlas #449,https://palopenmaps.org/en/maps/al-zuq-at-tahtani | https://www.zochrot.org/villages/village_details/49164/en | https://www.palestineremembered.com/Safad/al-Zuq-al-Tahtani/ | https://www.palquest.org/en/place/16906/al-zuq-al-tahtani/,https://raw.githubusercontent.com/PalOpenMaps/pom-data/main/assets/img/og/al-zuq-at-tahtani.jpg,"Palestine Open Maps – 1940s Survey of Palestine 1:20,000 map excerpt",3,"original file, verified against Palestine Open Maps",name standardised (was 'Zuq Al Tahtanii')
166,Baysan,بيسان,Historic Palestine (inside 1949 Armistice Line),1947-1949,1948-05-12,day,Beisan,5180,1945,depopulated_appropriated,military_assault,32.498084,35.502660,Palestine Open Maps,Military assault and expulsion on city,Palestine Open Maps; Zochrot; Palestine Remembered; Abu Sitta Atlas #100,https://palopenmaps.org/en/maps/beisan | https://www.zochrot.org/villages/village_details/49061/en | https://www.palestineremembered.com/Baysan/Baysan/,https://raw.githubusercontent.com/PalOpenMaps/pom-data/main/assets/img/og/beisan.jpg,"Palestine Open Maps – 1940s Survey of Palestine 1:20,000 map excerpt",,"original file, verified against Palestine Open Maps",name standardised (was 'Beisan'); date 1948-05-15→1948-05-12
167,Sirin,سيرين,Historic Palestine (inside 1949 Armistice Line),1947-1949,1948-05-12,day,Beisan,810,1945,depopulated,fear_of_attack,32.653588,35.504816,Palestine Open Maps,Abandonment,Palestine Open Maps; Zochrot; Palestine Remembered; PalQuest; Abu Sitta Atlas #96,https://palopenmaps.org/en/maps/sirin | https://www.zochrot.org/villages/village_details/49319/en | https://www.palestineremembered.com/Baysan/Sirin/ | https://www.palquest.org/en/place/17149/sirin/,https://raw.githubusercontent.com/PalOpenMaps/pom-data/main/assets/img/og/sirin.jpg,"Palestine Open Maps – 1940s Survey of Palestine 1:20,000 map excerpt",,"original file, verified against Palestine Open Maps",district corrected Tiberias→Beisan; date 1948-06-04→1948-05-12
168,Tall al-Shawk,تل الشوك,Historic Palestine (inside 1949 Armistice Line),1947-1949,1948-05-12,day,Beisan,120,1945,depopulated,fear_of_attack,32.495309,35.463708,Palestine Open Maps,Capitulation,Palestine Open Maps; Zochrot; Palestine Remembered; PalQuest; Abu Sitta Atlas #104,https://palopenmaps.org/en/maps/tall-al-shawk | https://www.zochrot.org/villages/village_details/49506/en | https://www.palestineremembered.com/Baysan/Tall-al-Shawk/ | https://www.palquest.org/en/place/17157/tall-al-shawk/,https://raw.githubusercontent.com/PalOpenMaps/pom-data/main/assets/img/og/tall-al-shawk.jpg,"Palestine Open Maps – 1940s Survey of Palestine 1:20,000 map excerpt",,"original file, verified against Palestine Open Maps",name standardised (was 'Tall Al Shauk')
169,al-Hamidiyya,الحميدية,Historic Palestine (inside 1949 Armistice Line),1947-1949,1948-05-12,day,Beisan,220,1945,depopulated,fear_of_attack,32.544431,35.516501,Palestine Open Maps,Capitulation,Palestine Open Maps; Zochrot; Palestine Remembered; PalQuest; Abu Sitta Atlas #102,https://palopenmaps.org/en/maps/al-hamidiyya | https://www.zochrot.org/villages/village_details/49180/en | https://www.palestineremembered.com/Baysan/al-Hamidiyya/ | https://www.palquest.org/en/place/16816/al-hamidiyya/,https://raw.githubusercontent.com/PalOpenMaps/pom-data/main/assets/img/og/al-hamidiyya.jpg,"Palestine Open Maps – 1940s Survey of Palestine 1:20,000 map excerpt",,"original file, verified against Palestine Open Maps",name standardised (was 'Hamidiya')
170,Barqa,برقة,Historic Palestine (inside 1949 Armistice Line),1947-1949,1948-05-12,day,Gaza,890,1945,depopulated,military_assault,31.776047,34.700783,Palestine Open Maps,Military assault,Palestine Open Maps; Zochrot; Palestine Remembered; PalQuest; Abu Sitta Atlas #219,https://palopenmaps.org/en/maps/barqa | https://www.zochrot.org/villages/village_details/49036/en | https://www.palestineremembered.com/Gaza/Barqa/ | https://www.palquest.org/en/place/16932/barqa/,https://raw.githubusercontent.com/PalOpenMaps/pom-data/main/assets/img/og/barqa.jpg,"Palestine Open Maps – 1940s Survey of Palestine 1:20,000 map excerpt",,"original file, verified against Palestine Open Maps",population 1180→890 (1945 Village Statistics); date 1948-05-13→1948-05-12
171,Bureika,عين حوض,Historic Palestine (inside 1949 Armistice Line),1947-1949,1948-05-12,day,Haifa,290,1945,depopulated_built_over,fear_of_attack,32.558524,34.975606,Palestine Open Maps,Capitulation,Palestine Open Maps; Zochrot; Palestine Remembered; Abu Sitta Atlas #297,https://palopenmaps.org/en/maps/burayka | https://www.zochrot.org/villages/village_details/49046/en | https://www.palestineremembered.com/Haifa/Burayka/,https://raw.githubusercontent.com/PalOpenMaps/pom-data/main/assets/img/og/burayka.jpg,"Palestine Open Maps – 1940s Survey of Palestine 1:20,000 map excerpt",,"original file, verified against Palestine Open Maps",date 1948-05-05→1948-05-12
172,Khubbayza,خبيزة,Historic Palestine (inside 1949 Armistice Line),1947-1949,1948-05-12,day,Haifa,290,1945,depopulated,military_assault,32.555716,35.066616,Palestine Open Maps,Military assault,Palestine Open Maps; Zochrot; Palestine Remembered; PalQuest; Abu Sitta Atlas #298,https://palopenmaps.org/en/maps/khubbayza | https://www.zochrot.org/villages/village_details/49186/en | https://www.palestineremembered.com/Haifa/Khubbayza/ | https://www.palquest.org/en/place/17078/khubbayza/,https://raw.githubusercontent.com/PalOpenMaps/pom-data/main/assets/img/og/khubbayza.jpg,"Palestine Open Maps – 1940s Survey of Palestine 1:20,000 map excerpt",,"original file, verified against Palestine Open Maps",name standardised (was 'Khubbeiza')
173,Sabbarin,صبارين,Historic Palestine (inside 1949 Armistice Line),1947-1949,1948-05-12,day,Haifa,1700,1945,depopulated,military_assault,32.572940,35.023344,Palestine Open Maps,Military assault,Palestine Open Maps; Zochrot; Palestine Remembered; PalQuest; Abu Sitta Atlas #299,https://palopenmaps.org/en/maps/sabbarin | https://www.zochrot.org/villages/village_details/49355/en | https://www.palestineremembered.com/Haifa/Sabbarin/ | https://www.palquest.org/en/place/17129/sabbarin/,https://raw.githubusercontent.com/PalOpenMaps/pom-data/main/assets/img/og/sabbarin.jpg,"Palestine Open Maps – 1940s Survey of Palestine 1:20,000 map excerpt",,"original file, verified against Palestine Open Maps",
174,Umm al-Shawf,ام الشوف,Historic Palestine (inside 1949 Armistice Line),1947-1949,1948-05-12,day,Haifa,480,1945,depopulated,military_assault,32.553215,35.048483,Palestine Open Maps,Military assault,Palestine Open Maps; Zochrot; Palestine Remembered; Abu Sitta Atlas #301,https://palopenmaps.org/en/maps/umm-al-shawf | https://www.zochrot.org/villages/village_details/48996/en | https://www.palestineremembered.com/Haifa/Umm-al-Shawf/,https://raw.githubusercontent.com/PalOpenMaps/pom-data/main/assets/img/og/umm-al-shawf.jpg,"Palestine Open Maps – 1940s Survey of Palestine 1:20,000 map excerpt",,"original file, verified against Palestine Open Maps",name standardised (was 'Umm Al Shauf')
175,al-Sindiyana,السنديانة,Historic Palestine (inside 1949 Armistice Line),1947-1949,1948-05-12,day,Haifa,1250,1945,depopulated,military_assault,32.557538,35.001192,Palestine Open Maps,Military assault,Palestine Open Maps; Zochrot; Palestine Remembered; PalQuest; Abu Sitta Atlas #300,https://palopenmaps.org/en/maps/al-sindiyana | https://www.zochrot.org/villages/village_details/49322/en | https://www.palestineremembered.com/Haifa/al-Sindiyana/ | https://www.palquest.org/en/place/17148/al-sindiyana/,https://raw.githubusercontent.com/PalOpenMaps/pom-data/main/assets/img/og/al-sindiyana.jpg,"Palestine Open Maps – 1940s Survey of Palestine 1:20,000 map excerpt",,"original file, verified against Palestine Open Maps",name standardised (was 'Sindayana'); population 210→1250 (1945 Village Statistics)
176,Khirbat al-Jawfa,خربة الجوْفة,Historic Palestine (inside 1949 Armistice Line),1947-1949,1948-05-12,day,Jenin,140,unverified,depopulated,fear_of_attack,32.490498,35.435526,Palestine Open Maps,Capitulation,Palestine Open Maps; Zochrot; Palestine Remembered; Abu Sitta Atlas #400,"https://palopenmaps.org/en/maps/khirbat-al-jawfa | https://www.zochrot.org/villages/village_details/55171/en | https://www.palestineremembered.com/Jinin/al-Jawfa,-Khirbat/",https://raw.githubusercontent.com/PalOpenMaps/pom-data/main/assets/img/og/khirbat-al-jawfa.jpg,"Palestine Open Maps – 1940s Survey of Palestine 1:20,000 map excerpt",,"original file, verified against Palestine Open Maps",name standardised (was 'Khirbet Al Jaufa'); district corrected Beisan→Jenin
177,al-Zahiriyya al-Tahta,الظاهرية التحتا,Historic Palestine (inside 1949 Armistice Line),1947-1949,1948-05-12,day,Safad,350,1945,depopulated_built_over,fear_of_attack,32.963334,35.488057,Palestine Open Maps,Capitulation,Palestine Open Maps; Zochrot; Palestine Remembered; PalQuest; Abu Sitta Atlas #443,https://palopenmaps.org/en/maps/al-dhahiriyya-al-tahta | https://www.zochrot.org/villages/village_details/49122/en | https://www.palestineremembered.com/Safad/al-Zahiriyya-al-Tahta/ | https://www.palquest.org/en/place/16902/al-zahiriyya-al-tahta/,https://raw.githubusercontent.com/PalOpenMaps/pom-data/main/assets/img/og/al-dhahiriyya-al-tahta.jpg,"Palestine Open Maps – 1940s Survey of Palestine 1:20,000 map excerpt",7,"original file, verified against Palestine Open Maps",name standardised (was 'Dhahiriya Tahta'); date 1948-05-10→1948-05-12
178,Awlam,عولم,Historic Palestine (inside 1949 Armistice Line),1947-1949,1948-05-12,day,Tiberias,720,1945,depopulated,fear_of_attack,32.666462,35.499163,Palestine Open Maps,Abandonment,Palestine Open Maps; Zochrot; Palestine Remembered; PalQuest; Abu Sitta Atlas #506,https://palopenmaps.org/en/maps/awlam | https://www.zochrot.org/villages/village_details/49395/en | https://www.palestineremembered.com/Tiberias/Awlam/ | https://www.palquest.org/en/place/17162/awlam/,https://raw.githubusercontent.com/PalOpenMaps/pom-data/main/assets/img/og/awlam.jpg,"Palestine Open Maps – 1940s Survey of Palestine 1:20,000 map excerpt",,"original file, verified against Palestine Open Maps",name standardised (was 'Ulam'); date 1948-06-14→1948-05-12
179,Hadatha,حدثا,Historic Palestine (inside 1949 Armistice Line),1947-1949,1948-05-12,day,Tiberias,520,1945,depopulated,fear_of_attack,32.683713,35.488342,Palestine Open Maps,Abandonment,Palestine Open Maps; Zochrot; Palestine Remembered; PalQuest; Abu Sitta Atlas #507,https://palopenmaps.org/en/maps/hadatha | https://www.zochrot.org/villages/village_details/49178/en | https://www.palestineremembered.com/Tiberias/Hadatha/ | https://www.palquest.org/en/place/16994/hadatha/,https://raw.githubusercontent.com/PalOpenMaps/pom-data/main/assets/img/og/hadatha.jpg,"Palestine Open Maps – 1940s Survey of Palestine 1:20,000 map excerpt",,"original file, verified against Palestine Open Maps",date 1948-06-15→1948-05-12
180,Ma'dhar,معذر,Historic Palestine (inside 1949 Armistice Line),1947-1949,1948-05-12,day,Tiberias,480,1945,depopulated,fear_of_attack,32.693155,35.464232,Palestine Open Maps,Abandonment,Palestine Open Maps; Zochrot; Palestine Remembered; PalQuest; Abu Sitta Atlas #508,https://palopenmaps.org/en/maps/madhar | https://www.zochrot.org/villages/village_details/49279/en | https://www.palestineremembered.com/Tiberias/Ma%27dhar/ | https://www.palquest.org/en/place/17087/madhar/,https://raw.githubusercontent.com/PalOpenMaps/pom-data/main/assets/img/og/madhar.jpg,"Palestine Open Maps – 1940s Survey of Palestine 1:20,000 map excerpt",3,"original file, verified against Palestine Open Maps",date 1948-04-06→1948-05-12
181,Burayr,برير,Historic Palestine (inside 1949 Armistice Line),1947-1949,1948-05-13,day,Gaza,2740,1945,depopulated,military_assault,31.570729,34.640659,Palestine Open Maps,Military assault,Palestine Open Maps; Zochrot; Palestine Remembered; PalQuest; Abu Sitta Atlas #216,https://palopenmaps.org/en/maps/burayr | https://www.zochrot.org/villages/village_details/49047/en | https://www.palestineremembered.com/Gaza/Burayr/ | https://www.palquest.org/en/place/16962/burayr/,https://raw.githubusercontent.com/PalOpenMaps/pom-data/main/assets/img/og/burayr.jpg,"Palestine Open Maps – 1940s Survey of Palestine 1:20,000 map excerpt",,"original file, verified against Palestine Open Maps",date 1948-05-12→1948-05-13
182,Hulayqat,حليقات,Historic Palestine (inside 1949 Armistice Line),1947-1949,1948-05-13,day,Gaza,420,1945,depopulated,fear_of_attack,31.600424,34.649518,Palestine Open Maps,Capitulation,Palestine Open Maps; Zochrot; Palestine Remembered; PalQuest; Abu Sitta Atlas #217,https://palopenmaps.org/en/maps/hulayqat | https://www.zochrot.org/villages/village_details/49189/en | https://www.palestineremembered.com/Gaza/Hulayqat/ | https://www.palquest.org/en/place/17002/hulayqat/,https://raw.githubusercontent.com/PalOpenMaps/pom-data/main/assets/img/og/hulayqat.jpg,"Palestine Open Maps – 1940s Survey of Palestine 1:20,000 map excerpt",,"original file, verified against Palestine Open Maps",name standardised (was 'Huleiqat'); date 1948-05-12→1948-05-13
183,Kawkaba,كوكبا,Historic Palestine (inside 1949 Armistice Line),1947-1949,1948-05-13,day,Gaza,680,1945,depopulated,fear_of_attack,31.630703,34.661706,Palestine Open Maps,Capitulation,Palestine Open Maps; Zochrot; Palestine Remembered; PalQuest; Abu Sitta Atlas #218,https://palopenmaps.org/en/maps/kawkaba | https://www.zochrot.org/villages/village_details/49218/en | https://www.palestineremembered.com/Gaza/Kawkaba/ | https://www.palquest.org/en/place/17042/kawkaba/,https://raw.githubusercontent.com/PalOpenMaps/pom-data/main/assets/img/og/kawkaba.jpg,"Palestine Open Maps – 1940s Survey of Palestine 1:20,000 map excerpt",,"original file, verified against Palestine Open Maps",name standardised (was 'Kaukaba'); date 1948-05-12→1948-05-13
184,Najd,نجد,Historic Palestine (inside 1949 Armistice Line),1947-1949,1948-05-13,day,Gaza,620,1945,depopulated,forced_expulsion,31.553006,34.596860,Palestine Open Maps,Expulsion,Palestine Open Maps; Zochrot; Palestine Remembered; PalQuest; Abu Sitta Atlas #222,https://palopenmaps.org/en/maps/najd | https://www.zochrot.org/villages/village_details/49308/en | https://www.palestineremembered.com/Gaza/Najd/ | https://www.palquest.org/en/place/17103/najd/,https://raw.githubusercontent.com/PalOpenMaps/pom-data/main/assets/img/og/najd.jpg,"Palestine Open Maps – 1940s Survey of Palestine 1:20,000 map excerpt",,"original file, verified against Palestine Open Maps",date 1948-05-12→1948-05-13
185,Simsim,سمسم,Historic Palestine (inside 1949 Armistice Line),1947-1949,1948-05-13,day,Gaza,1290,1945,depopulated,forced_expulsion,31.567180,34.607369,Palestine Open Maps,Expulsion,Palestine Open Maps; Zochrot; Palestine Remembered; PalQuest; Abu Sitta Atlas #223,https://palopenmaps.org/en/maps/simsim | https://www.zochrot.org/villages/village_details/49321/en | https://www.palestineremembered.com/Gaza/Simsim/ | https://www.palquest.org/en/place/17147/simsim/,https://raw.githubusercontent.com/PalOpenMaps/pom-data/main/assets/img/og/simsim.jpg,"Palestine Open Maps – 1940s Survey of Palestine 1:20,000 map excerpt",,"original file, verified against Palestine Open Maps",name standardised (was 'Sumsum'); population 950→1290 (1945 Village Statistics); date 1948-05-12→1948-05-13
186,Biyar 'Adas,بيار عدس,Historic Palestine (inside 1949 Armistice Line),1947-1949,1948-05-13,day,Jaffa,300,1945,depopulated_built_over,military_assault,32.158078,34.921552,Palestine Open Maps,Military assault,Palestine Open Maps; Zochrot; Palestine Remembered; PalQuest; Abu Sitta Atlas #346,https://palopenmaps.org/en/maps/biyar-adas | https://www.zochrot.org/villages/village_details/49053/en | https://www.palestineremembered.com/Jaffa/Biyar-%27Adas/ | https://www.palquest.org/en/place/16960/biyar-adas/,https://raw.githubusercontent.com/PalOpenMaps/pom-data/main/assets/img/og/biyar-adas.jpg,"Palestine Open Maps – 1940s Survey of Palestine 1:20,000 map excerpt",,"original file, verified against Palestine Open Maps",name standardised (was 'Biyar Adas'); district corrected Tulkarm→Jaffa; date 1948-04-12→1948-05-13
187,Jaffa,يافا,Historic Palestine (inside 1949 Armistice Line),1947-1949,1948-05-13,day,Jaffa,66310,1945,depopulated_appropriated,military_assault,32.054022,34.753055,Palestine Open Maps,Military assault on city,Palestine Open Maps; Zochrot; Palestine Remembered; Abu Sitta Atlas #352,https://palopenmaps.org/en/maps/jaffa | https://www.zochrot.org/villages/village_details/49210/en | https://www.palestineremembered.com/Jaffa/Jaffa/,https://raw.githubusercontent.com/PalOpenMaps/pom-data/main/assets/img/og/jaffa.jpg,"Palestine Open Maps – 1940s Survey of Palestine 1:20,000 map excerpt",8,"original file, verified against Palestine Open Maps",population 70000→66310 (1945 Village Statistics); date 1948-05-01→1948-05-13
188,Kafr Saba,كفر سابا,Historic Palestine (inside 1949 Armistice Line),1947-1949,1948-05-13,day,Tulkarem,1270,1945,depopulated_built_over,military_assault,32.181235,34.938542,Palestine Open Maps,Military assault,Palestine Open Maps; Zochrot; Palestine Remembered; PalQuest; Abu Sitta Atlas #529,https://palopenmaps.org/en/maps/kafr-saba | https://www.zochrot.org/villages/village_details/49226/en | https://www.palestineremembered.com/Tulkarm/Kafr-Saba/ | https://www.palquest.org/en/place/17035/kafr-saba/,https://raw.githubusercontent.com/PalOpenMaps/pom-data/main/assets/img/og/kafr-saba.jpg,"Palestine Open Maps – 1940s Survey of Palestine 1:20,000 map excerpt",,"original file, verified against Palestine Open Maps",date 1948-05-15→1948-05-13
189,Arab al-Samniyya,عرب السّمنية,Historic Palestine (inside 1949 Armistice Line),1947-1949,1948-05-14,day,Acre,200,1945,depopulated_built_over,unknown,33.047056,35.179054,Palestine Open Maps,Village,Palestine Open Maps; Zochrot; Palestine Remembered; PalQuest; Abu Sitta Atlas #20,https://palopenmaps.org/en/maps/arab-al-samniyya | https://www.zochrot.org/villages/village_details/49337/en | https://www.palestineremembered.com/Acre/Arab-al-Samniyya/ | https://www.palquest.org/en/place/16917/arab-al-samniyya/,https://raw.githubusercontent.com/PalOpenMaps/pom-data/main/assets/img/og/arab-al-samniyya.jpg,"Palestine Open Maps – 1940s Survey of Palestine 1:20,000 map excerpt",1,added from Palestine Open Maps,displacement method not in source – see Morris (2004) / Khalidi (1992)
190,al-Bassa,البصّة,Historic Palestine (inside 1949 Armistice Line),1947-1949,1948-05-14,day,Acre,2950,1945,depopulated_built_over,military_assault,33.078079,35.142962,Palestine Open Maps,Military assault and expulsion,Palestine Open Maps; Zochrot; Palestine Remembered; PalQuest; Abu Sitta Atlas #2,https://palopenmaps.org/en/maps/al-bassa | https://www.zochrot.org/villages/village_details/49033/en | https://www.palestineremembered.com/Acre/al-Bassa/ | https://www.palquest.org/en/place/16794/al-bassa/,https://raw.githubusercontent.com/PalOpenMaps/pom-data/main/assets/img/og/al-bassa.jpg,"Palestine Open Maps – 1940s Survey of Palestine 1:20,000 map excerpt",12,"original file, verified against Palestine Open Maps",
191,al-Manshiyya,المنشية,Historic Palestine (inside 1949 Armistice Line),1947-1949,1948-05-14,day,Acre,810,1945,depopulated_built_over,military_assault,32.931918,35.090777,Palestine Open Maps,Military assault near Acre,Palestine Open Maps; Zochrot; Palestine Remembered; PalQuest; Abu Sitta Atlas #3,https://palopenmaps.org/en/maps/al-manshiyya-acre | https://www.zochrot.org/villages/village_details/49268/en | https://www.palestineremembered.com/Acre/al-Manshiyya/ | https://www.palquest.org/en/place/16839/al-manshiyya/,https://raw.githubusercontent.com/PalOpenMaps/pom-data/main/assets/img/og/al-manshiyya-acre.jpg,"Palestine Open Maps – 1940s Survey of Palestine 1:20,000 map excerpt",8,"original file, verified against Palestine Open Maps",name standardised (was 'Manshiya')
192,al-Sumayriyya,السميرية,Historic Palestine (inside 1949 Armistice Line),1947-1949,1948-05-14,day,Acre,760,1945,depopulated,military_assault,32.972370,35.093259,Palestine Open Maps,Military assault,Palestine Open Maps; Zochrot; Palestine Remembered; PalQuest; Abu Sitta Atlas #4,https://palopenmaps.org/en/maps/al-sumayriyya | https://www.zochrot.org/villages/village_details/49349/en | https://www.palestineremembered.com/Acre/al-Sumayriyya/ | https://www.palquest.org/en/place/16892/al-sumayriyya/,https://raw.githubusercontent.com/PalOpenMaps/pom-data/main/assets/img/og/al-sumayriyya.jpg,"Palestine Open Maps – 1940s Survey of Palestine 1:20,000 map excerpt",18,"original file, verified against Palestine Open Maps",name standardised (was 'Sumeiriya')
193,al-Zib,الزيب,Historic Palestine (inside 1949 Armistice Line),1947-1949,1948-05-14,day,Acre,1910,1945,depopulated,military_assault,33.047850,35.101429,Palestine Open Maps,Military assault,Palestine Open Maps; Zochrot; Palestine Remembered; PalQuest; Abu Sitta Atlas #5,https://palopenmaps.org/en/maps/al-zeeb | https://www.zochrot.org/villages/village_details/49145/en | https://www.palestineremembered.com/Acre/al-Zeeb/ | https://www.palquest.org/en/place/16904/al-zib/,https://raw.githubusercontent.com/PalOpenMaps/pom-data/main/assets/img/og/al-zeeb.jpg,"Palestine Open Maps – 1940s Survey of Palestine 1:20,000 map excerpt",24,"original file, verified against Palestine Open Maps",
194,al-Butaymat,البطيمات,Historic Palestine (inside 1949 Armistice Line),1947-1949,1948-05-14,day,Haifa,110,1945,depopulated,fear_of_attack,32.553164,35.093759,Palestine Open Maps,Fear of attack,Palestine Open Maps; Zochrot; Palestine Remembered; PalQuest; Abu Sitta Atlas #295,https://palopenmaps.org/en/maps/al-butaymat | https://www.zochrot.org/villages/village_details/49043/en | https://www.palestineremembered.com/Haifa/al-Butaymat/ | https://www.palquest.org/en/place/16964/al-butaymat/,https://raw.githubusercontent.com/PalOpenMaps/pom-data/main/assets/img/og/al-butaymat.jpg,"Palestine Open Maps – 1940s Survey of Palestine 1:20,000 map excerpt",,"original file, verified against Palestine Open Maps",name standardised (was 'Buteimat'); date 1948-05-15→1948-05-14
195,Bayt Dajan,بيت دجن,Historic Palestine (inside 1949 Armistice Line),1947-1949,1948-05-14,day,Jaffa,3840,1945,depopulated_built_over,fear_of_attack,32.003157,34.828872,Palestine Open Maps,Capitulation,Palestine Open Maps; Zochrot; Palestine Remembered; PalQuest; Abu Sitta Atlas #347,https://palopenmaps.org/en/maps/bayt-dajan-jaffa | https://www.zochrot.org/villages/village_details/49057/en | https://www.palestineremembered.com/Jaffa/Bayt-Dajan/ | https://www.palquest.org/en/place/16938/bayt-dajan/,https://raw.githubusercontent.com/PalOpenMaps/pom-data/main/assets/img/og/bayt-dajan-jaffa.jpg,"Palestine Open Maps – 1940s Survey of Palestine 1:20,000 map excerpt",,"original file, verified against Palestine Open Maps",name standardised (was 'Beit Dajan'); date 1948-04-25→1948-05-14
196,Abu Shusha,أبو شوشة,Historic Palestine (inside 1949 Armistice Line),1947-1949,1948-05-14,day,Ramle,870,1945,depopulated,military_assault,31.857014,34.915620,Palestine Open Maps,Military assault near Ramle,Palestine Open Maps; Zochrot; Palestine Remembered; PalQuest; Abu Sitta Atlas #46,https://palopenmaps.org/en/maps/abu-shusha-ramle | https://www.zochrot.org/villages/village_details/49491/en | https://www.palestineremembered.com/al-Ramla/Abu-Shusha/ | https://www.palquest.org/en/place/20609/abu-shusha/,https://raw.githubusercontent.com/PalOpenMaps/pom-data/main/assets/img/og/abu-shusha-ramle.jpg,"Palestine Open Maps – 1940s Survey of Palestine 1:20,000 map excerpt",,"original file, verified against Palestine Open Maps",
197,Shahma,شحمة,Historic Palestine (inside 1949 Armistice Line),1947-1949,1948-05-14,day,Ramle,280,1945,depopulated,fear_of_attack,31.822272,34.813442,Palestine Open Maps,Capitulation,Palestine Open Maps; Zochrot; Palestine Remembered; PalQuest; Abu Sitta Atlas #48,https://palopenmaps.org/en/maps/shahma | https://www.zochrot.org/villages/village_details/49483/en | https://www.palestineremembered.com/al-Ramla/Shahma/ | https://www.palquest.org/en/place/17144/shahma/,https://raw.githubusercontent.com/PalOpenMaps/pom-data/main/assets/img/og/shahma.jpg,"Palestine Open Maps – 1940s Survey of Palestine 1:20,000 map excerpt",,"original file, verified against Palestine Open Maps",name standardised (was 'Shashma'); district corrected Gaza→Ramle
198,al-Na'ani,النعاني,Historic Palestine (inside 1949 Armistice Line),1947-1949,1948-05-14,day,Ramle,1470,1945,depopulated,fear_of_attack,31.871329,34.871992,Palestine Open Maps,Fear of attack,Palestine Open Maps; Zochrot; Palestine Remembered; PalQuest; Abu Sitta Atlas #47,https://palopenmaps.org/en/maps/al-naani | https://www.zochrot.org/villages/village_details/49310/en | https://www.palestineremembered.com/al-Ramla/al-Na%27ani/ | https://www.palquest.org/en/place/16861/al-naani/,https://raw.githubusercontent.com/PalOpenMaps/pom-data/main/assets/img/og/al-naani.jpg,"Palestine Open Maps – 1940s Survey of Palestine 1:20,000 map excerpt",,"original file, verified against Palestine Open Maps",name standardised (was 'Na'ana')
199,al-Na'ima,الناعمة,Historic Palestine (inside 1949 Armistice Line),1947-1949,1948-05-14,day,Safad,1030,1945,depopulated,fear_of_attack,33.187835,35.595729,Palestine Open Maps,Capitulation,Palestine Open Maps; Zochrot; Palestine Remembered; PalQuest; Abu Sitta Atlas #451,https://palopenmaps.org/en/maps/al-naima | https://www.zochrot.org/villages/village_details/49302/en | https://www.palestineremembered.com/Safad/al-Na%27ima/ | https://www.palquest.org/en/place/17101/al-naima/,https://raw.githubusercontent.com/PalOpenMaps/pom-data/main/assets/img/og/al-naima.jpg,"Palestine Open Maps – 1940s Survey of Palestine 1:20,000 map excerpt",2,"original file, verified against Palestine Open Maps",population 1420→1030 (1945 Village Statistics)
200,al-Shawka al-Tahta,الشوكة التحتا,Historic Palestine (inside 1949 Armistice Line),1947-1949,1948-05-14,day,Safad,200,1945,depopulated,fear_of_attack,33.238562,35.635931,Palestine Open Maps,Fear of attack,Palestine Open Maps; Zochrot; Palestine Remembered; PalQuest; Abu Sitta Atlas #452,https://palopenmaps.org/en/maps/al-shawka-al-tahta | https://www.zochrot.org/villages/village_details/49482/en | https://www.palestineremembered.com/Safad/al-Shawka-al-Tahta/ | https://www.palquest.org/en/place/16889/al-shawka-al-tahta/,https://raw.githubusercontent.com/PalOpenMaps/pom-data/main/assets/img/og/al-shawka-al-tahta.jpg,"Palestine Open Maps – 1940s Survey of Palestine 1:20,000 map excerpt",,"original file, verified against Palestine Open Maps",name standardised (was 'Shauqa Al Tahta')
201,Arab Al Jurabat,,Historic Palestine (inside 1949 Armistice Line),1947-1949,1948-05-15,unknown (placeholder),Beersheba,290,unverified,destroyed,unknown,31.2500,34.8333,original file (unverified),Unknown,,,,,,original file,"not found in Palestine Open Maps – verify name, date, population and coordinates"
202,Khirbat Sarona,,Historic Palestine (inside 1949 Armistice Line),1947-1949,1948-05-15,unknown (placeholder),Beersheba,150,unverified,destroyed,unknown,31.2333,34.8500,original file (unverified),Unknown,,,,,,original file,"not found in Palestine Open Maps – verify name, date, population and coordinates"
203,al-Sakhina,الساخنة,Historic Palestine (inside 1949 Armistice Line),1947-1949,1948-05-15,day,Beisan,530,1945,depopulated,unknown,32.512864,35.461952,Palestine Open Maps,Unknown,Palestine Open Maps; Zochrot; Palestine Remembered; PalQuest; Abu Sitta Atlas #103,https://palopenmaps.org/en/maps/al-sakhina | https://www.zochrot.org/villages/village_details/49369/en | https://www.palestineremembered.com/Baysan/al-Sakhina/ | https://www.palquest.org/en/place/16876/al-sakhina/,https://raw.githubusercontent.com/PalOpenMaps/pom-data/main/assets/img/og/al-sakhina.jpg,"Palestine Open Maps – 1940s Survey of Palestine 1:20,000 map excerpt",,"original file, verified against Palestine Open Maps",name standardised (was 'Arab Al Sakhina'); district corrected Beersheba→Beisan
204,Bureij,,Historic Palestine (inside 1949 Armistice Line),1947-1949,1948-05-15,unknown (placeholder),Gaza,510,unverified,destroyed,unknown,31.6167,34.8667,original file (unverified),Unknown,,,,,,original file,"not found in Palestine Open Maps – verify name, date, population and coordinates"
205,Huraniya,,Historic Palestine (inside 1949 Armistice Line),1947-1949,1948-05-15,unknown (placeholder),Gaza,310,unverified,destroyed,unknown,31.6833,34.8000,original file (unverified),Unknown,,,,,,original file,"not found in Palestine Open Maps – verify name, date, population and coordinates"
206,Atlit,عتليت,Historic Palestine (inside 1949 Armistice Line),1947-1949,1948-05-15,day,Haifa,150,1945,depopulated,unknown,32.705414,34.934440,Palestine Open Maps,Unknown,Palestine Open Maps; Zochrot; Palestine Remembered; PalQuest; Abu Sitta Atlas #302,https://palopenmaps.org/en/maps/atlit | https://www.zochrot.org/villages/village_details/49408/en | https://www.palestineremembered.com/Haifa/Atlit/ | https://www.palquest.org/en/place/16923/atlit/,,,,"original file, verified against Palestine Open Maps",
207,Khirbat Qumbaza,خربة قمبازة,Historic Palestine (inside 1949 Armistice Line),1947-1949,1948-05-15,day,Haifa,200,unverified,depopulated,unknown,32.632446,35.026906,Palestine Open Maps,Date uncertain,Palestine Open Maps; Zochrot; Palestine Remembered; Abu Sitta Atlas #305,"https://palopenmaps.org/en/maps/khirbat-qumbaza | https://www.zochrot.org/villages/village_details/49460/en | https://www.palestineremembered.com/Haifa/Qumbaza,-Khirbat/",https://raw.githubusercontent.com/PalOpenMaps/pom-data/main/assets/img/og/khirbat-qumbaza.jpg,"Palestine Open Maps – 1940s Survey of Palestine 1:20,000 map excerpt",,"original file, verified against Palestine Open Maps",
208,Umm al-Zinat,أم الزينات,Historic Palestine (inside 1949 Armistice Line),1947-1949,1948-05-15,day,Haifa,1470,1945,depopulated,fear_of_attack,32.647440,35.064801,Palestine Open Maps,Fear of attack,Palestine Open Maps; Zochrot; Palestine Remembered; PalQuest; Abu Sitta Atlas #306,https://palopenmaps.org/en/maps/umm-al-zinat | https://www.zochrot.org/villages/village_details/48991/en | https://www.palestineremembered.com/Haifa/Umm-al-Zinat/ | https://www.palquest.org/en/place/17166/umm-al-zinat/,https://raw.githubusercontent.com/PalOpenMaps/pom-data/main/assets/img/og/umm-al-zinat.jpg,"Palestine Open Maps – 1940s Survey of Palestine 1:20,000 map excerpt",,"original file, verified against Palestine Open Maps",
209,Wa'arat al-Sarris (Khirbat Qu'a),وعرة السرّيس,Historic Palestine (inside 1949 Armistice Line),1947-1949,1948-05-15,day,Haifa,220,1945,depopulated_built_over,unknown,32.812823,35.117820,Palestine Open Maps,Unknown,Palestine Open Maps; Zochrot; Palestine Remembered; Abu Sitta Atlas #285,https://palopenmaps.org/en/maps/waarat-al-sarris-khirbat-qua | https://www.zochrot.org/villages/village_details/49133/en | https://www.palestineremembered.com/Haifa/Wa%27arat-al-Sarris/,https://raw.githubusercontent.com/PalOpenMaps/pom-data/main/assets/img/og/waarat-al-sarris-khirbat-qua.jpg,"Palestine Open Maps – 1940s Survey of Palestine 1:20,000 map excerpt",,"original file, verified against Palestine Open Maps",name standardised (was 'Wa'arat Al Sarris'); district corrected Gaza→Haifa; population 180→220 (1945 Village Statistics)
210,al-Rihaniyya,الريحانية,Historic Palestine (inside 1949 Armistice Line),1947-1949,1948-05-15,day,Haifa,240,1945,depopulated,unknown,32.619860,35.085972,Palestine Open Maps,Unknown,Palestine Open Maps; Zochrot; Palestine Remembered; PalQuest; Abu Sitta Atlas #294,https://palopenmaps.org/en/maps/al-rihaniyya-haifa | https://www.zochrot.org/villages/village_details/49468/en | https://www.palestineremembered.com/Haifa/al-Rihaniyya/ | https://www.palquest.org/en/place/16873/al-rihaniyya/,https://raw.githubusercontent.com/PalOpenMaps/pom-data/main/assets/img/og/al-rihaniyya-haifa.jpg,"Palestine Open Maps – 1940s Survey of Palestine 1:20,000 map excerpt",,"original file, verified against Palestine Open Maps",name standardised (was 'Rihaniya'); population 390→240 (1945 Village Statistics)
211,Fajja,فجة,Historic Palestine (inside 1949 Armistice Line),1947-1949,1948-05-15,day,Jaffa,1200,1945,depopulated_built_over,whispering_campaign,32.086476,34.903100,Palestine Open Maps,Whispering campaign,Palestine Open Maps; Zochrot; Palestine Remembered; PalQuest; Abu Sitta Atlas #356,https://palopenmaps.org/en/maps/fajja | https://www.zochrot.org/villages/village_details/49428/en | https://www.palestineremembered.com/Jaffa/Fajja/ | https://www.palquest.org/en/place/16986/fajja/,https://raw.githubusercontent.com/PalOpenMaps/pom-data/main/assets/img/og/fajja.jpg,"Palestine Open Maps – 1940s Survey of Palestine 1:20,000 map excerpt",,"original file, verified against Palestine Open Maps",
212,al-Maghar,المغار,Historic Palestine (inside 1949 Armistice Line),1947-1949,1948-05-15,day,Ramle,1740,1945,depopulated,unknown,31.838366,34.781967,Palestine Open Maps,Village,Palestine Open Maps; Zochrot; Palestine Remembered; PalQuest; Abu Sitta Atlas #51,https://palopenmaps.org/en/maps/al-maghar | https://www.zochrot.org/villages/village_details/49280/en | https://www.palestineremembered.com/al-Ramla/al-Maghar/ | https://www.palquest.org/en/place/16835/al-maghar/,https://raw.githubusercontent.com/PalOpenMaps/pom-data/main/assets/img/og/al-maghar.jpg,"Palestine Open Maps – 1940s Survey of Palestine 1:20,000 map excerpt",1,added from Palestine Open Maps,displacement method not in source – see Morris (2004) / Khalidi (1992)
213,Harrawi,هراوي,Historic Palestine (inside 1949 Armistice Line),1947-1949,1948-05-15,day,Safad,80,unverified,depopulated,unknown,33.091301,35.561152,Palestine Open Maps,Unknown,Palestine Open Maps; Zochrot; Palestine Remembered; PalQuest; Abu Sitta Atlas #465,https://palopenmaps.org/en/maps/harrawi | https://www.zochrot.org/villages/village_details/49128/en | https://www.palestineremembered.com/Safad/Harrawi/ | https://www.palquest.org/en/place/16996/harrawi/,https://raw.githubusercontent.com/PalOpenMaps/pom-data/main/assets/img/og/harrawi.jpg,"Palestine Open Maps – 1940s Survey of Palestine 1:20,000 map excerpt",1,"original file, verified against Palestine Open Maps",district corrected Beisan→Safad
214,al-Dirbashiyya,الدرباشيـّة,Historic Palestine (inside 1949 Armistice Line),1947-1949,1948-05-15,day,Safad,310,1945,depopulated,unknown,33.088599,35.647293,Palestine Open Maps,Date uncertain,Palestine Open Maps; Zochrot; Palestine Remembered; Abu Sitta Atlas #422,https://palopenmaps.org/en/maps/al-dirbashiyya | https://www.zochrot.org/villages/village_details/49098/en | https://www.palestineremembered.com/Safad/al-Dirbashiyya/,https://raw.githubusercontent.com/PalOpenMaps/pom-data/main/assets/img/og/al-dirbashiyya.jpg,"Palestine Open Maps – 1940s Survey of Palestine 1:20,000 map excerpt",,"original file, verified against Palestine Open Maps",name standardised (was 'Darbashiya')
215,al-Shuna,الشونة,Historic Palestine (inside 1949 Armistice Line),1947-1949,1948-05-15,day,Safad,170,1945,depopulated,unknown,32.908222,35.487129,Palestine Open Maps,Unknown date,Palestine Open Maps; Zochrot; Palestine Remembered; PalQuest; Abu Sitta Atlas #420,https://palopenmaps.org/en/maps/al-shuna | https://www.zochrot.org/villages/village_details/49488/en | https://www.palestineremembered.com/Safad/al-Shuna/ | https://www.palquest.org/en/place/16891/al-shuna/,https://raw.githubusercontent.com/PalOpenMaps/pom-data/main/assets/img/og/al-shuna.jpg,"Palestine Open Maps – 1940s Survey of Palestine 1:20,000 map excerpt",,"original file, verified against Palestine Open Maps",
216,al-Wayziyya,الويزية,Historic Palestine (inside 1949 Armistice Line),1947-1949,1948-05-15,day,Safad,170,unverified,depopulated,unknown,33.001528,35.577824,Palestine Open Maps,Date uncertain,Palestine Open Maps; Zochrot; Palestine Remembered; PalQuest; Abu Sitta Atlas #428,https://palopenmaps.org/en/maps/al-wayziyya | https://www.zochrot.org/villages/village_details/49134/en | https://www.palestineremembered.com/Safad/al-Wayziyya/ | https://www.palquest.org/en/place/17175/al-wayziyya/,https://raw.githubusercontent.com/PalOpenMaps/pom-data/main/assets/img/og/al-wayziyya.jpg,"Palestine Open Maps – 1940s Survey of Palestine 1:20,000 map excerpt",,"original file, verified against Palestine Open Maps",name standardised (was 'Weiziya')
217,Arab Al Suyyad,,Historic Palestine (inside 1949 Armistice Line),1947-1949,1948-05-15,unknown (placeholder),Tiberias,100,unverified,destroyed,unknown,32.7667,35.5500,original file (unverified),Unknown,,,,,,original file,"not found in Palestine Open Maps – verify name, date, population and coordinates"
218,Kafra,كفرة,Historic Palestine (inside 1949 Armistice Line),1947-1949,1948-05-16,day,Beisan,430,1945,depopulated,fear_of_attack,32.592969,35.491790,Palestine Open Maps,Capitulation,Palestine Open Maps; Zochrot; Palestine Remembered; PalQuest; Abu Sitta Atlas #110,https://palopenmaps.org/en/maps/kafra | https://www.zochrot.org/villages/village_details/49224/en | https://www.palestineremembered.com/Baysan/Kafra/ | https://www.palquest.org/en/place/17037/kafra/,https://raw.githubusercontent.com/PalOpenMaps/pom-data/main/assets/img/og/kafra.jpg,"Palestine Open Maps – 1940s Survey of Palestine 1:20,000 map excerpt",,"original file, verified against Palestine Open Maps",district corrected Nazareth→Beisan
219,Kawkab al-Hawa,كوكب الهوا,Historic Palestine (inside 1949 Armistice Line),1947-1949,1948-05-16,day,Beisan,300,1945,depopulated,military_assault,32.595634,35.521493,Palestine Open Maps,Military assault,Palestine Open Maps; Zochrot; Palestine Remembered; PalQuest; Abu Sitta Atlas #111,https://palopenmaps.org/en/maps/kawkab-al-hawa | https://www.zochrot.org/villages/village_details/49217/en | https://www.palestineremembered.com/Baysan/Kawkab-al-Hawa/ | https://www.palquest.org/en/place/17041/kawkab-al-hawa/,https://raw.githubusercontent.com/PalOpenMaps/pom-data/main/assets/img/og/kawkab-al-hawa.jpg,"Palestine Open Maps – 1940s Survey of Palestine 1:20,000 map excerpt",,"original file, verified against Palestine Open Maps",name standardised (was 'Kaukab Al Hawa'); district corrected Nazareth→Beisan
220,Yubla,يبلى,Historic Palestine (inside 1949 Armistice Line),1947-1949,1948-05-16,day,Beisan,210,1945,depopulated,fear_of_attack,32.576623,35.469313,Palestine Open Maps,Capitulation,Palestine Open Maps; Zochrot; Palestine Remembered; PalQuest; Abu Sitta Atlas #112,https://palopenmaps.org/en/maps/yubla | https://www.zochrot.org/villages/village_details/49207/en | https://www.palestineremembered.com/Baysan/Yubla/ | https://www.palquest.org/en/place/17182/yubla/,https://raw.githubusercontent.com/PalOpenMaps/pom-data/main/assets/img/og/yubla.jpg,"Palestine Open Maps – 1940s Survey of Palestine 1:20,000 map excerpt",,"original file, verified against Palestine Open Maps",district corrected Nazareth→Beisan
221,al-Bashatiwa,البشاتوة,Historic Palestine (inside 1949 Armistice Line),1947-1949,1948-05-16,day,Beisan,1560,1945,depopulated,fear_of_attack,32.591695,35.557965,Palestine Open Maps,Capitulation,Palestine Open Maps; Zochrot; Palestine Remembered; Abu Sitta Atlas #113,https://palopenmaps.org/en/maps/bashatwi | https://www.zochrot.org/villages/village_details/49040/en | https://www.palestineremembered.com/GeoPoints/Kh__al_Mazar_5035/,https://raw.githubusercontent.com/PalOpenMaps/pom-data/main/assets/img/og/bashatwi.jpg,"Palestine Open Maps – 1940s Survey of Palestine 1:20,000 map excerpt",,"original file, verified against Palestine Open Maps",name standardised (was 'Arab Al Bashatiwa'); population 180→1560 (1945 Village Statistics)
222,al-Bira,البيرة,Historic Palestine (inside 1949 Armistice Line),1947-1949,1948-05-16,day,Beisan,260,1945,depopulated,fear_of_attack,32.607538,35.503076,Palestine Open Maps,Capitulation,Palestine Open Maps; Zochrot; Palestine Remembered; PalQuest; Abu Sitta Atlas #107,https://palopenmaps.org/en/maps/al-bira-beisan | https://www.zochrot.org/villages/village_details/49011/en | https://www.palestineremembered.com/Baysan/al-Bira/ | https://www.palquest.org/en/place/16797/al-bira/,https://raw.githubusercontent.com/PalOpenMaps/pom-data/main/assets/img/og/al-bira-beisan.jpg,"Palestine Open Maps – 1940s Survey of Palestine 1:20,000 map excerpt",,"original file, verified against Palestine Open Maps",district corrected Nazareth→Beisan
223,al-Murassas,المرصص,Historic Palestine (inside 1949 Armistice Line),1947-1949,1948-05-16,day,Beisan,460,1945,depopulated,fear_of_attack,32.559590,35.475834,Palestine Open Maps,Capitulation,Palestine Open Maps; Zochrot; Palestine Remembered; PalQuest; Abu Sitta Atlas #108,https://palopenmaps.org/en/maps/al-murassas | https://www.zochrot.org/villages/village_details/49297/en | https://www.palestineremembered.com/Baysan/al-Murassas/ | https://www.palquest.org/en/place/16858/al-murassas/,https://raw.githubusercontent.com/PalOpenMaps/pom-data/main/assets/img/og/al-murassas.jpg,"Palestine Open Maps – 1940s Survey of Palestine 1:20,000 map excerpt",,"original file, verified against Palestine Open Maps",district corrected Nazareth→Beisan
224,Dayr Ayyub,دير أيوب,Historic Palestine (inside 1949 Armistice Line),1947-1949,1948-05-16,day,Ramle,320,1945,depopulated,military_assault,31.827333,35.019070,Palestine Open Maps,Military assault,Palestine Open Maps; Zochrot; Palestine Remembered; PalQuest; Abu Sitta Atlas #31,https://palopenmaps.org/en/maps/dayr-ayyub | https://www.zochrot.org/villages/village_details/49102/en | https://www.palestineremembered.com/al-Ramla/Dayr-Ayyub/ | https://www.palquest.org/en/place/16978/dayr-ayyub/,https://raw.githubusercontent.com/PalOpenMaps/pom-data/main/assets/img/og/dayr-ayyub.jpg,"Palestine Open Maps – 1940s Survey of Palestine 1:20,000 map excerpt",,"original file, verified against Palestine Open Maps",name standardised (was 'Deir Aiyib'); district corrected Jerusalem→Ramle; date 1948-04-15→1948-05-16
225,al-Muftakhira,المفتخرة,Historic Palestine (inside 1949 Armistice Line),1947-1949,1948-05-16,day,Safad,350,1945,depopulated,fear_of_attack,33.157906,35.638731,Palestine Open Maps,Fear of attack,Palestine Open Maps; Zochrot; Palestine Remembered; PalQuest; Abu Sitta Atlas #453,https://palopenmaps.org/en/maps/al-muftakhira | https://www.zochrot.org/villages/village_details/49295/en | https://www.palestineremembered.com/Safad/al-Muftakhira/ | https://www.palquest.org/en/place/16854/al-muftakhira/,https://raw.githubusercontent.com/PalOpenMaps/pom-data/main/assets/img/og/al-muftakhira.jpg,"Palestine Open Maps – 1940s Survey of Palestine 1:20,000 map excerpt",,"original file, verified against Palestine Open Maps",population 360→350 (1945 Village Statistics)
226,al-Nabi Yusha',النبي يوشع,Historic Palestine (inside 1949 Armistice Line),1947-1949,1948-05-17,day,Safad,70,1945,depopulated,military_assault,33.113164,35.556553,Palestine Open Maps,Military assault and expulsion,Palestine Open Maps; Zochrot; Palestine Remembered; PalQuest; Abu Sitta Atlas #454,https://palopenmaps.org/en/maps/al-nabi-yusha | https://www.zochrot.org/villages/village_details/49304/en | https://www.palestineremembered.com/Safad/al-Nabi-Yusha%27/ | https://www.palquest.org/en/place/16863/al-nabi-yusha/,https://raw.githubusercontent.com/PalOpenMaps/pom-data/main/assets/img/og/al-nabi-yusha.jpg,"Palestine Open Maps – 1940s Survey of Palestine 1:20,000 map excerpt",,"original file, verified against Palestine Open Maps",name standardised (was 'Nabi Yusha'); date 1948-05-16→1948-05-17
227,Acre,عكا,Historic Palestine (inside 1949 Armistice Line),1947-1949,1948-05-18,day,Acre,12360,1945,depopulated_appropriated,unknown,32.921781,35.068248,Palestine Open Maps,Town,Palestine Open Maps; Zochrot; Palestine Remembered; Abu Sitta Atlas #6,https://palopenmaps.org/en/maps/acre | https://www.zochrot.org/villages/village_details/49425/en | https://www.palestineremembered.com/Acre/Acre/,https://raw.githubusercontent.com/PalOpenMaps/pom-data/main/assets/img/og/acre.jpg,"Palestine Open Maps – 1940s Survey of Palestine 1:20,000 map excerpt",18,added from Palestine Open Maps,displacement method not in source – see Morris (2004) / Khalidi (1992)
228,Jabbul,جبول,Historic Palestine (inside 1949 Armistice Line),1947-1949,1948-05-18,day,Beisan,250,1945,depopulated,fear_of_attack,32.567162,35.510679,Palestine Open Maps,Capitulation and fear,Palestine Open Maps; Zochrot; Palestine Remembered; PalQuest; Abu Sitta Atlas #114,https://palopenmaps.org/en/maps/jabbul | https://www.zochrot.org/villages/village_details/49082/en | https://www.palestineremembered.com/Baysan/Jabbul/ | https://www.palquest.org/en/place/17018/jabbul/,https://raw.githubusercontent.com/PalOpenMaps/pom-data/main/assets/img/og/jabbul.jpg,"Palestine Open Maps – 1940s Survey of Palestine 1:20,000 map excerpt",,"original file, verified against Palestine Open Maps",district corrected Nazareth→Beisan
229,Mighrar,,Historic Palestine (inside 1949 Armistice Line),1947-1949,1948-05-18,day,Gaza,540,unverified,destroyed,military_assault,31.5833,34.5667,original file (unverified),Military assault,,,,,,original file,"not found in Palestine Open Maps – verify name, date, population and coordinates"
230,al-Sawafir al-Gharbiyya,السوافير الغربية,Historic Palestine (inside 1949 Armistice Line),1947-1949,1948-05-18,day,Gaza,1030,1945,depopulated,fear_of_attack,31.699975,34.703889,Palestine Open Maps,Fear of attack,Palestine Open Maps; Zochrot; Palestine Remembered; PalQuest; Abu Sitta Atlas #224,https://palopenmaps.org/en/maps/al-sawafir-al-gharbiyya | https://www.zochrot.org/villages/village_details/49330/en | https://www.palestineremembered.com/Gaza/al-Sawafir-al-Gharbiyya/ | https://www.palquest.org/en/place/16884/al-sawafir-al-gharbiyya/,https://raw.githubusercontent.com/PalOpenMaps/pom-data/main/assets/img/og/al-sawafir-al-gharbiyya.jpg,"Palestine Open Maps – 1940s Survey of Palestine 1:20,000 map excerpt",,"original file, verified against Palestine Open Maps",
231,al-Sawafir al-Sharqiyya,السوافير الشرقية,Historic Palestine (inside 1949 Armistice Line),1947-1949,1948-05-18,day,Gaza,970,1945,depopulated,fear_of_attack,31.700138,34.712581,Palestine Open Maps,Fear of attack,Palestine Open Maps; Zochrot; Palestine Remembered; PalQuest; Abu Sitta Atlas #226,https://palopenmaps.org/en/maps/al-sawafir-al-sharqiyya | https://www.zochrot.org/villages/village_details/49334/en | https://www.palestineremembered.com/Gaza/al-Sawafir-al-Sharqiyya/ | https://www.palquest.org/en/place/16886/al-sawafir-al-sharqiyya/,https://raw.githubusercontent.com/PalOpenMaps/pom-data/main/assets/img/og/al-sawafir-al-sharqiyya.jpg,"Palestine Open Maps – 1940s Survey of Palestine 1:20,000 map excerpt",,"original file, verified against Palestine Open Maps",population 960→970 (1945 Village Statistics)
232,Qaytiyya,قيطية,Historic Palestine (inside 1949 Armistice Line),1947-1949,1948-05-19,day,Safad,940,1945,depopulated,forced_expulsion,33.200133,35.614425,Palestine Open Maps,Whispering and expulsion,Palestine Open Maps; Zochrot; Palestine Remembered; PalQuest; Abu Sitta Atlas #455,https://palopenmaps.org/en/maps/qaytiyya | https://www.zochrot.org/villages/village_details/49451/en | https://www.palestineremembered.com/Safad/Qaytiyya/ | https://www.palquest.org/en/place/17117/qaytiyya/,https://raw.githubusercontent.com/PalOpenMaps/pom-data/main/assets/img/og/qaytiyya.jpg,"Palestine Open Maps – 1940s Survey of Palestine 1:20,000 map excerpt",,"original file, verified against Palestine Open Maps",name standardised (was 'Qeitiya')
233,Arab al-'Arida,عرب العريضة,Historic Palestine (inside 1949 Armistice Line),1947-1949,1948-05-20,day,Beisan,150,1945,depopulated,fear_of_attack,32.441554,35.514376,Palestine Open Maps,Capitulation,Palestine Open Maps; Zochrot; Palestine Remembered; PalQuest; Abu Sitta Atlas #115,https://palopenmaps.org/en/maps/arab-al-arida | https://www.zochrot.org/villages/village_details/49407/en | https://www.palestineremembered.com/Baysan/Arab-al-%27Arida/ | https://www.palquest.org/en/place/16912/arab-al-arida/,https://raw.githubusercontent.com/PalOpenMaps/pom-data/main/assets/img/og/arab-al-arida.jpg,"Palestine Open Maps – 1940s Survey of Palestine 1:20,000 map excerpt",,"original file, verified against Palestine Open Maps",name standardised (was 'Arida')
234,Arab al-Bawati,عرب البواطي,Historic Palestine (inside 1949 Armistice Line),1947-1949,1948-05-20,day,Beisan,520,1945,depopulated,fear_of_attack,32.528257,35.540392,Palestine Open Maps,Capitulation,Palestine Open Maps; Zochrot; Palestine Remembered; PalQuest; Abu Sitta Atlas #109,https://palopenmaps.org/en/maps/arab-al-bawati | https://www.zochrot.org/villages/village_details/49006/en | https://www.palestineremembered.com/Baysan/Arab-al-Bawati/ | https://www.palquest.org/en/place/16913/arab-al-bawati/,https://raw.githubusercontent.com/PalOpenMaps/pom-data/main/assets/img/og/arab-al-bawati.jpg,"Palestine Open Maps – 1940s Survey of Palestine 1:20,000 map excerpt",,"original file, verified against Palestine Open Maps",population 1240→520 (1945 Village Statistics)
235,Arab al-Safa,عرب الصفا,Historic Palestine (inside 1949 Armistice Line),1947-1949,1948-05-20,day,Beisan,650,1945,depopulated,fear_of_attack,32.440861,35.537667,Palestine Open Maps,Capitulation,Palestine Open Maps; Zochrot; Palestine Remembered; PalQuest; Abu Sitta Atlas #118,https://palopenmaps.org/en/maps/arab-al-safa | https://www.zochrot.org/villages/village_details/49362/en | https://www.palestineremembered.com/Baysan/Arab-al-Safa/ | https://www.palquest.org/en/place/16916/arab-al-safa/,https://raw.githubusercontent.com/PalOpenMaps/pom-data/main/assets/img/og/arab-al-safa.jpg,"Palestine Open Maps – 1940s Survey of Palestine 1:20,000 map excerpt",,"original file, verified against Palestine Open Maps",population 360→650 (1945 Village Statistics)
236,Ez Zarra'a,الزراعة,Historic Palestine (inside 1949 Armistice Line),1947-1949,1948-05-20,day,Beisan,250,unverified,depopulated,fear_of_attack,32.417166,35.531572,Palestine Open Maps,Capitulation,Palestine Open Maps; Zochrot; Palestine Remembered; Abu Sitta Atlas #119,https://palopenmaps.org/en/maps/arab-zarraa | https://www.zochrot.org/villages/village_details/48999/en | https://www.palestineremembered.com/GeoPoints/_Arab_al_Zarra_a_796/,https://raw.githubusercontent.com/PalOpenMaps/pom-data/main/assets/img/og/arab-zarraa.jpg,"Palestine Open Maps – 1940s Survey of Palestine 1:20,000 map excerpt",,"original file, verified against Palestine Open Maps",name standardised (was 'Arab Al Zarra'a')
237,al-Ghazzawiyya,الغزاوية,Historic Palestine (inside 1949 Armistice Line),1947-1949,1948-05-20,day,Beisan,1020,1945,depopulated,fear_of_attack,32.502259,35.541713,Palestine Open Maps,Capitulation,Palestine Open Maps; Zochrot; Palestine Remembered; PalQuest; Abu Sitta Atlas #116,https://palopenmaps.org/en/maps/al-ghazzawiyya | https://www.zochrot.org/villages/village_details/49387/en | https://www.palestineremembered.com/Baysan/al-Ghazzawiyya/ | https://www.palquest.org/en/place/16812/al-ghazzawiyya/,https://raw.githubusercontent.com/PalOpenMaps/pom-data/main/assets/img/og/al-ghazzawiyya.jpg,"Palestine Open Maps – 1940s Survey of Palestine 1:20,000 map excerpt",,"original file, verified against Palestine Open Maps",name standardised (was 'Arab Al Ghazawiya'); population 500→1020 (1945 Village Statistics)
238,al-Khunayzir,الخنيزير,Historic Palestine (inside 1949 Armistice Line),1947-1949,1948-05-20,day,Beisan,260,1945,depopulated,fear_of_attack,32.420576,35.522174,Palestine Open Maps,Capitulation,Palestine Open Maps; Zochrot; Palestine Remembered; PalQuest; Abu Sitta Atlas #117,https://palopenmaps.org/en/maps/al-khunayzir | https://www.zochrot.org/villages/village_details/49188/en | https://www.palestineremembered.com/Baysan/al-Khunayzir/ | https://www.palquest.org/en/place/16831/al-khunayzir/,https://raw.githubusercontent.com/PalOpenMaps/pom-data/main/assets/img/og/al-khunayzir.jpg,"Palestine Open Maps – 1940s Survey of Palestine 1:20,000 map excerpt",,"original file, verified against Palestine Open Maps",name standardised (was 'Arab Al Khuneizir'); population 320→260 (1945 Village Statistics)
239,al-Safiriyya,السافرية,Historic Palestine (inside 1949 Armistice Line),1947-1949,1948-05-20,day,Jaffa,3070,1945,depopulated_built_over,unknown,31.993350,34.849656,Palestine Open Maps,Unknown,Palestine Open Maps; Zochrot; Palestine Remembered; PalQuest; Abu Sitta Atlas #358,https://palopenmaps.org/en/maps/al-safiriyya | https://www.zochrot.org/villages/village_details/49324/en | https://www.palestineremembered.com/Jaffa/al-Safiriyya/ | https://www.palquest.org/en/place/16875/al-safiriyya/,https://raw.githubusercontent.com/PalOpenMaps/pom-data/main/assets/img/og/al-safiriyya.jpg,"Palestine Open Maps – 1940s Survey of Palestine 1:20,000 map excerpt",,"original file, verified against Palestine Open Maps",name standardised (was 'Safiriya'); district corrected Ramle→Jaffa; date 1948-04-15→1948-05-20
240,Sarfand al-'Amar,صرفند العمار,Historic Palestine (inside 1949 Armistice Line),1947-1949,1948-05-20,day,Ramle,1950,1945,depopulated,unknown,31.958073,34.849424,Palestine Open Maps,Unknown,Palestine Open Maps; Zochrot; Palestine Remembered; PalQuest; Abu Sitta Atlas #52,https://palopenmaps.org/en/maps/sarafand-amar | https://www.zochrot.org/villages/village_details/49367/en | https://www.palestineremembered.com/al-Ramla/Sarafand-al-%27Amar/ | https://www.palquest.org/en/place/17140/sarfand-al-amar/,https://raw.githubusercontent.com/PalOpenMaps/pom-data/main/assets/img/og/sarafand-amar.jpg,"Palestine Open Maps – 1940s Survey of Palestine 1:20,000 map excerpt",,"original file, verified against Palestine Open Maps",name standardised (was 'Sarafand Al Amar'); date 1948-04-15→1948-05-20
241,Umm al-Faraj,أم الفرج,Historic Palestine (inside 1949 Armistice Line),1947-1949,1948-05-21,day,Acre,800,1945,depopulated_built_over,military_assault,33.005299,35.121723,Palestine Open Maps,Military assault,Palestine Open Maps; Zochrot; Palestine Remembered; PalQuest; Abu Sitta Atlas #10,https://palopenmaps.org/en/maps/umm-al-faraj | https://www.zochrot.org/villages/village_details/48995/en | https://www.palestineremembered.com/Acre/Umm-al-Faraj/ | https://www.palquest.org/en/place/17164/umm-al-faraj/,https://raw.githubusercontent.com/PalOpenMaps/pom-data/main/assets/img/og/umm-al-faraj.jpg,"Palestine Open Maps – 1940s Survey of Palestine 1:20,000 map excerpt",11,"original file, verified against Palestine Open Maps",
242,al-Ghabisiyya,الغابسية,Historic Palestine (inside 1949 Armistice Line),1947-1949,1948-05-21,day,Acre,1240,1945,depopulated,forced_expulsion,33.000162,35.149629,Palestine Open Maps,Expulsion,Palestine Open Maps; Zochrot; Palestine Remembered; PalQuest; Abu Sitta Atlas #1,https://palopenmaps.org/en/maps/al-ghabisiyya | https://www.zochrot.org/villages/village_details/49385/en | https://www.palestineremembered.com/Acre/al-Ghabisiyya/ | https://www.palquest.org/en/place/16811/al-ghabisiyya/,https://raw.githubusercontent.com/PalOpenMaps/pom-data/main/assets/img/og/al-ghabisiyya.jpg,"Palestine Open Maps – 1940s Survey of Palestine 1:20,000 map excerpt",12,"original file, verified against Palestine Open Maps",name standardised (was 'Ghabasiya'); population 690→1240 (1945 Village Statistics); date 1948-05-15→1948-05-21
243,al-Kabri,الكابري,Historic Palestine (inside 1949 Armistice Line),1947-1949,1948-05-21,day,Acre,1770,1945,depopulated,military_assault,33.015800,35.150801,Palestine Open Maps,Fear and military assault,Palestine Open Maps; Zochrot; Palestine Remembered; PalQuest; Abu Sitta Atlas #7,https://palopenmaps.org/en/maps/al-kabri | https://www.zochrot.org/villages/village_details/49215/en | https://www.palestineremembered.com/Acre/al-Kabri/ | https://www.palquest.org/en/place/16826/al-kabri/,https://raw.githubusercontent.com/PalOpenMaps/pom-data/main/assets/img/og/al-kabri.jpg,"Palestine Open Maps – 1940s Survey of Palestine 1:20,000 map excerpt",6,"original file, verified against Palestine Open Maps",population 1520→1770 (1945 Village Statistics)
244,al-Nahr,النهر,Historic Palestine (inside 1949 Armistice Line),1947-1949,1948-05-21,day,Acre,610,1945,depopulated,military_assault,33.005986,35.140168,Palestine Open Maps,Military assault,Palestine Open Maps; Zochrot; Palestine Remembered; PalQuest; Abu Sitta Atlas #8,https://palopenmaps.org/en/maps/al-nahr | https://www.zochrot.org/villages/village_details/49311/en | https://www.palestineremembered.com/Acre/al-Nahr/ | https://www.palquest.org/en/place/16865/al-nahr/,https://raw.githubusercontent.com/PalOpenMaps/pom-data/main/assets/img/og/al-nahr.jpg,"Palestine Open Maps – 1940s Survey of Palestine 1:20,000 map excerpt",3,"original file, verified against Palestine Open Maps",
245,al-Tall,التلّ,Historic Palestine (inside 1949 Armistice Line),1947-1949,1948-05-21,day,Acre,350,1945,depopulated,military_assault,33.007400,35.137200,Palestine Open Maps,Military assault,Palestine Open Maps; Zochrot; Palestine Remembered; Abu Sitta Atlas #9,https://palopenmaps.org/en/maps/al-tall | https://www.zochrot.org/villages/village_details/49500/en | https://www.palestineremembered.com/Acre/al-Tall/,https://raw.githubusercontent.com/PalOpenMaps/pom-data/main/assets/img/og/al-tall.jpg,"Palestine Open Maps – 1940s Survey of Palestine 1:20,000 map excerpt",2,"original file, verified against Palestine Open Maps",name standardised (was 'Tell'); population 400→350 (1945 Village Statistics)
246,Khirbat Umm Sabuna,أم صابونة —عرب الصقر,Historic Palestine (inside 1949 Armistice Line),1947-1949,1948-05-21,day,Beisan,868,1945,depopulated,unknown,32.585598,35.541681,Palestine Open Maps,Village,Palestine Open Maps; Palestine Remembered; Abu Sitta Atlas #120,"https://palopenmaps.org/en/maps/khirbat-umm-sabuna | https://www.palestineremembered.com/Baysan/Umm-Sabuna,-Khirbat/",https://raw.githubusercontent.com/PalOpenMaps/pom-data/main/assets/img/og/khirbat-umm-sabuna.jpg,"Palestine Open Maps – 1940s Survey of Palestine 1:20,000 map excerpt",,added from Palestine Open Maps,displacement method not in source – see Morris (2004) / Khalidi (1992)
247,Lazzaza,لزازة,Historic Palestine (inside 1949 Armistice Line),1947-1949,1948-05-21,day,Safad,230,1945,depopulated,whispering_campaign,33.206744,35.612267,Palestine Open Maps,Whispering campaign,Palestine Open Maps; Zochrot; Palestine Remembered; PalQuest; Abu Sitta Atlas #456,https://palopenmaps.org/en/maps/lazzaza | https://www.zochrot.org/villages/village_details/49242/en | https://www.palestineremembered.com/Safad/Lazzaza/ | https://www.palquest.org/en/place/17084/lazzaza/,https://raw.githubusercontent.com/PalOpenMaps/pom-data/main/assets/img/og/lazzaza.jpg,"Palestine Open Maps – 1940s Survey of Palestine 1:20,000 map excerpt",1,"original file, verified against Palestine Open Maps",
248,al-Zuq al-Fawqani,الزوق الفوقاني,Historic Palestine (inside 1949 Armistice Line),1947-1949,1948-05-21,day,Safad,1000,unverified,depopulated,military_assault,33.243206,35.590787,Palestine Open Maps,Whispering campaign and military assault,Palestine Open Maps; Zochrot; Palestine Remembered; PalQuest; Abu Sitta Atlas #457,https://palopenmaps.org/en/maps/al-zuq-al-fawqani | https://www.zochrot.org/villages/village_details/49163/en | https://www.palestineremembered.com/Safad/al-Zuq-al-Fawqani/ | https://www.palquest.org/en/place/16905/al-zuq-al-fawqani/,https://raw.githubusercontent.com/PalOpenMaps/pom-data/main/assets/img/og/al-zuq-al-fawqani.jpg,"Palestine Open Maps – 1940s Survey of Palestine 1:20,000 map excerpt",,"original file, verified against Palestine Open Maps",name standardised (was 'Zuq Al Fauqani')
249,al-Jammama,الجمـّامة,Historic Palestine (inside 1949 Armistice Line),1947-1949,1948-05-22,day,Beersheba,150,unverified,depopulated,military_assault,31.498705,34.686311,Palestine Open Maps,Military assault,Palestine Open Maps; Zochrot; Palestine Remembered; Abu Sitta Atlas #127,https://palopenmaps.org/en/maps/al-jammama | https://www.zochrot.org/villages/village_details/49072/en | https://www.palestineremembered.com/Beersheba/al-Jammama/,https://raw.githubusercontent.com/PalOpenMaps/pom-data/main/assets/img/og/al-jammama.jpg,"Palestine Open Maps – 1940s Survey of Palestine 1:20,000 map excerpt",,"original file, verified against Palestine Open Maps",district corrected Gaza→Beersheba
250,al-Tantura,الطنطورة,Historic Palestine (inside 1949 Armistice Line),1947-1949,1948-05-23,day,Haifa,1490,1945,depopulated_built_over,massacre,32.609400,34.917400,Palestine Open Maps,Expulsion after massacre,Palestine Open Maps; Zochrot; Palestine Remembered; PalQuest; Abu Sitta Atlas #308,https://palopenmaps.org/en/maps/al-tantura | https://www.zochrot.org/villages/village_details/55025/en | https://www.palestineremembered.com/Haifa/al-Tantura/ | https://www.palquest.org/en/place/16895/al-tantura/,https://raw.githubusercontent.com/PalOpenMaps/pom-data/main/assets/img/og/al-tantura.jpg,"Palestine Open Maps – 1940s Survey of Palestine 1:20,000 map excerpt",2,"original file, verified against Palestine Open Maps",date 1948-05-21→1948-05-23
251,Indur,إندور,Historic Palestine (inside 1949 Armistice Line),1947-1949,1948-05-24,day,Nazareth,620,1945,depopulated,military_assault,32.637992,35.382195,Palestine Open Maps,Capitulation and military assault,Palestine Open Maps; Zochrot; Palestine Remembered; PalQuest; Abu Sitta Atlas #406,https://palopenmaps.org/en/maps/indur | https://www.zochrot.org/villages/village_details/48982/en | https://www.palestineremembered.com/Nazareth/Indur/ | https://www.palquest.org/en/place/17009/indur/,https://raw.githubusercontent.com/PalOpenMaps/pom-data/main/assets/img/og/indur.jpg,"Palestine Open Maps – 1940s Survey of Palestine 1:20,000 map excerpt",1,"original file, verified against Palestine Open Maps",
252,Jahula,جاحولا,Historic Palestine (inside 1949 Armistice Line),1947-1949,1948-05-24,day,Safad,420,1945,depopulated,unknown,33.124793,35.568373,Palestine Open Maps,Date uncertain,Palestine Open Maps; Zochrot; Palestine Remembered; PalQuest; Abu Sitta Atlas #426,https://palopenmaps.org/en/maps/jahula | https://www.zochrot.org/villages/village_details/49079/en | https://www.palestineremembered.com/Safad/Jahula/ | https://www.palquest.org/en/place/17019/jahula/,https://raw.githubusercontent.com/PalOpenMaps/pom-data/main/assets/img/og/jahula.jpg,"Palestine Open Maps – 1940s Survey of Palestine 1:20,000 map excerpt",5,"original file, verified against Palestine Open Maps",population 1030→420 (1945 Village Statistics); date 1948-05-15→1948-05-24
253,al-Zawiya,الزاوية,Historic Palestine (inside 1949 Armistice Line),1947-1949,1948-05-24,day,Safad,760,1945,depopulated,military_assault,33.153267,35.598025,Palestine Open Maps,Military assault and expulsion,Palestine Open Maps; Zochrot; Palestine Remembered; PalQuest; Abu Sitta Atlas #458,https://palopenmaps.org/en/maps/al-zawiya | https://www.zochrot.org/villages/village_details/49162/en | https://www.palestineremembered.com/Safad/al-Zawiya/ | https://www.palquest.org/en/place/16903/al-zawiya/,https://raw.githubusercontent.com/PalOpenMaps/pom-data/main/assets/img/og/al-zawiya.jpg,"Palestine Open Maps – 1940s Survey of Palestine 1:20,000 map excerpt",,"original file, verified against Palestine Open Maps",
254,Baysamun,بيسمون,Historic Palestine (inside 1949 Armistice Line),1947-1949,1948-05-25,day,Safad,20,1945,depopulated,whispering_campaign,33.097581,35.579413,Palestine Open Maps,Whispering campaign,Palestine Open Maps; Zochrot; Palestine Remembered; PalQuest; Abu Sitta Atlas #463,https://palopenmaps.org/en/maps/baysamun | https://www.zochrot.org/villages/village_details/49029/en | https://www.palestineremembered.com/Safad/Baysamun/ | https://www.palquest.org/en/place/16937/baysamun/,https://raw.githubusercontent.com/PalOpenMaps/pom-data/main/assets/img/og/baysamun.jpg,"Palestine Open Maps – 1940s Survey of Palestine 1:20,000 map excerpt",1,"original file, verified against Palestine Open Maps",name standardised (was 'Beisamun'); population 510→20 (1945 Village Statistics)
255,Mallaha,ملاحة,Historic Palestine (inside 1949 Armistice Line),1947-1949,1948-05-25,day,Safad,890,1945,depopulated,whispering_campaign,33.090543,35.582634,Palestine Open Maps,Whispering campaign,Palestine Open Maps; Zochrot; Palestine Remembered; PalQuest; Abu Sitta Atlas #467,https://palopenmaps.org/en/maps/mallaha | https://www.zochrot.org/villages/village_details/49259/en | https://www.palestineremembered.com/Safad/Mallaha/ | https://www.palquest.org/en/place/17092/mallaha/,https://raw.githubusercontent.com/PalOpenMaps/pom-data/main/assets/img/og/mallaha.jpg,"Palestine Open Maps – 1940s Survey of Palestine 1:20,000 map excerpt",1,"original file, verified against Palestine Open Maps",
256,al-'Abisiyya,العابسية,Historic Palestine (inside 1949 Armistice Line),1947-1949,1948-05-25,day,Safad,1220,1945,depopulated,fear_of_attack,33.200398,35.634092,Palestine Open Maps,Capitulation,Palestine Open Maps; Zochrot; Palestine Remembered; PalQuest; Abu Sitta Atlas #462,https://palopenmaps.org/en/maps/al-abisiyya | https://www.zochrot.org/villages/village_details/49392/en | https://www.palestineremembered.com/Safad/al-%27Abisiyya/ | https://www.palquest.org/en/place/20607/al-abisiyya/,https://raw.githubusercontent.com/PalOpenMaps/pom-data/main/assets/img/og/al-abisiyya.jpg,"Palestine Open Maps – 1940s Survey of Palestine 1:20,000 map excerpt",,"original file, verified against Palestine Open Maps",name standardised (was 'Abisiyya'); population 830→1220 (1945 Village Statistics)
257,al-Khisas,خصاص,Historic Palestine (inside 1949 Armistice Line),1947-1949,1948-05-25,day,Safad,470,1945,depopulated,forced_expulsion,33.224615,35.620327,Palestine Open Maps,Multiple methods over time,Palestine Open Maps; Zochrot; Palestine Remembered; PalQuest; Abu Sitta Atlas #466,https://palopenmaps.org/en/maps/al-khisas | https://www.zochrot.org/villages/village_details/49168/en | https://www.palestineremembered.com/Safad/al-Khisas/ | https://www.palquest.org/en/place/16830/al-khisas/,https://raw.githubusercontent.com/PalOpenMaps/pom-data/main/assets/img/og/al-khisas.jpg,"Palestine Open Maps – 1940s Survey of Palestine 1:20,000 map excerpt",2,"original file, verified against Palestine Open Maps",population 530→470 (1945 Village Statistics)
258,al-Mansura,المنصورة,Historic Palestine (inside 1949 Armistice Line),1947-1949,1948-05-25,day,Safad,360,1945,depopulated,whispering_campaign,33.216659,35.640711,Palestine Open Maps,Whispering campaign,Palestine Open Maps; Zochrot; Palestine Remembered; PalQuest; Abu Sitta Atlas #468,https://palopenmaps.org/en/maps/al-mansura-safad | https://www.zochrot.org/villages/village_details/49263/en | https://www.palestineremembered.com/Safad/al-Mansura/ | https://www.palquest.org/en/place/16846/al-mansura/,https://raw.githubusercontent.com/PalOpenMaps/pom-data/main/assets/img/og/al-mansura-safad.jpg,"Palestine Open Maps – 1940s Survey of Palestine 1:20,000 map excerpt",,"original file, verified against Palestine Open Maps",district corrected Acre→Safad; population 850→360 (1945 Village Statistics)
259,al-Salihiyya,الصالحية,Historic Palestine (inside 1949 Armistice Line),1947-1949,1948-05-25,day,Safad,1520,1945,depopulated,fear_of_attack,33.167429,35.611584,Palestine Open Maps,Fear and whispering,Palestine Open Maps; Zochrot; Palestine Remembered; PalQuest; Abu Sitta Atlas #461,https://palopenmaps.org/en/maps/al-salihiyya | https://www.zochrot.org/villages/village_details/49353/en | https://www.palestineremembered.com/Safad/al-Salihiyya/ | https://www.palquest.org/en/place/16877/al-salihiyya/,https://raw.githubusercontent.com/PalOpenMaps/pom-data/main/assets/img/og/al-salihiyya.jpg,"Palestine Open Maps – 1940s Survey of Palestine 1:20,000 map excerpt",,"original file, verified against Palestine Open Maps",name standardised (was 'Salihiya'); population 1420→1520 (1945 Village Statistics)
260,Fir'im,فرعم,Historic Palestine (inside 1949 Armistice Line),1947-1949,1948-05-26,day,Safad,740,1945,depopulated,military_assault,32.985191,35.533169,Palestine Open Maps,Military assault,Palestine Open Maps; Zochrot; Palestine Remembered; PalQuest; Abu Sitta Atlas #469,https://palopenmaps.org/en/maps/firim | https://www.zochrot.org/villages/village_details/49426/en | https://www.palestineremembered.com/Safad/Fir%27im/ | https://www.palquest.org/en/place/16990/firim/,https://raw.githubusercontent.com/PalOpenMaps/pom-data/main/assets/img/og/firim.jpg,"Palestine Open Maps – 1940s Survey of Palestine 1:20,000 map excerpt",6,"original file, verified against Palestine Open Maps",
261,Qabba'a & Jisr al-Hundaj (includes Mughr al-Druz),قبّاعة,Historic Palestine (inside 1949 Armistice Line),1947-1949,1948-05-26,day,Safad,460,1945,depopulated,military_assault,32.999076,35.537529,Palestine Open Maps,Military assault,Palestine Open Maps; Zochrot; Palestine Remembered; Abu Sitta Atlas #471,https://palopenmaps.org/en/maps/qabbaa | https://www.zochrot.org/villages/village_details/49446/en | https://www.palestineremembered.com/Safad/Qabba%27a/,https://raw.githubusercontent.com/PalOpenMaps/pom-data/main/assets/img/og/qabbaa.jpg,"Palestine Open Maps – 1940s Survey of Palestine 1:20,000 map excerpt",4,"original file, verified against Palestine Open Maps",name standardised (was 'Qabba'a'); population 210→460 (1945 Village Statistics)
262,al-Samiriyya,السامرية,Historic Palestine (inside 1949 Armistice Line),1947-1949,1948-05-27,day,Beisan,250,1945,depopulated_built_over,military_assault,32.436938,35.486664,Palestine Open Maps,Military assault,Palestine Open Maps; Zochrot; Palestine Remembered; PalQuest; Abu Sitta Atlas #121,https://palopenmaps.org/en/maps/al-samiriyya | https://www.zochrot.org/villages/village_details/49323/en | https://www.palestineremembered.com/Baysan/al-Samiriyya/ | https://www.palquest.org/en/place/16879/al-samiriyya/,https://raw.githubusercontent.com/PalOpenMaps/pom-data/main/assets/img/og/al-samiriyya.jpg,"Palestine Open Maps – 1940s Survey of Palestine 1:20,000 map excerpt",,"original file, verified against Palestine Open Maps",name standardised (was 'Samiriya')
263,Kawfakha,كوفخة,Historic Palestine (inside 1949 Armistice Line),1947-1949,1948-05-27,day,Gaza,500,1945,depopulated,military_assault,31.477861,34.661217,Palestine Open Maps,Military assault,Palestine Open Maps; Zochrot; Palestine Remembered; PalQuest; Abu Sitta Atlas #227,https://palopenmaps.org/en/maps/kawfakha | https://www.zochrot.org/villages/village_details/49219/en | https://www.palestineremembered.com/Gaza/Kawfakha/ | https://www.palquest.org/en/place/17040/kawfakha/,https://raw.githubusercontent.com/PalOpenMaps/pom-data/main/assets/img/og/kawfakha.jpg,"Palestine Open Maps – 1940s Survey of Palestine 1:20,000 map excerpt",,"original file, verified against Palestine Open Maps",name standardised (was 'Koufakha'); date 1948-05-25→1948-05-27
264,Bayt Jiz,بيت جيز,Historic Palestine (inside 1949 Armistice Line),1947-1949,1948-05-27,day,Ramle,550,1945,depopulated,military_assault,31.813151,34.953110,Palestine Open Maps,Military assault,Palestine Open Maps; Zochrot; Palestine Remembered; PalQuest; Abu Sitta Atlas #55,https://palopenmaps.org/en/maps/bayt-jiz | https://www.zochrot.org/villages/village_details/49056/en | https://www.palestineremembered.com/al-Ramla/Bayt-Jiz/ | https://www.palquest.org/en/place/16955/bayt-jiz/,https://raw.githubusercontent.com/PalOpenMaps/pom-data/main/assets/img/og/bayt-jiz.jpg,"Palestine Open Maps – 1940s Survey of Palestine 1:20,000 map excerpt",,"original file, verified against Palestine Open Maps",name standardised (was 'Beit Jiz'); district corrected Jerusalem→Ramle; date 1948-04-20→1948-05-27
265,Zarnuqa,زرنوقة,Historic Palestine (inside 1949 Armistice Line),1947-1949,1948-05-27,day,Ramle,2380,1945,depopulated_built_over,forced_expulsion,31.879478,34.788925,Palestine Open Maps,Expulsion,Palestine Open Maps; Zochrot; Palestine Remembered; PalQuest; Abu Sitta Atlas #54,https://palopenmaps.org/en/maps/zarnuqa | https://www.zochrot.org/villages/village_details/49155/en | https://www.palestineremembered.com/al-Ramla/Zarnuqa/ | https://www.palquest.org/en/place/17186/zarnuqa/,https://raw.githubusercontent.com/PalOpenMaps/pom-data/main/assets/img/og/zarnuqa.jpg,"Palestine Open Maps – 1940s Survey of Palestine 1:20,000 map excerpt",,"original file, verified against Palestine Open Maps",
266,al-Qubayba,القبيبة,Historic Palestine (inside 1949 Armistice Line),1947-1949,1948-05-27,day,Ramle,1720,1945,depopulated_built_over,forced_expulsion,31.895019,34.772664,Palestine Open Maps,Expulsion,Palestine Open Maps; Zochrot; Palestine Remembered; PalQuest; Abu Sitta Atlas #53,https://palopenmaps.org/en/maps/al-qubayba-ramle | https://www.zochrot.org/villages/village_details/49456/en | https://www.palestineremembered.com/al-Ramla/al-Qubayba/ | https://www.palquest.org/en/place/17059/al-qubayba/,https://raw.githubusercontent.com/PalOpenMaps/pom-data/main/assets/img/og/al-qubayba-ramle.jpg,"Palestine Open Maps – 1940s Survey of Palestine 1:20,000 map excerpt",,"original file, verified against Palestine Open Maps",name standardised (was 'Qubeiba')
267,Danna,دنة,Historic Palestine (inside 1949 Armistice Line),1947-1949,1948-05-28,day,Beisan,190,1945,depopulated,forced_expulsion,32.613342,35.474975,Palestine Open Maps,Expulsion,Palestine Open Maps; Zochrot; Palestine Remembered; PalQuest; Abu Sitta Atlas #122,https://palopenmaps.org/en/maps/danna | https://www.zochrot.org/villages/village_details/49121/en | https://www.palestineremembered.com/Baysan/Danna/ | https://www.palquest.org/en/place/16968/danna/,https://raw.githubusercontent.com/PalOpenMaps/pom-data/main/assets/img/og/danna.jpg,"Palestine Open Maps – 1940s Survey of Palestine 1:20,000 map excerpt",,"original file, verified against Palestine Open Maps",district corrected Nazareth→Beisan
268,Zir'in,زرعين,Historic Palestine (inside 1949 Armistice Line),1947-1949,1948-05-28,day,Jenin,1420,1945,depopulated,military_assault,32.557839,35.326972,Palestine Open Maps,Military assault,Palestine Open Maps; Zochrot; Palestine Remembered; PalQuest; Abu Sitta Atlas #401,https://palopenmaps.org/en/maps/zirin | https://www.zochrot.org/villages/village_details/49147/en | https://www.palestineremembered.com/Jinin/Zir%27in/ | https://www.palquest.org/en/place/17189/zirin/,https://raw.githubusercontent.com/PalOpenMaps/pom-data/main/assets/img/og/zirin.jpg,"Palestine Open Maps – 1940s Survey of Palestine 1:20,000 map excerpt",,"original file, verified against Palestine Open Maps",district corrected Nazareth→Jenin
269,Bayt Susin,بيت سوسين,Historic Palestine (inside 1949 Armistice Line),1947-1949,1948-05-28,day,Ramle,210,1945,depopulated,military_assault,31.806300,34.983395,Palestine Open Maps,Military assault,Palestine Open Maps; Zochrot; Palestine Remembered; PalQuest; Abu Sitta Atlas #56,https://palopenmaps.org/en/maps/bayt-susin | https://www.zochrot.org/villages/village_details/49022/en | https://www.palestineremembered.com/al-Ramla/Bayt-Susin/ | https://www.palquest.org/en/place/16954/bayt-susin/,https://raw.githubusercontent.com/PalOpenMaps/pom-data/main/assets/img/og/bayt-susin.jpg,"Palestine Open Maps – 1940s Survey of Palestine 1:20,000 map excerpt",,"original file, verified against Palestine Open Maps",name standardised (was 'Beit Susin'); district corrected Jerusalem→Ramle; date 1948-04-20→1948-05-28
270,Ghuraba,غرابة,Historic Palestine (inside 1949 Armistice Line),1947-1949,1948-05-28,day,Safad,220,1945,depopulated,fear_of_attack,33.121198,35.645831,Palestine Open Maps,Fear of attack,Palestine Open Maps; Zochrot; Palestine Remembered; PalQuest; Abu Sitta Atlas #473,https://palopenmaps.org/en/maps/ghuraba | https://www.zochrot.org/villages/village_details/49412/en | https://www.palestineremembered.com/Safad/Ghuraba/ | https://www.palquest.org/en/place/16992/ghuraba/,https://raw.githubusercontent.com/PalOpenMaps/pom-data/main/assets/img/og/ghuraba.jpg,"Palestine Open Maps – 1940s Survey of Palestine 1:20,000 map excerpt",,"original file, verified against Palestine Open Maps",population 250→220 (1945 Village Statistics)
271,Nuris,نورس,Historic Palestine (inside 1949 Armistice Line),1947-1949,1948-05-30,day,Jenin,570,1945,depopulated,military_assault,32.533957,35.361614,Palestine Open Maps,Military assault and fear,Palestine Open Maps; Zochrot; Palestine Remembered; PalQuest; Abu Sitta Atlas #402,https://palopenmaps.org/en/maps/nuris | https://www.zochrot.org/villages/village_details/49317/en | https://www.palestineremembered.com/Jinin/Nuris/ | https://www.palquest.org/en/place/17108/nuris/,https://raw.githubusercontent.com/PalOpenMaps/pom-data/main/assets/img/og/nuris.jpg,"Palestine Open Maps – 1940s Survey of Palestine 1:20,000 map excerpt",,"original file, verified against Palestine Open Maps",district corrected Beisan→Jenin; date 1948-05-29→1948-05-30
272,al-Lajjun,اللجّون,Historic Palestine (inside 1949 Armistice Line),1947-1949,1948-05-30,day,Jenin,1280,1945,depopulated,military_assault,32.574600,35.177800,Palestine Open Maps,Military assault,Palestine Open Maps; Zochrot; Palestine Remembered; Abu Sitta Atlas #403,https://palopenmaps.org/en/maps/al-lajjun | https://www.zochrot.org/villages/village_details/53285/en | https://www.palestineremembered.com/Jinin/al-Lajjun/,https://raw.githubusercontent.com/PalOpenMaps/pom-data/main/assets/img/og/al-lajjun.jpg,"Palestine Open Maps – 1940s Survey of Palestine 1:20,000 map excerpt",,"original file, verified against Palestine Open Maps",population 1103→1280 (1945 Village Statistics)
273,al-Mazar,المزار,Historic Palestine (inside 1949 Armistice Line),1947-1949,1948-05-30,day,Jenin,270,1945,depopulated,military_assault,32.526695,35.359965,Palestine Open Maps,Military assault,Palestine Open Maps; Zochrot; Palestine Remembered; PalQuest; Abu Sitta Atlas #404,https://palopenmaps.org/en/maps/al-mazar-jenin | https://www.zochrot.org/villages/village_details/55207/en | https://www.palestineremembered.com/Jinin/al-Mazar/ | https://www.palquest.org/en/place/16852/al-mazar/,https://raw.githubusercontent.com/PalOpenMaps/pom-data/main/assets/img/og/al-mazar-jenin.jpg,"Palestine Open Maps – 1940s Survey of Palestine 1:20,000 map excerpt",,"original file, verified against Palestine Open Maps",district corrected Beisan→Jenin
274,Huj,هوج,Historic Palestine (inside 1949 Armistice Line),1947-1949,1948-05-31,day,Gaza,810,1945,depopulated_built_over,forced_expulsion,31.510613,34.622577,Palestine Open Maps,Expulsion,Palestine Open Maps; Zochrot; Palestine Remembered; PalQuest; Abu Sitta Atlas #230,https://palopenmaps.org/en/maps/huj | https://www.zochrot.org/villages/village_details/49130/en | https://www.palestineremembered.com/Gaza/Huj/ | https://www.palquest.org/en/place/17001/huj/,https://raw.githubusercontent.com/PalOpenMaps/pom-data/main/assets/img/og/huj.jpg,"Palestine Open Maps – 1940s Survey of Palestine 1:20,000 map excerpt",,"original file, verified against Palestine Open Maps",district corrected Beersheba→Gaza
275,Abu al-Fadl,أبو الفضل,Historic Palestine (inside 1949 Armistice Line),1947-1949,1948-06-01,month,Ramle,510,1945,depopulated_built_over,fear_of_attack,31.944760,34.848101,Palestine Open Maps,Capitulation,Palestine Open Maps; Zochrot; Palestine Remembered; PalQuest; Abu Sitta Atlas #42,https://palopenmaps.org/en/maps/abu-al-fadl | https://www.zochrot.org/villages/village_details/49429/en | https://www.palestineremembered.com/al-Ramla/Abu-al-Fadl/ | https://www.palquest.org/en/place/16782/abu-al-fadl/,https://raw.githubusercontent.com/PalOpenMaps/pom-data/main/assets/img/og/abu-al-fadl.jpg,"Palestine Open Maps – 1940s Survey of Palestine 1:20,000 map excerpt",,"original file, verified against Palestine Open Maps",date 1948-05-09→1948-06-01
276,al-Nabi Rubin,النبي روبين,Historic Palestine (inside 1949 Armistice Line),1947-1949,1948-06-01,day,Ramle,1420,1945,depopulated,forced_expulsion,31.945439,34.742337,Palestine Open Maps,Expulsion,Palestine Open Maps; Zochrot; Palestine Remembered; PalQuest; Abu Sitta Atlas #57,https://palopenmaps.org/en/maps/al-nabi-rubin-ramle | https://www.zochrot.org/villages/village_details/49305/en | https://www.palestineremembered.com/al-Ramla/al-Nabi-Rubin/ | https://www.palquest.org/en/place/16862/al-nabi-rubin/,https://raw.githubusercontent.com/PalOpenMaps/pom-data/main/assets/img/og/al-nabi-rubin-ramle.jpg,"Palestine Open Maps – 1940s Survey of Palestine 1:20,000 map excerpt",,"original file, verified against Palestine Open Maps",
277,Yibna,يبنة,Historic Palestine (inside 1949 Armistice Line),1947-1949,1948-06-04,day,Ramle,5420,1945,depopulated_built_over,military_assault,31.865781,34.745681,Palestine Open Maps,Military assault and expulsion,Palestine Open Maps; Zochrot; Palestine Remembered; PalQuest; Abu Sitta Atlas #59,https://palopenmaps.org/en/maps/yibna | https://www.zochrot.org/villages/village_details/49202/en | https://www.palestineremembered.com/al-Ramla/Yibna/ | https://www.palquest.org/en/place/17181/yibna/,https://raw.githubusercontent.com/PalOpenMaps/pom-data/main/assets/img/og/yibna.jpg,"Palestine Open Maps – 1940s Survey of Palestine 1:20,000 map excerpt",1,"original file, verified against Palestine Open Maps",
278,al-Qubab,القباب,Historic Palestine (inside 1949 Armistice Line),1947-1949,1948-06-06,day,Ramle,1980,1945,depopulated,military_assault,31.866568,34.953006,Palestine Open Maps,Military assault,Palestine Open Maps; Zochrot; Palestine Remembered; PalQuest; Abu Sitta Atlas #49,https://palopenmaps.org/en/maps/al-qubab | https://www.zochrot.org/villages/village_details/49458/en | https://www.palestineremembered.com/al-Ramla/al-Qubab/ | https://www.palquest.org/en/place/16869/al-qubab/,https://raw.githubusercontent.com/PalOpenMaps/pom-data/main/assets/img/og/al-qubab.jpg,"Palestine Open Maps – 1940s Survey of Palestine 1:20,000 map excerpt",,"original file, verified against Palestine Open Maps",date 1948-05-15→1948-06-06
279,Qaqun,قاقون,Historic Palestine (inside 1949 Armistice Line),1947-1949,1948-06-06,day,Tulkarem,1970,1945,depopulated,military_assault,32.360258,34.994539,Palestine Open Maps,Military assault,Palestine Open Maps; Zochrot; Palestine Remembered; PalQuest; Abu Sitta Atlas #531,https://palopenmaps.org/en/maps/qaqun | https://www.zochrot.org/villages/village_details/49445/en | https://www.palestineremembered.com/Tulkarm/Qaqun/ | https://www.palquest.org/en/place/17114/qaqun/,https://raw.githubusercontent.com/PalOpenMaps/pom-data/main/assets/img/og/qaqun.jpg,"Palestine Open Maps – 1940s Survey of Palestine 1:20,000 map excerpt",1,"original file, verified against Palestine Open Maps",date 1948-06-05→1948-06-06
280,al-Batani al-Gharbi,البطاني الغربي,Historic Palestine (inside 1949 Armistice Line),1947-1949,1948-06-10,day,Gaza,980,1945,depopulated,military_assault,31.758057,34.699375,Palestine Open Maps,Military assault,Palestine Open Maps; Zochrot; Palestine Remembered; PalQuest; Abu Sitta Atlas #220,https://palopenmaps.org/en/maps/al-batani-al-gharbi | https://www.zochrot.org/villages/village_details/49027/en | https://www.palestineremembered.com/Gaza/al-Batani-al-Gharbi/ | https://www.palquest.org/en/place/16795/al-batani-al-gharbi/,https://raw.githubusercontent.com/PalOpenMaps/pom-data/main/assets/img/og/al-batani-al-gharbi.jpg,"Palestine Open Maps – 1940s Survey of Palestine 1:20,000 map excerpt",,"original file, verified against Palestine Open Maps",date 1948-05-13→1948-06-10
281,al-Barriyya,البرية,Historic Palestine (inside 1949 Armistice Line),1947-1949,1948-06-10,day,Ramle,510,1945,depopulated_built_over,military_assault,31.888219,34.917496,Palestine Open Maps,Military assault,Palestine Open Maps; Zochrot; Palestine Remembered; PalQuest; Abu Sitta Atlas #65,https://palopenmaps.org/en/maps/barriyya | https://www.zochrot.org/villages/village_details/49037/en | https://www.palestineremembered.com/al-Ramla/al-Barriyya/ | https://www.palquest.org/en/place/16935/al-barriyya/,https://raw.githubusercontent.com/PalOpenMaps/pom-data/main/assets/img/og/barriyya.jpg,"Palestine Open Maps – 1940s Survey of Palestine 1:20,000 map excerpt",,"original file, verified against Palestine Open Maps",name standardised (was 'Barriya'); date 1948-07-10→1948-06-10
282,Asluj,عسلوج,Historic Palestine (inside 1949 Armistice Line),1947-1949,1948-06-11,day,Beersheba,,,depopulated,unknown,31.015600,34.757900,Palestine Open Maps,Village,Palestine Open Maps; Zochrot; Abu Sitta Atlas #128,https://palopenmaps.org/en/maps/asluj | https://www.zochrot.org/villages/village_details/49403/en,,,,added from Palestine Open Maps,displacement method not in source – see Morris (2004) / Khalidi (1992)
283,Julis,جولس,Historic Palestine (inside 1949 Armistice Line),1947-1949,1948-06-11,day,Gaza,1030,1945,depopulated,military_assault,31.681926,34.654111,Palestine Open Maps,Military assault,Palestine Open Maps; Zochrot; Palestine Remembered; PalQuest; Abu Sitta Atlas #232,https://palopenmaps.org/en/maps/julis-gaza | https://www.zochrot.org/villages/village_details/49068/en | https://www.palestineremembered.com/Gaza/Julis/ | https://www.palquest.org/en/place/17029/julis/,https://raw.githubusercontent.com/PalOpenMaps/pom-data/main/assets/img/og/julis-gaza.jpg,"Palestine Open Maps – 1940s Survey of Palestine 1:20,000 map excerpt",,"original file, verified against Palestine Open Maps",
284,Jusayr,جسير,Historic Palestine (inside 1949 Armistice Line),1947-1949,1948-06-11,day,Gaza,1180,1945,depopulated,military_assault,31.658749,34.772248,Palestine Open Maps,Military assault,Palestine Open Maps; Zochrot; Palestine Remembered; PalQuest; Abu Sitta Atlas #242,https://palopenmaps.org/en/maps/jusayr | https://www.zochrot.org/villages/village_details/49095/en | https://www.palestineremembered.com/Gaza/Jusayr/ | https://www.palquest.org/en/place/17030/jusayr/,https://raw.githubusercontent.com/PalOpenMaps/pom-data/main/assets/img/og/jusayr.jpg,"Palestine Open Maps – 1940s Survey of Palestine 1:20,000 map excerpt",,"original file, verified against Palestine Open Maps",name standardised (was 'Juseir'); district corrected Hebron→Gaza; date 1948-07-17→1948-06-11
285,Yasur,ياصور,Historic Palestine (inside 1949 Armistice Line),1947-1949,1948-06-11,day,Gaza,1070,1945,depopulated_built_over,military_assault,31.766288,34.748482,Palestine Open Maps,Military assault,Palestine Open Maps; Zochrot; Palestine Remembered; PalQuest; Abu Sitta Atlas #231,https://palopenmaps.org/en/maps/yasur-gaza | https://www.zochrot.org/villages/village_details/49204/en | https://www.palestineremembered.com/Gaza/Yasur/ | https://www.palquest.org/en/place/17179/yasur/,,,,"original file, verified against Palestine Open Maps",
286,Khirbat Jiddin,خربة جدين,Historic Palestine (inside 1949 Armistice Line),1947-1949,1948-07-01,month,Acre,,,depopulated_built_over,unknown,32.994155,35.221993,Palestine Open Maps,Village (Mixed population in 1945),Palestine Open Maps; Zochrot; Palestine Remembered; PalQuest; Abu Sitta Atlas #12,"https://palopenmaps.org/en/maps/khirbat-jiddin | https://www.zochrot.org/villages/village_details/49074/en | https://www.palestineremembered.com/Acre/Jiddin,-Khirbat/ | https://www.palquest.org/en/place/17068/khirbat-jiddin/",https://raw.githubusercontent.com/PalOpenMaps/pom-data/main/assets/img/og/khirbat-jiddin.jpg,"Palestine Open Maps – 1940s Survey of Palestine 1:20,000 map excerpt",1,added from Palestine Open Maps,displacement method not in source – see Morris (2004) / Khalidi (1992)
287,al-Jaladiyya,الجلدية,Historic Palestine (inside 1949 Armistice Line),1947-1949,1948-07-01,month,Gaza,360,1945,depopulated,unknown,31.692331,34.749889,Palestine Open Maps,Unknown,Palestine Open Maps; Zochrot; Palestine Remembered; PalQuest; Abu Sitta Atlas #235,https://palopenmaps.org/en/maps/al-jaladiyya | https://www.zochrot.org/villages/village_details/49084/en | https://www.palestineremembered.com/Gaza/al-Jaladiyya/ | https://www.palquest.org/en/place/17020/al-jaladiyya/,https://raw.githubusercontent.com/PalOpenMaps/pom-data/main/assets/img/og/al-jaladiyya.jpg,"Palestine Open Maps – 1940s Survey of Palestine 1:20,000 map excerpt",,"original file, verified against Palestine Open Maps",name standardised (was 'Jaladiya'); date 1948-05-15→1948-07-01
288,Maqura,خربة الماقوره,Historic Palestine (inside 1949 Armistice Line),1947-1949,1948-07-01,month,Haifa,,,depopulated,unknown,32.638739,35.005028,Palestine Open Maps,Community,Palestine Open Maps; Zochrot,https://palopenmaps.org/en/maps/maqura | https://www.zochrot.org/villages/village_details/49282/en,https://raw.githubusercontent.com/PalOpenMaps/pom-data/main/assets/img/og/maqura.jpg,"Palestine Open Maps – 1940s Survey of Palestine 1:20,000 map excerpt",,added from Palestine Open Maps,displacement method not in source – see Morris (2004) / Khalidi (1992)
289,Bayt Umm al-Mays,بيت أم الميس,Historic Palestine (inside 1949 Armistice Line),1947-1949,1948-07-01,month,Jerusalem,70,1945,depopulated,military_assault,31.780070,35.080861,Palestine Open Maps,Military assault,Palestine Open Maps; Zochrot; Palestine Remembered; PalQuest; Abu Sitta Atlas #390,https://palopenmaps.org/en/maps/bayt-umm-al-mays | https://www.zochrot.org/villages/village_details/49054/en | https://www.palestineremembered.com/Jerusalem/Bayt-Umm-al-Mays/ | https://www.palquest.org/en/place/16949/bayt-umm-al-mays/,https://raw.githubusercontent.com/PalOpenMaps/pom-data/main/assets/img/og/bayt-umm-al-mays.jpg,"Palestine Open Maps – 1940s Survey of Palestine 1:20,000 map excerpt",,"original file, verified against Palestine Open Maps",name standardised (was 'Beit Umm AL Meis'); district corrected Hebron→Jerusalem; date 1948-10-21→1948-07-01
290,Khirbat al-'Umur,خربة العمور,Historic Palestine (inside 1949 Armistice Line),1947-1949,1948-07-01,month,Jerusalem,270,1945,depopulated,unknown,31.794002,35.099313,Palestine Open Maps,Village,Palestine Open Maps; Zochrot; Palestine Remembered; PalQuest; Abu Sitta Atlas #395,"https://palopenmaps.org/en/maps/khirbat-al-umur | https://www.zochrot.org/villages/village_details/49416/en | https://www.palestineremembered.com/Jerusalem/al-%27Umur,-Khirbat/ | https://www.palquest.org/en/place/17046/khirbat-al-umur/",https://raw.githubusercontent.com/PalOpenMaps/pom-data/main/assets/img/og/khirbat-al-umur.jpg,"Palestine Open Maps – 1940s Survey of Palestine 1:20,000 map excerpt",,added from Palestine Open Maps,displacement method not in source – see Morris (2004) / Khalidi (1992)
291,Khirbat Bayt Far,خربة بيت فار,Historic Palestine (inside 1949 Armistice Line),1947-1949,1948-07-01,month,Ramle,300,1945,depopulated,unknown,31.800905,34.914869,Palestine Open Maps,Community,Palestine Open Maps; Zochrot; Palestine Remembered; PalQuest; Abu Sitta Atlas #35,"https://palopenmaps.org/en/maps/khirbat-bayt-far | https://www.zochrot.org/villages/village_details/49005/en | https://www.palestineremembered.com/al-Ramla/Bayt-Far,-Khirbat/ | https://www.palquest.org/en/place/17066/khirbat-bayt-far/",https://raw.githubusercontent.com/PalOpenMaps/pom-data/main/assets/img/og/khirbat-bayt-far.jpg,"Palestine Open Maps – 1940s Survey of Palestine 1:20,000 map excerpt",,added from Palestine Open Maps,displacement method not in source – see Morris (2004) / Khalidi (1992)
292,Nabi Thari,النبي ذاري,Historic Palestine (inside 1949 Armistice Line),1947-1949,1948-07-01,month,Ramle,,,depopulated,unknown,32.067245,34.924783,Palestine Open Maps,Community,Palestine Open Maps; Zochrot; Palestine Remembered,https://palopenmaps.org/en/maps/nabi-thari | https://www.zochrot.org/villages/village_details/49306/en | https://www.palestineremembered.com/GeoPoints/Nabi_Thari_4080/,https://raw.githubusercontent.com/PalOpenMaps/pom-data/main/assets/img/og/nabi-thari.jpg,"Palestine Open Maps – 1940s Survey of Palestine 1:20,000 map excerpt",,added from Palestine Open Maps,displacement method not in source – see Morris (2004) / Khalidi (1992)
293,al-Khayma,الخيمة,Historic Palestine (inside 1949 Armistice Line),1947-1949,1948-07-01,month,Ramle,190,1945,depopulated,unknown,31.762484,34.829838,Palestine Open Maps,Unknown,Palestine Open Maps; Zochrot; Palestine Remembered; PalQuest; Abu Sitta Atlas #63,https://palopenmaps.org/en/maps/al-khayma | https://www.zochrot.org/villages/village_details/49172/en | https://www.palestineremembered.com/al-Ramla/al-Khayma/ | https://www.palquest.org/en/place/17044/al-khayma/,https://raw.githubusercontent.com/PalOpenMaps/pom-data/main/assets/img/og/al-khayma.jpg,"Palestine Open Maps – 1940s Survey of Palestine 1:20,000 map excerpt",,"original file, verified against Palestine Open Maps",name standardised (was 'Kheima'); district corrected Gaza→Ramle; date 1948-05-15→1948-07-01
294,Abu Muailiq,أبومعيلق,Historic Palestine (inside 1949 Armistice Line),1947-1949,1948-07-05,day,Beersheba,,,depopulated,unknown,31.412409,34.467471,Palestine Open Maps,Village,Palestine Open Maps; Zochrot; Abu Sitta Atlas #152,https://palopenmaps.org/en/maps/abu-muailiq | https://www.zochrot.org/villages/village_details/49293/en,,,,added from Palestine Open Maps,displacement method not in source – see Morris (2004) / Khalidi (1992)
295,Kuwaykat,كويكات,Historic Palestine (inside 1949 Armistice Line),1947-1949,1948-07-09,day,Acre,1050,1945,depopulated_built_over,military_assault,32.971051,35.147834,Palestine Open Maps,Military assault,Palestine Open Maps; Zochrot; Palestine Remembered; PalQuest; Abu Sitta Atlas #14,https://palopenmaps.org/en/maps/kuwaykat | https://www.zochrot.org/villages/village_details/49232/en | https://www.palestineremembered.com/Acre/Kuwaykat/ | https://www.palquest.org/en/place/17083/kuwaykat/,https://raw.githubusercontent.com/PalOpenMaps/pom-data/main/assets/img/og/kuwaykat.jpg,"Palestine Open Maps – 1940s Survey of Palestine 1:20,000 map excerpt",9,"original file, verified against Palestine Open Maps",name standardised (was 'Kuweikat'); date 1948-07-10→1948-07-09
296,Bi'lin,بعلين,Historic Palestine (inside 1949 Armistice Line),1947-1949,1948-07-09,day,Gaza,180,1945,depopulated,unknown,31.688424,34.818040,Palestine Open Maps,Unknown,Palestine Open Maps; Zochrot; Palestine Remembered; PalQuest; Abu Sitta Atlas #233,https://palopenmaps.org/en/maps/bilin-gaza | https://www.zochrot.org/villages/village_details/49004/en | https://www.palestineremembered.com/Gaza/Bi%27lin/ | https://www.palquest.org/en/place/16956/bilin/,https://raw.githubusercontent.com/PalOpenMaps/pom-data/main/assets/img/og/bilin-gaza.jpg,"Palestine Open Maps – 1940s Survey of Palestine 1:20,000 map excerpt",,"original file, verified against Palestine Open Maps",date 1948-05-15→1948-07-09
297,Ibdis,عبدس,Historic Palestine (inside 1949 Armistice Line),1947-1949,1948-07-09,day,Gaza,540,1945,depopulated,military_assault,31.677152,34.698513,Palestine Open Maps,Military assault,Palestine Open Maps; Zochrot; Palestine Remembered; PalQuest; Abu Sitta Atlas #234,https://palopenmaps.org/en/maps/ibdis | https://www.zochrot.org/villages/village_details/49374/en | https://www.palestineremembered.com/Gaza/Ibdis/ | https://www.palquest.org/en/place/17004/ibdis/,https://raw.githubusercontent.com/PalOpenMaps/pom-data/main/assets/img/og/ibdis.jpg,"Palestine Open Maps – 1940s Survey of Palestine 1:20,000 map excerpt",,"original file, verified against Palestine Open Maps",date 1948-07-08→1948-07-09
298,Qastina,قسطينة,Historic Palestine (inside 1949 Armistice Line),1947-1949,1948-07-09,day,Gaza,890,1945,depopulated,military_assault,31.739026,34.761904,Palestine Open Maps,Military assault and capitulation,Palestine Open Maps; Zochrot; Palestine Remembered; PalQuest; Abu Sitta Atlas #239,https://palopenmaps.org/en/maps/qastina | https://www.zochrot.org/villages/village_details/49453/en | https://www.palestineremembered.com/Gaza/Qastina/ | https://www.palquest.org/en/place/17115/qastina/,https://raw.githubusercontent.com/PalOpenMaps/pom-data/main/assets/img/og/qastina.jpg,"Palestine Open Maps – 1940s Survey of Palestine 1:20,000 map excerpt",,"original file, verified against Palestine Open Maps",
299,al-Masmiyya al-Kabira,المسمية الكبيرة,Historic Palestine (inside 1949 Armistice Line),1947-1949,1948-07-09,day,Gaza,2520,1945,depopulated,military_assault,31.757892,34.785119,Palestine Open Maps,Military assault,Palestine Open Maps; Zochrot; Palestine Remembered; PalQuest; Abu Sitta Atlas #236,https://palopenmaps.org/en/maps/al-masmiyya-al-kabira | https://www.zochrot.org/villages/village_details/49273/en | https://www.palestineremembered.com/Gaza/al-Masmiyya-al-Kabira/ | https://www.palquest.org/en/place/16849/al-masmiyya-al-kabira/,https://raw.githubusercontent.com/PalOpenMaps/pom-data/main/assets/img/og/al-masmiyya-al-kabira.jpg,"Palestine Open Maps – 1940s Survey of Palestine 1:20,000 map excerpt",,"original file, verified against Palestine Open Maps",name standardised (was 'Masmiya Al Kabira'); population 2410→2520 (1945 Village Statistics); date 1948-07-08→1948-07-09
300,al-Masmiyya al-Saghira (Huraniya),المسمية الصغيرة,Historic Palestine (inside 1949 Armistice Line),1947-1949,1948-07-09,day,Gaza,530,1945,depopulated,military_assault,31.752468,34.798557,Palestine Open Maps,Military assault,Palestine Open Maps; Zochrot; Palestine Remembered; PalQuest; Abu Sitta Atlas #237,https://palopenmaps.org/en/maps/al-masmiyya-al-saghira-huraniya | https://www.zochrot.org/villages/village_details/49274/en | https://www.palestineremembered.com/Gaza/al-Masmiyya-al-Saghira/ | https://www.palquest.org/en/place/16850/al-masmiyya-al-saghira/,https://raw.githubusercontent.com/PalOpenMaps/pom-data/main/assets/img/og/al-masmiyya-al-saghira-huraniya.jpg,"Palestine Open Maps – 1940s Survey of Palestine 1:20,000 map excerpt",,"original file, verified against Palestine Open Maps",name standardised (was 'Masmiya Al Saghira'); date 1948-07-08→1948-07-09
301,Tall al-Safi,تل الصافي,Historic Palestine (inside 1949 Armistice Line),1947-1949,1948-07-09,day,Hebron,1290,1945,depopulated,military_assault,31.702977,34.846173,Palestine Open Maps,Military assault,Palestine Open Maps; Zochrot; Palestine Remembered; PalQuest; Abu Sitta Atlas #321,https://palopenmaps.org/en/maps/tall-al-safi | https://www.zochrot.org/villages/village_details/49505/en | https://www.palestineremembered.com/Hebron/Tall-al-Safi/ | https://www.palquest.org/en/place/17156/tall-al-safi/,https://raw.githubusercontent.com/PalOpenMaps/pom-data/main/assets/img/og/tall-al-safi.jpg,"Palestine Open Maps – 1940s Survey of Palestine 1:20,000 map excerpt",,"original file, verified against Palestine Open Maps",name standardised (was 'Tel AL Safi')
302,al-Tina,التينة,Historic Palestine (inside 1949 Armistice Line),1947-1949,1948-07-09,day,Ramle,750,1945,depopulated,military_assault,31.746292,34.819320,Palestine Open Maps,Military assault,Palestine Open Maps; Zochrot; Palestine Remembered; PalQuest; Abu Sitta Atlas #60,https://palopenmaps.org/en/maps/al-tina | https://www.zochrot.org/villages/village_details/49497/en | https://www.palestineremembered.com/al-Ramla/al-Tina/ | https://www.palquest.org/en/place/16896/al-tina/,https://raw.githubusercontent.com/PalOpenMaps/pom-data/main/assets/img/og/al-tina.jpg,"Palestine Open Maps – 1940s Survey of Palestine 1:20,000 map excerpt",,"original file, verified against Palestine Open Maps",district corrected Gaza→Ramle; date 1948-07-08→1948-07-09
303,Amqa,عمقا,Historic Palestine (inside 1949 Armistice Line),1947-1949,1948-07-10,day,Acre,1240,1945,depopulated,military_assault,32.978292,35.167959,Palestine Open Maps,Military assault,Palestine Open Maps; Zochrot; Palestine Remembered; PalQuest; Abu Sitta Atlas #13,https://palopenmaps.org/en/maps/amqa-acre | https://www.zochrot.org/villages/village_details/49400/en | https://www.palestineremembered.com/Acre/Amqa/ | https://www.palquest.org/en/place/16778/amqa/,https://raw.githubusercontent.com/PalOpenMaps/pom-data/main/assets/img/og/amqa-acre.jpg,"Palestine Open Maps – 1940s Survey of Palestine 1:20,000 map excerpt",16,"original file, verified against Palestine Open Maps",
304,Barqusya,برقوسيا,Historic Palestine (inside 1949 Armistice Line),1947-1949,1948-07-10,day,Hebron,330,1945,depopulated,unknown,31.679630,34.823305,Palestine Open Maps,Unknown,Palestine Open Maps; Zochrot; Palestine Remembered; PalQuest; Abu Sitta Atlas #319,https://palopenmaps.org/en/maps/barqusya | https://www.zochrot.org/villages/village_details/49007/en | https://www.palestineremembered.com/Hebron/Barqusya/ | https://www.palquest.org/en/place/16933/barqusya/,https://raw.githubusercontent.com/PalOpenMaps/pom-data/main/assets/img/og/barqusya.jpg,"Palestine Open Maps – 1940s Survey of Palestine 1:20,000 map excerpt",,"original file, verified against Palestine Open Maps",name standardised (was 'Barqusiya'); district corrected Gaza→Hebron; population 510→330 (1945 Village Statistics); date 1948-05-15→1948-07-10
305,Rantiya,رنتية,Historic Palestine (inside 1949 Armistice Line),1947-1949,1948-07-10,day,Jaffa,590,1945,depopulated_built_over,military_assault,32.044052,34.921465,Palestine Open Maps,Military assault,Palestine Open Maps; Zochrot; Palestine Remembered; PalQuest; Abu Sitta Atlas #359,https://palopenmaps.org/en/maps/rantiya | https://www.zochrot.org/villages/village_details/49904/en | https://www.palestineremembered.com/Jaffa/Rantiya/ | https://www.palquest.org/en/place/17125/rantiya/,https://raw.githubusercontent.com/PalOpenMaps/pom-data/main/assets/img/og/rantiya.jpg,"Palestine Open Maps – 1940s Survey of Palestine 1:20,000 map excerpt",,"original file, verified against Palestine Open Maps",district corrected Ramle→Jaffa; date 1948-04-28→1948-07-10
306,Wilhelma,ولهلما,Historic Palestine (inside 1949 Armistice Line),1947-1949,1948-07-10,day,Jaffa,240,1945,depopulated_built_over,military_assault,32.023284,34.911808,Palestine Open Maps,Military assault,Palestine Open Maps; Palestine Remembered; Abu Sitta Atlas #76,https://palopenmaps.org/en/maps/wilhelma | https://www.palestineremembered.com/GeoPoints/Wilhelma_1688/,https://raw.githubusercontent.com/PalOpenMaps/pom-data/main/assets/img/og/wilhelma.jpg,"Palestine Open Maps – 1940s Survey of Palestine 1:20,000 map excerpt",,"original file, verified against Palestine Open Maps",district corrected Ramle→Jaffa; population 890→240 (1945 Village Statistics)
307,al-'Abbasiyya,العباسية,Historic Palestine (inside 1949 Armistice Line),1947-1949,1948-07-10,day,Jaffa,5650,1945,depopulated_built_over,military_assault,32.031372,34.889784,Palestine Open Maps,Military assault,Palestine Open Maps; Zochrot; Palestine Remembered; PalQuest; Abu Sitta Atlas #355,https://palopenmaps.org/en/maps/al-yahudiya-al-abisiyya | https://www.zochrot.org/villages/village_details/49211/en | https://www.palestineremembered.com/Jaffa/al-%27Abbasiyya/ | https://www.palquest.org/en/place/16789/al-abbasiyya/,https://raw.githubusercontent.com/PalOpenMaps/pom-data/main/assets/img/og/al-yahudiya-al-abisiyya.jpg,"Palestine Open Maps – 1940s Survey of Palestine 1:20,000 map excerpt",,"original file, verified against Palestine Open Maps",name standardised (was 'Yahudiya'); date 1948-05-04→1948-07-10
308,Daniyal,دانيال,Historic Palestine (inside 1949 Armistice Line),1947-1949,1948-07-10,day,Ramle,410,1945,depopulated_built_over,military_assault,31.931362,34.930811,Palestine Open Maps,Military assault,Palestine Open Maps; Zochrot; Palestine Remembered; PalQuest; Abu Sitta Atlas #66,https://palopenmaps.org/en/maps/daniyal | https://www.zochrot.org/villages/village_details/49120/en | https://www.palestineremembered.com/al-Ramla/Daniyal/ | https://www.palquest.org/en/place/16969/daniyal/,https://raw.githubusercontent.com/PalOpenMaps/pom-data/main/assets/img/og/daniyal.jpg,"Palestine Open Maps – 1940s Survey of Palestine 1:20,000 map excerpt",,"original file, verified against Palestine Open Maps",
309,Innaba,عنابة,Historic Palestine (inside 1949 Armistice Line),1947-1949,1948-07-10,day,Ramle,1420,1945,depopulated,military_assault,31.902147,34.947836,Palestine Open Maps,Military assault,Palestine Open Maps; Zochrot; Palestine Remembered; PalQuest; Abu Sitta Atlas #69,https://palopenmaps.org/en/maps/innaba | https://www.zochrot.org/villages/village_details/49376/en | https://www.palestineremembered.com/al-Ramla/Innaba/ | https://www.palquest.org/en/place/17010/innaba/,https://raw.githubusercontent.com/PalOpenMaps/pom-data/main/assets/img/og/innaba.jpg,"Palestine Open Maps – 1940s Survey of Palestine 1:20,000 map excerpt",,"original file, verified against Palestine Open Maps",
310,Jimzu,جمزو,Historic Palestine (inside 1949 Armistice Line),1947-1949,1948-07-10,day,Ramle,1510,1945,depopulated,military_assault,31.929847,34.946304,Palestine Open Maps,Military assault,Palestine Open Maps; Zochrot; Palestine Remembered; PalQuest; Abu Sitta Atlas #70,https://palopenmaps.org/en/maps/jimzu | https://www.zochrot.org/villages/village_details/49077/en | https://www.palestineremembered.com/al-Ramla/Jimzu/ | https://www.palquest.org/en/place/17027/jimzu/,https://raw.githubusercontent.com/PalOpenMaps/pom-data/main/assets/img/og/jimzu.jpg,"Palestine Open Maps – 1940s Survey of Palestine 1:20,000 map excerpt",,"original file, verified against Palestine Open Maps",
311,Jindus,جنداس,Historic Palestine (inside 1949 Armistice Line),1947-1949,1948-07-10,day,Ramle,1420,unverified,depopulated,unknown,31.967826,34.906449,Palestine Open Maps,Unknown,Palestine Open Maps; Zochrot; Palestine Remembered; Abu Sitta Atlas #80,https://palopenmaps.org/en/maps/jindas | https://www.zochrot.org/villages/village_details/49071/en | https://www.palestineremembered.com/GeoPoints/Jindas_1229/,https://raw.githubusercontent.com/PalOpenMaps/pom-data/main/assets/img/og/jindas.jpg,"Palestine Open Maps – 1940s Survey of Palestine 1:20,000 map excerpt",,"original file, verified against Palestine Open Maps",name standardised (was 'Jindas')
312,Kharruba,خروبة,Historic Palestine (inside 1949 Armistice Line),1947-1949,1948-07-10,day,Ramle,170,1945,depopulated,military_assault,31.913135,34.959784,Palestine Open Maps,Military assault,Palestine Open Maps; Zochrot; Palestine Remembered; PalQuest; Abu Sitta Atlas #81,https://palopenmaps.org/en/maps/kharruba | https://www.zochrot.org/villages/village_details/49175/en | https://www.palestineremembered.com/al-Ramla/Kharruba/ | https://www.palquest.org/en/place/17043/kharruba/,https://raw.githubusercontent.com/PalOpenMaps/pom-data/main/assets/img/og/kharruba.jpg,"Palestine Open Maps – 1940s Survey of Palestine 1:20,000 map excerpt",,"original file, verified against Palestine Open Maps",date 1948-07-12→1948-07-10
313,al-Kunayyisa,الكنيسة,Historic Palestine (inside 1949 Armistice Line),1947-1949,1948-07-10,day,Ramle,40,1945,depopulated,military_assault,31.888789,34.957633,Palestine Open Maps,Military assault,Palestine Open Maps; Zochrot; Palestine Remembered; PalQuest; Abu Sitta Atlas #71,https://palopenmaps.org/en/maps/al-kunayyisa | https://www.zochrot.org/villages/village_details/49233/en | https://www.palestineremembered.com/al-Ramla/al-Kunayyisa/ | https://www.palquest.org/en/place/16832/al-kunayyisa/,https://raw.githubusercontent.com/PalOpenMaps/pom-data/main/assets/img/og/al-kunayyisa.jpg,"Palestine Open Maps – 1940s Survey of Palestine 1:20,000 map excerpt",,"original file, verified against Palestine Open Maps",name standardised (was 'Khirbet Al Kunaisiya')
314,al-Tira,الطيرة,Historic Palestine (inside 1949 Armistice Line),1947-1949,1948-07-10,day,Ramle,1290,1945,depopulated_built_over,military_assault,32.017025,34.942484,Palestine Open Maps,Military assault,Palestine Open Maps; Zochrot; Palestine Remembered; PalQuest; Abu Sitta Atlas #75,https://palopenmaps.org/en/maps/al-tira-ramle | https://www.zochrot.org/villages/village_details/49201/en | https://www.palestineremembered.com/al-Ramla/al-Tira/ | https://www.palquest.org/en/place/16897/al-tira/,https://raw.githubusercontent.com/PalOpenMaps/pom-data/main/assets/img/og/al-tira-ramle.jpg,"Palestine Open Maps – 1940s Survey of Palestine 1:20,000 map excerpt",,"original file, verified against Palestine Open Maps",population 5270→1290 (1945 Village Statistics)
315,Kafr Sabt,كفر سبت,Historic Palestine (inside 1949 Armistice Line),1947-1949,1948-07-10,day,Tiberias,480,1945,depopulated,fear_of_attack,32.744043,35.440951,Palestine Open Maps,Capitulation,Palestine Open Maps; Zochrot; Palestine Remembered; PalQuest; Abu Sitta Atlas #497,https://palopenmaps.org/en/maps/kafr-sabt | https://www.zochrot.org/villages/village_details/49228/en | https://www.palestineremembered.com/Tiberias/Kafr-Sabt/ | https://www.palquest.org/en/place/17036/kafr-sabt/,https://raw.githubusercontent.com/PalOpenMaps/pom-data/main/assets/img/og/kafr-sabt.jpg,"Palestine Open Maps – 1940s Survey of Palestine 1:20,000 map excerpt",,"original file, verified against Palestine Open Maps",date 1948-04-22→1948-07-10
316,al-Jura,الجورة,Historic Palestine (inside 1949 Armistice Line),1947-1949,1948-07-11,day,Jerusalem,420,1945,depopulated,unknown,31.757014,35.150341,Palestine Open Maps,Unknown,Palestine Open Maps; Zochrot; Palestine Remembered; PalQuest; Abu Sitta Atlas #370,https://palopenmaps.org/en/maps/al-jura-jerusalem | https://www.zochrot.org/villages/village_details/49070/en | https://www.palestineremembered.com/Jerusalem/al-Jura/ | https://www.palquest.org/en/place/16825/al-jura/,https://raw.githubusercontent.com/PalOpenMaps/pom-data/main/assets/img/og/al-jura-jerusalem.jpg,"Palestine Open Maps – 1940s Survey of Palestine 1:20,000 map excerpt",,"original file, verified against Palestine Open Maps",date 1948-05-15→1948-07-11
317,Lydda,اللد,Historic Palestine (inside 1949 Armistice Line),1947-1949,1948-07-11,day,Ramle,16780,1945,depopulated_appropriated,forced_expulsion,31.954554,34.900155,Palestine Open Maps,Expulsion and military assault on city,Palestine Open Maps; Zochrot; Palestine Remembered; Abu Sitta Atlas #72,https://palopenmaps.org/en/maps/lydda | https://www.zochrot.org/villages/village_details/49245/en | https://www.palestineremembered.com/al-Ramla/al-Lydd/,https://raw.githubusercontent.com/PalOpenMaps/pom-data/main/assets/img/og/lydda.jpg,"Palestine Open Maps – 1940s Survey of Palestine 1:20,000 map excerpt",1,"original file, verified against Palestine Open Maps",population 18250→16780 (1945 Village Statistics)
318,Bayt Mazmil,بيت مزميل,Historic Palestine (inside 1949 Armistice Line),1947-1949,1948-07-12,day,Jerusalem,,,depopulated_built_over,unknown,31.764854,35.176428,Palestine Open Maps,Village,Palestine Open Maps; Zochrot,https://palopenmaps.org/en/maps/beit-mazmil | https://www.zochrot.org/villages/village_details/49064/en,https://raw.githubusercontent.com/PalOpenMaps/pom-data/main/assets/img/og/beit-mazmil.jpg,"Palestine Open Maps – 1940s Survey of Palestine 1:20,000 map excerpt",,added from Palestine Open Maps,displacement method not in source – see Morris (2004) / Khalidi (1992)
319,Bayt Nabala,بيت نبالا,Historic Palestine (inside 1949 Armistice Line),1947-1949,1948-07-12,day,Ramle,2310,1945,depopulated,fear_of_attack,31.986024,34.956388,Palestine Open Maps,Abandonment,Palestine Open Maps; Zochrot; Palestine Remembered; PalQuest; Abu Sitta Atlas #45,https://palopenmaps.org/en/maps/bayt-nabala | https://www.zochrot.org/villages/village_details/49020/en | https://www.palestineremembered.com/al-Ramla/Bayt-Nabala/ | https://www.palquest.org/en/place/16944/bayt-nabala/,https://raw.githubusercontent.com/PalOpenMaps/pom-data/main/assets/img/og/bayt-nabala.jpg,"Palestine Open Maps – 1940s Survey of Palestine 1:20,000 map excerpt",,"original file, verified against Palestine Open Maps",name standardised (was 'Beit Nabala'); date 1948-05-13→1948-07-12
320,Dayr Tarif,دير طريف,Historic Palestine (inside 1949 Armistice Line),1947-1949,1948-07-12,day,Ramle,1750,1945,depopulated_built_over,military_assault,31.993000,34.939117,Palestine Open Maps,Military assault,Palestine Open Maps; Zochrot; Palestine Remembered; PalQuest; Abu Sitta Atlas #67,https://palopenmaps.org/en/maps/dayr-tarif | https://www.zochrot.org/villages/village_details/49105/en | https://www.palestineremembered.com/al-Ramla/Dayr-Tarif/ | https://www.palquest.org/en/place/16982/dayr-tarif/,https://raw.githubusercontent.com/PalOpenMaps/pom-data/main/assets/img/og/dayr-tarif.jpg,"Palestine Open Maps – 1940s Survey of Palestine 1:20,000 map excerpt",,"original file, verified against Palestine Open Maps",name standardised (was 'Deir Tarif'); date 1948-07-10→1948-07-12
321,al-Haditha,الحديثة,Historic Palestine (inside 1949 Armistice Line),1947-1949,1948-07-12,day,Ramle,760,1945,depopulated,military_assault,31.962929,34.951460,Palestine Open Maps,Military assault,Palestine Open Maps; Zochrot; Palestine Remembered; PalQuest; Abu Sitta Atlas #78,https://palopenmaps.org/en/maps/al-haditha | https://www.zochrot.org/villages/village_details/49177/en | https://www.palestineremembered.com/al-Ramla/al-Haditha/ | https://www.palquest.org/en/place/16815/al-haditha/,https://raw.githubusercontent.com/PalOpenMaps/pom-data/main/assets/img/og/al-haditha.jpg,"Palestine Open Maps – 1940s Survey of Palestine 1:20,000 map excerpt",,"original file, verified against Palestine Open Maps",
322,al-Ramla,الرملة,Historic Palestine (inside 1949 Armistice Line),1947-1949,1948-07-12,day,Ramle,15160,1945,depopulated_appropriated,forced_expulsion,31.925447,34.872346,Palestine Open Maps,Expulsion and military assault on city,Palestine Open Maps; Zochrot; Palestine Remembered; Abu Sitta Atlas #74,https://palopenmaps.org/en/maps/ramle | https://www.zochrot.org/villages/village_details/49477/en | https://www.palestineremembered.com/al-Ramla/al-Ramla/,https://raw.githubusercontent.com/PalOpenMaps/pom-data/main/assets/img/og/ramle.jpg,"Palestine Open Maps – 1940s Survey of Palestine 1:20,000 map excerpt",2,"original file, verified against Palestine Open Maps",name standardised (was 'Ramle')
323,Suba,صوبا,Historic Palestine (inside 1949 Armistice Line),1947-1949,1948-07-13,day,Jerusalem,620,1945,depopulated,military_assault,31.784887,35.125829,Palestine Open Maps,Military assault,Palestine Open Maps; Zochrot; Palestine Remembered; PalQuest; Abu Sitta Atlas #374,https://palopenmaps.org/en/maps/suba | https://www.zochrot.org/villages/village_details/49356/en | https://www.palestineremembered.com/Jerusalem/Suba/ | https://www.palquest.org/en/place/17150/suba/,https://raw.githubusercontent.com/PalOpenMaps/pom-data/main/assets/img/og/suba.jpg,"Palestine Open Maps – 1940s Survey of Palestine 1:20,000 map excerpt",,"original file, verified against Palestine Open Maps",
324,Dayr Abu Salama,دير أبو سلامة,Historic Palestine (inside 1949 Armistice Line),1947-1949,1948-07-13,day,Ramle,60,1945,depopulated,military_assault,31.949310,34.956891,Palestine Open Maps,Military assault,Palestine Open Maps; Zochrot; Palestine Remembered; PalQuest; Abu Sitta Atlas #84,https://palopenmaps.org/en/maps/dayr-abu-salama | https://www.zochrot.org/villages/village_details/49101/en | https://www.palestineremembered.com/al-Ramla/Dayr-Abu-Salama/ | https://www.palquest.org/en/place/16972/dayr-abu-salama/,https://raw.githubusercontent.com/PalOpenMaps/pom-data/main/assets/img/og/dayr-abu-salama.jpg,"Palestine Open Maps – 1940s Survey of Palestine 1:20,000 map excerpt",,"original file, verified against Palestine Open Maps",name standardised (was 'Deir Abu Salama')
325,Khirbat Zakariyya,خربة زكريا,Historic Palestine (inside 1949 Armistice Line),1947-1949,1948-07-13,day,Ramle,200,unverified,depopulated,military_assault,31.937821,34.969594,Palestine Open Maps,Military assault and capitulation,Palestine Open Maps; Zochrot; Palestine Remembered; PalQuest; Abu Sitta Atlas #83,"https://palopenmaps.org/en/maps/khirbat-zakariyya | https://www.zochrot.org/villages/village_details/49152/en | https://www.palestineremembered.com/al-Ramla/Zakariyya,-Khirbat/ | https://www.palquest.org/en/place/17075/khirbat-zakariyya/",https://raw.githubusercontent.com/PalOpenMaps/pom-data/main/assets/img/og/khirbat-zakariyya.jpg,"Palestine Open Maps – 1940s Survey of Palestine 1:20,000 map excerpt",,"original file, verified against Palestine Open Maps",name standardised (was 'Khirbet Zakariya'); date 1948-07-12→1948-07-13
326,Majdal Yaba,مجدل يابا,Historic Palestine (inside 1949 Armistice Line),1947-1949,1948-07-13,day,Ramle,1520,1945,depopulated,military_assault,32.081450,34.956983,Palestine Open Maps,Military assault,Palestine Open Maps; Zochrot; Palestine Remembered; PalQuest; Abu Sitta Atlas #85,https://palopenmaps.org/en/maps/majdal-yaba | https://www.zochrot.org/villages/village_details/49254/en | https://www.palestineremembered.com/al-Ramla/Majdal-Yaba/ | https://www.palquest.org/en/place/17090/majdal-yaba/,https://raw.githubusercontent.com/PalOpenMaps/pom-data/main/assets/img/og/majdal-yaba.jpg,"Palestine Open Maps – 1940s Survey of Palestine 1:20,000 map excerpt",,"original file, verified against Palestine Open Maps",name standardised (was 'Majdal Yaba')
327,Ras al-'Ein,راس العين,Historic Palestine (inside 1949 Armistice Line),1947-1949,1948-07-13,day,Ramle,620,unverified,depopulated,military_assault,32.105125,34.930059,Palestine Open Maps,Military assault,Palestine Open Maps; Abu Sitta Atlas #86,https://palopenmaps.org/en/maps/ras-al-ein-tulkarm,https://raw.githubusercontent.com/PalOpenMaps/pom-data/main/assets/img/og/ras-al-ein-tulkarm.jpg,"Palestine Open Maps – 1940s Survey of Palestine 1:20,000 map excerpt",,"original file, verified against Palestine Open Maps",name standardised (was 'Ras Al Ein')
328,Aqqur,عقور,Historic Palestine (inside 1949 Armistice Line),1947-1949,1948-07-14,day,Jerusalem,40,1945,depopulated,military_assault,31.758603,35.082246,Palestine Open Maps,Military assault,Palestine Open Maps; Zochrot; Palestine Remembered; PalQuest; Abu Sitta Atlas #371,https://palopenmaps.org/en/maps/aqqur | https://www.zochrot.org/villages/village_details/49405/en | https://www.palestineremembered.com/Jerusalem/Aqqur/ | https://www.palquest.org/en/place/16911/aqqur/,https://raw.githubusercontent.com/PalOpenMaps/pom-data/main/assets/img/og/aqqur.jpg,"Palestine Open Maps – 1940s Survey of Palestine 1:20,000 map excerpt",,"original file, verified against Palestine Open Maps",date 1948-07-13→1948-07-14
329,Dayr 'Amr,دير عمرو,Historic Palestine (inside 1949 Armistice Line),1947-1949,1948-07-14,day,Jerusalem,10,1945,depopulated_built_over,unknown,31.777638,35.097196,Palestine Open Maps,Village,Palestine Open Maps; Zochrot; Palestine Remembered; PalQuest; Abu Sitta Atlas #376,https://palopenmaps.org/en/maps/dayr-amr | https://www.zochrot.org/villages/village_details/49110/en | https://www.palestineremembered.com/Jerusalem/Dayr-%27Amr/ | https://www.palquest.org/en/place/16970/dayr-amr/,https://raw.githubusercontent.com/PalOpenMaps/pom-data/main/assets/img/og/dayr-amr.jpg,"Palestine Open Maps – 1940s Survey of Palestine 1:20,000 map excerpt",,added from Palestine Open Maps,displacement method not in source – see Morris (2004) / Khalidi (1992)
330,Khirbat al-Lawz,خربة اللوز,Historic Palestine (inside 1949 Armistice Line),1947-1949,1948-07-14,day,Jerusalem,450,1945,depopulated,unknown,31.766651,35.112697,Palestine Open Maps,Village,Palestine Open Maps; Zochrot; Palestine Remembered; PalQuest; Abu Sitta Atlas #372,"https://palopenmaps.org/en/maps/khirbat-al-lawz | https://www.zochrot.org/villages/village_details/49241/en | https://www.palestineremembered.com/Jerusalem/al-Lawz,-Khirbat/ | https://www.palquest.org/en/place/17054/khirbat-al-lawz/",https://raw.githubusercontent.com/PalOpenMaps/pom-data/main/assets/img/og/khirbat-al-lawz.jpg,"Palestine Open Maps – 1940s Survey of Palestine 1:20,000 map excerpt",,added from Palestine Open Maps,displacement method not in source – see Morris (2004) / Khalidi (1992)
331,Sar'a,صرعة,Historic Palestine (inside 1949 Armistice Line),1947-1949,1948-07-14,day,Jerusalem,340,1945,depopulated,military_assault,31.775250,34.985668,Palestine Open Maps,Military assault,Palestine Open Maps; Zochrot; Palestine Remembered; PalQuest; Abu Sitta Atlas #384,https://palopenmaps.org/en/maps/sara | https://www.zochrot.org/villages/village_details/49368/en | https://www.palestineremembered.com/Jerusalem/Sar%27a/ | https://www.palquest.org/en/place/17138/sara/,https://raw.githubusercontent.com/PalOpenMaps/pom-data/main/assets/img/og/sara.jpg,"Palestine Open Maps – 1940s Survey of Palestine 1:20,000 map excerpt",,"original file, verified against Palestine Open Maps",population 560→340 (1945 Village Statistics); date 1948-07-18→1948-07-14
332,Sataf,صطاف,Historic Palestine (inside 1949 Armistice Line),1947-1949,1948-07-14,day,Jerusalem,540,1945,depopulated,military_assault,31.769893,35.126880,Palestine Open Maps,Military assault,Palestine Open Maps; Zochrot; Palestine Remembered; PalQuest; Abu Sitta Atlas #373,https://palopenmaps.org/en/maps/sataf | https://www.zochrot.org/villages/village_details/49359/en | https://www.palestineremembered.com/Jerusalem/Sataf/ | https://www.palquest.org/en/place/17142/sataf/,https://raw.githubusercontent.com/PalOpenMaps/pom-data/main/assets/img/og/sataf.jpg,"Palestine Open Maps – 1940s Survey of Palestine 1:20,000 map excerpt",,"original file, verified against Palestine Open Maps",date 1948-07-13→1948-07-14
333,al-Maliha,المالحة,Historic Palestine (inside 1949 Armistice Line),1947-1949,1948-07-14,day,Jerusalem,1940,1945,depopulated_built_over,fear_of_attack,31.754759,35.183109,Palestine Open Maps,Capitulation,Palestine Open Maps; Zochrot; Palestine Remembered; PalQuest; Abu Sitta Atlas #375,https://palopenmaps.org/en/maps/al-maliha | https://www.zochrot.org/villages/village_details/49251/en | https://www.palestineremembered.com/Jerusalem/al-Maliha/ | https://www.palquest.org/en/place/16837/al-maliha/,https://raw.githubusercontent.com/PalOpenMaps/pom-data/main/assets/img/og/al-maliha.jpg,"Palestine Open Maps – 1940s Survey of Palestine 1:20,000 map excerpt",,"original file, verified against Palestine Open Maps",date 1948-04-21→1948-07-14
334,al-Birwa,البروة,Historic Palestine (inside 1949 Armistice Line),1947-1949,1948-07-15,day,Acre,1460,1945,depopulated,military_assault,32.905473,35.178674,Palestine Open Maps,Military assault,Palestine Open Maps; Zochrot; Palestine Remembered; PalQuest; Abu Sitta Atlas #11,https://palopenmaps.org/en/maps/al-birwa | https://www.zochrot.org/villages/village_details/49015/en | https://www.palestineremembered.com/Acre/al-Birwa/ | https://www.palquest.org/en/place/16798/al-birwa/,https://raw.githubusercontent.com/PalOpenMaps/pom-data/main/assets/img/og/al-birwa.jpg,"Palestine Open Maps – 1940s Survey of Palestine 1:20,000 map excerpt",9,"original file, verified against Palestine Open Maps",date 1948-07-11→1948-07-15
335,Summil,صميل,Historic Palestine (inside 1949 Armistice Line),1947-1949,1948-07-15,day,Gaza,950,1945,depopulated,military_assault,31.665313,34.794836,Palestine Open Maps,Military assault,Palestine Open Maps; Zochrot; Palestine Remembered; PalQuest; Abu Sitta Atlas #238,https://palopenmaps.org/en/maps/summil | https://www.zochrot.org/villages/village_details/49361/en | https://www.palestineremembered.com/Gaza/Summil/ | https://www.palquest.org/en/place/17153/summil/,https://raw.githubusercontent.com/PalOpenMaps/pom-data/main/assets/img/og/summil.jpg,"Palestine Open Maps – 1940s Survey of Palestine 1:20,000 map excerpt",,"original file, verified against Palestine Open Maps",name standardised (was 'Summeil'); district corrected Hebron→Gaza
336,Tall al-Turmus,تل الترمس,Historic Palestine (inside 1949 Armistice Line),1947-1949,1948-07-15,day,Gaza,760,1945,depopulated,fear_of_attack,31.725804,34.773010,Palestine Open Maps,Fear of attack,Palestine Open Maps; Zochrot; Palestine Remembered; PalQuest; Abu Sitta Atlas #240,https://palopenmaps.org/en/maps/tall-al-turmus | https://www.zochrot.org/villages/village_details/49507/en | https://www.palestineremembered.com/Gaza/Tall-al-Turmus/ | https://www.palquest.org/en/place/17158/tall-al-turmus/,https://raw.githubusercontent.com/PalOpenMaps/pom-data/main/assets/img/og/tall-al-turmus.jpg,"Palestine Open Maps – 1940s Survey of Palestine 1:20,000 map excerpt",,"original file, verified against Palestine Open Maps",
337,Ayn Hawd,عين حوض,Historic Palestine (inside 1949 Armistice Line),1947-1949,1948-07-15,day,Haifa,650,1945,depopulated_appropriated,military_assault,32.701451,34.980151,Palestine Open Maps,Military assault,Palestine Open Maps; Zochrot; Palestine Remembered; Abu Sitta Atlas #310,https://palopenmaps.org/en/maps/ayn-hawd | https://www.zochrot.org/villages/village_details/49423/en | https://www.palestineremembered.com/Haifa/Ayn-Hawd/,,,,"original file, verified against Palestine Open Maps",name standardised (was 'Ein Haud')
338,Ayn Hawd al-Jadida (new Ein Hawd),عين حوض الجديدة,Historic Palestine (inside 1949 Armistice Line),1947-1949,1948-07-15,approximate,Haifa,,,rebuilt_nearby,forced_expulsion,32.704500,34.986500,approximate,Villagers expelled from Ayn Hawd in 1948 (the village became the artists' colony Ein Hod) resettled on the hillside nearby; the new village went unrecognised for decades,Palestine Open Maps (original Ayn Hawd),https://palopenmaps.org/en/maps/ayn-hawd,,,,"original file, corrected","Original file listed this as ""Ein Hod, 1988, unrecognized"" – recognition/connection dates need verification"
339,al-Mazar,المزار,Historic Palestine (inside 1949 Armistice Line),1947-1949,1948-07-15,day,Haifa,210,1945,depopulated,military_assault,32.682109,34.966578,Palestine Open Maps,Military assault,Palestine Open Maps; Zochrot; Palestine Remembered; PalQuest; Abu Sitta Atlas #311,https://palopenmaps.org/en/maps/al-mazar-haifa | https://www.zochrot.org/villages/village_details/49257/en | https://www.palestineremembered.com/Haifa/al-Mazar/ | https://www.palquest.org/en/place/16851/al-mazar/,https://raw.githubusercontent.com/PalOpenMaps/pom-data/main/assets/img/og/al-mazar-haifa.jpg,"Palestine Open Maps – 1940s Survey of Palestine 1:20,000 map excerpt",,"original file, verified against Palestine Open Maps",population 270→210 (1945 Village Statistics)
340,Ma'lul,معلول,Historic Palestine (inside 1949 Armistice Line),1947-1949,1948-07-15,day,Nazareth,690,1945,depopulated,military_assault,32.697049,35.241571,Palestine Open Maps,Military assault,Palestine Open Maps; Zochrot; Palestine Remembered; PalQuest; Abu Sitta Atlas #407,https://palopenmaps.org/en/maps/maalul | https://www.zochrot.org/villages/village_details/49281/en | https://www.palestineremembered.com/Nazareth/Ma%27lul/ | https://www.palquest.org/en/place/17088/malul/,https://raw.githubusercontent.com/PalOpenMaps/pom-data/main/assets/img/og/maalul.jpg,"Palestine Open Maps – 1940s Survey of Palestine 1:20,000 map excerpt",1,"original file, verified against Palestine Open Maps",population 770→690 (1945 Village Statistics)
341,al-Mujaydil,المجيدل,Historic Palestine (inside 1949 Armistice Line),1947-1949,1948-07-15,day,Nazareth,1900,1945,depopulated_built_over,military_assault,32.678116,35.243671,Palestine Open Maps,Military assault,Palestine Open Maps; Zochrot; Palestine Remembered; PalQuest; Abu Sitta Atlas #408,https://palopenmaps.org/en/maps/al-mujaydal | https://www.zochrot.org/villages/village_details/49285/en | https://www.palestineremembered.com/Nazareth/al-Mujaydil/ | https://www.palquest.org/en/place/16856/al-mujaydil/,https://raw.githubusercontent.com/PalOpenMaps/pom-data/main/assets/img/og/al-mujaydal.jpg,"Palestine Open Maps – 1940s Survey of Palestine 1:20,000 map excerpt",1,"original file, verified against Palestine Open Maps",name standardised (was 'Mujeidil')
342,Barfiliya,برفيلية,Historic Palestine (inside 1949 Armistice Line),1947-1949,1948-07-15,day,Ramle,730,1945,depopulated,military_assault,31.910417,34.987506,Palestine Open Maps,Military assault,Palestine Open Maps; Zochrot; Palestine Remembered; PalQuest; Abu Sitta Atlas #87,https://palopenmaps.org/en/maps/barfiliya | https://www.zochrot.org/villages/village_details/49035/en | https://www.palestineremembered.com/al-Ramla/Barfiliya/ | https://www.palquest.org/en/place/16931/barfiliya/,https://raw.githubusercontent.com/PalOpenMaps/pom-data/main/assets/img/og/barfiliya.jpg,"Palestine Open Maps – 1940s Survey of Palestine 1:20,000 map excerpt",,"original file, verified against Palestine Open Maps",date 1948-07-14→1948-07-15
343,Bayt Shanna,بيت شنة,Historic Palestine (inside 1949 Armistice Line),1947-1949,1948-07-15,day,Ramle,210,1945,depopulated,military_assault,31.877426,34.987133,Palestine Open Maps,Military assault,Palestine Open Maps; Zochrot; Palestine Remembered; PalQuest; Abu Sitta Atlas #88,https://palopenmaps.org/en/maps/bayt-shanna | https://www.zochrot.org/villages/village_details/49024/en | https://www.palestineremembered.com/al-Ramla/Bayt-Shanna/ | https://www.palquest.org/en/place/16953/bayt-shanna/,https://raw.githubusercontent.com/PalOpenMaps/pom-data/main/assets/img/og/bayt-shanna.jpg,"Palestine Open Maps – 1940s Survey of Palestine 1:20,000 map excerpt",,"original file, verified against Palestine Open Maps",name standardised (was 'Beit Shanna')
344,Khirbat al-Buwayra,خربة البويرة,Historic Palestine (inside 1949 Armistice Line),1947-1949,1948-07-15,day,Ramle,190,1945,depopulated,unknown,31.873496,35.014871,Palestine Open Maps,Community,Palestine Open Maps; Zochrot; Palestine Remembered; PalQuest; Abu Sitta Atlas #91,"https://palopenmaps.org/en/maps/khirbat-buwayra | https://www.zochrot.org/villages/village_details/49042/en | https://www.palestineremembered.com/al-Ramla/al-Buwayra,-Khirbat/ | https://www.palquest.org/en/place/17048/khirbat-al-buwayra/",https://raw.githubusercontent.com/PalOpenMaps/pom-data/main/assets/img/og/khirbat-buwayra.jpg,"Palestine Open Maps – 1940s Survey of Palestine 1:20,000 map excerpt",,added from Palestine Open Maps,displacement method not in source – see Morris (2004) / Khalidi (1992)
345,Salbit,سلبيت,Historic Palestine (inside 1949 Armistice Line),1947-1949,1948-07-15,day,Ramle,510,1945,depopulated_built_over,military_assault,31.869955,34.986693,Palestine Open Maps,Military assault,Palestine Open Maps; Zochrot; Palestine Remembered; PalQuest; Abu Sitta Atlas #92,https://palopenmaps.org/en/maps/salbit | https://www.zochrot.org/villages/village_details/49335/en | https://www.palestineremembered.com/al-Ramla/Salbit/ | https://www.palquest.org/en/place/17134/salbit/,https://raw.githubusercontent.com/PalOpenMaps/pom-data/main/assets/img/og/salbit.jpg,"Palestine Open Maps – 1940s Survey of Palestine 1:20,000 map excerpt",,"original file, verified against Palestine Open Maps",
346,al-Damun,الدامون,Historic Palestine (inside 1949 Armistice Line),1947-1949,1948-07-16,day,Acre,1310,1945,depopulated,military_assault,32.876842,35.182290,Palestine Open Maps,Military assault,Palestine Open Maps; Zochrot; Palestine Remembered; PalQuest; Abu Sitta Atlas #15,https://palopenmaps.org/en/maps/al-damun | https://www.zochrot.org/villages/village_details/49124/en | https://www.palestineremembered.com/Acre/al-Damun/ | https://www.palquest.org/en/place/16802/al-damun/,https://raw.githubusercontent.com/PalOpenMaps/pom-data/main/assets/img/og/al-damun.jpg,"Palestine Open Maps – 1940s Survey of Palestine 1:20,000 map excerpt",14,"original file, verified against Palestine Open Maps",date 1948-07-15→1948-07-16
347,al-Ruways,الرويس,Historic Palestine (inside 1949 Armistice Line),1947-1949,1948-07-16,day,Acre,330,1945,depopulated,military_assault,32.864435,35.177826,Palestine Open Maps,Military assault,Palestine Open Maps; Zochrot; Palestine Remembered; PalQuest; Abu Sitta Atlas #17,https://palopenmaps.org/en/maps/al-ruways | https://www.zochrot.org/villages/village_details/49476/en | https://www.palestineremembered.com/Acre/al-Ruways/ | https://www.palquest.org/en/place/16874/al-ruways/,https://raw.githubusercontent.com/PalOpenMaps/pom-data/main/assets/img/og/al-ruways.jpg,"Palestine Open Maps – 1940s Survey of Palestine 1:20,000 map excerpt",1,"original file, verified against Palestine Open Maps",name standardised (was 'Ruweis'); date 1948-07-15→1948-07-16
348,Kafr Lam,كفر لام,Historic Palestine (inside 1949 Armistice Line),1947-1949,1948-07-16,day,Haifa,340,1945,depopulated_built_over,military_assault,32.637142,34.934072,Palestine Open Maps,Military assault and capitulation,Palestine Open Maps; Zochrot; Palestine Remembered; Abu Sitta Atlas #312,https://palopenmaps.org/en/maps/kafr-lam | https://www.zochrot.org/villages/village_details/49236/en | https://www.palestineremembered.com/Haifa/Kafr-Lam/,https://raw.githubusercontent.com/PalOpenMaps/pom-data/main/assets/img/og/kafr-lam.jpg,"Palestine Open Maps – 1940s Survey of Palestine 1:20,000 map excerpt",,"original file, verified against Palestine Open Maps",name standardised (was 'Kaft Lam')
349,al-Sarafand,الصرفند,Historic Palestine (inside 1949 Armistice Line),1947-1949,1948-07-16,day,Haifa,290,1945,depopulated,military_assault,32.647416,34.936005,Palestine Open Maps,Military assault and capitulation,Palestine Open Maps; Zochrot; Palestine Remembered; PalQuest; Abu Sitta Atlas #313,https://palopenmaps.org/en/maps/al-sarafand | https://www.zochrot.org/villages/village_details/49365/en | https://www.palestineremembered.com/Haifa/al-Sarafand/ | https://www.palquest.org/en/place/16883/al-sarafand/,https://raw.githubusercontent.com/PalOpenMaps/pom-data/main/assets/img/og/al-sarafand.jpg,"Palestine Open Maps – 1940s Survey of Palestine 1:20,000 map excerpt",,"original file, verified against Palestine Open Maps",
350,al-Tira,الطيرة,Historic Palestine (inside 1949 Armistice Line),1947-1949,1948-07-16,day,Haifa,5270,1945,depopulated_built_over,military_assault,32.762317,34.974355,Palestine Open Maps,Military assault,Palestine Open Maps; Zochrot; Palestine Remembered; PalQuest; Abu Sitta Atlas #315,https://palopenmaps.org/en/maps/al-tira-haifa | https://www.zochrot.org/villages/village_details/49200/en | https://www.palestineremembered.com/Haifa/al-Tira/ | https://www.palquest.org/en/place/16899/al-tira/,https://raw.githubusercontent.com/PalOpenMaps/pom-data/main/assets/img/og/al-tira-haifa.jpg,"Palestine Open Maps – 1940s Survey of Palestine 1:20,000 map excerpt",16,"original file, verified against Palestine Open Maps",
351,Saffuriyya,صفورية,Historic Palestine (inside 1949 Armistice Line),1947-1949,1948-07-16,day,Nazareth,4330,1945,depopulated,military_assault,32.751888,35.277792,Palestine Open Maps,Military assault and expulsion,Palestine Open Maps; Zochrot; Palestine Remembered; PalQuest; Abu Sitta Atlas #409,https://palopenmaps.org/en/maps/safuriyya | https://www.zochrot.org/villages/village_details/49363/en | https://www.palestineremembered.com/Nazareth/Saffuriyya/ | https://www.palquest.org/en/place/17130/saffuriyya/,https://raw.githubusercontent.com/PalOpenMaps/pom-data/main/assets/img/og/safuriyya.jpg,"Palestine Open Maps – 1940s Survey of Palestine 1:20,000 map excerpt",40,"original file, verified against Palestine Open Maps",name standardised (was 'Saffuriya')
352,Bir Ma'in,بير معين,Historic Palestine (inside 1949 Armistice Line),1947-1949,1948-07-16,day,Ramle,510,1945,depopulated_built_over,military_assault,31.887885,35.019843,Palestine Open Maps,Military assault,Palestine Open Maps; Zochrot; Palestine Remembered; PalQuest; Abu Sitta Atlas #89,https://palopenmaps.org/en/maps/bir-main | https://www.zochrot.org/villages/village_details/49009/en | https://www.palestineremembered.com/al-Ramla/Bir-Ma%27in/ | https://www.palquest.org/en/place/16957/bir-main/,https://raw.githubusercontent.com/PalOpenMaps/pom-data/main/assets/img/og/bir-main.jpg,"Palestine Open Maps – 1940s Survey of Palestine 1:20,000 map excerpt",,"original file, verified against Palestine Open Maps",date 1948-07-15→1948-07-16
353,al-Burj,البرج,Historic Palestine (inside 1949 Armistice Line),1947-1949,1948-07-16,day,Ramle,480,1945,depopulated_built_over,military_assault,31.902044,35.019679,Palestine Open Maps,Military assault,Palestine Open Maps; Zochrot; Palestine Remembered; PalQuest; Abu Sitta Atlas #90,https://palopenmaps.org/en/maps/al-burj-ramle | https://www.zochrot.org/villages/village_details/49045/en | https://www.palestineremembered.com/al-Ramla/al-Burj/ | https://www.palquest.org/en/place/16799/al-burj/,https://raw.githubusercontent.com/PalOpenMaps/pom-data/main/assets/img/og/al-burj-ramle.jpg,"Palestine Open Maps – 1940s Survey of Palestine 1:20,000 map excerpt",,"original file, verified against Palestine Open Maps",date 1948-07-15→1948-07-16
354,al-Muzayri'a,المزيرعة,Historic Palestine (inside 1949 Armistice Line),1947-1949,1948-07-16,day,Ramle,1160,1945,depopulated_built_over,unknown,32.049179,34.950623,Palestine Open Maps,Unknown,Palestine Open Maps; Zochrot; Palestine Remembered; PalQuest; Abu Sitta Atlas #82,https://palopenmaps.org/en/maps/muzayria | https://www.zochrot.org/villages/village_details/49287/en | https://www.palestineremembered.com/al-Ramla/al-Muzayri%27a/ | https://www.palquest.org/en/place/16860/al-muzayria/,https://raw.githubusercontent.com/PalOpenMaps/pom-data/main/assets/img/og/muzayria.jpg,"Palestine Open Maps – 1940s Survey of Palestine 1:20,000 map excerpt",,"original file, verified against Palestine Open Maps",name standardised (was 'Muzeiri'a'); district corrected Jaffa→Ramle; date 1948-04-15→1948-07-16
355,Abu Jaber,أبوجابر,Historic Palestine (inside 1949 Armistice Line),1947-1949,1948-07-17,day,Beersheba,820,1945,depopulated,unknown,31.543200,34.766400,Palestine Open Maps,Village,Palestine Open Maps; Zochrot; Abu Sitta Atlas #197,https://palopenmaps.org/en/maps/abu-jaber | https://www.zochrot.org/villages/village_details/49078/en,https://raw.githubusercontent.com/PalOpenMaps/pom-data/main/assets/img/og/abu-jaber.jpg,"Palestine Open Maps – 1940s Survey of Palestine 1:20,000 map excerpt",,added from Palestine Open Maps,displacement method not in source – see Morris (2004) / Khalidi (1992)
356,Katariya,,Historic Palestine (inside 1949 Armistice Line),1947-1949,1948-07-17,day,Hebron,170,unverified,destroyed,military_assault,31.5333,35.1333,original file (unverified),Military assault,,,,,,original file,"not found in Palestine Open Maps – verify name, date, population and coordinates"
357,Mughallis,مغلس,Historic Palestine (inside 1949 Armistice Line),1947-1949,1948-07-17,day,Hebron,540,1945,depopulated,fear_of_attack,31.729380,34.882858,Palestine Open Maps,Capitulation,Palestine Open Maps; Zochrot; Palestine Remembered; PalQuest; Abu Sitta Atlas #320,https://palopenmaps.org/en/maps/mughallis | https://www.zochrot.org/villages/village_details/49294/en | https://www.palestineremembered.com/Hebron/Mughallis/ | https://www.palquest.org/en/place/17099/mughallis/,https://raw.githubusercontent.com/PalOpenMaps/pom-data/main/assets/img/og/mughallis.jpg,"Palestine Open Maps – 1940s Survey of Palestine 1:20,000 map excerpt",,"original file, verified against Palestine Open Maps",date 1948-07-09→1948-07-17
358,Zayta,زيتا,Historic Palestine (inside 1949 Armistice Line),1947-1949,1948-07-17,day,Hebron,330,1945,depopulated,military_assault,31.641011,34.824649,Palestine Open Maps,Military assault,Palestine Open Maps; Zochrot; Palestine Remembered; PalQuest; Abu Sitta Atlas #322,https://palopenmaps.org/en/maps/zayta-hebron | https://www.zochrot.org/villages/village_details/49148/en | https://www.palestineremembered.com/Hebron/Zayta/ | https://www.palquest.org/en/place/17187/zayta/,https://raw.githubusercontent.com/PalOpenMaps/pom-data/main/assets/img/og/zayta-hebron.jpg,"Palestine Open Maps – 1940s Survey of Palestine 1:20,000 map excerpt",,"original file, verified against Palestine Open Maps",name standardised (was 'Zeita')
359,Khirbat Ism Allah,خربة اسم الله,Historic Palestine (inside 1949 Armistice Line),1947-1949,1948-07-17,day,Jerusalem,20,1945,depopulated,unknown,31.783045,34.955352,Palestine Open Maps,Community,Palestine Open Maps; Zochrot; Palestine Remembered; PalQuest; Abu Sitta Atlas #377,"https://palopenmaps.org/en/maps/khirbat-ism-allah | https://www.zochrot.org/villages/village_details/48984/en | https://www.palestineremembered.com/Jerusalem/Ism-Allah,-Khirbat/ | https://www.palquest.org/en/place/17067/khirbat-ism-allah/",https://raw.githubusercontent.com/PalOpenMaps/pom-data/main/assets/img/og/khirbat-ism-allah.jpg,"Palestine Open Maps – 1940s Survey of Palestine 1:20,000 map excerpt",,added from Palestine Open Maps,displacement method not in source – see Morris (2004) / Khalidi (1992)
360,Idnibba,إدنبة,Historic Palestine (inside 1949 Armistice Line),1947-1949,1948-07-17,day,Ramle,490,1945,depopulated,fear_of_attack,31.742266,34.855594,Palestine Open Maps,Capitulation,Palestine Open Maps; Zochrot; Palestine Remembered; PalQuest; Abu Sitta Atlas #61,https://palopenmaps.org/en/maps/idnibba | https://www.zochrot.org/villages/village_details/48981/en | https://www.palestineremembered.com/al-Ramla/Idnibba/ | https://www.palquest.org/en/place/17005/idnibba/,https://raw.githubusercontent.com/PalOpenMaps/pom-data/main/assets/img/og/idnibba.jpg,"Palestine Open Maps – 1940s Survey of Palestine 1:20,000 map excerpt",,"original file, verified against Palestine Open Maps",name standardised (was 'Idhnibba'); district corrected Hebron→Ramle; date 1948-07-09→1948-07-17
361,Jilya,جليا,Historic Palestine (inside 1949 Armistice Line),1947-1949,1948-07-17,day,Ramle,330,1945,depopulated,fear_of_attack,31.770133,34.863722,Palestine Open Maps,Capitulation,Palestine Open Maps; Zochrot; Palestine Remembered; PalQuest; Abu Sitta Atlas #62,https://palopenmaps.org/en/maps/jilya | https://www.zochrot.org/villages/village_details/49076/en | https://www.palestineremembered.com/al-Ramla/Jilya/ | https://www.palquest.org/en/place/17026/jilya/,https://raw.githubusercontent.com/PalOpenMaps/pom-data/main/assets/img/og/jilya.jpg,"Palestine Open Maps – 1940s Survey of Palestine 1:20,000 map excerpt",,"original file, verified against Palestine Open Maps",date 1948-07-09→1948-07-17
362,Qazaza,قزازة,Historic Palestine (inside 1949 Armistice Line),1947-1949,1948-07-17,day,Ramle,940,1945,depopulated,fear_of_attack,31.779051,34.876137,Palestine Open Maps,Capitulation,Palestine Open Maps; Zochrot; Palestine Remembered; PalQuest; Abu Sitta Atlas #64,https://palopenmaps.org/en/maps/qazaza | https://www.zochrot.org/villages/village_details/49449/en | https://www.palestineremembered.com/al-Ramla/Qazaza/ | https://www.palquest.org/en/place/17118/qazaza/,https://raw.githubusercontent.com/PalOpenMaps/pom-data/main/assets/img/og/qazaza.jpg,"Palestine Open Maps – 1940s Survey of Palestine 1:20,000 map excerpt",,"original file, verified against Palestine Open Maps",district corrected Hebron→Ramle; date 1948-07-09→1948-07-17
363,Sajad,سجد,Historic Palestine (inside 1949 Armistice Line),1947-1949,1948-07-17,day,Ramle,370,1945,depopulated,unknown,31.784213,34.892775,Palestine Open Maps,Unknown,Palestine Open Maps; Zochrot; Palestine Remembered; PalQuest; Abu Sitta Atlas #58,https://palopenmaps.org/en/maps/sajad | https://www.zochrot.org/villages/village_details/49328/en | https://www.palestineremembered.com/al-Ramla/Sajad/ | https://www.palquest.org/en/place/17132/sajad/,https://raw.githubusercontent.com/PalOpenMaps/pom-data/main/assets/img/og/sajad.jpg,"Palestine Open Maps – 1940s Survey of Palestine 1:20,000 map excerpt",,"original file, verified against Palestine Open Maps",district corrected Gaza→Ramle; population 470→370 (1945 Village Statistics); date 1948-05-15→1948-07-17
364,Hittin,حطين,Historic Palestine (inside 1949 Armistice Line),1947-1949,1948-07-17,day,Tiberias,1190,1945,depopulated,military_assault,32.807383,35.453827,Palestine Open Maps,Fear and military assault,Palestine Open Maps; Zochrot; Palestine Remembered; PalQuest; Abu Sitta Atlas #510,https://palopenmaps.org/en/maps/hittin | https://www.zochrot.org/villages/village_details/49170/en | https://www.palestineremembered.com/Tiberias/Hittin/ | https://www.palquest.org/en/place/17000/hittin/,https://raw.githubusercontent.com/PalOpenMaps/pom-data/main/assets/img/og/hittin.jpg,"Palestine Open Maps – 1940s Survey of Palestine 1:20,000 map excerpt",7,"original file, verified against Palestine Open Maps",date 1948-07-16→1948-07-17
365,Nimrin,نمرين,Historic Palestine (inside 1949 Armistice Line),1947-1949,1948-07-17,day,Tiberias,320,1945,depopulated_built_over,military_assault,32.804043,35.426006,Palestine Open Maps,Fear and military assault,Palestine Open Maps; Zochrot; Palestine Remembered; PalQuest; Abu Sitta Atlas #512,https://palopenmaps.org/en/maps/nimrin | https://www.zochrot.org/villages/village_details/49300/en | https://www.palestineremembered.com/Tiberias/Nimrin/ | https://www.palquest.org/en/place/17107/nimrin/,https://raw.githubusercontent.com/PalOpenMaps/pom-data/main/assets/img/og/nimrin.jpg,"Palestine Open Maps – 1940s Survey of Palestine 1:20,000 map excerpt",4,"original file, verified against Palestine Open Maps",date 1948-07-16→1948-07-17
366,Mi'ar,معار,Historic Palestine (inside 1949 Armistice Line),1947-1949,1948-07-18,day,Acre,770,1945,depopulated_built_over,unknown,32.875426,35.247252,Palestine Open Maps,Village,Palestine Open Maps; Zochrot; Palestine Remembered; PalQuest; Abu Sitta Atlas #16,https://palopenmaps.org/en/maps/miar | https://www.zochrot.org/villages/village_details/49249/en | https://www.palestineremembered.com/Acre/Mi%27ar/ | https://www.palquest.org/en/place/17096/miar/,https://raw.githubusercontent.com/PalOpenMaps/pom-data/main/assets/img/og/miar.jpg,"Palestine Open Maps – 1940s Survey of Palestine 1:20,000 map excerpt",3,added from Palestine Open Maps,displacement method not in source – see Morris (2004) / Khalidi (1992)
367,Hatta,حتا,Historic Palestine (inside 1949 Armistice Line),1947-1949,1948-07-18,day,Gaza,970,1945,depopulated,military_assault,31.651776,34.740901,Palestine Open Maps,Military assault,Palestine Open Maps; Zochrot; Palestine Remembered; PalQuest; Abu Sitta Atlas #241,https://palopenmaps.org/en/maps/hatta | https://www.zochrot.org/villages/village_details/49185/en | https://www.palestineremembered.com/Gaza/Hatta/ | https://www.palquest.org/en/place/16997/hatta/,https://raw.githubusercontent.com/PalOpenMaps/pom-data/main/assets/img/og/hatta.jpg,"Palestine Open Maps – 1940s Survey of Palestine 1:20,000 map excerpt",,"original file, verified against Palestine Open Maps",district corrected Hebron→Gaza; date 1948-07-17→1948-07-18
368,Karatiyya,كرتيا,Historic Palestine (inside 1949 Armistice Line),1947-1949,1948-07-18,day,Gaza,1370,1945,depopulated,unknown,31.642548,34.726255,Palestine Open Maps,Village,Palestine Open Maps; Zochrot; Palestine Remembered; PalQuest; Abu Sitta Atlas #243,https://palopenmaps.org/en/maps/karatiyya | https://www.zochrot.org/villages/village_details/49230/en | https://www.palestineremembered.com/Gaza/Karatiyya/ | https://www.palquest.org/en/place/17038/karatiyya/,https://raw.githubusercontent.com/PalOpenMaps/pom-data/main/assets/img/og/karatiyya.jpg,"Palestine Open Maps – 1940s Survey of Palestine 1:20,000 map excerpt",,added from Palestine Open Maps,displacement method not in source – see Morris (2004) / Khalidi (1992)
369,Artuf,عرتوف,Historic Palestine (inside 1949 Armistice Line),1947-1949,1948-07-18,day,Jerusalem,350,1945,depopulated_built_over,military_assault,31.767941,35.002295,Palestine Open Maps,Military assault,Palestine Open Maps; Zochrot; Palestine Remembered; PalQuest; Abu Sitta Atlas #379,https://palopenmaps.org/en/maps/artuf | https://www.zochrot.org/villages/village_details/49946/en | https://www.palestineremembered.com/Jerusalem/Artuf/ | https://www.palquest.org/en/place/16922/artuf/,https://raw.githubusercontent.com/PalOpenMaps/pom-data/main/assets/img/og/artuf.jpg,"Palestine Open Maps – 1940s Survey of Palestine 1:20,000 map excerpt",,"original file, verified against Palestine Open Maps",
370,Ayn Karim,عين كارم,Historic Palestine (inside 1949 Armistice Line),1947-1949,1948-07-18,day,Jerusalem,3180,1945,depopulated_appropriated,fear_of_attack,31.767085,35.162011,Palestine Open Maps,Capitulation,Palestine Open Maps; Zochrot; Palestine Remembered; PalQuest; Abu Sitta Atlas #380,https://palopenmaps.org/en/maps/ayn-karim | https://www.zochrot.org/villages/village_details/49950/en | https://www.palestineremembered.com/Jerusalem/Ayn-Karim/ | https://www.palquest.org/en/place/16928/ayn-karim/,https://raw.githubusercontent.com/PalOpenMaps/pom-data/main/assets/img/og/ayn-karim.jpg,"Palestine Open Maps – 1940s Survey of Palestine 1:20,000 map excerpt",,"original file, verified against Palestine Open Maps",name standardised (was 'Ein Karim'); date 1948-04-10→1948-07-18
371,Bayt Thul,بيت ثول,Historic Palestine (inside 1949 Armistice Line),1947-1949,1948-07-18,day,Jerusalem,260,1945,depopulated,unknown,31.822213,35.073590,Palestine Open Maps,Unknown,Palestine Open Maps; Zochrot; Palestine Remembered; PalQuest; Abu Sitta Atlas #362,https://palopenmaps.org/en/maps/bayt-thul | https://www.zochrot.org/villages/village_details/49065/en | https://www.palestineremembered.com/Jerusalem/Bayt-Thul/ | https://www.palquest.org/en/place/16947/bayt-thul/,https://raw.githubusercontent.com/PalOpenMaps/pom-data/main/assets/img/og/bayt-thul.jpg,"Palestine Open Maps – 1940s Survey of Palestine 1:20,000 map excerpt",,"original file, verified against Palestine Open Maps",name standardised (was 'Beit Thul'); population 350→260 (1945 Village Statistics); date 1948-05-15→1948-07-18
372,Bir Rafat,دير رافات,Historic Palestine (inside 1949 Armistice Line),1947-1949,1948-07-18,day,Jerusalem,430,1945,depopulated,military_assault,31.774488,34.959308,Palestine Open Maps,Military assault,Palestine Open Maps; Zochrot; Palestine Remembered; Abu Sitta Atlas #381,https://palopenmaps.org/en/maps/bir-rafat | https://www.zochrot.org/villages/village_details/49112/en | https://www.palestineremembered.com/Jerusalem/Dayr-Rafat/,https://raw.githubusercontent.com/PalOpenMaps/pom-data/main/assets/img/og/bir-rafat.jpg,"Palestine Open Maps – 1940s Survey of Palestine 1:20,000 map excerpt",,"original file, verified against Palestine Open Maps",name standardised (was 'Deir Rafat')
373,Ishwa',إشوع,Historic Palestine (inside 1949 Armistice Line),1947-1949,1948-07-18,day,Jerusalem,620,1945,depopulated,military_assault,31.780637,35.011582,Palestine Open Maps,Military assault,Palestine Open Maps; Zochrot; Palestine Remembered; PalQuest; Abu Sitta Atlas #382,https://palopenmaps.org/en/maps/ishwa | https://www.zochrot.org/villages/village_details/48986/en | https://www.palestineremembered.com/Jerusalem/Ishwa%27/ | https://www.palquest.org/en/place/17015/ishwa/,https://raw.githubusercontent.com/PalOpenMaps/pom-data/main/assets/img/og/ishwa.jpg,"Palestine Open Maps – 1940s Survey of Palestine 1:20,000 map excerpt",,"original file, verified against Palestine Open Maps",name standardised (was 'Ishwa')
374,Islin,عسلين,Historic Palestine (inside 1949 Armistice Line),1947-1949,1948-07-18,day,Jerusalem,260,1945,depopulated,military_assault,31.784092,35.006733,Palestine Open Maps,Military assault,Palestine Open Maps; Zochrot; Palestine Remembered; PalQuest; Abu Sitta Atlas #383,https://palopenmaps.org/en/maps/islin | https://www.zochrot.org/villages/village_details/49377/en | https://www.palestineremembered.com/Jerusalem/Islin/ | https://www.palquest.org/en/place/17016/islin/,https://raw.githubusercontent.com/PalOpenMaps/pom-data/main/assets/img/og/islin.jpg,"Palestine Open Maps – 1940s Survey of Palestine 1:20,000 map excerpt",,"original file, verified against Palestine Open Maps",
375,Kasla,كسلا,Historic Palestine (inside 1949 Armistice Line),1947-1949,1948-07-18,day,Jerusalem,280,1945,depopulated,military_assault,31.780956,35.051425,Palestine Open Maps,Military assault,Palestine Open Maps; Zochrot; Palestine Remembered; PalQuest; Abu Sitta Atlas #378,https://palopenmaps.org/en/maps/kasla | https://www.zochrot.org/villages/village_details/49220/en | https://www.palestineremembered.com/Jerusalem/Kasla/ | https://www.palquest.org/en/place/17039/kasla/,https://raw.githubusercontent.com/PalOpenMaps/pom-data/main/assets/img/og/kasla.jpg,"Palestine Open Maps – 1940s Survey of Palestine 1:20,000 map excerpt",,"original file, verified against Palestine Open Maps",date 1948-07-17→1948-07-18
376,Qula,قولة,Historic Palestine (inside 1949 Armistice Line),1947-1949,1948-07-18,day,Ramle,1010,1945,depopulated,military_assault,32.037573,34.955126,Palestine Open Maps,Military assault,Palestine Open Maps; Zochrot; Palestine Remembered; PalQuest; Abu Sitta Atlas #73,https://palopenmaps.org/en/maps/qula | https://www.zochrot.org/villages/village_details/49461/en | https://www.palestineremembered.com/al-Ramla/Qula/ | https://www.palquest.org/en/place/17121/qula/,https://raw.githubusercontent.com/PalOpenMaps/pom-data/main/assets/img/og/qula.jpg,"Palestine Open Maps – 1940s Survey of Palestine 1:20,000 map excerpt",,"original file, verified against Palestine Open Maps",date 1948-07-10→1948-07-18
377,Shilta,شلتا,Historic Palestine (inside 1949 Armistice Line),1947-1949,1948-07-18,day,Ramle,100,1945,depopulated_built_over,military_assault,31.917692,35.020440,Palestine Open Maps,Military assault,Palestine Open Maps; Zochrot; Palestine Remembered; PalQuest; Abu Sitta Atlas #93,https://palopenmaps.org/en/maps/shilta | https://www.zochrot.org/villages/village_details/49479/en | https://www.palestineremembered.com/al-Ramla/Shilta/ | https://www.palquest.org/en/place/17146/shilta/,https://raw.githubusercontent.com/PalOpenMaps/pom-data/main/assets/img/og/shilta.jpg,"Palestine Open Maps – 1940s Survey of Palestine 1:20,000 map excerpt",,"original file, verified against Palestine Open Maps",date 1948-07-15→1948-07-18
378,Yarda,يردا,Historic Palestine (inside 1949 Armistice Line),1947-1949,1948-07-18,day,Safad,,,depopulated,unknown,33.007992,35.594105,Palestine Open Maps,Community,Palestine Open Maps; Zochrot; Palestine Remembered; PalQuest; Abu Sitta Atlas #412,https://palopenmaps.org/en/maps/yarda | https://www.zochrot.org/villages/village_details/49206/en | https://www.palestineremembered.com/Safad/Yarda/ | https://www.palquest.org/en/place/17178/yarda/,https://raw.githubusercontent.com/PalOpenMaps/pom-data/main/assets/img/og/yarda.jpg,"Palestine Open Maps – 1940s Survey of Palestine 1:20,000 map excerpt",,added from Palestine Open Maps,displacement method not in source – see Morris (2004) / Khalidi (1992)
379,Lubya,لوبيا,Historic Palestine (inside 1949 Armistice Line),1947-1949,1948-07-18,day,Tiberias,2350,1945,depopulated,military_assault,32.776115,35.428160,Palestine Open Maps,Fear and military assault,Palestine Open Maps; Zochrot; Palestine Remembered; PalQuest; Abu Sitta Atlas #511,https://palopenmaps.org/en/maps/lubya | https://www.zochrot.org/villages/village_details/49244/en | https://www.palestineremembered.com/Tiberias/Lubya/ | https://www.palquest.org/en/place/17086/lubya/,https://raw.githubusercontent.com/PalOpenMaps/pom-data/main/assets/img/og/lubya.jpg,"Palestine Open Maps – 1940s Survey of Palestine 1:20,000 map excerpt",21,"original file, verified against Palestine Open Maps",date 1948-07-16→1948-07-18
380,Ayn Ghazal,عين غزال,Historic Palestine (inside 1949 Armistice Line),1947-1949,1948-07-26,day,Haifa,2170,1945,depopulated,military_assault,32.632538,34.968212,Palestine Open Maps,Military assault,Palestine Open Maps; Zochrot; Palestine Remembered; Abu Sitta Atlas #316,https://palopenmaps.org/en/maps/ayn-ghazal | https://www.zochrot.org/villages/village_details/49381/en | https://www.palestineremembered.com/Haifa/Ayn-Ghazal/,https://raw.githubusercontent.com/PalOpenMaps/pom-data/main/assets/img/og/ayn-ghazal.jpg,"Palestine Open Maps – 1940s Survey of Palestine 1:20,000 map excerpt",,"original file, verified against Palestine Open Maps",name standardised (was 'Ein Ghazal'); date 1948-07-24→1948-07-26
381,Ijzim,إجزم,Historic Palestine (inside 1949 Armistice Line),1947-1949,1948-07-26,day,Haifa,2970,1945,depopulated_built_over,military_assault,32.645218,34.989649,Palestine Open Maps,Military assault,Palestine Open Maps; Zochrot; Palestine Remembered; PalQuest; Abu Sitta Atlas #317,https://palopenmaps.org/en/maps/ijzim | https://www.zochrot.org/villages/village_details/48978/en | https://www.palestineremembered.com/Haifa/Ijzim/ | https://www.palquest.org/en/place/17008/ijzim/,https://raw.githubusercontent.com/PalOpenMaps/pom-data/main/assets/img/og/ijzim.jpg,"Palestine Open Maps – 1940s Survey of Palestine 1:20,000 map excerpt",1,"original file, verified against Palestine Open Maps",date 1948-07-24→1948-07-26
382,Jaba',جبع,Historic Palestine (inside 1949 Armistice Line),1947-1949,1948-07-26,day,Haifa,1140,1945,depopulated,military_assault,32.654305,34.963270,Palestine Open Maps,Military assault,Palestine Open Maps; Zochrot; Palestine Remembered; PalQuest; Abu Sitta Atlas #318,https://palopenmaps.org/en/maps/jaba-haifa | https://www.zochrot.org/villages/village_details/49081/en | https://www.palestineremembered.com/Haifa/Jaba%27/ | https://www.palquest.org/en/place/17017/jaba/,https://raw.githubusercontent.com/PalOpenMaps/pom-data/main/assets/img/og/jaba-haifa.jpg,"Palestine Open Maps – 1940s Survey of Palestine 1:20,000 map excerpt",,"original file, verified against Palestine Open Maps",name standardised (was 'Jab'a'); population 2150→1140 (1945 Village Statistics); date 1948-07-24→1948-07-26
383,Khirbat al-Manara,خربة المنارة,Historic Palestine (inside 1949 Armistice Line),1947-1949,1948-07-26,day,Haifa,,,depopulated,unknown,32.644986,34.965071,Palestine Open Maps,Village,Palestine Open Maps; Zochrot; Abu Sitta Atlas #307,https://palopenmaps.org/en/maps/khirbat-al-manara | https://www.zochrot.org/villages/village_details/49272/en,https://raw.githubusercontent.com/PalOpenMaps/pom-data/main/assets/img/og/khirbat-al-manara.jpg,"Palestine Open Maps – 1940s Survey of Palestine 1:20,000 map excerpt",,added from Palestine Open Maps,displacement method not in source – see Morris (2004) / Khalidi (1992)
384,al-Sawamir,السوامير,Historic Palestine (inside 1949 Armistice Line),1947-1949,1948-07-26,day,Haifa,,,depopulated,unknown,32.628909,34.960092,Palestine Open Maps,Village,Palestine Open Maps; Zochrot; Palestine Remembered; Abu Sitta Atlas #309,https://palopenmaps.org/en/maps/al-sawamir | https://www.zochrot.org/villages/village_details/49329/en | https://www.palestineremembered.com/Haifa/al-Sawamir/,https://raw.githubusercontent.com/PalOpenMaps/pom-data/main/assets/img/og/al-sawamir.jpg,"Palestine Open Maps – 1940s Survey of Palestine 1:20,000 map excerpt",,added from Palestine Open Maps,displacement method not in source – see Morris (2004) / Khalidi (1992)
385,Shu'ut,,Historic Palestine (inside 1949 Armistice Line),1947-1949,1948-08-15,day,Beersheba,300,unverified,destroyed,military_assault,31.1667,34.7500,original file (unverified),Fear and military assault,,,,,,original file,"not found in Palestine Open Maps – verify name, date, population and coordinates"
386,al-Muharraqa,المحرقة,Historic Palestine (inside 1949 Armistice Line),1947-1949,1948-08-17,day,Gaza,580,1945,depopulated,military_assault,31.466362,34.611249,Palestine Open Maps,Military assault,Palestine Open Maps; Zochrot; Palestine Remembered; PalQuest; Abu Sitta Atlas #229,https://palopenmaps.org/en/maps/al-muharraqa | https://www.zochrot.org/villages/village_details/49290/en | https://www.palestineremembered.com/Gaza/al-Muharraqa/ | https://www.palquest.org/en/place/16855/al-muharraqa/,https://raw.githubusercontent.com/PalOpenMaps/pom-data/main/assets/img/og/al-muharraqa.jpg,"Palestine Open Maps – 1940s Survey of Palestine 1:20,000 map excerpt",,"original file, verified against Palestine Open Maps",population 480→580 (1945 Village Statistics); date 1948-05-25→1948-08-17
387,Khirbat Lid,خربة لد,Historic Palestine (inside 1949 Armistice Line),1947-1949,1948-09-04,day,Haifa,640,1945,depopulated,unknown,32.613809,35.222902,Palestine Open Maps,Unknown,Palestine Open Maps; Zochrot; Palestine Remembered; PalQuest; Abu Sitta Atlas #273,"https://palopenmaps.org/en/maps/khirbat-lid | https://www.zochrot.org/villages/village_details/49237/en | https://www.palestineremembered.com/Haifa/Lid,-Khirbat/ | https://www.palquest.org/en/place/17070/khirbat-lid/",https://raw.githubusercontent.com/PalOpenMaps/pom-data/main/assets/img/og/khirbat-lid.jpg,"Palestine Open Maps – 1940s Survey of Palestine 1:20,000 map excerpt",,"original file, verified against Palestine Open Maps",name standardised (was 'Khirbet Lid Al Awadin'); district corrected Acre→Haifa; date 1948-05-15→1948-09-04
388,Bin Sabbah,بن صباح,Historic Palestine (inside 1949 Armistice Line),1947-1949,1948-09-08,day,Beersheba,,,depopulated,unknown,31.529233,34.774022,Palestine Open Maps,Village,Palestine Open Maps; Zochrot,https://palopenmaps.org/en/maps/bin-sabbah | https://www.zochrot.org/villages/village_details/49013/en,https://raw.githubusercontent.com/PalOpenMaps/pom-data/main/assets/img/og/bin-sabbah.jpg,"Palestine Open Maps – 1940s Survey of Palestine 1:20,000 map excerpt",,added from Palestine Open Maps,displacement method not in source – see Morris (2004) / Khalidi (1992)
389,I'ribbin,اعربين,Historic Palestine (inside 1949 Armistice Line),1947-1949,1948-10-01,month,Acre,,,depopulated,unknown,33.081042,35.228352,Palestine Open Maps,Community,Palestine Open Maps; Zochrot; Palestine Remembered; Abu Sitta Atlas #19,"https://palopenmaps.org/en/maps/khirbat-iribbin | https://www.zochrot.org/villages/village_details/49003/en | https://www.palestineremembered.com/Acre/Iribbin,-Khirbat/",https://raw.githubusercontent.com/PalOpenMaps/pom-data/main/assets/img/og/khirbat-iribbin.jpg,"Palestine Open Maps – 1940s Survey of Palestine 1:20,000 map excerpt",,added from Palestine Open Maps,displacement method not in source – see Morris (2004) / Khalidi (1992)
390,Kafr 'Inan,كفر عنان,Historic Palestine (inside 1949 Armistice Line),1947-1949,1948-10-01,month,Acre,360,1945,depopulated,forced_expulsion,32.923074,35.419276,Palestine Open Maps,Late expulsion,Palestine Open Maps; Zochrot; Palestine Remembered; PalQuest; Abu Sitta Atlas #27,https://palopenmaps.org/en/maps/kafr-inan | https://www.zochrot.org/villages/village_details/49227/en | https://www.palestineremembered.com/Acre/Kafr-%27Inan/ | https://www.palquest.org/en/place/17033/kafr-inan/,https://raw.githubusercontent.com/PalOpenMaps/pom-data/main/assets/img/og/kafr-inan.jpg,"Palestine Open Maps – 1940s Survey of Palestine 1:20,000 map excerpt",4,"original file, verified against Palestine Open Maps",name standardised (was 'Kafr I'nan'); district corrected Safad→Acre; population 1370→360 (1945 Village Statistics); date 1948-02-15→1948-10-01
391,al-Burayj,البريج,Historic Palestine (inside 1949 Armistice Line),1947-1949,1948-10-01,month,Jerusalem,720,1945,depopulated_built_over,unknown,31.739721,34.931094,Palestine Open Maps,Village,Palestine Open Maps; Zochrot; Palestine Remembered; PalQuest; Abu Sitta Atlas #385,https://palopenmaps.org/en/maps/al-burayj | https://www.zochrot.org/villages/village_details/49935/en | https://www.palestineremembered.com/Jerusalem/al-Burayj/ | https://www.palquest.org/en/place/16963/al-burayj/,https://raw.githubusercontent.com/PalOpenMaps/pom-data/main/assets/img/og/al-burayj.jpg,"Palestine Open Maps – 1940s Survey of Palestine 1:20,000 map excerpt",,added from Palestine Open Maps,displacement method not in source – see Morris (2004) / Khalidi (1992)
392,Ammuqa,عموقة,Historic Palestine (inside 1949 Armistice Line),1947-1949,1948-10-01,month,Safad,140,1945,depopulated,military_assault,33.005768,35.519844,Palestine Open Maps,Military assault,Palestine Open Maps; Zochrot; Palestine Remembered; PalQuest; Abu Sitta Atlas #459,https://palopenmaps.org/en/maps/ammuqa | https://www.zochrot.org/villages/village_details/49402/en | https://www.palestineremembered.com/Safad/Ammuqa/ | https://www.palquest.org/en/place/16909/ammuqa/,https://raw.githubusercontent.com/PalOpenMaps/pom-data/main/assets/img/og/ammuqa.jpg,"Palestine Open Maps – 1940s Survey of Palestine 1:20,000 map excerpt",1,"original file, verified against Palestine Open Maps",date 1948-05-24→1948-10-01
393,al-Farradiyya,الفراضية,Historic Palestine (inside 1949 Armistice Line),1947-1949,1948-10-01,month,Safad,670,1945,depopulated,forced_expulsion,32.931646,35.427222,Palestine Open Maps,Late expulsion,Palestine Open Maps; Zochrot; Palestine Remembered; PalQuest; Abu Sitta Atlas #486,https://palopenmaps.org/en/maps/al-farradiyya | https://www.zochrot.org/villages/village_details/49433/en | https://www.palestineremembered.com/Safad/al-Farradiyya/ | https://www.palquest.org/en/place/16808/al-farradiyya/,https://raw.githubusercontent.com/PalOpenMaps/pom-data/main/assets/img/og/al-farradiyya.jpg,"Palestine Open Maps – 1940s Survey of Palestine 1:20,000 map excerpt",1,"original file, verified against Palestine Open Maps",name standardised (was 'Farradiya'); date 1948-02-15→1948-10-01
394,al-Sammu'i,السموعي,Historic Palestine (inside 1949 Armistice Line),1947-1949,1948-10-01,month,Safad,310,1945,depopulated,fear_of_attack,32.957907,35.453096,Palestine Open Maps,Capitulation,Palestine Open Maps; Zochrot; Palestine Remembered; PalQuest; Abu Sitta Atlas #450,https://palopenmaps.org/en/maps/al-sammui | https://www.zochrot.org/villages/village_details/49341/en | https://www.palestineremembered.com/Safad/al-Sammu%27i/ | https://www.palquest.org/en/place/16881/al-sammui/,https://raw.githubusercontent.com/PalOpenMaps/pom-data/main/assets/img/og/al-sammui.jpg,"Palestine Open Maps – 1940s Survey of Palestine 1:20,000 map excerpt",2,"original file, verified against Palestine Open Maps",date 1948-05-12→1948-10-01
395,Yaquq,ياقوق,Historic Palestine (inside 1949 Armistice Line),1947-1949,1948-10-01,month,Tiberias,210,1945,depopulated,unknown,32.885461,35.479733,Palestine Open Maps,Date uncertain,Palestine Open Maps; Zochrot; Palestine Remembered; PalQuest; Abu Sitta Atlas #501,https://palopenmaps.org/en/maps/yaquq | https://www.zochrot.org/villages/village_details/49205/en | https://www.palestineremembered.com/Tiberias/Yaquq/ | https://www.palquest.org/en/place/17177/yaquq/,https://raw.githubusercontent.com/PalOpenMaps/pom-data/main/assets/img/og/yaquq.jpg,"Palestine Open Maps – 1940s Survey of Palestine 1:20,000 map excerpt",,"original file, verified against Palestine Open Maps",district corrected Safad→Tiberias; date 1948-05-15→1948-10-01
396,al-Mansura,المنصورة,Historic Palestine (inside 1949 Armistice Line),1947-1949,1948-10-01,month,Tiberias,,,depopulated,unknown,32.891795,35.416757,Palestine Open Maps,Village,Palestine Open Maps; Zochrot; Palestine Remembered; PalQuest; Abu Sitta Atlas #505,https://palopenmaps.org/en/maps/al-mansura-tiberias | https://www.zochrot.org/villages/village_details/49264/en | https://www.palestineremembered.com/GeoPoints/al_Mansura_5935/ | https://www.palquest.org/en/place/16847/al-mansura/,https://raw.githubusercontent.com/PalOpenMaps/pom-data/main/assets/img/og/al-mansura-tiberias.jpg,"Palestine Open Maps – 1940s Survey of Palestine 1:20,000 map excerpt",,added from Palestine Open Maps,displacement method not in source – see Morris (2004) / Khalidi (1992)
397,Khirbat Khresh,خربة خوريش,Historic Palestine (inside 1949 Armistice Line),1947-1949,1948-10-01,month,Tulkarem,70,1945,depopulated,unknown,32.141750,34.971459,Palestine Open Maps,Village,Palestine Open Maps; Zochrot; Palestine Remembered,https://palopenmaps.org/en/maps/khirbat-khresh | https://www.zochrot.org/villages/village_details/55797/en | https://www.palestineremembered.com/GeoPoints/Khirbet_Khresh_Khureish_3726/,https://raw.githubusercontent.com/PalOpenMaps/pom-data/main/assets/img/og/khirbat-khresh.jpg,"Palestine Open Maps – 1940s Survey of Palestine 1:20,000 map excerpt",,added from Palestine Open Maps,displacement method not in source – see Morris (2004) / Khalidi (1992)
398,al-Dumayri,الدميرة,Historic Palestine (inside 1949 Armistice Line),1947-1949,1948-10-04,day,Haifa,620,1945,depopulated,forced_expulsion,32.460897,34.919594,Palestine Open Maps,Expulsion,Palestine Open Maps; Palestine Remembered; Abu Sitta Atlas #274,https://palopenmaps.org/en/maps/al-dumayri | https://www.palestineremembered.com/GeoPoints/al_Dumayri_987/,https://raw.githubusercontent.com/PalOpenMaps/pom-data/main/assets/img/og/al-dumayri.jpg,"Palestine Open Maps – 1940s Survey of Palestine 1:20,000 map excerpt",,"original file, verified against Palestine Open Maps",name standardised (was 'Dumeira'); population 340→620 (1945 Village Statistics); date 1948-04-01→1948-10-04
399,Maghar,المغار,Historic Palestine (inside 1949 Armistice Line),1947-1949,1948-10-05,day,Tiberias,2140,1945,depopulated,unknown,32.889987,35.404063,Palestine Open Maps,Village,Palestine Open Maps; Palestine Remembered,https://palopenmaps.org/en/maps/maghar | https://www.palestineremembered.com/GeoPoints/Maghar_1389/,https://raw.githubusercontent.com/PalOpenMaps/pom-data/main/assets/img/og/maghar.jpg,"Palestine Open Maps – 1940s Survey of Palestine 1:20,000 map excerpt",,added from Palestine Open Maps,displacement method not in source – see Morris (2004) / Khalidi (1992)
400,Khirbat al-Duhayriyya,خربة الضهيرية,Historic Palestine (inside 1949 Armistice Line),1947-1949,1948-10-07,day,Ramle,100,1945,depopulated,military_assault,31.946029,34.935451,Palestine Open Maps,Military assault,Palestine Open Maps; Palestine Remembered; PalQuest; Abu Sitta Atlas #68,"https://palopenmaps.org/en/maps/al-duhriyya | https://www.palestineremembered.com/al-Ramla/al-Duhayriyya,-Khirbat/ | https://www.palquest.org/en/place/17050/khirbat-al-duhayriyya/",https://raw.githubusercontent.com/PalOpenMaps/pom-data/main/assets/img/og/al-duhriyya.jpg,"Palestine Open Maps – 1940s Survey of Palestine 1:20,000 map excerpt",,"original file, verified against Palestine Open Maps",name standardised (was 'Khirbet AL Dhuheiriya'); date 1948-07-10→1948-10-07
401,Bayt 'Affa,بيت عفا,Historic Palestine (inside 1949 Armistice Line),1947-1949,1948-10-15,day,Gaza,700,1945,depopulated,unknown,31.661410,34.706581,Palestine Open Maps,Unknown,Palestine Open Maps; Zochrot; Palestine Remembered; PalQuest; Abu Sitta Atlas #214,https://palopenmaps.org/en/maps/bayt-affa | https://www.zochrot.org/villages/village_details/49023/en | https://www.palestineremembered.com/Gaza/Bayt-%27Affa/ | https://www.palquest.org/en/place/16951/bayt-affa/,https://raw.githubusercontent.com/PalOpenMaps/pom-data/main/assets/img/og/bayt-affa.jpg,"Palestine Open Maps – 1940s Survey of Palestine 1:20,000 map excerpt",,"original file, verified against Palestine Open Maps",name standardised (was 'Beit'Affa'); date 1948-05-15→1948-10-15
402,Bayt Tima,بيت طيما,Historic Palestine (inside 1949 Armistice Line),1947-1949,1948-10-18,day,Gaza,1060,1945,depopulated,military_assault,31.623439,34.639078,Palestine Open Maps,Military assault,Palestine Open Maps; Zochrot; Palestine Remembered; PalQuest; Abu Sitta Atlas #244,https://palopenmaps.org/en/maps/bayt-tima | https://www.zochrot.org/villages/village_details/49017/en | https://www.palestineremembered.com/Gaza/Bayt-Tima/ | https://www.palquest.org/en/place/16948/bayt-tima/,https://raw.githubusercontent.com/PalOpenMaps/pom-data/main/assets/img/og/bayt-tima.jpg,"Palestine Open Maps – 1940s Survey of Palestine 1:20,000 map excerpt",,"original file, verified against Palestine Open Maps",name standardised (was 'Beit Tima')
403,Abu Jraiban-Saadneh (Jbarat),أبوجريبان‌ السعادنة‌ الجبارات,Historic Palestine (inside 1949 Armistice Line),1947-1949,1948-10-20,day,Beersheba,419,1945,depopulated,unknown,31.505576,34.811528,Palestine Open Maps,Village,Palestine Open Maps; Abu Sitta Atlas #205,https://palopenmaps.org/en/maps/abu-jraiban-saadneh-jbarat,,,,added from Palestine Open Maps,displacement method not in source – see Morris (2004) / Khalidi (1992)
404,Bdinat (Tayaha),البدينات‌تياها,Historic Palestine (inside 1949 Armistice Line),1947-1949,1948-10-20,day,Beersheba,649,1945,depopulated,unknown,31.435288,34.746408,Palestine Open Maps,Village,Palestine Open Maps; Abu Sitta Atlas #188,https://palopenmaps.org/en/maps/bdinat-tayaha,,,,added from Palestine Open Maps,displacement method not in source – see Morris (2004) / Khalidi (1992)
405,Bin Sabbah-Hasanat (Jbarat),بن صبّاح‌الحسنات‌جبارات,Historic Palestine (inside 1949 Armistice Line),1947-1949,1948-10-20,day,Beersheba,460,1945,depopulated,unknown,31.504889,34.762060,Palestine Open Maps,Village,Palestine Open Maps; Abu Sitta Atlas #201,https://palopenmaps.org/en/maps/bin-sabbah-hasanat-jbarat,,,,added from Palestine Open Maps,displacement method not in source – see Morris (2004) / Khalidi (1992)
406,al-Fukara-Irteimat (Jbarat),الفقراء‌الرتيمات‌الجبارات,Historic Palestine (inside 1949 Armistice Line),1947-1949,1948-10-20,day,Beersheba,796,1945,depopulated,unknown,31.504773,34.811036,Palestine Open Maps,Village,Palestine Open Maps; Abu Sitta Atlas #199,https://palopenmaps.org/en/maps/al-fukara-irteimat-jbarat,,,,added from Palestine Open Maps,displacement method not in source – see Morris (2004) / Khalidi (1992)
407,Dayr Aban,دير آبان,Historic Palestine (inside 1949 Armistice Line),1947-1949,1948-10-20,day,Jerusalem,2100,1945,depopulated,military_assault,31.743065,35.010732,Palestine Open Maps,Military assault,Palestine Open Maps; Zochrot; Palestine Remembered; PalQuest; Abu Sitta Atlas #386,https://palopenmaps.org/en/maps/dayr-aban | https://www.zochrot.org/villages/village_details/49100/en | https://www.palestineremembered.com/Jerusalem/Dayr-Aban/ | https://www.palquest.org/en/place/16971/dayr-aban/,https://raw.githubusercontent.com/PalOpenMaps/pom-data/main/assets/img/og/dayr-aban.jpg,"Palestine Open Maps – 1940s Survey of Palestine 1:20,000 map excerpt",,"original file, verified against Palestine Open Maps",name standardised (was 'Deiraban'); district corrected Hebron→Jerusalem; date 1948-10-19→1948-10-20
408,Dayr al-Hawa,دير الهوا,Historic Palestine (inside 1949 Armistice Line),1947-1949,1948-10-20,day,Jerusalem,60,1945,depopulated,military_assault,31.751265,35.037232,Palestine Open Maps,Military assault,Palestine Open Maps; Zochrot; Palestine Remembered; PalQuest; Abu Sitta Atlas #387,https://palopenmaps.org/en/maps/dayr-al-hawa | https://www.zochrot.org/villages/village_details/50105/en | https://www.palestineremembered.com/Jerusalem/Dayr-al-Hawa/ | https://www.palquest.org/en/place/16974/dayr-al-hawa/,https://raw.githubusercontent.com/PalOpenMaps/pom-data/main/assets/img/og/dayr-al-hawa.jpg,"Palestine Open Maps – 1940s Survey of Palestine 1:20,000 map excerpt",,"original file, verified against Palestine Open Maps",name standardised (was 'Deir AL Hawa'); district corrected Hebron→Jerusalem; population 600→60 (1945 Village Statistics); date 1948-10-19→1948-10-20
409,Beersheba,بئر السبع,Historic Palestine (inside 1949 Armistice Line),1947-1949,1948-10-21,day,Beersheba,5570,1945,depopulated_appropriated,military_assault,31.239334,34.789048,Palestine Open Maps,Military assault and expulsion on city,Palestine Open Maps; Zochrot; Palestine Remembered; Abu Sitta Atlas #135,https://palopenmaps.org/en/maps/beersheba | https://www.zochrot.org/villages/village_details/49062/en | https://www.palestineremembered.com/Beersheba/Beersheba/,https://raw.githubusercontent.com/PalOpenMaps/pom-data/main/assets/img/og/beersheba.jpg,"Palestine Open Maps – 1940s Survey of Palestine 1:20,000 map excerpt",,"original file, verified against Palestine Open Maps",population 6490→5570 (1945 Village Statistics)
410,Bayt Nattif,بيت نتيف,Historic Palestine (inside 1949 Armistice Line),1947-1949,1948-10-21,day,Hebron,2150,1945,depopulated,military_assault,31.696650,34.994834,Palestine Open Maps,Military assault,Palestine Open Maps; Zochrot; Palestine Remembered; PalQuest; Abu Sitta Atlas #324,https://palopenmaps.org/en/maps/bayt-nattif | https://www.zochrot.org/villages/village_details/49059/en | https://www.palestineremembered.com/Hebron/Bayt-Nattif/ | https://www.palquest.org/en/place/16946/bayt-nattif/,https://raw.githubusercontent.com/PalOpenMaps/pom-data/main/assets/img/og/bayt-nattif.jpg,"Palestine Open Maps – 1940s Survey of Palestine 1:20,000 map excerpt",,"original file, verified against Palestine Open Maps",name standardised (was 'Beit Nattif'); population 2494→2150 (1945 Village Statistics)
411,Khirbet Al Umir,,Historic Palestine (inside 1949 Armistice Line),1947-1949,1948-10-21,day,Hebron,270,unverified,destroyed,military_assault,31.7000,35.1500,original file (unverified),Military assault,,,,,,original file,"not found in Palestine Open Maps – verify name, date, population and coordinates"
412,Bayt 'Itab,بيت عطاب,Historic Palestine (inside 1949 Armistice Line),1947-1949,1948-10-21,day,Jerusalem,540,1945,depopulated,military_assault,31.734183,35.052632,Palestine Open Maps,Military assault,Palestine Open Maps; Zochrot; Palestine Remembered; PalQuest; Abu Sitta Atlas #389,https://palopenmaps.org/en/maps/bayt-itab | https://www.zochrot.org/villages/village_details/49060/en | https://www.palestineremembered.com/Jerusalem/Bayt-%27Itab/ | https://www.palquest.org/en/place/16939/bayt-itab/,https://raw.githubusercontent.com/PalOpenMaps/pom-data/main/assets/img/og/bayt-itab.jpg,"Palestine Open Maps – 1940s Survey of Palestine 1:20,000 map excerpt",,"original file, verified against Palestine Open Maps",name standardised (was 'Beit Itab'); district corrected Hebron→Jerusalem
413,Dayr al-Shaykh,دير الشيخ,Historic Palestine (inside 1949 Armistice Line),1947-1949,1948-10-21,day,Jerusalem,220,1945,depopulated,military_assault,31.748964,35.067000,Palestine Open Maps,Military assault,Palestine Open Maps; Zochrot; Palestine Remembered; PalQuest; Abu Sitta Atlas #391,https://palopenmaps.org/en/maps/dayr-al-shaykh | https://www.zochrot.org/villages/village_details/50110/en | https://www.palestineremembered.com/Jerusalem/Dayr-al-Shaykh/ | https://www.palquest.org/en/place/16977/dayr-al-shaykh/,https://raw.githubusercontent.com/PalOpenMaps/pom-data/main/assets/img/og/dayr-al-shaykh.jpg,"Palestine Open Maps – 1940s Survey of Palestine 1:20,000 map excerpt",,"original file, verified against Palestine Open Maps",name standardised (was 'Deir AL Sheick')
414,Jarash,جرش,Historic Palestine (inside 1949 Armistice Line),1947-1949,1948-10-21,day,Jerusalem,190,1945,depopulated,military_assault,31.729952,35.016348,Palestine Open Maps,Military assault,Palestine Open Maps; Zochrot; Palestine Remembered; PalQuest; Abu Sitta Atlas #392,https://palopenmaps.org/en/maps/jarash | https://www.zochrot.org/villages/village_details/50117/en | https://www.palestineremembered.com/Jerusalem/Jarash/ | https://www.palquest.org/en/place/17023/jarash/,https://raw.githubusercontent.com/PalOpenMaps/pom-data/main/assets/img/og/jarash.jpg,"Palestine Open Maps – 1940s Survey of Palestine 1:20,000 map excerpt",,"original file, verified against Palestine Open Maps",district corrected Hebron→Jerusalem
415,Ras Abu 'Ammar,راس أبو عمار,Historic Palestine (inside 1949 Armistice Line),1947-1949,1948-10-21,day,Jerusalem,620,1945,depopulated,military_assault,31.737789,35.092283,Palestine Open Maps,Late expulsion,Palestine Open Maps; Zochrot; Palestine Remembered; PalQuest; Abu Sitta Atlas #393,https://palopenmaps.org/en/maps/ras-abu-ammar | https://www.zochrot.org/villages/village_details/49469/en | https://www.palestineremembered.com/Jerusalem/Ras-Abu-%27Ammar/ | https://www.palquest.org/en/place/17126/ras-abu-ammar/,https://raw.githubusercontent.com/PalOpenMaps/pom-data/main/assets/img/og/ras-abu-ammar.jpg,"Palestine Open Maps – 1940s Survey of Palestine 1:20,000 map excerpt",,"original file, verified against Palestine Open Maps",name standardised (was 'Ras Abu Ammar'); district corrected Hebron→Jerusalem
416,Sufla,سفلى,Historic Palestine (inside 1949 Armistice Line),1947-1949,1948-10-21,day,Jerusalem,60,1945,depopulated,military_assault,31.735077,35.041302,Palestine Open Maps,Military assault,Palestine Open Maps; Zochrot; Palestine Remembered; PalQuest; Abu Sitta Atlas #388,https://palopenmaps.org/en/maps/sufla | https://www.zochrot.org/villages/village_details/49350/en | https://www.palestineremembered.com/Jerusalem/Sufla/ | https://www.palquest.org/en/place/17151/sufla/,https://raw.githubusercontent.com/PalOpenMaps/pom-data/main/assets/img/og/sufla.jpg,"Palestine Open Maps – 1940s Survey of Palestine 1:20,000 map excerpt",,"original file, verified against Palestine Open Maps",district corrected Hebron→Jerusalem; date 1948-10-19→1948-10-21
417,al-Walaja,الولجة,Historic Palestine (inside 1949 Armistice Line),1947-1949,1948-10-21,day,Jerusalem,1650,1945,depopulated,military_assault,31.741038,35.146457,Palestine Open Maps,Military assault,Palestine Open Maps; Zochrot; Palestine Remembered; PalQuest; Abu Sitta Atlas #396,https://palopenmaps.org/en/maps/al-walaja-jerusalem | https://www.zochrot.org/villages/village_details/49135/en | https://www.palestineremembered.com/Jerusalem/al-Walaja/ | https://www.palquest.org/en/place/16901/al-walaja/,https://raw.githubusercontent.com/PalOpenMaps/pom-data/main/assets/img/og/al-walaja-jerusalem.jpg,"Palestine Open Maps – 1940s Survey of Palestine 1:20,000 map excerpt",,"original file, verified against Palestine Open Maps",district corrected Hebron→Jerusalem
418,Allar,علار,Historic Palestine (inside 1949 Armistice Line),1947-1949,1948-10-22,day,Jerusalem,440,1945,depopulated,military_assault,31.723069,35.061583,Palestine Open Maps,Military assault,Palestine Open Maps; Zochrot; Palestine Remembered; PalQuest; Abu Sitta Atlas #397,https://palopenmaps.org/en/maps/allar | https://www.zochrot.org/villages/village_details/49941/en | https://www.palestineremembered.com/Jerusalem/Allar/ | https://www.palquest.org/en/place/16907/allar/,https://raw.githubusercontent.com/PalOpenMaps/pom-data/main/assets/img/og/allar.jpg,"Palestine Open Maps – 1940s Survey of Palestine 1:20,000 map excerpt",,"original file, verified against Palestine Open Maps",district corrected Hebron→Jerusalem
419,Khirbat al-Tannur,خربة التنور,Historic Palestine (inside 1949 Armistice Line),1947-1949,1948-10-22,day,Jerusalem,,,depopulated,unknown,31.715300,35.048400,Palestine Open Maps,Community,Palestine Open Maps; Zochrot; Palestine Remembered; Abu Sitta Atlas #394,"https://palopenmaps.org/en/maps/khirbat-al-tannur | https://www.zochrot.org/villages/village_details/49502/en | https://www.palestineremembered.com/Jerusalem/al-Tannur,-Khirbat/",https://raw.githubusercontent.com/PalOpenMaps/pom-data/main/assets/img/og/khirbat-al-tannur.jpg,"Palestine Open Maps – 1940s Survey of Palestine 1:20,000 map excerpt",,added from Palestine Open Maps,displacement method not in source – see Morris (2004) / Khalidi (1992)
420,al-Qabu,القبو,Historic Palestine (inside 1949 Armistice Line),1947-1949,1948-10-22,day,Jerusalem,260,1945,depopulated,military_assault,31.728358,35.120650,Palestine Open Maps,Military assault,Palestine Open Maps; Zochrot; Palestine Remembered; PalQuest; Abu Sitta Atlas #398,https://palopenmaps.org/en/maps/al-qabu | https://www.zochrot.org/villages/village_details/49455/en | https://www.palestineremembered.com/Jerusalem/al-Qabu/ | https://www.palquest.org/en/place/16867/al-qabu/,https://raw.githubusercontent.com/PalOpenMaps/pom-data/main/assets/img/og/al-qabu.jpg,"Palestine Open Maps – 1940s Survey of Palestine 1:20,000 map excerpt",,"original file, verified against Palestine Open Maps",district corrected Hebron→Jerusalem
421,Kudna,كدنا,Historic Palestine (inside 1949 Armistice Line),1947-1949,1948-10-23,day,Hebron,450,1945,depopulated,military_assault,31.645981,34.895145,Palestine Open Maps,Military assault,Palestine Open Maps; Zochrot; Palestine Remembered; PalQuest; Abu Sitta Atlas #325,https://palopenmaps.org/en/maps/kudna | https://www.zochrot.org/villages/village_details/49231/en | https://www.palestineremembered.com/Hebron/Kudna/ | https://www.palquest.org/en/place/17082/kudna/,https://raw.githubusercontent.com/PalOpenMaps/pom-data/main/assets/img/og/kudna.jpg,"Palestine Open Maps – 1940s Survey of Palestine 1:20,000 map excerpt",,"original file, verified against Palestine Open Maps",name standardised (was 'Kidna'); date 1948-10-22→1948-10-23
422,Ra'na,رعنا,Historic Palestine (inside 1949 Armistice Line),1947-1949,1948-10-23,day,Hebron,190,1945,depopulated,military_assault,31.665745,34.878344,Palestine Open Maps,Military assault,Palestine Open Maps; Zochrot; Palestine Remembered; PalQuest; Abu Sitta Atlas #326,https://palopenmaps.org/en/maps/rana | https://www.zochrot.org/villages/village_details/49475/en | https://www.palestineremembered.com/Hebron/Ra%27na/ | https://www.palquest.org/en/place/17123/rana/,https://raw.githubusercontent.com/PalOpenMaps/pom-data/main/assets/img/og/rana.jpg,"Palestine Open Maps – 1940s Survey of Palestine 1:20,000 map excerpt",,"original file, verified against Palestine Open Maps",date 1948-10-22→1948-10-23
423,Zakariyya,زكريا,Historic Palestine (inside 1949 Armistice Line),1947-1949,1948-10-23,day,Hebron,1180,1945,depopulated_built_over,forced_expulsion,31.709221,34.945948,Palestine Open Maps,Late expulsion,Palestine Open Maps; Zochrot; Palestine Remembered; PalQuest; Abu Sitta Atlas #334,https://palopenmaps.org/en/maps/zakariyya | https://www.zochrot.org/villages/village_details/49151/en | https://www.palestineremembered.com/Hebron/Zakariyya/ | https://www.palquest.org/en/place/17184/zakariyya/,https://raw.githubusercontent.com/PalOpenMaps/pom-data/main/assets/img/og/zakariyya.jpg,"Palestine Open Maps – 1940s Survey of Palestine 1:20,000 map excerpt",,"original file, verified against Palestine Open Maps",name standardised (was 'Zakariya'); date 1950-06-01→1948-10-23
424,Zikrin,زكرين,Historic Palestine (inside 1949 Armistice Line),1947-1949,1948-10-23,day,Hebron,960,1945,depopulated,military_assault,31.663084,34.860250,Palestine Open Maps,Military assault,Palestine Open Maps; Zochrot; Palestine Remembered; PalQuest; Abu Sitta Atlas #327,https://palopenmaps.org/en/maps/zikrin | https://www.zochrot.org/villages/village_details/49146/en | https://www.palestineremembered.com/Hebron/Thikrin/ | https://www.palquest.org/en/place/17188/zikrin/,https://raw.githubusercontent.com/PalOpenMaps/pom-data/main/assets/img/og/zikrin.jpg,"Palestine Open Maps – 1940s Survey of Palestine 1:20,000 map excerpt",,"original file, verified against Palestine Open Maps",date 1948-10-22→1948-10-23
425,Ajjur,عجور,Historic Palestine (inside 1949 Armistice Line),1947-1949,1948-10-24,day,Hebron,3730,1945,depopulated,military_assault,31.688995,34.921707,Palestine Open Maps,Military assault,Palestine Open Maps; Zochrot; Palestine Remembered; PalQuest; Abu Sitta Atlas #323,https://palopenmaps.org/en/maps/ajjur | https://www.zochrot.org/villages/village_details/49394/en | https://www.palestineremembered.com/Hebron/Ajjur/ | https://www.palquest.org/en/place/16787/ajjur/,https://raw.githubusercontent.com/PalOpenMaps/pom-data/main/assets/img/og/ajjur.jpg,"Palestine Open Maps – 1940s Survey of Palestine 1:20,000 map excerpt",,"original file, verified against Palestine Open Maps",date 1948-07-23→1948-10-24
426,Dayr al-Dubban,دير الدبان,Historic Palestine (inside 1949 Armistice Line),1947-1949,1948-10-24,day,Hebron,730,1945,depopulated,military_assault,31.672586,34.892574,Palestine Open Maps,Military assault,Palestine Open Maps; Zochrot; Palestine Remembered; PalQuest; Abu Sitta Atlas #328,https://palopenmaps.org/en/maps/dayr-al-dubban | https://www.zochrot.org/villages/village_details/49103/en | https://www.palestineremembered.com/Hebron/Dayr-al-Dubban/ | https://www.palquest.org/en/place/16973/dayr-al-dubban/,https://raw.githubusercontent.com/PalOpenMaps/pom-data/main/assets/img/og/dayr-al-dubban.jpg,"Palestine Open Maps – 1940s Survey of Palestine 1:20,000 map excerpt",,"original file, verified against Palestine Open Maps",name standardised (was 'Deir Al Dubban'); date 1948-10-23→1948-10-24
427,Bayt Jibrin,بيت جبرين,Historic Palestine (inside 1949 Armistice Line),1947-1949,1948-10-27,day,Hebron,2430,1945,depopulated,military_assault,31.606553,34.896451,Palestine Open Maps,Military assault,Palestine Open Maps; Zochrot; Palestine Remembered; PalQuest; Abu Sitta Atlas #331,https://palopenmaps.org/en/maps/bayt-jibrin | https://www.zochrot.org/villages/village_details/49055/en | https://www.palestineremembered.com/Hebron/Bayt-Jibrin/ | https://www.palquest.org/en/place/16940/bayt-jibrin/,https://raw.githubusercontent.com/PalOpenMaps/pom-data/main/assets/img/og/bayt-jibrin.jpg,"Palestine Open Maps – 1940s Survey of Palestine 1:20,000 map excerpt",,"original file, verified against Palestine Open Maps",name standardised (was 'Beit Jibrin'); date 1948-10-29→1948-10-27
428,Hamama,حمامة,Historic Palestine (inside 1949 Armistice Line),1947-1949,1948-10-28,day,Gaza,5070,1945,depopulated,military_assault,31.692954,34.591750,Palestine Open Maps,Military assault,Palestine Open Maps; Zochrot; Palestine Remembered; PalQuest; Abu Sitta Atlas #252,https://palopenmaps.org/en/maps/hamama | https://www.zochrot.org/villages/village_details/49181/en | https://www.palestineremembered.com/Gaza/Hamama/ | https://www.palquest.org/en/place/16995/hamama/,https://raw.githubusercontent.com/PalOpenMaps/pom-data/main/assets/img/og/hamama.jpg,"Palestine Open Maps – 1940s Survey of Palestine 1:20,000 map excerpt",1,"original file, verified against Palestine Open Maps",name standardised (was 'Hamam'); population 5010→5070 (1945 Village Statistics); date 1948-11-04→1948-10-28
429,Isdud,إسدود,Historic Palestine (inside 1949 Armistice Line),1947-1949,1948-10-28,day,Gaza,4620,1945,depopulated,military_assault,31.755311,34.660207,Palestine Open Maps,Military assault and expulsion,Palestine Open Maps; Zochrot; Palestine Remembered; PalQuest; Abu Sitta Atlas #246,https://palopenmaps.org/en/maps/isdud | https://www.zochrot.org/villages/village_details/48983/en | https://www.palestineremembered.com/Gaza/Isdud/ | https://www.palquest.org/en/place/17014/isdud/,https://raw.githubusercontent.com/PalOpenMaps/pom-data/main/assets/img/og/isdud.jpg,"Palestine Open Maps – 1940s Survey of Palestine 1:20,000 map excerpt",,"original file, verified against Palestine Open Maps",
430,al-Qubayba,القبيبة,Historic Palestine (inside 1949 Armistice Line),1947-1949,1948-10-28,day,Hebron,1060,1945,depopulated,military_assault,31.571213,34.853821,Palestine Open Maps,Military assault,Palestine Open Maps; Zochrot; Palestine Remembered; PalQuest; Abu Sitta Atlas #329,https://palopenmaps.org/en/maps/al-qubayba-hebron | https://www.zochrot.org/villages/village_details/49457/en | https://www.palestineremembered.com/Hebron/al-Qubayba/ | https://www.palquest.org/en/place/16870/al-qubayba/,https://raw.githubusercontent.com/PalOpenMaps/pom-data/main/assets/img/og/al-qubayba-hebron.jpg,"Palestine Open Maps – 1940s Survey of Palestine 1:20,000 map excerpt",,"original file, verified against Palestine Open Maps",name standardised (was 'Qubeiba'); population 1720→1060 (1945 Village Statistics)
431,Dayr Nakhkhas,دير نخاس,Historic Palestine (inside 1949 Armistice Line),1947-1949,1948-10-29,day,Hebron,600,1945,depopulated,military_assault,31.615740,34.922425,Palestine Open Maps,Military assault,Palestine Open Maps; Zochrot; Palestine Remembered; PalQuest; Abu Sitta Atlas #333,https://palopenmaps.org/en/maps/dayr-nakhkhas | https://www.zochrot.org/villages/village_details/49108/en | https://www.palestineremembered.com/Hebron/Dayr-Nakhkhas/ | https://www.palquest.org/en/place/16975/dayr-nakhkhas/,https://raw.githubusercontent.com/PalOpenMaps/pom-data/main/assets/img/og/dayr-nakhkhas.jpg,"Palestine Open Maps – 1940s Survey of Palestine 1:20,000 map excerpt",,"original file, verified against Palestine Open Maps",name standardised (was 'Deir Nakh-khas'); population 590→600 (1945 Village Statistics)
432,al-Dawayima,الدوايمة,Historic Palestine (inside 1949 Armistice Line),1947-1949,1948-10-29,day,Hebron,3710,1945,depopulated_built_over,massacre,31.536759,34.912503,Palestine Open Maps,Military assault and massacre,Palestine Open Maps; Zochrot; Palestine Remembered; PalQuest; Abu Sitta Atlas #332,https://palopenmaps.org/en/maps/al-dawayima | https://www.zochrot.org/villages/village_details/49115/en | https://www.palestineremembered.com/Hebron/al-Dawayima/ | https://www.palquest.org/en/place/16803/al-dawayima/,https://raw.githubusercontent.com/PalOpenMaps/pom-data/main/assets/img/og/al-dawayima.jpg,"Palestine Open Maps – 1940s Survey of Palestine 1:20,000 map excerpt",,"original file, verified against Palestine Open Maps",
433,Jish,جش,Historic Palestine (inside 1949 Armistice Line),1947-1949,1948-10-29,day,Safad,1090,1945,depopulated,unknown,33.025909,35.445279,Palestine Open Maps,Village,Palestine Open Maps; Palestine Remembered; Abu Sitta Atlas #29,https://palopenmaps.org/en/maps/jish | https://www.palestineremembered.com/GeoPoints/Jish__Gush_Halav__1231/,https://raw.githubusercontent.com/PalOpenMaps/pom-data/main/assets/img/og/jish.jpg,"Palestine Open Maps – 1940s Survey of Palestine 1:20,000 map excerpt",9,added from Palestine Open Maps,displacement method not in source – see Morris (2004) / Khalidi (1992)
434,Qaddita,قديتا,Historic Palestine (inside 1949 Armistice Line),1947-1949,1948-10-29,day,Safad,240,1945,depopulated,fear_of_attack,33.004816,35.467972,Palestine Open Maps,Capitulation,Palestine Open Maps; Zochrot; Palestine Remembered; PalQuest; Abu Sitta Atlas #448,https://palopenmaps.org/en/maps/qaddita | https://www.zochrot.org/villages/village_details/49448/en | https://www.palestineremembered.com/Safad/Qaddita/ | https://www.palquest.org/en/place/17111/qaddita/,https://raw.githubusercontent.com/PalOpenMaps/pom-data/main/assets/img/og/qaddita.jpg,"Palestine Open Maps – 1940s Survey of Palestine 1:20,000 map excerpt",3,"original file, verified against Palestine Open Maps",date 1948-05-11→1948-10-29
435,Safsaf,صفصاف,Historic Palestine (inside 1949 Armistice Line),1947-1949,1948-10-29,day,Safad,910,1945,depopulated,massacre,33.011504,35.446230,Palestine Open Maps,Military assault and massacre,Palestine Open Maps; Zochrot; Palestine Remembered; PalQuest; Abu Sitta Atlas #476,https://palopenmaps.org/en/maps/safsaf | https://www.zochrot.org/villages/village_details/49364/en | https://www.palestineremembered.com/Safad/Safsaf/ | https://www.palquest.org/en/place/17131/safsaf/,https://raw.githubusercontent.com/PalOpenMaps/pom-data/main/assets/img/og/safsaf.jpg,"Palestine Open Maps – 1940s Survey of Palestine 1:20,000 map excerpt",17,"original file, verified against Palestine Open Maps",
436,Dayr al-Qasi,دير القاسي,Historic Palestine (inside 1949 Armistice Line),1947-1949,1948-10-30,day,Acre,2300,1945,depopulated_built_over,military_assault,33.034969,35.324095,Palestine Open Maps,Military assault,Palestine Open Maps; Zochrot; Palestine Remembered; PalQuest; Abu Sitta Atlas #18,https://palopenmaps.org/en/maps/dayr-al-qasi | https://www.zochrot.org/villages/village_details/49111/en | https://www.palestineremembered.com/Acre/Dayr-al-Qasi/ | https://www.palquest.org/en/place/16976/dayr-al-qasi/,https://raw.githubusercontent.com/PalOpenMaps/pom-data/main/assets/img/og/dayr-al-qasi.jpg,"Palestine Open Maps – 1940s Survey of Palestine 1:20,000 map excerpt",4,"original file, verified against Palestine Open Maps",name standardised (was 'Deir Al Qasi'); population 2100→2300 (1945 Village Statistics)
437,Suhmata,سحماتا,Historic Palestine (inside 1949 Armistice Line),1947-1949,1948-10-30,day,Acre,1130,1945,depopulated,military_assault,33.006181,35.303100,Palestine Open Maps,Military assault,Palestine Open Maps; Zochrot; Palestine Remembered; PalQuest; Abu Sitta Atlas #21,https://palopenmaps.org/en/maps/suhmata | https://www.zochrot.org/villages/village_details/49348/en | https://www.palestineremembered.com/Acre/Suhmata/ | https://www.palquest.org/en/place/17152/suhmata/,https://raw.githubusercontent.com/PalOpenMaps/pom-data/main/assets/img/og/suhmata.jpg,"Palestine Open Maps – 1940s Survey of Palestine 1:20,000 map excerpt",20,"original file, verified against Palestine Open Maps",
438,Tarshiha,ترشيحا,Historic Palestine (inside 1949 Armistice Line),1947-1949,1948-10-30,day,Acre,5360,1945,depopulated,unknown,33.010417,35.268444,Palestine Open Maps,Village,Palestine Open Maps; Zochrot; Palestine Remembered,https://palopenmaps.org/en/maps/tarshiha | https://www.zochrot.org/villages/village_details/49508/en | https://www.palestineremembered.com/Acre/Tarshiha/,https://raw.githubusercontent.com/PalOpenMaps/pom-data/main/assets/img/og/tarshiha.jpg,"Palestine Open Maps – 1940s Survey of Palestine 1:20,000 map excerpt",18,added from Palestine Open Maps,displacement method not in source – see Morris (2004) / Khalidi (1992)
439,Alma,علما,Historic Palestine (inside 1949 Armistice Line),1947-1949,1948-10-30,day,Safad,950,1945,depopulated_built_over,military_assault,33.055462,35.492191,Palestine Open Maps,Military assault and expulsion,Palestine Open Maps; Zochrot; Palestine Remembered; PalQuest; Abu Sitta Atlas #477,https://palopenmaps.org/en/maps/alma-safad | https://www.zochrot.org/villages/village_details/49398/en | https://www.palestineremembered.com/Safad/Alma/ | https://www.palquest.org/en/place/16908/alma/,https://raw.githubusercontent.com/PalOpenMaps/pom-data/main/assets/img/og/alma-safad.jpg,"Palestine Open Maps – 1940s Survey of Palestine 1:20,000 map excerpt",12,"original file, verified against Palestine Open Maps",
440,Dallata,دلاتة,Historic Palestine (inside 1949 Armistice Line),1947-1949,1948-10-30,day,Safad,360,1945,depopulated,unknown,33.022746,35.499475,Palestine Open Maps,Unknown method and date,Palestine Open Maps; Zochrot; Palestine Remembered; PalQuest; Abu Sitta Atlas #442,https://palopenmaps.org/en/maps/dallata | https://www.zochrot.org/villages/village_details/49119/en | https://www.palestineremembered.com/Safad/Dallata/ | https://www.palquest.org/en/place/16967/dallata/,https://raw.githubusercontent.com/PalOpenMaps/pom-data/main/assets/img/og/dallata.jpg,"Palestine Open Maps – 1940s Survey of Palestine 1:20,000 map excerpt",4,"original file, verified against Palestine Open Maps",date 1948-05-15→1948-10-30
441,Dayshum,ديشوم,Historic Palestine (inside 1949 Armistice Line),1947-1949,1948-10-30,day,Safad,590,1945,depopulated,military_assault,33.078342,35.508971,Palestine Open Maps,Military assault and expulsion,Palestine Open Maps; Zochrot; Palestine Remembered; PalQuest; Abu Sitta Atlas #478,https://palopenmaps.org/en/maps/dayshum | https://www.zochrot.org/villages/village_details/49117/en | https://www.palestineremembered.com/Safad/Dayshum/ | https://www.palquest.org/en/place/16984/dayshum/,https://raw.githubusercontent.com/PalOpenMaps/pom-data/main/assets/img/og/dayshum.jpg,"Palestine Open Maps – 1940s Survey of Palestine 1:20,000 map excerpt",5,"original file, verified against Palestine Open Maps",name standardised (was 'Deishum')
442,Fara,فارة,Historic Palestine (inside 1949 Armistice Line),1947-1949,1948-10-30,day,Safad,320,1945,depopulated,military_assault,33.065763,35.457909,Palestine Open Maps,Military assault and expulsion,Palestine Open Maps; Zochrot; Palestine Remembered; PalQuest; Abu Sitta Atlas #479,https://palopenmaps.org/en/maps/fara | https://www.zochrot.org/villages/village_details/49434/en | https://www.palestineremembered.com/Safad/Fara/ | https://www.palquest.org/en/place/16987/fara/,https://raw.githubusercontent.com/PalOpenMaps/pom-data/main/assets/img/og/fara.jpg,"Palestine Open Maps – 1940s Survey of Palestine 1:20,000 map excerpt",5,"original file, verified against Palestine Open Maps",population 670→320 (1945 Village Statistics)
443,Ghabbatiyya,غباطية,Historic Palestine (inside 1949 Armistice Line),1947-1949,1948-10-30,day,Safad,60,1945,depopulated,military_assault,33.014414,35.376281,Palestine Open Maps,Date uncertain,Palestine Open Maps; Zochrot; Palestine Remembered; PalQuest; Abu Sitta Atlas #480,https://palopenmaps.org/en/maps/ghabbatiyya | https://www.zochrot.org/villages/village_details/49386/en | https://www.palestineremembered.com/Safad/Ghabbatiyya/ | https://www.palquest.org/en/place/16810/ghabbatiyya/,https://raw.githubusercontent.com/PalOpenMaps/pom-data/main/assets/img/og/ghabbatiyya.jpg,"Palestine Open Maps – 1940s Survey of Palestine 1:20,000 map excerpt",,"original file, verified against Palestine Open Maps",name standardised (was 'Ghabbatiya'); district corrected Acre→Safad; population 690→60 (1945 Village Statistics)
444,Kafr Bir'im,كفر برعم,Historic Palestine (inside 1949 Armistice Line),1947-1949,1948-10-30,day,Safad,710,1945,depopulated,forced_expulsion,33.043672,35.414243,Palestine Open Maps,Late expulsion | Villagers told to leave temporarily in Nov 1948; village bombed/demolished in 1953,Palestine Open Maps; Zochrot; Palestine Remembered; PalQuest; Abu Sitta Atlas #485,https://palopenmaps.org/en/maps/kafr-birim | https://www.zochrot.org/villages/village_details/49225/en | https://www.palestineremembered.com/Safad/Kafr-Bir%27im/ | https://www.palquest.org/en/place/17034/kafr-birim/,https://raw.githubusercontent.com/PalOpenMaps/pom-data/main/assets/img/og/kafr-birim.jpg,"Palestine Open Maps – 1940s Survey of Palestine 1:20,000 map excerpt",2,"original file, verified against Palestine Open Maps",district corrected Acre→Safad; date 1948-11-15→1948-10-30
445,Marus,ماروس,Historic Palestine (inside 1949 Armistice Line),1947-1949,1948-10-30,day,Safad,80,1945,depopulated,fear_of_attack,33.028764,35.528488,Palestine Open Maps,Capitulation,Palestine Open Maps; Zochrot; Palestine Remembered; PalQuest; Abu Sitta Atlas #470,https://palopenmaps.org/en/maps/marus | https://www.zochrot.org/villages/village_details/49253/en | https://www.palestineremembered.com/Safad/Marus/ | https://www.palquest.org/en/place/17094/marus/,https://raw.githubusercontent.com/PalOpenMaps/pom-data/main/assets/img/og/marus.jpg,"Palestine Open Maps – 1940s Survey of Palestine 1:20,000 map excerpt",,"original file, verified against Palestine Open Maps",date 1948-05-26→1948-10-30
446,Mirun,ميرون,Historic Palestine (inside 1949 Armistice Line),1947-1949,1948-10-30,day,Safad,290,1945,depopulated_built_over,fear_of_attack,32.982043,35.439089,Palestine Open Maps,Capitulation,Palestine Open Maps; Zochrot; Palestine Remembered; PalQuest; Abu Sitta Atlas #444,https://palopenmaps.org/en/maps/mirun | https://www.zochrot.org/villages/village_details/49247/en | https://www.palestineremembered.com/Safad/Mirun/ | https://www.palquest.org/en/place/17097/mirun/,https://raw.githubusercontent.com/PalOpenMaps/pom-data/main/assets/img/og/mirun.jpg,"Palestine Open Maps – 1940s Survey of Palestine 1:20,000 map excerpt",4,"original file, verified against Palestine Open Maps",name standardised (was 'Meirun'); date 1948-05-10→1948-10-30
447,Sa'sa',سعسع,Historic Palestine (inside 1949 Armistice Line),1947-1949,1948-10-30,day,Safad,1130,1945,depopulated_built_over,military_assault,33.028907,35.394698,Palestine Open Maps,Military assault and expulsion,Palestine Open Maps; Zochrot; Palestine Remembered; PalQuest; Abu Sitta Atlas #482,https://palopenmaps.org/en/maps/sasa | https://www.zochrot.org/villages/village_details/49344/en | https://www.palestineremembered.com/Safad/Sa%27sa%27/ | https://www.palquest.org/en/place/17127/sasa/,https://raw.githubusercontent.com/PalOpenMaps/pom-data/main/assets/img/og/sasa.jpg,"Palestine Open Maps – 1940s Survey of Palestine 1:20,000 map excerpt",15,"original file, verified against Palestine Open Maps",name standardised (was 'Sa'sa')
448,Sabalan,سبلان,Historic Palestine (inside 1949 Armistice Line),1947-1949,1948-10-30,day,Safad,70,1945,depopulated,military_assault,33.011611,35.341421,Palestine Open Maps,Date uncertain,Palestine Open Maps; Zochrot; Palestine Remembered; PalQuest; Abu Sitta Atlas #483,https://palopenmaps.org/en/maps/sabalan | https://www.zochrot.org/villages/village_details/49327/en | https://www.palestineremembered.com/Safad/Sabalan/ | https://www.palquest.org/en/place/17128/sabalan/,https://raw.githubusercontent.com/PalOpenMaps/pom-data/main/assets/img/og/sabalan.jpg,"Palestine Open Maps – 1940s Survey of Palestine 1:20,000 map excerpt",2,"original file, verified against Palestine Open Maps",district corrected Acre→Safad
449,Saliha,صلحة,Historic Palestine (inside 1949 Armistice Line),1947-1949,1948-10-30,day,Safad,1070,1945,depopulated_built_over,military_assault,33.075575,35.456221,Palestine Open Maps,Military assault and expulsion,Palestine Open Maps; Zochrot; Palestine Remembered; PalQuest; Abu Sitta Atlas #484,https://palopenmaps.org/en/maps/saliha | https://www.zochrot.org/villages/village_details/49354/en | https://www.palestineremembered.com/Safad/Saliha/ | https://www.palquest.org/en/place/17135/saliha/,https://raw.githubusercontent.com/PalOpenMaps/pom-data/main/assets/img/og/saliha.jpg,"Palestine Open Maps – 1940s Survey of Palestine 1:20,000 map excerpt",5,"original file, verified against Palestine Open Maps",
450,al-Ras al-Ahmar,الراس الأحمر,Historic Palestine (inside 1949 Armistice Line),1947-1949,1948-10-30,day,Safad,620,1945,depopulated_built_over,military_assault,33.039028,35.469674,Palestine Open Maps,Military assault,Palestine Open Maps; Zochrot; Palestine Remembered; PalQuest; Abu Sitta Atlas #481,https://palopenmaps.org/en/maps/al-ras-al-ahmar | https://www.zochrot.org/villages/village_details/49470/en | https://www.palestineremembered.com/Safad/al-Ras-al-Ahmar/ | https://www.palquest.org/en/place/16872/al-ras-al-ahmar/,https://raw.githubusercontent.com/PalOpenMaps/pom-data/main/assets/img/og/al-ras-al-ahmar.jpg,"Palestine Open Maps – 1940s Survey of Palestine 1:20,000 map excerpt",4,"original file, verified against Palestine Open Maps",population 645→620 (1945 Village Statistics)
451,Iqrit,إقرت,Historic Palestine (inside 1949 Armistice Line),1947-1949,1948-10-31,day,Acre,490,1945,depopulated,forced_expulsion,33.075565,35.275571,Palestine Open Maps,"Late expulsion | Villagers told to leave ""for two weeks"" in Nov 1948; village demolished Dec 1951 despite a court ruling for their return",Palestine Open Maps; Zochrot; Palestine Remembered; PalQuest; Abu Sitta Atlas #22,https://palopenmaps.org/en/maps/iqrit | https://www.zochrot.org/villages/village_details/48985/en | https://www.palestineremembered.com/Acre/Iqrit/ | https://www.palquest.org/en/place/17011/iqrit/,https://raw.githubusercontent.com/PalOpenMaps/pom-data/main/assets/img/og/iqrit.jpg,"Palestine Open Maps – 1940s Survey of Palestine 1:20,000 map excerpt",,"original file, verified against Palestine Open Maps",date 1948-11-15→1948-10-31
452,Suruh,سرُوح,Historic Palestine (inside 1949 Armistice Line),1947-1949,1948-10-31,day,Acre,420,unverified,depopulated,forced_expulsion,33.085103,35.292513,Palestine Open Maps,Late expulsion,Palestine Open Maps; Zochrot; Palestine Remembered; Abu Sitta Atlas #25,https://palopenmaps.org/en/maps/suruh | https://www.zochrot.org/villages/village_details/49358/en | https://www.palestineremembered.com/Acre/Suruh/,https://raw.githubusercontent.com/PalOpenMaps/pom-data/main/assets/img/og/suruh.jpg,"Palestine Open Maps – 1940s Survey of Palestine 1:20,000 map excerpt",,"original file, verified against Palestine Open Maps",date 1948-11-15→1948-10-31
453,Tarbikha,تربيخا,Historic Palestine (inside 1949 Armistice Line),1947-1949,1948-10-31,day,Acre,1000,1945,depopulated_built_over,forced_expulsion,33.083067,35.285125,Palestine Open Maps,Late expulsion,Palestine Open Maps; Zochrot; Palestine Remembered; PalQuest; Abu Sitta Atlas #26,https://palopenmaps.org/en/maps/tarbikha | https://www.zochrot.org/villages/village_details/49503/en | https://www.palestineremembered.com/Acre/Tarbikha/ | https://www.palquest.org/en/place/17159/tarbikha/,https://raw.githubusercontent.com/PalOpenMaps/pom-data/main/assets/img/og/tarbikha.jpg,"Palestine Open Maps – 1940s Survey of Palestine 1:20,000 map excerpt",2,"original file, verified against Palestine Open Maps",population 900→1000 (1945 Village Statistics); date 1948-11-15→1948-10-31
454,al-Mansura,المنصورة,Historic Palestine (inside 1949 Armistice Line),1947-1949,1948-10-31,day,Acre,90,unverified,depopulated,forced_expulsion,33.064446,35.336109,Palestine Open Maps,Late expulsion,Palestine Open Maps; Zochrot; Palestine Remembered; Abu Sitta Atlas #23,https://palopenmaps.org/en/maps/al-mansura-acre | https://www.zochrot.org/villages/village_details/49260/en | https://www.palestineremembered.com/Acre/al-Mansura/,https://raw.githubusercontent.com/PalOpenMaps/pom-data/main/assets/img/og/al-mansura-acre.jpg,"Palestine Open Maps – 1940s Survey of Palestine 1:20,000 map excerpt",1,"original file, verified against Palestine Open Maps",date 1948-11-15→1948-10-31
455,al-Nabi Rubin,النبي روبين,Historic Palestine (inside 1949 Armistice Line),1947-1949,1948-10-31,day,Acre,310,unverified,depopulated,forced_expulsion,33.080272,35.290808,Palestine Open Maps,Late expulsion,Palestine Open Maps; Zochrot; Palestine Remembered; Abu Sitta Atlas #24,https://palopenmaps.org/en/maps/al-nabi-rubin-acre | https://www.zochrot.org/villages/village_details/49307/en | https://www.palestineremembered.com/Acre/al-Nabi-Rubin/,https://raw.githubusercontent.com/PalOpenMaps/pom-data/main/assets/img/og/al-nabi-rubin-acre.jpg,"Palestine Open Maps – 1940s Survey of Palestine 1:20,000 map excerpt",,"original file, verified against Palestine Open Maps",date 1948-11-15→1948-10-31
456,Hunin,هونين,Historic Palestine (inside 1949 Armistice Line),1947-1949,1948-10-31,day,Safad,1620,1945,depopulated_built_over,forced_expulsion,33.218837,35.545197,Palestine Open Maps,Fear and expulsion,Palestine Open Maps; Zochrot; Palestine Remembered; PalQuest; Abu Sitta Atlas #432,https://palopenmaps.org/en/maps/hunin | https://www.zochrot.org/villages/village_details/49131/en | https://www.palestineremembered.com/Safad/Hunin/ | https://www.palquest.org/en/place/17003/hunin/,https://raw.githubusercontent.com/PalOpenMaps/pom-data/main/assets/img/og/hunin.jpg,"Palestine Open Maps – 1940s Survey of Palestine 1:20,000 map excerpt",3,"original file, verified against Palestine Open Maps",population 1700→1620 (1945 Village Statistics); date 1948-05-03→1948-10-31
457,Qadas,قدس,Historic Palestine (inside 1949 Armistice Line),1947-1949,1948-10-31,day,Safad,390,1945,depopulated,fear_of_attack,33.113142,35.527914,Palestine Open Maps,Capitulation,Palestine Open Maps; Zochrot; Palestine Remembered; PalQuest; Abu Sitta Atlas #474,https://palopenmaps.org/en/maps/qadas | https://www.zochrot.org/villages/village_details/49447/en | https://www.palestineremembered.com/Safad/Qadas/ | https://www.palquest.org/en/place/17110/qadas/,https://raw.githubusercontent.com/PalOpenMaps/pom-data/main/assets/img/og/qadas.jpg,"Palestine Open Maps – 1940s Survey of Palestine 1:20,000 map excerpt",10,"original file, verified against Palestine Open Maps",population 240→390 (1945 Village Statistics); date 1948-05-28→1948-10-31
458,al-Malikiyya,المالكية,Historic Palestine (inside 1949 Armistice Line),1947-1949,1948-10-31,day,Safad,360,1945,depopulated,military_assault,33.105666,35.508263,Palestine Open Maps,Military assault and expulsion,Palestine Open Maps; Zochrot; Palestine Remembered; PalQuest; Abu Sitta Atlas #472,https://palopenmaps.org/en/maps/al-malikiyya | https://www.zochrot.org/villages/village_details/49252/en | https://www.palestineremembered.com/Safad/al-Malikiyya/ | https://www.palquest.org/en/place/17091/al-malikiyya/,https://raw.githubusercontent.com/PalOpenMaps/pom-data/main/assets/img/og/al-malikiyya.jpg,"Palestine Open Maps – 1940s Survey of Palestine 1:20,000 map excerpt",5,"original file, verified against Palestine Open Maps",name standardised (was 'Malikiya'); date 1948-05-28→1948-10-31
459,Bayt Jirja,بيت جرجا,Historic Palestine (inside 1949 Armistice Line),1947-1949,1948-11-01,month,Gaza,940,1945,depopulated,unknown,31.602825,34.580814,Palestine Open Maps,Unknown,Palestine Open Maps; Zochrot; Palestine Remembered; PalQuest; Abu Sitta Atlas #247,https://palopenmaps.org/en/maps/bayt-jirja | https://www.zochrot.org/villages/village_details/49016/en | https://www.palestineremembered.com/Gaza/Bayt-Jirja/ | https://www.palquest.org/en/place/16941/bayt-jirja/,https://raw.githubusercontent.com/PalOpenMaps/pom-data/main/assets/img/og/bayt-jirja.jpg,"Palestine Open Maps – 1940s Survey of Palestine 1:20,000 map excerpt",,"original file, verified against Palestine Open Maps",name standardised (was 'Beit Jirja'); date 1948-05-15→1948-11-01
460,Dayr Sunayd,دير سنيد,Historic Palestine (inside 1949 Armistice Line),1947-1949,1948-11-01,month,Gaza,730,1945,depopulated,unknown,31.574789,34.555462,Palestine Open Maps,Unknown,Palestine Open Maps; Zochrot; Palestine Remembered; PalQuest; Abu Sitta Atlas #248,https://palopenmaps.org/en/maps/dayr-sunayd | https://www.zochrot.org/villages/village_details/49109/en | https://www.palestineremembered.com/Gaza/Dayr-Sunayd/ | https://www.palquest.org/en/place/16981/dayr-sunayd/,https://raw.githubusercontent.com/PalOpenMaps/pom-data/main/assets/img/og/dayr-sunayd.jpg,"Palestine Open Maps – 1940s Survey of Palestine 1:20,000 map excerpt",,"original file, verified against Palestine Open Maps",name standardised (was 'Deir Suneid'); date 1948-05-15→1948-11-01
461,Arab Al Mawasi,,Historic Palestine (inside 1949 Armistice Line),1947-1949,1948-11-02,day,Gaza,560,unverified,destroyed,forced_expulsion,31.3667,34.3000,original file (unverified),Expulsion,,,,,,original file,"not found in Palestine Open Maps – verify name, date, population and coordinates"
462,Khirbat al-Wa'ra al-Sawda',خربة الوعرة السوداء,Historic Palestine (inside 1949 Armistice Line),1947-1949,1948-11-02,day,Tiberias,1870,1945,depopulated,unknown,32.833843,35.480946,Palestine Open Maps,Community,Palestine Open Maps; Zochrot; Palestine Remembered; PalQuest; Abu Sitta Atlas #494,"https://palopenmaps.org/en/maps/khirbat-al-waara-al-sawda | https://www.zochrot.org/villages/village_details/49136/en | https://www.palestineremembered.com/Tiberias/al-Wa%27ra-al-Sawda%27,-Khirbat/ | https://www.palquest.org/en/place/16900/khirbat-al-wara-al-sawda/",https://raw.githubusercontent.com/PalOpenMaps/pom-data/main/assets/img/og/khirbat-al-waara-al-sawda.jpg,"Palestine Open Maps – 1940s Survey of Palestine 1:20,000 map excerpt",2,added from Palestine Open Maps,displacement method not in source – see Morris (2004) / Khalidi (1992)
463,al-Majdal,المجدل,Historic Palestine (inside 1949 Armistice Line),1947-1949,1948-11-04,day,Gaza,9910,1945,depopulated_built_over,military_assault,31.669063,34.586681,Palestine Open Maps,"Military assault and remained then expelled | Remaining ~2,700 residents were expelled to Gaza in 1950",Palestine Open Maps; Zochrot; Palestine Remembered; PalQuest; Abu Sitta Atlas #250,https://palopenmaps.org/en/maps/al-majdal-gaza | https://www.zochrot.org/villages/village_details/49283/en | https://www.palestineremembered.com/Gaza/al-Majdal-Asqalan/ | https://www.palquest.org/en/place/16836/al-majdal/,https://raw.githubusercontent.com/PalOpenMaps/pom-data/main/assets/img/og/al-majdal-gaza.jpg,"Palestine Open Maps – 1940s Survey of Palestine 1:20,000 map excerpt",,"original file, verified against Palestine Open Maps",
464,Barbara,بربرة,Historic Palestine (inside 1949 Armistice Line),1947-1949,1948-11-05,day,Gaza,2410,1945,depopulated_built_over,military_assault,31.624188,34.579155,Palestine Open Maps,Military assault,Palestine Open Maps; Zochrot; Palestine Remembered; PalQuest; Abu Sitta Atlas #251,https://palopenmaps.org/en/maps/barbara | https://www.zochrot.org/villages/village_details/49034/en | https://www.palestineremembered.com/Gaza/Barbara/ | https://www.palquest.org/en/place/16930/barbara/,https://raw.githubusercontent.com/PalOpenMaps/pom-data/main/assets/img/og/barbara.jpg,"Palestine Open Maps – 1940s Survey of Palestine 1:20,000 map excerpt",,"original file, verified against Palestine Open Maps",date 1948-11-04→1948-11-05
465,Hiribya,هربيا,Historic Palestine (inside 1949 Armistice Line),1947-1949,1948-11-05,day,Gaza,2240,1945,depopulated_built_over,military_assault,31.606130,34.546616,Palestine Open Maps,Military assault and expulsion,Palestine Open Maps; Zochrot; Palestine Remembered; PalQuest; Abu Sitta Atlas #249,https://palopenmaps.org/en/maps/hiribya | https://www.zochrot.org/villages/village_details/49126/en | https://www.palestineremembered.com/Gaza/Hiribya/ | https://www.palquest.org/en/place/16999/hiribya/,https://raw.githubusercontent.com/PalOpenMaps/pom-data/main/assets/img/og/hiribya.jpg,"Palestine Open Maps – 1940s Survey of Palestine 1:20,000 map excerpt",,"original file, verified against Palestine Open Maps",name standardised (was 'Hirbiya'); date 1948-10-15→1948-11-05
466,Ni'ilya,نعليا,Historic Palestine (inside 1949 Armistice Line),1947-1949,1948-11-05,day,Gaza,1310,1945,depopulated,military_assault,31.646136,34.572403,Palestine Open Maps,Military assault,Palestine Open Maps; Zochrot; Palestine Remembered; PalQuest; Abu Sitta Atlas #256,https://palopenmaps.org/en/maps/niilya | https://www.zochrot.org/villages/village_details/49301/en | https://www.palestineremembered.com/Gaza/Ni%27ilya/ | https://www.palquest.org/en/place/17106/niilya/,https://raw.githubusercontent.com/PalOpenMaps/pom-data/main/assets/img/og/niilya.jpg,"Palestine Open Maps – 1940s Survey of Palestine 1:20,000 map excerpt",,"original file, verified against Palestine Open Maps",date 1948-11-04→1948-11-05
467,al-Jiyya,الجية,Historic Palestine (inside 1949 Armistice Line),1947-1949,1948-11-05,day,Gaza,1230,1945,depopulated,military_assault,31.628621,34.597091,Palestine Open Maps,Military assault,Palestine Open Maps; Zochrot; Palestine Remembered; PalQuest; Abu Sitta Atlas #253,https://palopenmaps.org/en/maps/al-jiyya | https://www.zochrot.org/villages/village_details/49075/en | https://www.palestineremembered.com/Gaza/al-Jiyya/ | https://www.palquest.org/en/place/16823/al-jiyya/,https://raw.githubusercontent.com/PalOpenMaps/pom-data/main/assets/img/og/al-jiyya.jpg,"Palestine Open Maps – 1940s Survey of Palestine 1:20,000 map excerpt",,"original file, verified against Palestine Open Maps",date 1948-11-04→1948-11-05
468,al-Jura,الجورة,Historic Palestine (inside 1949 Armistice Line),1947-1949,1948-11-05,day,Gaza,2420,1945,depopulated,military_assault,31.665856,34.554512,Palestine Open Maps,Military assault,Palestine Open Maps; Zochrot; Palestine Remembered; PalQuest; Abu Sitta Atlas #254,https://palopenmaps.org/en/maps/al-jura-gaza | https://www.zochrot.org/villages/village_details/49069/en | https://www.palestineremembered.com/Gaza/al-Jura/ | https://www.palquest.org/en/place/16824/al-jura/,https://raw.githubusercontent.com/PalOpenMaps/pom-data/main/assets/img/og/al-jura-gaza.jpg,"Palestine Open Maps – 1940s Survey of Palestine 1:20,000 map excerpt",,"original file, verified against Palestine Open Maps",date 1948-11-04→1948-11-05
469,al-Khisas,الخصاص,Historic Palestine (inside 1949 Armistice Line),1947-1949,1948-11-05,day,Gaza,150,1945,depopulated,military_assault,31.648639,34.561662,Palestine Open Maps,Military assault,Palestine Open Maps; Zochrot; Palestine Remembered; PalQuest; Abu Sitta Atlas #255,https://palopenmaps.org/en/maps/khirbat-khisas | https://www.zochrot.org/villages/village_details/49169/en | https://www.palestineremembered.com/Gaza/al-Khisas/ | https://www.palquest.org/en/place/16829/al-khisas/,https://raw.githubusercontent.com/PalOpenMaps/pom-data/main/assets/img/og/khirbat-khisas.jpg,"Palestine Open Maps – 1940s Survey of Palestine 1:20,000 map excerpt",,"original file, verified against Palestine Open Maps",name standardised (was 'Khirbat Khisas'); population 530→150 (1945 Village Statistics); date 1948-11-04→1948-11-05
470,Ibillin,إعبلين,Historic Palestine (inside 1949 Armistice Line),1947-1949,1948-11-08,day,Haifa,1660,1945,depopulated,unknown,32.822238,35.192518,Palestine Open Maps,Village,Palestine Open Maps; Palestine Remembered,https://palopenmaps.org/en/maps/ibillin | https://www.palestineremembered.com/GeoPoints/I_billin_1182/,https://raw.githubusercontent.com/PalOpenMaps/pom-data/main/assets/img/og/ibillin.jpg,"Palestine Open Maps – 1940s Survey of Palestine 1:20,000 map excerpt",2,added from Palestine Open Maps,displacement method not in source – see Morris (2004) / Khalidi (1992)
471,Iraq Suwaydan,عراق سويدان,Historic Palestine (inside 1949 Armistice Line),1947-1949,1948-11-10,day,Gaza,660,1945,depopulated,military_assault,31.647641,34.694123,Palestine Open Maps,Military assault,Palestine Open Maps; Zochrot; Palestine Remembered; PalQuest; Abu Sitta Atlas #257,https://palopenmaps.org/en/maps/iraq-suwaydan | https://www.zochrot.org/villages/village_details/49379/en | https://www.palestineremembered.com/Gaza/Iraq-Suwaydan/ | https://www.palquest.org/en/place/17013/iraq-suwaydan/,https://raw.githubusercontent.com/PalOpenMaps/pom-data/main/assets/img/og/iraq-suwaydan.jpg,"Palestine Open Maps – 1940s Survey of Palestine 1:20,000 map excerpt",,"original file, verified against Palestine Open Maps",name standardised (was 'Iraq Suweidan'); date 1948-07-08→1948-11-10
472,Dimra,دمرة,Historic Palestine (inside 1949 Armistice Line),1947-1949,1948-11-15,day,Gaza,520,1945,depopulated_built_over,fear_of_attack,31.558344,34.567389,Palestine Open Maps,Fear of attack,Palestine Open Maps; Zochrot; Palestine Remembered; PalQuest; Abu Sitta Atlas #245,https://palopenmaps.org/en/maps/dimra | https://www.zochrot.org/villages/village_details/49097/en | https://www.palestineremembered.com/Gaza/Dimra/ | https://www.palquest.org/en/place/16985/dimra/,https://raw.githubusercontent.com/PalOpenMaps/pom-data/main/assets/img/og/dimra.jpg,"Palestine Open Maps – 1940s Survey of Palestine 1:20,000 map excerpt",,"original file, verified against Palestine Open Maps",
473,Khirbat Umm Burj,خربة أم برج,Historic Palestine (inside 1949 Armistice Line),1947-1949,1948-11-27,day,Hebron,140,1945,depopulated,unknown,31.635790,34.969118,Palestine Open Maps,Unknown,Palestine Open Maps; Zochrot; Palestine Remembered; PalQuest; Abu Sitta Atlas #330,"https://palopenmaps.org/en/maps/khirbat-umm-burj | https://www.zochrot.org/villages/village_details/48990/en | https://www.palestineremembered.com/Hebron/Umm-Burj,-Khirbat/ | https://www.palquest.org/en/place/17073/khirbat-umm-burj/",https://raw.githubusercontent.com/PalOpenMaps/pom-data/main/assets/img/og/khirbat-umm-burj.jpg,"Palestine Open Maps – 1940s Survey of Palestine 1:20,000 map excerpt",,"original file, verified against Palestine Open Maps",name standardised (was 'Khirbet Umm Burj'); population 250→140 (1945 Village Statistics); date 1948-05-15→1948-11-27
474,Shaykh Nuran,الشيخ نوران,Historic Palestine (inside 1949 Armistice Line),1947-1949,1948-12-05,day,Beersheba,,,depopulated_built_over,unknown,31.300167,34.427520,Palestine Open Maps,Community,Palestine Open Maps; Zochrot,https://palopenmaps.org/en/maps/sheikh-nuran | https://www.zochrot.org/villages/village_details/49495/en,https://raw.githubusercontent.com/PalOpenMaps/pom-data/main/assets/img/og/sheikh-nuran.jpg,"Palestine Open Maps – 1940s Survey of Palestine 1:20,000 map excerpt",,added from Palestine Open Maps,displacement method not in source – see Morris (2004) / Khalidi (1992)
475,Wuhaidat (Tarabin),وحيدات الترابين,Historic Palestine (inside 1949 Armistice Line),1947-1949,1948-12-05,day,Beersheba,952,1945,depopulated,unknown,31.440488,34.455057,Palestine Open Maps,Community,Palestine Open Maps; Abu Sitta Atlas #151,https://palopenmaps.org/en/maps/wuhaidat-tarabin,https://raw.githubusercontent.com/PalOpenMaps/pom-data/main/assets/img/og/wuhaidat-tarabin.jpg,"Palestine Open Maps – 1940s Survey of Palestine 1:20,000 map excerpt",,added from Palestine Open Maps,displacement method not in source – see Morris (2004) / Khalidi (1992)
476,Nseirat (Hanajreh),النصيرات‌حناجرة,Historic Palestine (inside 1949 Armistice Line),1947-1949,1948-12-22,day,Beersheba,2246,1945,depopulated,unknown,31.410428,34.412672,Palestine Open Maps,Community,Palestine Open Maps; Abu Sitta Atlas #196,https://palopenmaps.org/en/maps/nseirat-hanajreh,https://raw.githubusercontent.com/PalOpenMaps/pom-data/main/assets/img/og/nseirat-hanajreh.jpg,"Palestine Open Maps – 1940s Survey of Palestine 1:20,000 map excerpt",,added from Palestine Open Maps,displacement method not in source – see Morris (2004) / Khalidi (1992)
477,al-Dhawahreh (Hanajreh),الظواهرة‌حناجرة,Historic Palestine (inside 1949 Armistice Line),1947-1949,1948-12-22,day,Beersheba,938,1945,depopulated,unknown,31.352021,34.496867,Palestine Open Maps,Village,Palestine Open Maps; Abu Sitta Atlas #194,https://palopenmaps.org/en/maps/al-dhawahreh-hanajreh,https://raw.githubusercontent.com/PalOpenMaps/pom-data/main/assets/img/og/al-dhawahreh-hanajreh.jpg,"Palestine Open Maps – 1940s Survey of Palestine 1:20,000 map excerpt",,added from Palestine Open Maps,displacement method not in source – see Morris (2004) / Khalidi (1992)
478,Uja al-Hafeer,عوجة الحفير,Historic Palestine (inside 1949 Armistice Line),1947-1949,1948-12-27,day,Beersheba,50,1945,depopulated,unknown,30.876525,34.436557,Palestine Open Maps,Village,Palestine Open Maps; Zochrot; Abu Sitta Atlas #129,https://palopenmaps.org/en/maps/uja-al-hafeer | https://www.zochrot.org/villages/village_details/49420/en,,,,added from Palestine Open Maps,displacement method not in source – see Morris (2004) / Khalidi (1992)
479,Iraq al-Manshiyya,عراق المنشية,Historic Palestine (inside 1949 Armistice Line),1947-1949,1949-02-15,day,Gaza,2010,1945,depopulated_built_over,forced_expulsion,31.607375,34.784204,Palestine Open Maps,Late expulsion,Palestine Open Maps; Zochrot; Palestine Remembered; PalQuest; Abu Sitta Atlas #259,https://palopenmaps.org/en/maps/iraq-al-manshiyya | https://www.zochrot.org/villages/village_details/49378/en | https://www.palestineremembered.com/Gaza/Iraq-al-Manshiyya/ | https://www.palquest.org/en/place/17012/iraq-al-manshiyya/,https://raw.githubusercontent.com/PalOpenMaps/pom-data/main/assets/img/og/iraq-al-manshiyya.jpg,"Palestine Open Maps – 1940s Survey of Palestine 1:20,000 map excerpt",,"original file, verified against Palestine Open Maps",name standardised (was 'Iraq AL Manshiya')
480,al-Faluja,الفالوجة,Historic Palestine (inside 1949 Armistice Line),1947-1949,1949-02-15,day,Gaza,4670,1945,depopulated,forced_expulsion,31.624688,34.748692,Palestine Open Maps,Late expulsion,Palestine Open Maps; Zochrot; Palestine Remembered; PalQuest; Abu Sitta Atlas #258,https://palopenmaps.org/en/maps/al-faluja | https://www.zochrot.org/villages/village_details/49437/en | https://www.palestineremembered.com/Gaza/al-Faluja/ | https://www.palquest.org/en/place/16807/al-faluja/,https://raw.githubusercontent.com/PalOpenMaps/pom-data/main/assets/img/og/al-faluja.jpg,"Palestine Open Maps – 1940s Survey of Palestine 1:20,000 map excerpt",,"original file, verified against Palestine Open Maps",
481,Ghamr,الغَمر,Historic Palestine (inside 1949 Armistice Line),1947-1949,1949-03-05,day,Beersheba,46,1945,depopulated,unknown,30.508238,35.205506,Palestine Open Maps,Village,Palestine Open Maps; Abu Sitta Atlas #132,https://palopenmaps.org/en/maps/ghamr,,,,added from Palestine Open Maps,displacement method not in source – see Morris (2004) / Khalidi (1992)
482,Ayn Jiddi,عرب الرشايدة,Historic Palestine (inside 1949 Armistice Line),1947-1949,1949-03-09,day,Jerusalem,,,depopulated,unknown,31.555900,35.371000,Palestine Open Maps,Village,Palestine Open Maps; Zochrot,https://palopenmaps.org/en/maps/ein-jiddi | https://www.zochrot.org/villages/village_details/49422/en,,,,added from Palestine Open Maps,displacement method not in source – see Morris (2004) / Khalidi (1992)
483,Umm al-Rashrash,أم الرشراش,Historic Palestine (inside 1949 Armistice Line),1947-1949,1949-03-10,day,Beersheba,50,1945,depopulated_built_over,unknown,29.550671,34.949738,Palestine Open Maps,Village,Palestine Open Maps; Zochrot; Abu Sitta Atlas #133,https://palopenmaps.org/en/maps/umm-al-rashrash | https://www.zochrot.org/villages/village_details/48998/en,,,,added from Palestine Open Maps,displacement method not in source – see Morris (2004) / Khalidi (1992)
484,al-Hamma,الحمّة,Historic Palestine (inside 1949 Armistice Line),1947-1949,1949-07-20,day,Tiberias,290,1945,depopulated,unknown,32.682039,35.664847,Palestine Open Maps,Village,Palestine Open Maps; Zochrot; Palestine Remembered; Abu Sitta Atlas #513,https://palopenmaps.org/en/maps/al-hamma | https://www.zochrot.org/villages/village_details/49182/en | https://www.palestineremembered.com/Tiberias/al-Hamma/,,,,added from Palestine Open Maps,displacement method not in source – see Morris (2004) / Khalidi (1992)
485,Arab al-Hujayrat,,Historic Palestine (inside 1949 Armistice Line),unknown,,unknown,,,,depopulated,unknown,,,Palestine Open Maps,Village,Palestine Open Maps,https://palopenmaps.org/en/maps/arab-al-hujayrat,,,,added from Palestine Open Maps,displacement method not in source – see Morris (2004) / Khalidi (1992)
486,Arab al-Mureisat,,Historic Palestine (inside 1949 Armistice Line),unknown,,unknown,,,,depopulated,unknown,,,Palestine Open Maps,Village,Palestine Open Maps,https://palopenmaps.org/en/maps/arab-al-mureisat,,,,added from Palestine Open Maps,displacement method not in source – see Morris (2004) / Khalidi (1992)
487,Arab al-Ramisha,,Historic Palestine (inside 1949 Armistice Line),unknown,,unknown,,360,1945,depopulated,unknown,,,Palestine Open Maps,Village,Palestine Open Maps,https://palopenmaps.org/en/maps/arab-al-ramisha,,,,added from Palestine Open Maps,displacement method not in source – see Morris (2004) / Khalidi (1992)
488,Arab al-Suweitat,,Historic Palestine (inside 1949 Armistice Line),unknown,,unknown,,,,depopulated,unknown,,,Palestine Open Maps,Village,Palestine Open Maps,https://palopenmaps.org/en/maps/arab-al-suweitat,,,,added from Palestine Open Maps,displacement method not in source – see Morris (2004) / Khalidi (1992)
489,Abu Abdoun,أبوعبدون,Historic Palestine (inside 1949 Armistice Line),unknown,,unknown,Beersheba,,,depopulated,unknown,31.373400,34.583500,Palestine Open Maps,Village,Palestine Open Maps; Zochrot; Abu Sitta Atlas #169,https://palopenmaps.org/en/maps/abu-abdoun | https://www.zochrot.org/villages/village_details/49391/en,,,,added from Palestine Open Maps,displacement method not in source – see Morris (2004) / Khalidi (1992)
490,Abu Ajlan,بن عجلان,Historic Palestine (inside 1949 Armistice Line),unknown,,unknown,Beersheba,,,depopulated,unknown,31.570833,34.723715,Palestine Open Maps,Community,Palestine Open Maps; Zochrot; Abu Sitta Atlas #202,https://palopenmaps.org/en/maps/abu-ajlan | https://www.zochrot.org/villages/village_details/49012/en,https://raw.githubusercontent.com/PalOpenMaps/pom-data/main/assets/img/og/abu-ajlan.jpg,"Palestine Open Maps – 1940s Survey of Palestine 1:20,000 map excerpt",,added from Palestine Open Maps,displacement method not in source – see Morris (2004) / Khalidi (1992)
491,Abu Amrah,أبوعمرة,Historic Palestine (inside 1949 Armistice Line),unknown,,unknown,Beersheba,870,1945,depopulated,unknown,31.305789,34.552907,Palestine Open Maps,Village,Palestine Open Maps; Zochrot; Abu Sitta Atlas #147,https://palopenmaps.org/en/maps/abu-amrah | https://www.zochrot.org/villages/village_details/49401/en,https://raw.githubusercontent.com/PalOpenMaps/pom-data/main/assets/img/og/abu-amrah.jpg,"Palestine Open Maps – 1940s Survey of Palestine 1:20,000 map excerpt",,added from Palestine Open Maps,displacement method not in source – see Morris (2004) / Khalidi (1992)
492,Abu Athera,أبوعاذرة,Historic Palestine (inside 1949 Armistice Line),unknown,,unknown,Beersheba,1390,1945,depopulated,unknown,31.215900,34.549100,Palestine Open Maps,Village,Palestine Open Maps; Zochrot; Abu Sitta Atlas #138,https://palopenmaps.org/en/maps/abu-athera | https://www.zochrot.org/villages/village_details/49389/en,,,,added from Palestine Open Maps,displacement method not in source – see Morris (2004) / Khalidi (1992)
493,Abu Bakrah,أبو بكرة,Historic Palestine (inside 1949 Armistice Line),unknown,,unknown,Beersheba,200,1945,depopulated,unknown,31.361023,34.462751,Palestine Open Maps,Village,Palestine Open Maps; Zochrot; Abu Sitta Atlas #146,https://palopenmaps.org/en/maps/abu-bakrah | https://www.zochrot.org/villages/village_details/49031/en,https://raw.githubusercontent.com/PalOpenMaps/pom-data/main/assets/img/og/abu-bakrah.jpg,"Palestine Open Maps – 1940s Survey of Palestine 1:20,000 map excerpt",,added from Palestine Open Maps,displacement method not in source – see Morris (2004) / Khalidi (1992)
494,Abu Ghalion,أبوغليون,Historic Palestine (inside 1949 Armistice Line),unknown,,unknown,Beersheba,,,depopulated,unknown,31.266317,34.599441,Palestine Open Maps,Village,Palestine Open Maps; Zochrot; Abu Sitta Atlas #153,https://palopenmaps.org/en/maps/abu-ghalion | https://www.zochrot.org/villages/village_details/49388/en,https://raw.githubusercontent.com/PalOpenMaps/pom-data/main/assets/img/og/abu-ghalion.jpg,"Palestine Open Maps – 1940s Survey of Palestine 1:20,000 map excerpt",,added from Palestine Open Maps,displacement method not in source – see Morris (2004) / Khalidi (1992)
495,Abu Ghalyun,أبو غليون,Historic Palestine (inside 1949 Armistice Line),unknown,,unknown,Beersheba,1980,1945,depopulated,unknown,31.128500,34.596500,Palestine Open Maps,Village,Palestine Open Maps; Zochrot,https://palopenmaps.org/en/maps/abu-ghalyun | https://www.zochrot.org/villages/village_details/49373/en,,,,added from Palestine Open Maps,displacement method not in source – see Morris (2004) / Khalidi (1992)
496,Abu Jraiban,ابو جريبان,Historic Palestine (inside 1949 Armistice Line),unknown,,unknown,Beersheba,420,1945,depopulated,unknown,31.515900,34.688200,Palestine Open Maps,Village,Palestine Open Maps; Zochrot,https://palopenmaps.org/en/maps/abu-jraiban | https://www.zochrot.org/villages/village_details/49073/en,,,,added from Palestine Open Maps,displacement method not in source – see Morris (2004) / Khalidi (1992)
497,Abu Jugaim,أبوجقيم,Historic Palestine (inside 1949 Armistice Line),unknown,,unknown,Beersheba,,,depopulated,unknown,31.326000,34.806800,Palestine Open Maps,Village,Palestine Open Maps; Zochrot; Abu Sitta Atlas #173,https://palopenmaps.org/en/maps/abu-jugaim | https://www.zochrot.org/villages/village_details/49067/en,,,,added from Palestine Open Maps,displacement method not in source – see Morris (2004) / Khalidi (1992)
498,Abu Juwayed,أبوجويعد,Historic Palestine (inside 1949 Armistice Line),unknown,,unknown,Beersheba,,,depopulated,unknown,31.207800,35.039900,Palestine Open Maps,Village,Palestine Open Maps; Zochrot,https://palopenmaps.org/en/maps/abu-juwayed | https://www.zochrot.org/villages/village_details/49066/en,,,,added from Palestine Open Maps,displacement method not in source – see Morris (2004) / Khalidi (1992)
499,Abu Kaff,أبوكف,Historic Palestine (inside 1949 Armistice Line),unknown,,unknown,Beersheba,,,depopulated,unknown,31.297100,34.949800,Palestine Open Maps,Village,Palestine Open Maps; Zochrot; Abu Sitta Atlas #178,https://palopenmaps.org/en/maps/abu-kaff | https://www.zochrot.org/villages/village_details/49222/en,,,,added from Palestine Open Maps,displacement method not in source – see Morris (2004) / Khalidi (1992)
500,Abu Khatleh,أبوختلة,Historic Palestine (inside 1949 Armistice Line),unknown,,unknown,Beersheba,400,1945,depopulated,unknown,31.334100,34.515400,Palestine Open Maps,Village,Palestine Open Maps; Zochrot; Abu Sitta Atlas #145,https://palopenmaps.org/en/maps/abu-khatleh | https://www.zochrot.org/villages/village_details/49176/en,,,,added from Palestine Open Maps,displacement method not in source – see Morris (2004) / Khalidi (1992)
501,Abu Libbeh,أبولبة,Historic Palestine (inside 1949 Armistice Line),unknown,,unknown,Beersheba,,,depopulated,unknown,31.384800,34.847300,Palestine Open Maps,Village,Palestine Open Maps; Zochrot; Abu Sitta Atlas #172,https://palopenmaps.org/en/maps/abu-libbeh | https://www.zochrot.org/villages/village_details/49238/en,,,,added from Palestine Open Maps,displacement method not in source – see Morris (2004) / Khalidi (1992)
502,Abu Middain,أبو مدين,Historic Palestine (inside 1949 Armistice Line),unknown,,unknown,Beersheba,2890,1945,depopulated,unknown,31.354974,34.530670,Palestine Open Maps,Village,Palestine Open Maps; Zochrot; Abu Sitta Atlas #193,https://palopenmaps.org/en/maps/abu-middain | https://www.zochrot.org/villages/village_details/49246/en,https://raw.githubusercontent.com/PalOpenMaps/pom-data/main/assets/img/og/abu-middain.jpg,"Palestine Open Maps – 1940s Survey of Palestine 1:20,000 map excerpt",,added from Palestine Open Maps,displacement method not in source – see Morris (2004) / Khalidi (1992)
503,Abu Rawwaa,أبو روّاع,Historic Palestine (inside 1949 Armistice Line),unknown,,unknown,Beersheba,230,1945,depopulated,unknown,31.557165,34.719424,Palestine Open Maps,Village,Palestine Open Maps; Zochrot; Abu Sitta Atlas #209,https://palopenmaps.org/en/maps/abu-rawwaa | https://www.zochrot.org/villages/village_details/49472/en,https://raw.githubusercontent.com/PalOpenMaps/pom-data/main/assets/img/og/abu-rawwaa.jpg,"Palestine Open Maps – 1940s Survey of Palestine 1:20,000 map excerpt",,added from Palestine Open Maps,displacement method not in source – see Morris (2004) / Khalidi (1992)
504,Abu Rbai'a,أبوربيعة,Historic Palestine (inside 1949 Armistice Line),unknown,,unknown,Beersheba,,,depopulated,unknown,31.270695,35.048422,Palestine Open Maps,Village,Palestine Open Maps; Zochrot; Abu Sitta Atlas #180,https://palopenmaps.org/en/maps/abu-rbaia | https://www.zochrot.org/villages/village_details/49466/en,,,,added from Palestine Open Maps,displacement method not in source – see Morris (2004) / Khalidi (1992)
505,Abu Rqayiq,ابورقيّق,Historic Palestine (inside 1949 Armistice Line),unknown,,unknown,Beersheba,,,depopulated,unknown,31.293474,34.706565,Palestine Open Maps,Village,Palestine Open Maps; Zochrot; Abu Sitta Atlas #176,https://palopenmaps.org/en/maps/abu-rqayiq | https://www.zochrot.org/villages/village_details/49467/en,https://raw.githubusercontent.com/PalOpenMaps/pom-data/main/assets/img/og/abu-rqayiq.jpg,"Palestine Open Maps – 1940s Survey of Palestine 1:20,000 map excerpt",,added from Palestine Open Maps,displacement method not in source – see Morris (2004) / Khalidi (1992)
506,Abu Shalhoub,أبو شلهوب,Historic Palestine (inside 1949 Armistice Line),unknown,,unknown,Beersheba,,,depopulated,unknown,31.299600,34.461400,Palestine Open Maps,Village,Palestine Open Maps; Zochrot; Abu Sitta Atlas #144,https://palopenmaps.org/en/maps/abu-shalhoub | https://www.zochrot.org/villages/village_details/49484/en,,,,added from Palestine Open Maps,displacement method not in source – see Morris (2004) / Khalidi (1992)
507,Abu Shunnar,أبوشنار,Historic Palestine (inside 1949 Armistice Line),unknown,,unknown,Beersheba,,,depopulated,unknown,31.352000,34.658300,Palestine Open Maps,Village,Palestine Open Maps; Zochrot; Abu Sitta Atlas #174,https://palopenmaps.org/en/maps/abu-shunnar | https://www.zochrot.org/villages/village_details/49486/en,,,,added from Palestine Open Maps,displacement method not in source – see Morris (2004) / Khalidi (1992)
508,Abu Sitteh,أبوسته,Historic Palestine (inside 1949 Armistice Line),unknown,,unknown,Beersheba,,,depopulated,unknown,31.328520,34.390695,Palestine Open Maps,Village,Palestine Open Maps; Zochrot; Abu Sitta Atlas #142,https://palopenmaps.org/en/maps/abu-sitteh | https://www.zochrot.org/villages/village_details/49320/en,https://raw.githubusercontent.com/PalOpenMaps/pom-data/main/assets/img/og/abu-sitteh.jpg,"Palestine Open Maps – 1940s Survey of Palestine 1:20,000 map excerpt",,added from Palestine Open Maps,displacement method not in source – see Morris (2004) / Khalidi (1992)
509,Abu Sousain,أبوصوصين,Historic Palestine (inside 1949 Armistice Line),unknown,,unknown,Beersheba,1230,1945,depopulated,unknown,31.266775,34.517161,Palestine Open Maps,Village,Palestine Open Maps; Zochrot; Abu Sitta Atlas #139,https://palopenmaps.org/en/maps/abu-sousain | https://www.zochrot.org/villages/village_details/49371/en,https://raw.githubusercontent.com/PalOpenMaps/pom-data/main/assets/img/og/abu-sousain.jpg,"Palestine Open Maps – 1940s Survey of Palestine 1:20,000 map excerpt",,added from Palestine Open Maps,displacement method not in source – see Morris (2004) / Khalidi (1992)
510,Abu Suailiq,أبوصعيليك,Historic Palestine (inside 1949 Armistice Line),unknown,,unknown,Beersheba,,,depopulated,unknown,31.284352,34.576581,Palestine Open Maps,Village,Palestine Open Maps; Zochrot; Abu Sitta Atlas #155,https://palopenmaps.org/en/maps/abu-suailiq | https://www.zochrot.org/villages/village_details/49193/en,https://raw.githubusercontent.com/PalOpenMaps/pom-data/main/assets/img/og/abu-suailiq.jpg,"Palestine Open Maps – 1940s Survey of Palestine 1:20,000 map excerpt",,added from Palestine Open Maps,displacement method not in source – see Morris (2004) / Khalidi (1992)
511,Abu Suhaiban,أبوصهيبان,Historic Palestine (inside 1949 Armistice Line),unknown,,unknown,Beersheba,,,depopulated,unknown,31.262583,34.626384,Palestine Open Maps,Village,Palestine Open Maps; Zochrot; Abu Sitta Atlas #141,https://palopenmaps.org/en/maps/abu-suhaiban | https://www.zochrot.org/villages/village_details/49346/en,https://raw.githubusercontent.com/PalOpenMaps/pom-data/main/assets/img/og/abu-suhaiban.jpg,"Palestine Open Maps – 1940s Survey of Palestine 1:20,000 map excerpt",,added from Palestine Open Maps,displacement method not in source – see Morris (2004) / Khalidi (1992)
512,Abu Yehya,أبويحيي,Historic Palestine (inside 1949 Armistice Line),unknown,,unknown,Beersheba,1530,1945,depopulated,unknown,31.224034,34.714224,Palestine Open Maps,Village,Palestine Open Maps; Zochrot; Abu Sitta Atlas #154,https://palopenmaps.org/en/maps/abu-yehya | https://www.zochrot.org/villages/village_details/49203/en,https://raw.githubusercontent.com/PalOpenMaps/pom-data/main/assets/img/og/abu-yehya.jpg,"Palestine Open Maps – 1940s Survey of Palestine 1:20,000 map excerpt",,added from Palestine Open Maps,displacement method not in source – see Morris (2004) / Khalidi (1992)
513,Abu al-Hussain,أبوالحصين,Historic Palestine (inside 1949 Armistice Line),unknown,,unknown,Beersheba,,,depopulated,unknown,31.338300,34.473100,Palestine Open Maps,Village,Palestine Open Maps; Zochrot; Abu Sitta Atlas #143,https://palopenmaps.org/en/maps/abu-al-hussain | https://www.zochrot.org/villages/village_details/49191/en,,,,added from Palestine Open Maps,displacement method not in source – see Morris (2004) / Khalidi (1992)
514,Abu al-Udous,أبوالعدوس,Historic Palestine (inside 1949 Armistice Line),unknown,,unknown,Beersheba,,,depopulated,unknown,31.570500,34.790300,Palestine Open Maps,Village,Palestine Open Maps; Zochrot; Abu Sitta Atlas #198,https://palopenmaps.org/en/maps/abu-al-udous | https://www.zochrot.org/villages/village_details/49414/en,,,,added from Palestine Open Maps,displacement method not in source – see Morris (2004) / Khalidi (1992)
515,Ahywat Tribes,الاحيوات,Historic Palestine (inside 1949 Armistice Line),unknown,,unknown,Beersheba,,,depopulated,unknown,31.238340,34.758968,Palestine Open Maps,Village,Palestine Open Maps,https://palopenmaps.org/en/maps/ahywat-tribes,,,,added from Palestine Open Maps,displacement method not in source – see Morris (2004) / Khalidi (1992)
516,Arab Subeihat,الصبيحات,Historic Palestine (inside 1949 Armistice Line),unknown,,unknown,Beersheba,460,1945,depopulated,unknown,31.071853,34.680572,Palestine Open Maps,Village,Palestine Open Maps; Zochrot,https://palopenmaps.org/en/maps/arab-subeihat | https://www.zochrot.org/villages/village_details/49439/en,,,,added from Palestine Open Maps,displacement method not in source – see Morris (2004) / Khalidi (1992)
517,Arab Subhiyin,عرب الصبحين,Historic Palestine (inside 1949 Armistice Line),unknown,,unknown,Beersheba,3240,1945,depopulated,unknown,30.985036,34.590049,Palestine Open Maps,Village,Palestine Open Maps; Zochrot,https://palopenmaps.org/en/maps/arab-subhiyin | https://www.zochrot.org/villages/village_details/49438/en,,,,added from Palestine Open Maps,displacement method not in source – see Morris (2004) / Khalidi (1992)
518,Arab Sufiyin,عرب الصوفيين,Historic Palestine (inside 1949 Armistice Line),unknown,,unknown,Beersheba,1790,1945,depopulated,unknown,31.227700,34.284600,Palestine Open Maps,Village,Palestine Open Maps; Zochrot,https://palopenmaps.org/en/maps/arab-sufiyin | https://www.zochrot.org/villages/village_details/49440/en,,,,added from Palestine Open Maps,displacement method not in source – see Morris (2004) / Khalidi (1992)
519,Arab al-Asiyat,عرب العصيات,Historic Palestine (inside 1949 Armistice Line),unknown,,unknown,Beersheba,1390,1945,depopulated,unknown,30.970600,34.763900,Palestine Open Maps,Village,Palestine Open Maps; Zochrot; Abu Sitta Atlas #163,https://palopenmaps.org/en/maps/arab-al-asiyat | https://www.zochrot.org/villages/village_details/49404/en,,,,added from Palestine Open Maps,displacement method not in source – see Morris (2004) / Khalidi (1992)
520,Arab al-Qilai,عرب القلاعية,Historic Palestine (inside 1949 Armistice Line),unknown,,unknown,Beersheba,,,depopulated,unknown,31.276279,34.327855,Palestine Open Maps,Village,Palestine Open Maps; Zochrot; Abu Sitta Atlas #156,https://palopenmaps.org/en/maps/arab-al-qilai | https://www.zochrot.org/villages/village_details/49002/en,,,,added from Palestine Open Maps,displacement method not in source – see Morris (2004) / Khalidi (1992)
521,Atawneh,العطاونة,Historic Palestine (inside 1949 Armistice Line),unknown,,unknown,Beersheba,1730,1945,depopulated,unknown,31.492600,34.707200,Palestine Open Maps,Village,Palestine Open Maps; Zochrot; Abu Sitta Atlas #186,https://palopenmaps.org/en/maps/atawneh | https://www.zochrot.org/villages/village_details/49396/en,,,,added from Palestine Open Maps,displacement method not in source – see Morris (2004) / Khalidi (1992)
522,Azazima Tribes,العزازمة,Historic Palestine (inside 1949 Armistice Line),unknown,,unknown,Beersheba,,,depopulated,unknown,31.059820,34.743059,Palestine Open Maps,Village,Palestine Open Maps,https://palopenmaps.org/en/maps/azazima-tribes,,,,added from Palestine Open Maps,displacement method not in source – see Morris (2004) / Khalidi (1992)
523,Bdinat (Baikat al-'Irr),بدينات,Historic Palestine (inside 1949 Armistice Line),unknown,,unknown,Beersheba,,,depopulated,unknown,31.433446,34.639210,Palestine Open Maps,Village,Palestine Open Maps; Zochrot,https://palopenmaps.org/en/maps/bdinat-baikat-al-irr | https://www.zochrot.org/villages/village_details/49051/en,https://raw.githubusercontent.com/PalOpenMaps/pom-data/main/assets/img/og/bdinat-baikat-al-irr.jpg,"Palestine Open Maps – 1940s Survey of Palestine 1:20,000 map excerpt",,added from Palestine Open Maps,displacement method not in source – see Morris (2004) / Khalidi (1992)
524,Beli,بلي,Historic Palestine (inside 1949 Armistice Line),unknown,,unknown,Beersheba,,,depopulated,unknown,31.455700,34.735000,Palestine Open Maps,Village,Palestine Open Maps; Zochrot; Abu Sitta Atlas #171,https://palopenmaps.org/en/maps/beli | https://www.zochrot.org/villages/village_details/49025/en,,,,added from Palestine Open Maps,displacement method not in source – see Morris (2004) / Khalidi (1992)
525,Beni Okbeh,بني عقبة,Historic Palestine (inside 1949 Armistice Line),unknown,,unknown,Beersheba,,,depopulated,unknown,31.338370,34.807546,Palestine Open Maps,Village,Palestine Open Maps; Zochrot; Abu Sitta Atlas #185,https://palopenmaps.org/en/maps/beni-okbeh | https://www.zochrot.org/villages/village_details/49026/en,,,,added from Palestine Open Maps,displacement method not in source – see Morris (2004) / Khalidi (1992)
526,Dhullam,الظلام,Historic Palestine (inside 1949 Armistice Line),unknown,,unknown,Beersheba,,,depopulated,unknown,31.094859,35.261450,Palestine Open Maps,Village,Palestine Open Maps,https://palopenmaps.org/en/maps/dhullam,,,,added from Palestine Open Maps,displacement method not in source – see Morris (2004) / Khalidi (1992)
527,Es Sawarika (Bin Rifee),بن رفيع,Historic Palestine (inside 1949 Armistice Line),unknown,,unknown,Beersheba,,,depopulated,unknown,31.562741,34.685361,Palestine Open Maps,Village,Palestine Open Maps; Zochrot; Abu Sitta Atlas #207,https://palopenmaps.org/en/maps/es-sawarika-bin-rifee | https://www.zochrot.org/villages/village_details/49014/en,https://raw.githubusercontent.com/PalOpenMaps/pom-data/main/assets/img/og/es-sawarika-bin-rifee.jpg,"Palestine Open Maps – 1940s Survey of Palestine 1:20,000 map excerpt",,added from Palestine Open Maps,displacement method not in source – see Morris (2004) / Khalidi (1992)
528,Faraheen,الفراحين,Historic Palestine (inside 1949 Armistice Line),unknown,,unknown,Beersheba,1020,1945,depopulated,unknown,31.076200,34.799800,Palestine Open Maps,Village,Palestine Open Maps; Zochrot; Abu Sitta Atlas #161,https://palopenmaps.org/en/maps/faraheen | https://www.zochrot.org/villages/village_details/49432/en,,,,added from Palestine Open Maps,displacement method not in source – see Morris (2004) / Khalidi (1992)
529,Galazin Tayaha,القلازين تياها,Historic Palestine (inside 1949 Armistice Line),unknown,,unknown,Beersheba,,,depopulated,unknown,31.425200,34.667700,Palestine Open Maps,Village,Palestine Open Maps; Zochrot; Abu Sitta Atlas #190,https://palopenmaps.org/en/maps/galazin-tayaha | https://www.zochrot.org/villages/village_details/49092/en,,,,added from Palestine Open Maps,displacement method not in source – see Morris (2004) / Khalidi (1992)
530,Gatatweh (Tayaha),القطاطوة‌تياها,Historic Palestine (inside 1949 Armistice Line),unknown,,unknown,Beersheba,1023,1945,depopulated,unknown,31.452598,34.606128,Palestine Open Maps,Village,Palestine Open Maps; Zochrot,https://palopenmaps.org/en/maps/gatatweh-tayaha | https://www.zochrot.org/villages/village_details/49091/en,,,,added from Palestine Open Maps,displacement method not in source – see Morris (2004) / Khalidi (1992)
531,Hanajira Tribes,حنجرة,Historic Palestine (inside 1949 Armistice Line),unknown,,unknown,Beersheba,,,depopulated,unknown,31.227913,34.763613,Palestine Open Maps,Village,Palestine Open Maps,https://palopenmaps.org/en/maps/hanajira-tribes,,,,added from Palestine Open Maps,displacement method not in source – see Morris (2004) / Khalidi (1992)
532,Hkuk al-Assad,حكوك الأسد,Historic Palestine (inside 1949 Armistice Line),unknown,,unknown,Beersheba,,,depopulated,unknown,31.355859,34.830631,Palestine Open Maps,Village,Palestine Open Maps; Zochrot; Abu Sitta Atlas #168,https://palopenmaps.org/en/maps/hkuk-al-assad | https://www.zochrot.org/villages/village_details/48987/en,,,,added from Palestine Open Maps,displacement method not in source – see Morris (2004) / Khalidi (1992)
533,Huquq,حقوق,Historic Palestine (inside 1949 Armistice Line),unknown,,unknown,Beersheba,,,depopulated,unknown,31.227835,34.753554,Palestine Open Maps,Village,Palestine Open Maps,https://palopenmaps.org/en/maps/huquq,,,,added from Palestine Open Maps,displacement method not in source – see Morris (2004) / Khalidi (1992)
534,Janabib,جنابيب,Historic Palestine (inside 1949 Armistice Line),unknown,,unknown,Beersheba,,,depopulated,unknown,31.113900,35.260600,Palestine Open Maps,Village,Palestine Open Maps; Zochrot; Abu Sitta Atlas #191,https://palopenmaps.org/en/maps/janabib | https://www.zochrot.org/villages/village_details/49088/en,,,,added from Palestine Open Maps,displacement method not in source – see Morris (2004) / Khalidi (1992)
535,Jubarat,الجبارات,Historic Palestine (inside 1949 Armistice Line),unknown,,unknown,Beersheba,,,depopulated,unknown,31.546971,34.763627,Palestine Open Maps,Community,Palestine Open Maps,https://palopenmaps.org/en/maps/jubarat,https://raw.githubusercontent.com/PalOpenMaps/pom-data/main/assets/img/og/jubarat.jpg,"Palestine Open Maps – 1940s Survey of Palestine 1:20,000 map excerpt",,added from Palestine Open Maps,displacement method not in source – see Morris (2004) / Khalidi (1992)
536,Khirbat al-Marashan (Thabet),ثابت,Historic Palestine (inside 1949 Armistice Line),unknown,,unknown,Beersheba,,,depopulated,unknown,31.539609,34.661975,Palestine Open Maps,Village,Palestine Open Maps; Zochrot; Abu Sitta Atlas #200,https://palopenmaps.org/en/maps/khirbat-al-marashan-thabet | https://www.zochrot.org/villages/village_details/49498/en,https://raw.githubusercontent.com/PalOpenMaps/pom-data/main/assets/img/og/khirbat-al-marashan-thabet.jpg,"Palestine Open Maps – 1940s Survey of Palestine 1:20,000 map excerpt",,added from Palestine Open Maps,displacement method not in source – see Morris (2004) / Khalidi (1992)
537,Kurnub,كرنب,Historic Palestine (inside 1949 Armistice Line),unknown,,unknown,Beersheba,,,depopulated,unknown,31.025000,35.063500,Palestine Open Maps,Village,Palestine Open Maps; Zochrot; Abu Sitta Atlas #130,https://palopenmaps.org/en/maps/kurnub | https://www.zochrot.org/villages/village_details/49235/en,,,,added from Palestine Open Maps,displacement method not in source – see Morris (2004) / Khalidi (1992)
538,Masamereh,المسامرة,Historic Palestine (inside 1949 Armistice Line),unknown,,unknown,Beersheba,,,depopulated,unknown,31.378500,34.876800,Palestine Open Maps,Village,Palestine Open Maps; Zochrot; Abu Sitta Atlas #183,https://palopenmaps.org/en/maps/masamereh | https://www.zochrot.org/villages/village_details/49278/en,,,,added from Palestine Open Maps,displacement method not in source – see Morris (2004) / Khalidi (1992)
539,Masoudiyeen,المسعوديين,Historic Palestine (inside 1949 Armistice Line),unknown,,unknown,Beersheba,970,1945,depopulated,unknown,31.119400,34.693100,Palestine Open Maps,Village,Palestine Open Maps; Zochrot; Abu Sitta Atlas #162,https://palopenmaps.org/en/maps/masoudiyeen | https://www.zochrot.org/villages/village_details/49276/en,,,,added from Palestine Open Maps,displacement method not in source – see Morris (2004) / Khalidi (1992)
540,Mohamediyeen,المحمديين,Historic Palestine (inside 1949 Armistice Line),unknown,,unknown,Beersheba,4040,1945,depopulated,unknown,31.035100,34.632800,Palestine Open Maps,Village,Palestine Open Maps; Zochrot; Abu Sitta Atlas #157,https://palopenmaps.org/en/maps/mohamediyeen | https://www.zochrot.org/villages/village_details/49289/en,,,,added from Palestine Open Maps,displacement method not in source – see Morris (2004) / Khalidi (1992)
541,Mureiat,المريعات,Historic Palestine (inside 1949 Armistice Line),unknown,,unknown,Beersheba,,,depopulated,unknown,31.110400,34.701100,Palestine Open Maps,Village,Palestine Open Maps; Zochrot; Abu Sitta Atlas #165,https://palopenmaps.org/en/maps/mureiat | https://www.zochrot.org/villages/village_details/49296/en,,,,added from Palestine Open Maps,displacement method not in source – see Morris (2004) / Khalidi (1992)
542,Nabaat,نبعات,Historic Palestine (inside 1949 Armistice Line),unknown,,unknown,Beersheba,2860,1945,depopulated,unknown,31.158400,34.419900,Palestine Open Maps,Village,Palestine Open Maps; Zochrot; Abu Sitta Atlas #150,https://palopenmaps.org/en/maps/nabaat | https://www.zochrot.org/villages/village_details/49303/en,,,,added from Palestine Open Maps,displacement method not in source – see Morris (2004) / Khalidi (1992)
543,Nutush,النتش,Historic Palestine (inside 1949 Armistice Line),unknown,,unknown,Beersheba,,,depopulated,unknown,31.332709,34.744825,Palestine Open Maps,Community,Palestine Open Maps,https://palopenmaps.org/en/maps/nutush,https://raw.githubusercontent.com/PalOpenMaps/pom-data/main/assets/img/og/nutush.jpg,"Palestine Open Maps – 1940s Survey of Palestine 1:20,000 map excerpt",,added from Palestine Open Maps,displacement method not in source – see Morris (2004) / Khalidi (1992)
544,Qudeirat,القديرات,Historic Palestine (inside 1949 Armistice Line),unknown,,unknown,Beersheba,,,depopulated,unknown,31.243921,34.906999,Palestine Open Maps,Village,Palestine Open Maps,https://palopenmaps.org/en/maps/qudeirat,,,,added from Palestine Open Maps,displacement method not in source – see Morris (2004) / Khalidi (1992)
545,Ramadan,الرمضان,Historic Palestine (inside 1949 Armistice Line),unknown,,unknown,Beersheba,,,depopulated,unknown,31.348100,34.895114,Palestine Open Maps,Village,Palestine Open Maps,https://palopenmaps.org/en/maps/ramadan,,,,added from Palestine Open Maps,displacement method not in source – see Morris (2004) / Khalidi (1992)
546,Rawashdeh,الرواشدة,Historic Palestine (inside 1949 Armistice Line),unknown,,unknown,Beersheba,,,depopulated,unknown,31.428400,34.618700,Palestine Open Maps,Community,Palestine Open Maps; Zochrot; Abu Sitta Atlas #187,https://palopenmaps.org/en/maps/rawashdeh | https://www.zochrot.org/villages/village_details/49471/en,,,,added from Palestine Open Maps,displacement method not in source – see Morris (2004) / Khalidi (1992)
547,Saidiyin Tribes,السعديين,Historic Palestine (inside 1949 Armistice Line),unknown,,unknown,Beersheba,,,depopulated,unknown,30.140203,35.173907,Palestine Open Maps,Village,Palestine Open Maps,https://palopenmaps.org/en/maps/saidiyin-tribes,,,,added from Palestine Open Maps,displacement method not in source – see Morris (2004) / Khalidi (1992)
548,Saraheen (Azazema),السراحين‌عزازمة,Historic Palestine (inside 1949 Armistice Line),unknown,,unknown,Beersheba,1617,1945,depopulated,unknown,30.470233,34.736129,Palestine Open Maps,Village,Palestine Open Maps; Abu Sitta Atlas #166,https://palopenmaps.org/en/maps/saraheen-azazema,,,,added from Palestine Open Maps,displacement method not in source – see Morris (2004) / Khalidi (1992)
549,Shallaliyin,الشلالين,Historic Palestine (inside 1949 Armistice Line),unknown,,unknown,Beersheba,,,depopulated,unknown,31.235085,34.756584,Palestine Open Maps,Village,Palestine Open Maps,https://palopenmaps.org/en/maps/shallaliyin,,,,added from Palestine Open Maps,displacement method not in source – see Morris (2004) / Khalidi (1992)
550,Shlalyeen,شلالين,Historic Palestine (inside 1949 Armistice Line),unknown,,unknown,Beersheba,,,depopulated,unknown,31.273900,34.982200,Palestine Open Maps,Village,Palestine Open Maps; Zochrot; Abu Sitta Atlas #175,https://palopenmaps.org/en/maps/shlalyeen | https://www.zochrot.org/villages/village_details/49478/en,,,,added from Palestine Open Maps,displacement method not in source – see Morris (2004) / Khalidi (1992)
551,Sho'our,الشعور,Historic Palestine (inside 1949 Armistice Line),unknown,,unknown,Beersheba,,,depopulated,unknown,31.396000,34.880500,Palestine Open Maps,Village,Palestine Open Maps; Zochrot; Abu Sitta Atlas #184,https://palopenmaps.org/en/maps/shoour | https://www.zochrot.org/villages/village_details/49487/en,,,,added from Palestine Open Maps,displacement method not in source – see Morris (2004) / Khalidi (1992)
552,Subaihat,الصبيحات,Historic Palestine (inside 1949 Armistice Line),unknown,,unknown,Beersheba,460,1945,depopulated,unknown,31.111274,34.559066,Palestine Open Maps,Village,Palestine Open Maps; Zochrot; Abu Sitta Atlas #159,https://palopenmaps.org/en/maps/subaihat | https://www.zochrot.org/villages/village_details/49347/en,,,,added from Palestine Open Maps,displacement method not in source – see Morris (2004) / Khalidi (1992)
553,Subhiyeen,الصبحيين,Historic Palestine (inside 1949 Armistice Line),unknown,,unknown,Beersheba,,,depopulated,unknown,30.985727,34.600981,Palestine Open Maps,Village,Palestine Open Maps; Zochrot,https://palopenmaps.org/en/maps/subhiyeen | https://www.zochrot.org/villages/village_details/49370/en,,,,added from Palestine Open Maps,displacement method not in source – see Morris (2004) / Khalidi (1992)
554,Subhiyeen (Azzema),الصبحيين‌عزازمة,Historic Palestine (inside 1949 Armistice Line),unknown,,unknown,Beersheba,3243,1945,depopulated,unknown,31.081527,34.595191,Palestine Open Maps,Village,Palestine Open Maps; Abu Sitta Atlas #158,https://palopenmaps.org/en/maps/subhiyeen-azzema,,,,added from Palestine Open Maps,displacement method not in source – see Morris (2004) / Khalidi (1992)
555,Tayaha Tribes,التياها,Historic Palestine (inside 1949 Armistice Line),unknown,,unknown,Beersheba,,,depopulated,unknown,31.071651,35.115176,Palestine Open Maps,Village,Palestine Open Maps; Abu Sitta Atlas #179,https://palopenmaps.org/en/maps/tayaha-tribes,,,,added from Palestine Open Maps,displacement method not in source – see Morris (2004) / Khalidi (1992)
556,Urour,العرور,Historic Palestine (inside 1949 Armistice Line),unknown,,unknown,Beersheba,,,depopulated,unknown,31.444300,34.629300,Palestine Open Maps,Village,Palestine Open Maps; Zochrot; Abu Sitta Atlas #189,https://palopenmaps.org/en/maps/urour | https://www.zochrot.org/villages/village_details/49419/en,,,,added from Palestine Open Maps,displacement method not in source – see Morris (2004) / Khalidi (1992)
557,Wulaydeh,الولايدة,Historic Palestine (inside 1949 Armistice Line),unknown,,unknown,Beersheba,,,depopulated,unknown,31.575000,34.699200,Palestine Open Maps,Community,Palestine Open Maps; Zochrot; Abu Sitta Atlas #208,https://palopenmaps.org/en/maps/wulaydeh | https://www.zochrot.org/villages/village_details/49139/en,,,,added from Palestine Open Maps,displacement method not in source – see Morris (2004) / Khalidi (1992)
558,Zarabeh,الزربة,Historic Palestine (inside 1949 Armistice Line),unknown,,unknown,Beersheba,,,depopulated,unknown,31.186700,34.761000,Palestine Open Maps,Village,Palestine Open Maps; Zochrot,https://palopenmaps.org/en/maps/zarabeh | https://www.zochrot.org/villages/village_details/51561/en,,,,added from Palestine Open Maps,displacement method not in source – see Morris (2004) / Khalidi (1992)
559,al-'Auja,,Historic Palestine (inside 1949 Armistice Line),unknown,,unknown,Beersheba,,,depopulated,unknown,31.232392,34.764613,Palestine Open Maps,Community,Palestine Open Maps,https://palopenmaps.org/en/maps/al-auja-beersheba,,,,added from Palestine Open Maps,displacement method not in source – see Morris (2004) / Khalidi (1992)
560,al-Buraiqi,البريقي,Historic Palestine (inside 1949 Armistice Line),unknown,,unknown,Beersheba,,,depopulated,unknown,31.319941,34.640109,Palestine Open Maps,Village,Palestine Open Maps; Zochrot; Abu Sitta Atlas #170,https://palopenmaps.org/en/maps/al-buraiqi | https://www.zochrot.org/villages/village_details/49048/en,https://raw.githubusercontent.com/PalOpenMaps/pom-data/main/assets/img/og/al-buraiqi.jpg,"Palestine Open Maps – 1940s Survey of Palestine 1:20,000 map excerpt",,added from Palestine Open Maps,displacement method not in source – see Morris (2004) / Khalidi (1992)
561,al-Diqs (Quz al-Jabba),الدقس,Historic Palestine (inside 1949 Armistice Line),unknown,,unknown,Beersheba,,,depopulated,unknown,31.534500,34.708935,Palestine Open Maps,Village,Palestine Open Maps; Zochrot; Abu Sitta Atlas #206,https://palopenmaps.org/en/maps/al-diqs-quz-al-jabba | https://www.zochrot.org/villages/village_details/49096/en,https://raw.githubusercontent.com/PalOpenMaps/pom-data/main/assets/img/og/al-diqs-quz-al-jabba.jpg,"Palestine Open Maps – 1940s Survey of Palestine 1:20,000 map excerpt",,added from Palestine Open Maps,displacement method not in source – see Morris (2004) / Khalidi (1992)
562,al-Fukara,الفقراء,Historic Palestine (inside 1949 Armistice Line),unknown,,unknown,Beersheba,,,depopulated,unknown,31.499360,34.775321,Palestine Open Maps,Village,Palestine Open Maps; Zochrot,https://palopenmaps.org/en/maps/al-fukara | https://www.zochrot.org/villages/village_details/49436/en,https://raw.githubusercontent.com/PalOpenMaps/pom-data/main/assets/img/og/al-fukara.jpg,"Palestine Open Maps – 1940s Survey of Palestine 1:20,000 map excerpt",,added from Palestine Open Maps,displacement method not in source – see Morris (2004) / Khalidi (1992)
563,al-Ksarr,القصار,Historic Palestine (inside 1949 Armistice Line),unknown,,unknown,Beersheba,1830,1945,depopulated,unknown,31.190100,34.356900,Palestine Open Maps,Village,Palestine Open Maps; Zochrot; Abu Sitta Atlas #140,https://palopenmaps.org/en/maps/al-ksarr | https://www.zochrot.org/villages/village_details/49442/en,,,,added from Palestine Open Maps,displacement method not in source – see Morris (2004) / Khalidi (1992)
564,al-Maqhaz (al-Nuwairi),النويري,Historic Palestine (inside 1949 Armistice Line),unknown,,unknown,Beersheba,270,1945,depopulated,unknown,31.512100,34.798500,Palestine Open Maps,Village,Palestine Open Maps; Zochrot; Abu Sitta Atlas #204,https://palopenmaps.org/en/maps/al-maqhaz-al-nuwairi | https://www.zochrot.org/villages/village_details/49312/en,https://raw.githubusercontent.com/PalOpenMaps/pom-data/main/assets/img/og/al-maqhaz-al-nuwairi.jpg,"Palestine Open Maps – 1940s Survey of Palestine 1:20,000 map excerpt",,added from Palestine Open Maps,displacement method not in source – see Morris (2004) / Khalidi (1992)
565,al-Munkheila (Wuhaidat),الوحيدات ترابين,Historic Palestine (inside 1949 Armistice Line),unknown,,unknown,Beersheba,,,depopulated,unknown,31.400049,34.504908,Palestine Open Maps,Community,Palestine Open Maps; Zochrot,https://palopenmaps.org/en/maps/al-munkheila-wuhaidat | https://www.zochrot.org/villages/village_details/49138/en,https://raw.githubusercontent.com/PalOpenMaps/pom-data/main/assets/img/og/al-munkheila-wuhaidat.jpg,"Palestine Open Maps – 1940s Survey of Palestine 1:20,000 map excerpt",,added from Palestine Open Maps,displacement method not in source – see Morris (2004) / Khalidi (1992)
566,al-Omour,العمور,Historic Palestine (inside 1949 Armistice Line),unknown,,unknown,Beersheba,750,1945,depopulated,unknown,31.370109,34.423732,Palestine Open Maps,Village,Palestine Open Maps; Zochrot; Abu Sitta Atlas #149,https://palopenmaps.org/en/maps/al-omour | https://www.zochrot.org/villages/village_details/49417/en,,,,added from Palestine Open Maps,displacement method not in source – see Morris (2004) / Khalidi (1992)
567,al-Sani,الصانع,Historic Palestine (inside 1949 Armistice Line),unknown,,unknown,Beersheba,1850,1945,depopulated,unknown,31.202900,34.629600,Palestine Open Maps,Village,Palestine Open Maps; Zochrot; Abu Sitta Atlas #136,https://palopenmaps.org/en/maps/al-sani | https://www.zochrot.org/villages/village_details/49351/en,,,,added from Palestine Open Maps,displacement method not in source – see Morris (2004) / Khalidi (1992)
568,al-Sawakhneh,السواخنة,Historic Palestine (inside 1949 Armistice Line),unknown,,unknown,Beersheba,,,depopulated,unknown,31.084200,34.875700,Palestine Open Maps,Village,Palestine Open Maps; Zochrot; Abu Sitta Atlas #164,https://palopenmaps.org/en/maps/al-sawakhneh | https://www.zochrot.org/villages/village_details/49331/en,,,,added from Palestine Open Maps,displacement method not in source – see Morris (2004) / Khalidi (1992)
569,al-Smeeri,السميري,Historic Palestine (inside 1949 Armistice Line),unknown,,unknown,Beersheba,1530,1945,depopulated,unknown,31.385723,34.351630,Palestine Open Maps,Village,Palestine Open Maps; Zochrot; Abu Sitta Atlas #195,https://palopenmaps.org/en/maps/al-smeeri | https://www.zochrot.org/villages/village_details/49318/en,,,,added from Palestine Open Maps,displacement method not in source – see Morris (2004) / Khalidi (1992)
570,al-Soufi,الصوفي,Historic Palestine (inside 1949 Armistice Line),unknown,,unknown,Beersheba,,,depopulated,unknown,31.263727,34.710907,Palestine Open Maps,Village,Palestine Open Maps; Zochrot; Abu Sitta Atlas #137,https://palopenmaps.org/en/maps/al-soufi | https://www.zochrot.org/villages/village_details/49357/en,https://raw.githubusercontent.com/PalOpenMaps/pom-data/main/assets/img/og/al-soufi.jpg,"Palestine Open Maps – 1940s Survey of Palestine 1:20,000 map excerpt",,added from Palestine Open Maps,displacement method not in source – see Morris (2004) / Khalidi (1992)
571,al-Zraiye,الزريعي,Historic Palestine (inside 1949 Armistice Line),unknown,,unknown,Beersheba,4790,1945,depopulated,unknown,31.371423,34.420485,Palestine Open Maps,Village,Palestine Open Maps; Zochrot; Abu Sitta Atlas #148,https://palopenmaps.org/en/maps/al-zraiye | https://www.zochrot.org/villages/village_details/49144/en,https://raw.githubusercontent.com/PalOpenMaps/pom-data/main/assets/img/og/al-zraiye.jpg,"Palestine Open Maps – 1940s Survey of Palestine 1:20,000 map excerpt",,added from Palestine Open Maps,displacement method not in source – see Morris (2004) / Khalidi (1992)
572,al-Zuwaira,الزويرة,Historic Palestine (inside 1949 Armistice Line),unknown,,unknown,Beersheba,,,depopulated,unknown,31.230000,35.241900,Palestine Open Maps,Village,Palestine Open Maps; Zochrot; Abu Sitta Atlas #131,https://palopenmaps.org/en/maps/al-zuwaira | https://www.zochrot.org/villages/village_details/49160/en,,,,added from Palestine Open Maps,displacement method not in source – see Morris (2004) / Khalidi (1992)
573,Jisr aql-Majami,جسر المجامع,Historic Palestine (inside 1949 Armistice Line),unknown,,unknown,Beisan,20,1945,depopulated,unknown,32.624253,35.563466,Palestine Open Maps,Village (Mixed population in 1945),Palestine Open Maps; Palestine Remembered,https://palopenmaps.org/en/maps/jisr-aql-majami | https://www.palestineremembered.com/GeoPoints/Jisr_al_Majami__1802/,https://raw.githubusercontent.com/PalOpenMaps/pom-data/main/assets/img/og/jisr-aql-majami.jpg,"Palestine Open Maps – 1940s Survey of Palestine 1:20,000 map excerpt",,added from Palestine Open Maps,displacement method not in source – see Morris (2004) / Khalidi (1992)
574,Wadi al-Bira,وادي البيرة,Historic Palestine (inside 1949 Armistice Line),unknown,,unknown,Beisan,70,1945,depopulated,unknown,32.621653,35.502124,Palestine Open Maps,Community,Palestine Open Maps; Palestine Remembered,https://palopenmaps.org/en/maps/wadi-al-bira | https://www.palestineremembered.com/GeoPoints/Wadi_al_Bira_1683/,https://raw.githubusercontent.com/PalOpenMaps/pom-data/main/assets/img/og/wadi-al-bira.jpg,"Palestine Open Maps – 1940s Survey of Palestine 1:20,000 map excerpt",,added from Palestine Open Maps,displacement method not in source – see Morris (2004) / Khalidi (1992)
575,Khirbat Sa'sa',خربة سعسع,Historic Palestine (inside 1949 Armistice Line),unknown,,unknown,Haifa,150,1945,depopulated,unknown,32.775083,35.131457,Palestine Open Maps,Village,Palestine Open Maps; Zochrot; Palestine Remembered; Abu Sitta Atlas #291,"https://palopenmaps.org/en/maps/khirbat-sasa | https://www.zochrot.org/villages/village_details/49343/en | https://www.palestineremembered.com/Haifa/Sa%27sa%27,-Khirbat/",https://raw.githubusercontent.com/PalOpenMaps/pom-data/main/assets/img/og/khirbat-sasa.jpg,"Palestine Open Maps – 1940s Survey of Palestine 1:20,000 map excerpt",,added from Palestine Open Maps,displacement method not in source – see Morris (2004) / Khalidi (1992)
576,al-Khureiba,الخريبه,Historic Palestine (inside 1949 Armistice Line),unknown,,unknown,Haifa,,,depopulated,unknown,32.756171,35.025688,Palestine Open Maps,Village,Palestine Open Maps; Zochrot; Palestine Remembered,https://palopenmaps.org/en/maps/al-khureiba | https://www.zochrot.org/villages/village_details/49166/en | https://www.palestineremembered.com/GeoPoints/al_Khureiba_729/,https://raw.githubusercontent.com/PalOpenMaps/pom-data/main/assets/img/og/al-khureiba.jpg,"Palestine Open Maps – 1940s Survey of Palestine 1:20,000 map excerpt",,added from Palestine Open Maps,displacement method not in source – see Morris (2004) / Khalidi (1992)
577,al-Shaykh Bureik,الشيخ بريك,Historic Palestine (inside 1949 Armistice Line),unknown,,unknown,Haifa,,,depopulated,unknown,32.701834,35.128618,Palestine Open Maps,Village,Palestine Open Maps; Zochrot,https://palopenmaps.org/en/maps/al-sheikh-bureik | https://www.zochrot.org/villages/village_details/49494/en,https://raw.githubusercontent.com/PalOpenMaps/pom-data/main/assets/img/og/al-sheikh-bureik.jpg,"Palestine Open Maps – 1940s Survey of Palestine 1:20,000 map excerpt",,added from Palestine Open Maps,displacement method not in source – see Morris (2004) / Khalidi (1992)
578,Khirbat Jamrura,خربة جمرورة,Historic Palestine (inside 1949 Armistice Line),unknown,,unknown,Hebron,,,abandoned,unknown,31.584267,34.979852,Palestine Open Maps,Community,Palestine Open Maps; Palestine Remembered,https://palopenmaps.org/en/maps/khirbat-jamrura | https://www.palestineremembered.com/GeoPoints/Kh__Jamrura_1329/,https://raw.githubusercontent.com/PalOpenMaps/pom-data/main/assets/img/og/khirbat-jamrura.jpg,"Palestine Open Maps – 1940s Survey of Palestine 1:20,000 map excerpt",,added from Palestine Open Maps,displacement method not in source – see Morris (2004) / Khalidi (1992)
579,al-Asam,الأعسم,Historic Palestine (inside 1949 Armistice Line),unknown,,unknown,Hebron,,,depopulated,unknown,31.314600,34.930400,Palestine Open Maps,Village,Palestine Open Maps; Zochrot,https://palopenmaps.org/en/maps/al-asam | https://www.zochrot.org/villages/village_details/48988/en,,,,added from Palestine Open Maps,displacement method not in source – see Morris (2004) / Khalidi (1992)
580,Hilat al-Sammak,قرية الصيّادين,Historic Palestine (inside 1949 Armistice Line),unknown,,unknown,Jaffa,,,abandoned,unknown,32.098226,34.783890,Palestine Open Maps,Village,Palestine Open Maps; Zochrot,https://palopenmaps.org/en/maps/hilat-as-sammak | https://www.zochrot.org/villages/village_details/56066/en,https://raw.githubusercontent.com/PalOpenMaps/pom-data/main/assets/img/og/hilat-as-sammak.jpg,"Palestine Open Maps – 1940s Survey of Palestine 1:20,000 map excerpt",,added from Palestine Open Maps,displacement method not in source – see Morris (2004) / Khalidi (1992)
581,Firasin,فراسين,Historic Palestine (inside 1949 Armistice Line),unknown,,unknown,Jenin,20,1945,abandoned,unknown,32.426292,35.106972,Palestine Open Maps,Village,Palestine Open Maps; Palestine Remembered,https://palopenmaps.org/en/maps/firasin | https://www.palestineremembered.com/GeoPoints/Firasin_1134/,https://raw.githubusercontent.com/PalOpenMaps/pom-data/main/assets/img/og/firasin.jpg,"Palestine Open Maps – 1940s Survey of Palestine 1:20,000 map excerpt",,added from Palestine Open Maps,displacement method not in source – see Morris (2004) / Khalidi (1992)
582,Khirbat Umm Sirhan,,Historic Palestine (inside 1949 Armistice Line),unknown,,unknown,Jenin,,,abandoned,unknown,32.422228,35.430847,Palestine Open Maps,Village,Palestine Open Maps,https://palopenmaps.org/en/maps/khirbat-umm-sirhan,,,,added from Palestine Open Maps,displacement method not in source – see Morris (2004) / Khalidi (1992)
583,Khirbat al-Bizra,,Historic Palestine (inside 1949 Armistice Line),unknown,,unknown,Jenin,,,abandoned,unknown,32.409902,35.418282,Palestine Open Maps,Village,Palestine Open Maps,https://palopenmaps.org/en/maps/khirbat-al-bizra,,,,added from Palestine Open Maps,displacement method not in source – see Morris (2004) / Khalidi (1992)
584,Qa'un,,Historic Palestine (inside 1949 Armistice Line),unknown,,unknown,Nablus,,,abandoned,unknown,32.407486,35.470276,Palestine Open Maps,Village,Palestine Open Maps,https://palopenmaps.org/en/maps/qaun,,,,added from Palestine Open Maps,displacement method not in source – see Morris (2004) / Khalidi (1992)
585,Umm Qubei (Khirbat Malta),أم قبيع,Historic Palestine (inside 1949 Armistice Line),unknown,,unknown,Nazareth,,,depopulated,unknown,32.711108,35.292286,Palestine Open Maps,Village,Palestine Open Maps; Palestine Remembered,https://palopenmaps.org/en/maps/umm-qubei-khirbat-malta | https://www.palestineremembered.com/GeoPoints/Umm_Qubei_Kh__Malta_1672/,https://raw.githubusercontent.com/PalOpenMaps/pom-data/main/assets/img/og/umm-qubei-khirbat-malta.jpg,"Palestine Open Maps – 1940s Survey of Palestine 1:20,000 map excerpt",,added from Palestine Open Maps,displacement method not in source – see Morris (2004) / Khalidi (1992)
586,Ajanjul,عجنجول,Historic Palestine (inside 1949 Armistice Line),unknown,,unknown,Ramle,,,depopulated,unknown,31.871784,35.023541,Palestine Open Maps,Village,Palestine Open Maps; Zochrot; Palestine Remembered; Abu Sitta Atlas #77,https://palopenmaps.org/en/maps/ajanjul | https://www.zochrot.org/villages/village_details/49393/en | https://www.palestineremembered.com/GeoPoints/Ajanjul_684/,https://raw.githubusercontent.com/PalOpenMaps/pom-data/main/assets/img/og/ajanjul.jpg,"Palestine Open Maps – 1940s Survey of Palestine 1:20,000 map excerpt",,added from Palestine Open Maps,displacement method not in source – see Morris (2004) / Khalidi (1992)
587,Khirbat Mismar,خربة مسمار,Historic Palestine (inside 1949 Armistice Line),unknown,,unknown,Ramle,,,abandoned,unknown,32.055539,35.004828,Palestine Open Maps,Community,Palestine Open Maps; Palestine Remembered,https://palopenmaps.org/en/maps/khirbat-mismar | https://www.palestineremembered.com/GeoPoints/Kh__Mismar_5650/,https://raw.githubusercontent.com/PalOpenMaps/pom-data/main/assets/img/og/khirbat-mismar.jpg,"Palestine Open Maps – 1940s Survey of Palestine 1:20,000 map excerpt",,added from Palestine Open Maps,displacement method not in source – see Morris (2004) / Khalidi (1992)
588,Khirbat al-Qubeiba,خربة القبيبة,Historic Palestine (inside 1949 Armistice Line),unknown,,unknown,Ramle,,,depopulated,unknown,31.946046,34.944884,Palestine Open Maps,Community,Palestine Open Maps; Palestine Remembered,https://palopenmaps.org/en/maps/khirbat-al-qubeiba | https://www.palestineremembered.com/GeoPoints/Kh__al_Qubeiba_1315/,https://raw.githubusercontent.com/PalOpenMaps/pom-data/main/assets/img/og/khirbat-al-qubeiba.jpg,"Palestine Open Maps – 1940s Survey of Palestine 1:20,000 map excerpt",,added from Palestine Open Maps,displacement method not in source – see Morris (2004) / Khalidi (1992)
589,al-Khalayil,الخلايل,Historic Palestine (inside 1949 Armistice Line),unknown,,unknown,Ramle,,,depopulated,unknown,31.836707,34.950769,Palestine Open Maps,Village,Palestine Open Maps; Palestine Remembered,https://palopenmaps.org/en/maps/al-khalayil | https://www.palestineremembered.com/GeoPoints/al_Khalayil_1028/,https://raw.githubusercontent.com/PalOpenMaps/pom-data/main/assets/img/og/al-khalayil.jpg,"Palestine Open Maps – 1940s Survey of Palestine 1:20,000 map excerpt",,added from Palestine Open Maps,displacement method not in source – see Morris (2004) / Khalidi (1992)
590,Khirbat al-Hiqab,الحقاب,Historic Palestine (inside 1949 Armistice Line),unknown,,unknown,Safad,,,depopulated,unknown,32.926587,35.496922,Palestine Open Maps,Village,Palestine Open Maps; Palestine Remembered,https://palopenmaps.org/en/maps/khirbat-al-hiqab | https://www.palestineremembered.com/GeoPoints/al_Hiqab_714/,https://raw.githubusercontent.com/PalOpenMaps/pom-data/main/assets/img/og/khirbat-al-hiqab.jpg,"Palestine Open Maps – 1940s Survey of Palestine 1:20,000 map excerpt",,added from Palestine Open Maps,displacement method not in source – see Morris (2004) / Khalidi (1992)
591,Tuba (Arab al-Hayb),طوبى,Historic Palestine (inside 1949 Armistice Line),unknown,,unknown,Safad,590,1945,depopulated,unknown,32.962699,35.610882,Palestine Open Maps,Village,Palestine Open Maps; Palestine Remembered,https://palopenmaps.org/en/maps/tuba | https://www.palestineremembered.com/GeoPoints/Tuba__Arab_al_Hayb_1652/,https://raw.githubusercontent.com/PalOpenMaps/pom-data/main/assets/img/og/tuba.jpg,"Palestine Open Maps – 1940s Survey of Palestine 1:20,000 map excerpt",,added from Palestine Open Maps,displacement method not in source – see Morris (2004) / Khalidi (1992)
592,al-Zahiriyya al-Fauq'a,الظاهرية الفوقا,Historic Palestine (inside 1949 Armistice Line),unknown,,unknown,Safad,,,depopulated,unknown,32.950401,35.512547,Palestine Open Maps,Village,Palestine Open Maps; Palestine Remembered,https://palopenmaps.org/en/maps/al-dhahiriyya-al-fauqa | https://www.palestineremembered.com/GeoPoints/al_Zahiriyya_al_Fauq_a_989/,https://raw.githubusercontent.com/PalOpenMaps/pom-data/main/assets/img/og/al-dhahiriyya-al-fauqa.jpg,"Palestine Open Maps – 1940s Survey of Palestine 1:20,000 map excerpt",,added from Palestine Open Maps,displacement method not in source – see Morris (2004) / Khalidi (1992)
593,Wadi al-Hamam,وادي الحمام,Historic Palestine (inside 1949 Armistice Line),unknown,,unknown,Tiberias,,,depopulated,unknown,32.827800,35.490800,Palestine Open Maps,Community,Palestine Open Maps; Zochrot; Palestine Remembered; Abu Sitta Atlas #499,https://palopenmaps.org/en/maps/wadi-al-hamam | https://www.zochrot.org/villages/village_details/49141/en | https://www.palestineremembered.com/Tiberias/Wadi-al-Hamam/,https://raw.githubusercontent.com/PalOpenMaps/pom-data/main/assets/img/og/wadi-al-hamam.jpg,"Palestine Open Maps – 1940s Survey of Palestine 1:20,000 map excerpt",1,added from Palestine Open Maps,displacement method not in source – see Morris (2004) / Khalidi (1992)
594,Ghabat Jaiyus,غابة جيوس,Historic Palestine (inside 1949 Armistice Line),unknown,,unknown,Tulkarem,,,depopulated,unknown,32.226866,34.853756,Palestine Open Maps,Community,Palestine Open Maps; Palestine Remembered,https://palopenmaps.org/en/maps/ghabat-jaiyus | https://www.palestineremembered.com/GeoPoints/Gh__Jaiyus_1145/,https://raw.githubusercontent.com/PalOpenMaps/pom-data/main/assets/img/og/ghabat-jaiyus.jpg,"Palestine Open Maps – 1940s Survey of Palestine 1:20,000 map excerpt",,added from Palestine Open Maps,displacement method not in source – see Morris (2004) / Khalidi (1992)
595,Ghabat Miska,غابة مسكة,Historic Palestine (inside 1949 Armistice Line),unknown,,unknown,Tulkarem,,,depopulated,unknown,32.207676,34.847789,Palestine Open Maps,Community,Palestine Open Maps; Palestine Remembered,https://palopenmaps.org/en/maps/ghabat-miska | https://www.palestineremembered.com/GeoPoints/Ghabat_Miska_1148/,https://raw.githubusercontent.com/PalOpenMaps/pom-data/main/assets/img/og/ghabat-miska.jpg,"Palestine Open Maps – 1940s Survey of Palestine 1:20,000 map excerpt",,added from Palestine Open Maps,displacement method not in source – see Morris (2004) / Khalidi (1992)
596,Ghabat al-Tayiba al-Qibliya,غابة الطيبة القبلية,Historic Palestine (inside 1949 Armistice Line),unknown,,unknown,Tulkarem,,,depopulated,unknown,32.219569,34.849567,Palestine Open Maps,Community,Palestine Open Maps; Palestine Remembered,https://palopenmaps.org/en/maps/ghabat-al-tayiba-al-qibliya | https://www.palestineremembered.com/GeoPoints/Gh__al_Taiyiba_al_Qibliya_1143/,https://raw.githubusercontent.com/PalOpenMaps/pom-data/main/assets/img/og/ghabat-al-tayiba-al-qibliya.jpg,"Palestine Open Maps – 1940s Survey of Palestine 1:20,000 map excerpt",,added from Palestine Open Maps,displacement method not in source – see Morris (2004) / Khalidi (1992)
597,Ghabat al-Tayiba al-Shamaliyya,غابة الطيبة الشمالية,Historic Palestine (inside 1949 Armistice Line),unknown,,unknown,Tulkarem,,,depopulated,unknown,32.235313,34.859956,Palestine Open Maps,Community,Palestine Open Maps; Palestine Remembered,https://palopenmaps.org/en/maps/ghabat-al-tayiba-al-shamaliyya | https://www.palestineremembered.com/GeoPoints/Gh__al_Taiyiba_al_Shamaliya_1144/,https://raw.githubusercontent.com/PalOpenMaps/pom-data/main/assets/img/og/ghabat-al-tayiba-al-shamaliyya.jpg,"Palestine Open Maps – 1940s Survey of Palestine 1:20,000 map excerpt",,added from Palestine Open Maps,displacement method not in source – see Morris (2004) / Khalidi (1992)
598,Khirbat al-Burj,خربة البرج,Historic Palestine (inside 1949 Armistice Line),unknown,,unknown,Tulkarem,,,depopulated,unknown,32.319519,34.950188,Palestine Open Maps,Village,Palestine Open Maps; Zochrot; Palestine Remembered,"https://palopenmaps.org/en/maps/khirbat-al-burj | https://www.zochrot.org/villages/village_details/49050/en | https://www.palestineremembered.com/Haifa/al-Burj,-Khirbat/",https://raw.githubusercontent.com/PalOpenMaps/pom-data/main/assets/img/og/khirbat-al-burj.jpg,"Palestine Open Maps – 1940s Survey of Palestine 1:20,000 map excerpt",,added from Palestine Open Maps,displacement method not in source – see Morris (2004) / Khalidi (1992)
599,Khirbat al-Majdal,خربة المجدل,Historic Palestine (inside 1949 Armistice Line),unknown,,unknown,Tulkarem,,,depopulated_built_over,unknown,32.409193,34.994967,Palestine Open Maps,Village,Palestine Open Maps; Zochrot; Palestine Remembered; Abu Sitta Atlas #515,"https://palopenmaps.org/en/maps/khirbat-al-majdal | https://www.zochrot.org/villages/village_details/49255/en | https://www.palestineremembered.com/Tulkarm/al-Majdal,-Khirbat/",https://raw.githubusercontent.com/PalOpenMaps/pom-data/main/assets/img/og/khirbat-al-majdal.jpg,"Palestine Open Maps – 1940s Survey of Palestine 1:20,000 map excerpt",,added from Palestine Open Maps,displacement method not in source – see Morris (2004) / Khalidi (1992)
600,Hamayteh (Saidiyeen),الحمايطة‌السعيديين,Historic Palestine (inside 1949 Armistice Line),1950-1966,1950-05-01,month,Beersheba,313,1945,depopulated,unknown,30.585331,35.160737,Palestine Open Maps,Village,Palestine Open Maps; Abu Sitta Atlas #210,https://palopenmaps.org/en/maps/hamayteh-saidiyeen,,,,added from Palestine Open Maps,displacement method not in source – see Morris (2004) / Khalidi (1992)
601,Mathakeer (Saidiyeen),المذاكير‌السعيديين,Historic Palestine (inside 1949 Armistice Line),1950-1966,1950-05-01,month,Beersheba,380,1945,depopulated,unknown,30.407129,35.160575,Palestine Open Maps,Village,Palestine Open Maps; Abu Sitta Atlas #212,https://palopenmaps.org/en/maps/mathakeer-saidiyeen,,,,added from Palestine Open Maps,displacement method not in source – see Morris (2004) / Khalidi (1992)
602,Rawaytheh (Saidiyeen),الروايضة‌السعيديين,Historic Palestine (inside 1949 Armistice Line),1950-1966,1950-05-01,month,Beersheba,342,1945,depopulated,unknown,30.315806,35.159989,Palestine Open Maps,Village,Palestine Open Maps; Abu Sitta Atlas #213,https://palopenmaps.org/en/maps/rawaytheh-saidiyeen,,,,added from Palestine Open Maps,displacement method not in source – see Morris (2004) / Khalidi (1992)
603,Rummamneh (Saidiyeen),الرمامنة‌السعيديين,Historic Palestine (inside 1949 Armistice Line),1950-1966,1950-05-01,month,Beersheba,277,1945,depopulated,unknown,30.499766,35.159539,Palestine Open Maps,Village,Palestine Open Maps; Abu Sitta Atlas #211,https://palopenmaps.org/en/maps/rummamneh-saidiyeen,,,,added from Palestine Open Maps,displacement method not in source – see Morris (2004) / Khalidi (1992)
604,Bayt Nuba & 'Ajanjul,عجنجول,Historic Palestine (inside 1949 Armistice Line),1967,1967-06-06,day,Ramle,1240,1945,depopulated,forced_expulsion,31.852916,35.032651,Palestine Open Maps,Expulsion after Six-Day War,Palestine Open Maps; Zochrot; Palestine Remembered; PalQuest,https://palopenmaps.org/en/maps/bayt-nuba | https://www.zochrot.org/villages/village_details/52878/en | https://www.palestineremembered.com/al-Ramla/Bayt-Nuba/ | https://www.palquest.org/en/place/16786/ajanjul/,https://raw.githubusercontent.com/PalOpenMaps/pom-data/main/assets/img/og/bayt-nuba.jpg,"Palestine Open Maps – 1940s Survey of Palestine 1:20,000 map excerpt",,"original file, verified against Palestine Open Maps",name standardised (was 'Beit Nuba'); district corrected Ramallah→Ramle; population 1350→1240 (1945 Village Statistics); date 1967-06-08→1967-06-06
605,Imwas,عمواس,Historic Palestine (inside 1949 Armistice Line),1967,1967-06-06,day,Ramle,1450,1945,depopulated,forced_expulsion,31.840461,34.992535,Palestine Open Maps,Expulsion after Six-Day War,Palestine Open Maps; Zochrot; Palestine Remembered,https://palopenmaps.org/en/maps/imwas | https://www.zochrot.org/villages/village_details/52872/en | https://www.palestineremembered.com/al-Ramla/Imwas/,https://raw.githubusercontent.com/PalOpenMaps/pom-data/main/assets/img/og/imwas.jpg,"Palestine Open Maps – 1940s Survey of Palestine 1:20,000 map excerpt",,"original file, verified against Palestine Open Maps",district corrected Ramallah→Ramle; population 2200→1450 (1945 Village Statistics); date 1967-06-07→1967-06-06
606,Yalu,يالو,Historic Palestine (inside 1949 Armistice Line),1967,1967-06-06,day,Ramle,1220,1945,depopulated,forced_expulsion,31.841917,35.023684,Palestine Open Maps,Expulsion after Six-Day War,Palestine Open Maps; Zochrot; Palestine Remembered,https://palopenmaps.org/en/maps/yalu | https://www.zochrot.org/villages/village_details/52875/en | https://www.palestineremembered.com/al-Ramla/Yalu/,https://raw.githubusercontent.com/PalOpenMaps/pom-data/main/assets/img/og/yalu.jpg,"Palestine Open Maps – 1940s Survey of Palestine 1:20,000 map excerpt",,"original file, verified against Palestine Open Maps",district corrected Ramallah→Ramle; population 1644→1220 (1945 Village Statistics); date 1967-06-07→1967-06-06
607,al-Latrun,اللطرون,Historic Palestine (inside 1949 Armistice Line),1967,1967-06-06,day,Ramle,190,1945,depopulated,forced_expulsion,31.831472,34.982711,Palestine Open Maps,Expulsion after Six-Day War,Palestine Open Maps; Zochrot; Palestine Remembered; PalQuest; Abu Sitta Atlas #94,https://palopenmaps.org/en/maps/al-latrun | https://www.zochrot.org/villages/village_details/49243/en | https://www.palestineremembered.com/al-Ramla/al-Latrun/ | https://www.palquest.org/en/place/16834/al-latrun/,https://raw.githubusercontent.com/PalOpenMaps/pom-data/main/assets/img/og/al-latrun.jpg,"Palestine Open Maps – 1940s Survey of Palestine 1:20,000 map excerpt",,"original file, verified against Palestine Open Maps",name standardised (was 'Latroun'); district corrected Ramallah→Ramle; population 293→190 (1945 Village Statistics); date 1967-06-07→1967-06-06
608,Qalqilya,قلقيلية,West Bank,1967,1967-06-06,approximate,Tulkarem,15000,1967,partially_destroyed_rebuilt,forced_expulsion,32.188981,34.963280,Palestine Open Maps,"An estimated 40–66% of ~2,000 dwellings demolished or burned; ~9,000 residents later allowed to return after international pressure",Palestine Nexus; Orient XXI (Munir Nuseibah),"https://palestinenexus.com/articles/1967-expulsions | https://orientxxi.info/the-second-nakba-displacement-of-palestinians-in-and-after-the-1967-occupation,1875",,,,added from research (Sep 2026),Population is the 1967 estimate
609,Khan al-Duwayr,خان الدوير,Historic Palestine (inside 1949 Armistice Line),1967,1967-06-09,day,Safad,300,1945,depopulated,unknown,33.239691,35.672452,Palestine Open Maps,Unknown,Palestine Open Maps; Zochrot; Palestine Remembered; PalQuest; Abu Sitta Atlas #475,https://palopenmaps.org/en/maps/khan-al-duwayr | https://www.zochrot.org/villages/village_details/49165/en | https://www.palestineremembered.com/Safad/Khan-al-Duwayr/ | https://www.palquest.org/en/place/20662/khan-al-duwayr/,https://raw.githubusercontent.com/PalOpenMaps/pom-data/main/assets/img/og/khan-al-duwayr.jpg,"Palestine Open Maps – 1940s Survey of Palestine 1:20,000 map excerpt",,"original file, verified against Palestine Open Maps",name standardised (was 'Khan Al Duweir'); district corrected Hebron→Safad; population 320→300 (1945 Village Statistics); date 1948-05-15→1967-06-09
610,Moroccan (Mughrabi) Quarter,حارة المغاربة,East Jerusalem,1967,1967-06-10,day,Jerusalem,650,1967,destroyed,forced_expulsion,31.776500,35.234000,approximate,"135 homes and 2 mosques bulldozed 10–12 June 1967 to create the Western Wall Plaza; ~108 families made homeless, at least one resident killed",Jerusalem Story; Institute for Palestine Studies,https://www.jerusalemstory.com/en/article/destruction-jerusalems-moroccan-quarter-centuries-old-maghrebi-community-western-wall | https://www.palestine-studies.org/en/node/78159,,,,added from research (Sep 2026),
611,Quneitra,القنيطرة,Occupied Golan (Syria),1967,1967-06-10,day,Quneitra (Golan),20000,1967,destroyed,forced_expulsion,33.125800,35.823600,approximate,"Syrian city emptied in 1967 and systematically destroyed before the 1974 withdrawal; left in ruins. ~95,000–130,000 Syrians displaced from the Golan in 1967",Palestine Nexus; Orient XXI,"https://palestinenexus.com/articles/1967-expulsions | https://orientxxi.info/the-second-nakba-displacement-of-palestinians-in-and-after-the-1967-occupation,1875",,,,"original file, corrected","Syrian locality – kept from original file, tagged as Golan"
612,al-Nuqayb,النقيب,Historic Palestine (inside 1949 Armistice Line),1967,1967-06-10,day,Tiberias,370,1945,depopulated,forced_expulsion,32.799100,35.640200,Palestine Open Maps,Expulsion,Palestine Open Maps; Zochrot; Palestine Remembered; PalQuest; Abu Sitta Atlas #509,https://palopenmaps.org/en/maps/al-nuqayb | https://www.zochrot.org/villages/village_details/49315/en | https://www.palestineremembered.com/Tiberias/al-Nuqayb/ | https://www.palquest.org/en/place/16866/al-nuqayb/,https://raw.githubusercontent.com/PalOpenMaps/pom-data/main/assets/img/og/al-nuqayb.jpg,"Palestine Open Maps – 1940s Survey of Palestine 1:20,000 map excerpt",,"original file, verified against Palestine Open Maps",name standardised (was 'Nuqeib'); district corrected Beersheba→Tiberias; population 520→370 (1945 Village Statistics); date 1948-05-14→1967-06-10
613,Ayn Fit,عين فيت,Occupied Golan (Syria),1967,1967-06-11,approximate,Quneitra (Golan),650,unverified,destroyed,forced_expulsion,33.183300,35.766700,original file (unverified),Golan Heights village,Orient XXI (Golan totals),"https://orientxxi.info/the-second-nakba-displacement-of-palestinians-in-and-after-the-1967-occupation,1875",,,,"original file, corrected",Syrian locality; population and coordinates need verification
614,Fiq,فيق,Occupied Golan (Syria),1967,1967-06-11,approximate,Quneitra (Golan),1400,unverified,destroyed,forced_expulsion,32.766700,35.683300,original file (unverified),Golan Heights village,Orient XXI (Golan totals),"https://orientxxi.info/the-second-nakba-displacement-of-palestinians-in-and-after-the-1967-occupation,1875",,,,"original file, corrected",Syrian locality; population needs verification
615,Khisfin,خسفين,Occupied Golan (Syria),1967,1967-06-11,approximate,Quneitra (Golan),920,unverified,destroyed,forced_expulsion,32.850000,35.800000,approximate,Golan Heights village,Orient XXI (Golan totals),"https://orientxxi.info/the-second-nakba-displacement-of-palestinians-in-and-after-the-1967-occupation,1875",,,,"original file, corrected","Syrian locality; coordinates corrected from 33.25,35.82 (which is north of the village); population needs verification"
616,Rafid,الرفيد,Occupied Golan (Syria),1967,1967-06-11,approximate,Quneitra (Golan),850,unverified,depopulated,forced_expulsion,32.750000,35.716700,original file (unverified),Golan Heights village,Orient XXI (Golan totals),"https://orientxxi.info/the-second-nakba-displacement-of-palestinians-in-and-after-the-1967-occupation,1875",,,,"original file, corrected","Original file gave 1974 and ""administrative demolition"" – could not be verified; set to 1967 depopulation, needs checking"
617,Sufsafa,,Occupied Golan (Syria),1967,1967-06-11,approximate,Quneitra (Golan),800,unverified,destroyed,forced_expulsion,33.216700,35.783300,original file (unverified),Golan Heights village,Orient XXI (Golan totals),"https://orientxxi.info/the-second-nakba-displacement-of-palestinians-in-and-after-the-1967-occupation,1875",,,,"original file, corrected","Syrian locality; name, population and coordinates need verification"
618,"Jordan Valley refugee camps ('Aqabat Jabr, 'Ayn al-Sultan, al-Nuway'ima)",مخيمات الأغوار,West Bank,1967,1967-06-15,approximate,Jericho,,,largely_emptied,forced_expulsion,31.877284,35.445570,Palestine Open Maps (Ayn al-Sultan Camp),"Camps largely emptied in and after June 1967; ~88% of the Jordan Valley population displaced by end of 1967. UNRWA estimated 300,000 Palestinians displaced in 1967 overall (120,000 of them 1948 refugees displaced a second time)",Palestine Nexus; Orient XXI,"https://palestinenexus.com/articles/1967-expulsions | https://orientxxi.info/the-second-nakba-displacement-of-palestinians-in-and-after-the-1967-occupation,1875",,,,added from research (Sep 2026),Population not given per camp – fill in from UNRWA records
619,Bayt 'Awwa,بيت عوا,West Bank,1967,1967-06-16,approximate,Hebron,2500,1967,destroyed_rebuilt,forced_expulsion,31.509265,34.948344,Palestine Open Maps,Village demolished after the 1967 war; later rebuilt,Palestine Nexus; Orient XXI,"https://palestinenexus.com/articles/1967-expulsions | https://orientxxi.info/the-second-nakba-displacement-of-palestinians-in-and-after-the-1967-occupation,1875",,,,"original file, corrected","Corrected from original file (population 1200, date 1967-06-10); population is the 1967 estimate"
620,Bayt Mirsim,بيت مرسم,West Bank,1967,1967-06-16,approximate,Hebron,500,1967,destroyed_rebuilt,forced_expulsion,31.450582,34.917689,Palestine Open Maps,Village demolished after the 1967 war; later rebuilt,Palestine Nexus; Orient XXI,"https://palestinenexus.com/articles/1967-expulsions | https://orientxxi.info/the-second-nakba-displacement-of-palestinians-in-and-after-the-1967-occupation,1875",,,,"original file, corrected","Corrected from original file (population 340, date 1967-06-10)"
621,al-Jiftlik,الجفتلك,West Bank,1967,1967-11-01,month,Nablus,6000,1967,partially_destroyed,forced_expulsion,32.166944,35.526581,Palestine Open Maps,"Jordan Valley: ~6,000 refugees expelled and ~800 buildings razed (Nov 1967)",Palestine Nexus,https://palestinenexus.com/articles/1967-expulsions,,,,added from research (Sep 2026),
622,Susiya (Khirbet Susiya),سوسيا,West Bank,1968-2023,1986-01-01,year,Hebron,340,unverified,under_threat,administrative_demolition,31.395030,35.110370,Palestine Open Maps (nearby point),Residents expelled in 1986 when the village was declared an archaeological site; further expulsions and demolitions in 2001 and after; community lives on its farmland under demolition orders,B'Tselem,https://www.btselem.org/south_hebron_hills/201507_facts_on_susiya,,,,"original file, corrected",Corrected from original file (date 2015-08-03); population unverified
623,Jenin Camp (2002),مخيم جنين,West Bank,1968-2023,2002-04-03,day,Jenin,,,partially_destroyed_rebuilt,military_assault,32.460176,35.287714,Palestine Open Maps,"Israeli incursion 3–18 April 2002: ~150 buildings destroyed, 450 families made homeless",UN Secretary-General report on Jenin (July 2002),https://jewishvirtuallibrary.org/un-report-on-the-incident-in-jenin-july-2002 | https://www.un.org/unispal/document/auto-insert-187399/,,,,added from research (Sep 2026),"Population = families, not people (450 families)"
624,"Rafah (border area, 2000–2004)",رفح,Gaza Strip,1968-2023,2004-05-18,approximate,Rafah,16000,2000–2004 (people made homeless),partially_destroyed,military_demolitions,31.284343,34.251680,Palestine Open Maps (Rafah Camp),"~1,600 homes demolished in Rafah 2000–2004 (of 2,500+ in Gaza), 16,000 people made homeless – most of them refugees; 298 homes destroyed in Operation Rainbow, 18–24 May 2004","Human Rights Watch, ""Razing Rafah"" (2004)",https://www.hrw.org/report/2004/10/17/razing-rafah/mass-home-demolitions-gaza-strip,,,,added from research (Sep 2026),
625,al-'Araqib,العراقيب,Naqab/Negev (inside Israel),1968-2023,2010-07-27,day,Beersheba,86,2025,demolished_repeatedly,administrative_demolition,31.334318,34.783974,Palestine Open Maps,Residents first removed in 1951; village demolished for the 244th time on 24 Dec 2025 (22 families rebuild each time),WAFA; Palestine Open Maps,https://english.wafa.ps/Pages/Details/165634 | https://palopenmaps.org/en/maps/al-araqib,,,,"original file, corrected",Corrected from original file (population 300)
626,Silwan (Batn al-Hawa & Wadi Hilweh),سلوان,East Jerusalem,1968-2023,2016-01-01,ongoing,Jerusalem,333,2016 (people at risk of eviction),partial_displacement,eviction,31.771990,35.237618,Palestine Open Maps,Eviction cases against 67 households; al-Bustan area also faces mass demolition,OCHA – East Jerusalem: Palestinians at risk of eviction (2016),https://www.ochaopt.org/sites/default/files/evictions_community_sum_ej_2016_final_1_11_2016.pdf,,,,"original file, corrected",Original file gave 33000 (whole-neighbourhood population); replaced with number at risk of eviction
627,Humsa al-Bqai'a,حمصة البقيعة,West Bank,1968-2023,2021-02-01,month,Tubas,70,2021,displaced_repeatedly,administrative_demolition,32.263225,35.437932,Palestine Open Maps (Khirbat Humsa),"Jordan Valley herding community demolished repeatedly from Nov 2020 to 2021; 11 households (70 people, 36 children) displaced in Feb 2021 demolition",OCHA flash updates; WAFA,https://www.ochaopt.org/content/humsa-al-bqaia-flash-update-1 | https://english.wafa.ps/Pages/Details/125322,,,,added from research (Sep 2026),
628,Sheikh Jarrah,الشيخ جراح,East Jerusalem,1968-2023,2021-05-01,ongoing,Jerusalem,333,2016 (people at risk of eviction),partial_displacement,eviction,31.792500,35.230000,approximate,"Families face settler-organisation eviction lawsuits (Sheikh Jarrah, Um Haroun, Karm al-Jaouni); some families evicted",OCHA – East Jerusalem: Palestinians at risk of eviction (2016),https://www.ochaopt.org/sites/default/files/evictions_community_sum_ej_2016_final_1_11_2016.pdf,,,,"original file, corrected",Original file gave 3000 (whole-neighbourhood population); replaced with number at risk of eviction
629,"Masafer Yatta (Firing Zone 918, 13 communities)",مسافر يطا,West Bank,1968-2023,2022-05-04,day,Hebron,1150,2022,partial_displacement,administrative_demolition,31.400000,35.150000,approximate,"High Court ruling of 4 May 2022 cleared the way for expelling ~1,150 people (569 children) in 215 households from 13 communities; demolitions and settler attacks continue",OCHA fact sheet (June 2022),https://www.ochaopt.org/content/masafer-yatta-communities-risk-forcible-transfer-june-2022,,,,"original file, corrected","Corrected from original file (population 1300, date 2023-ongoing)"
630,Ein Samiya,عين سامية,West Bank,1968-2023,2023-05-22,day,Ramallah,178,2023,fully_displaced,settler_violence,31.990000,35.340000,approximate,"Bedouin community of 178 people (78 children) left after settler violence, demolitions and threats to its school",OCHA,https://www.ochaopt.org/content/palestinian-community-compelled-relocate-amid-israeli-settlement-practices,,,,added from research (Sep 2026),
631,al-Walaja (new village),الولجة,West Bank,2023-present,2023-10-07,ongoing,Bethlehem,2200,unverified,under_threat,administrative_demolition,31.730434,35.163366,Palestine Open Maps,Village rebuilt after 1948 expulsion from original al-Walaja; faces land seizure by the Separation Wall and demolitions,Palestine Open Maps,https://palopenmaps.org/en/maps/al-walaja,,,,"original file, corrected",Kept from original file; population and date unverified
632,al-Samu',السموع,West Bank,2023-present,2023-10-07,ongoing,Hebron,,,partial_displacement,military_assault,31.399333,35.066582,Palestine Open Maps,Raids and home demolitions,,,,,,"original file, corrected",Kept from original file (population 450 unverified); needs a source
633,Jabal al-Baba,جبل البابا,West Bank,2023-present,2023-10-07,ongoing,Jerusalem,400,unverified,under_threat,administrative_demolition,31.772000,35.268000,approximate,Bedouin community in the E1 area near al-Eizariya,B'Tselem (communities facing expulsion),https://www.btselem.org/communities_facing_expulsion/khan_al_ahmar_updates,,,,"original file, corrected","Kept from original file; original said ""demolished"" – status, date and population need verification"
634,Beita,بيتا,West Bank,2023-present,2023-10-07,ongoing,Nablus,,,under_threat,settler_violence,32.140000,35.290000,approximate,Ongoing military raids and settler attacks (Jabal Sabih outpost),,,,,,"original file, corrected","Kept from original file (population 12000 = whole town, not displaced people); needs a source"
635,Wadi as-Seeq,وادي السيق,West Bank,2023-present,2023-10-12,day,Ramallah,,,fully_displaced,settler_violence,31.930000,35.350000,approximate,Bedouin community driven out by settlers and soldiers 7–12 Oct 2023,+972 Magazine; OCHA,https://www.972mag.com/west-bank-villages-israeli-settler-violence/ | https://www.ochaopt.org/content/other-mass-displacement-while-eyes-are-gaza-settlers-advance-west-bank-herders,,,,added from research (Sep 2026),Population to be filled from OCHA displacement database
636,Beit Hanoun,بيت حانون,Gaza Strip,2023-present,2023-10-27,approximate,North Gaza,52237,2017 census,destroyed_depopulated,military_assault,31.538000,34.536000,approximate,Entirely depopulated; last remaining buildings destroyed by Sept 2025,Wikipedia (Beit Hanoun) citing PCBS; Al Jazeera satellite analysis (Sep 2026),https://en.wikipedia.org/wiki/Beit_Hanoun | https://www.aljazeera.com/news/2026/9/29/satellite-images-show-gaza-in-ruins-three-years-into-israels-genocidal-war,,,,added from research (Sep 2026),"Pre-war estimate ~60,000"
637,Beit Lahia,بيت لاهيا,Gaza Strip,2023-present,2023-10-27,approximate,North Gaza,89838,2017 census,largely_destroyed,military_assault,31.548919,34.499736,Palestine Open Maps,Repeated ground operations 2023–2025; extensive destruction,Wikipedia (Beit Lahia) citing PCBS,https://en.wikipedia.org/wiki/Beit_Lahia,,,,added from research (Sep 2026),
638,Khirbet Zanuta,خربة زنوتة,West Bank,2023-present,2023-11-01,month,Hebron,250,2023,fully_displaced,settler_violence,31.387000,34.998000,approximate,27 families (~250 people) forced out of the South Hebron Hills community,B'Tselem; +972 Magazine,https://www.btselem.org/south_hebron_hills/zanutah | https://www.972mag.com/west-bank-villages-israeli-settler-violence/,,,,added from research (Sep 2026),
639,Umm al-Jamal,أم الجمال,West Bank,2023-present,2024-08-01,month,Tubas,100,2024,fully_displaced,settler_violence,32.360000,35.530000,approximate,Northern Jordan Valley herding community,+972 Magazine,https://www.972mag.com/west-bank-villages-israeli-settler-violence/,,,,added from research (Sep 2026),
640,Jabalia Camp,مخيم جباليا,Gaza Strip,2023-present,2024-10-06,approximate,North Gaza,49462,2017 census,largely_destroyed,military_assault,31.537522,34.500037,Palestine Open Maps,"Siege from Oct 2024 emptied the camp; entire blocks reduced to rubble (pre-war ~100,000 registered refugees)",Wikipedia (Jabalia camp) citing PCBS; Al Jazeera (Sep 2026),https://en.wikipedia.org/wiki/Jabalia_refugee_camp | https://www.aljazeera.com/news/2026/9/29/satellite-images-show-gaza-in-ruins-three-years-into-israels-genocidal-war,,,,added from research (Sep 2026),
641,Umm al-Hiran,أم الحيران,Naqab/Negev (inside Israel),2023-present,2024-11-14,day,Beersheba,300,2024,destroyed,administrative_demolition,31.316835,34.997892,Palestine Open Maps,Unrecognised Bedouin village fully demolished 14 Nov 2024 to make way for the Jewish town of Dror; residents had been moved there by the state in 1956,Times of Israel; HLRN,https://www.timesofisrael.com/liveblog_entry/police-complete-demolition-of-unrecognized-bedouin-village-umm-al-hiran/ | https://hlrn.org/activitydetails.php?id=qGtlbA%3D%3D,,,,"original file, corrected","Corrected from original file (population 700, date 2017-01-18); estimates range 300–500"
642,Jenin Camp,مخيم جنين,West Bank,2023-present,2025-01-21,day,Jenin,,,displaced_no_return,military_assault,32.460176,35.287714,Palestine Open Maps,"""Operation Iron Wall"": camp emptied Jan 2025; 52% of structures destroyed or damaged by Oct 2025; residents barred from returning. 33,362 people from the three northern camps still displaced (July 2026)",OHCHR thematic report (Sep 2026); UN News,https://www.ohchr.org/en/documents/thematic-reports/thematic-report-destruction-palestinian-refugee-camps-northern-west-bank | https://news.un.org/en/story/2026/09/1168282,,,,added from research (Sep 2026),Per-camp population not given – combined figure in notes
643,Tulkarm Camp,مخيم طولكرم,West Bank,2023-present,2025-01-27,day,Tulkarem,,,displaced_no_return,military_assault,32.313782,35.035020,Palestine Open Maps,"""Operation Iron Wall"": camp emptied Jan–Feb 2025; 36% of structures destroyed or damaged by Oct 2025; residents barred from returning",OHCHR thematic report (Sep 2026); UN News,https://www.ohchr.org/en/documents/thematic-reports/thematic-report-destruction-palestinian-refugee-camps-northern-west-bank | https://news.un.org/en/story/2026/09/1168282,,,,added from research (Sep 2026),Per-camp population not given – combined figure in Jenin Camp notes
644,Nur Shams Camp,مخيم نور شمس,West Bank,2023-present,2025-02-09,day,Tulkarem,,,displaced_no_return,military_assault,32.317811,35.058880,Palestine Open Maps,"""Operation Iron Wall"": camp emptied Feb 2025; 48% of structures destroyed or damaged by Oct 2025; residents barred from returning",OHCHR thematic report (Sep 2026); UN News,https://www.ohchr.org/en/documents/thematic-reports/thematic-report-destruction-palestinian-refugee-camps-northern-west-bank | https://news.un.org/en/story/2026/09/1168282,,,,added from research (Sep 2026),Per-camp population not given – combined figure in Jenin Camp notes
645,Rafah (city),رفح,Gaza Strip,2023-present,2025-04-03,day,Rafah,171899,2017 census,destroyed_depopulated,military_assault,31.297493,34.243590,Palestine Open Maps,~1 million people fled Rafah in May 2024; after the April 2025 advance most of the city was razed (67.7% of structures in eastern Rafah destroyed by May 2025),Centre for Information Resilience; Wikipedia (Rafah),https://www.info-res.org/israel-gaza-war/reports/destruction-of-the-built-environment-in-rafah-gaza/ | https://en.wikipedia.org/wiki/Rafah,,,,added from research (Sep 2026),
646,Mughayyir al-Deir,مغاير الدير,West Bank,2023-present,2025-05-22,day,Ramallah,120,2025,fully_displaced,settler_violence,31.915000,35.330000,approximate,~120 people (21 refugee households) dismantled their homes days after a settler outpost was set up <100 m away,OCHA Humanitarian Situation Update #293,https://www.ochaopt.org/content/humanitarian-situation-update-293-west-bank,,,,added from research (Sep 2026),
647,Mu'arrajat East,المعرجات الشرقية,West Bank,2023-present,2025-07-04,day,Jericho,,,fully_displaced,settler_violence,31.912628,35.350755,Palestine Open Maps (Badiw al-Mu'arrajat),50 families displaced; their houses were demolished in Feb 2026,Human Rights Watch (Aug 2026),https://www.hrw.org/news/2026/08/20/west-bank-israel-backed-settler-violence-drives-displacement,,,,added from research (Sep 2026),Population = 50 families
648,Ras Jrabah,رأس جرابة,Naqab/Negev (inside Israel),2023-present,2025-11-12,day,Beersheba,500,2025,under_threat,administrative_demolition,31.060000,35.060000,approximate,"Supreme Court rejected final appeal on 12 Nov 2025, allowing eviction of 500+ residents within 90 days for the expansion of Dimona",Adalah,https://www.adalah.org/en/content/view/11437,,,,"original file, corrected",Corrected from original file (district Nablus – the village is in the Naqab next to Dimona)
649,Ras Ein al-Auja,راس عين العوجا,West Bank,2023-present,2026-01-08,day,Jericho,600,2026,fully_displaced,settler_violence,31.950000,35.430000,approximate,Whole community (~600 people) displaced 8–26 Jan 2026 after sustained settler attacks,OCHA Humanitarian Situation Update #356; +972 Magazine,https://www.ochaopt.org/content/humanitarian-situation-update-356-west-bank | https://www.972mag.com/ras-ein-al-auja-erasure-jordan-valley/,,,,added from research (Sep 2026),
650,Abasan al-Jadida (al-Saghira),عبسان الجديدة,Gaza Strip,2023-present,2026-05-01,approximate,Khan Younis,11000,pre-war estimate,destroyed_depopulated,military_assault,31.339991,34.346659,Palestine Open Maps,Almost completely demolished; a single school building remains,The New Humanitarian (Jul 2026),https://www.thenewhumanitarian.org/investigations/2026/07/01/israels-campaign-erasure-demolition-eastern-gaza,,,,added from research (Sep 2026),Date = when levelling was documented
651,Abasan al-Kabira,عبسان الكبيرة,Gaza Strip,2023-present,2026-05-01,approximate,Khan Younis,,,destroyed_depopulated,military_assault,31.324878,34.351165,Palestine Open Maps,Only ~7% retains recognisable buildings or fields; nearly erased Feb–May 2026,The New Humanitarian (Jul 2026),https://www.thenewhumanitarian.org/investigations/2026/07/01/israels-campaign-erasure-demolition-eastern-gaza,,,,added from research (Sep 2026),Date = when levelling was documented
652,Bani Suheila,بني سهيلا,Gaza Strip,2023-present,2026-05-01,approximate,Khan Younis,50000,pre-war estimate,destroyed_depopulated,military_assault,31.343610,34.324047,Palestine Open Maps,"""Entirely levelled"" except ~80 partially standing buildings",The New Humanitarian (Jul 2026),https://www.thenewhumanitarian.org/investigations/2026/07/01/israels-campaign-erasure-demolition-eastern-gaza,,,,added from research (Sep 2026),Date = when levelling was documented
653,Khuza'a,خزاعة,Gaza Strip,2023-present,2026-05-01,approximate,Khan Younis,13500,pre-war estimate,destroyed_depopulated,military_assault,31.306115,34.356614,Palestine Open Maps,"Entirely demolished behind the ""Yellow Line""; bulldozing continued Mar–May 2026",The New Humanitarian (Jul 2026),https://www.thenewhumanitarian.org/investigations/2026/07/01/israels-campaign-erasure-demolition-eastern-gaza,,,,added from research (Sep 2026),Date = when levelling was documented; residents displaced from late 2023
654,Khan al-Ahmar,الخان الأحمر,West Bank,2023-present,2026-05-19,day,Jerusalem,180,unverified,under_threat,administrative_demolition,31.800000,35.338000,approximate,Bedouin community in the E1 area; on 19 May 2026 Finance Minister Smotrich ordered preparations for its removal and demolition,FMEP Settlement & Annexation Report (22 May 2026); B'Tselem,https://fmep.org/resource/settlement-annexation-report-may-22-2026/ | https://www.btselem.org/communities_facing_expulsion/khan_al_ahmar_updates,,,,"original file, corrected",Status as of May 2026 – check whether demolition has since taken place; population estimates range 180–300
